CustomerID,CustomerName,Gender,Age,City,State,CustomerType
5000,Rahul Das,Male,22,Pune,Maharashtra,Online
5001,Anita Jain,Male,50,Mumbai,Maharashtra,Retail
5002,Priya Das,Female,22,Delhi,Delhi,Retail
5003,Rohit Das,Male,54,Mumbai,Maharashtra,Retail
5004,Pooja Sharma,Female,21,Hyderabad,Telangana,Retail
5005,Rohit Singh,Female,44,Delhi,Delhi,Retail
5006,Priya Jain,Female,53,Lucknow,Uttar Pradesh,Online
5007,Priya Jain,Male,41,Bengaluru,Karnataka,Retail
5008,Priya Jain,Male,57,Lucknow,Uttar Pradesh,Retail
5009,Rohit Das,Female,47,Ahmedabad,Gujarat,Online
5010,Anita Reddy,Male,29,Ahmedabad,Gujarat,Online
5011,Priya Jain,Female,51,Hyderabad,Telangana,Corporate
5012,Neha Reddy,Male,25,Pune,Maharashtra,Online
5013,Rahul Nair,Male,49,Kolkata,West Bengal,Corporate
5014,Priya Verma,Female,39,Delhi,Delhi,Online
5015,Pooja Iyer,Female,22,Pune,Maharashtra,Retail
5016,Neha Patel,Male,64,Chennai,Tamil Nadu,Online
5017,Pooja Iyer,Female,63,Chennai,Tamil Nadu,Corporate
5018,Amit Iyer,Female,28,Pune,Maharashtra,Online
5019,Neha Sharma,Male,36,Mumbai,Maharashtra,Retail
5020,Vikas Das,Female,23,Hyderabad,Telangana,Retail
5021,Vikas Verma,Female,26,Ahmedabad,Gujarat,Corporate
5022,Kiran Das,Female,61,Lucknow,Uttar Pradesh,Corporate
5023,Rahul Patel,Male,27,Hyderabad,Telangana,Retail
5024,Amit Iyer,Male,34,Hyderabad,Telangana,Corporate
5025,Rahul Das,Female,57,Delhi,Delhi,Online
5026,Rahul Verma,Male,47,Pune,Maharashtra,Online
5027,Vikas Das,Female,43,Lucknow,Uttar Pradesh,Retail
5028,Vikas Sharma,Male,22,Ahmedabad,Gujarat,Retail
5029,Rahul Patel,Female,56,Ahmedabad,Gujarat,Retail
5030,Amit Jain,Male,52,Mumbai,Maharashtra,Retail
5031,Pooja Sharma,Male,31,Pune,Maharashtra,Online
5032,Rahul Reddy,Female,56,Kolkata,West Bengal,Corporate
5033,Priya Patel,Female,47,Ahmedabad,Gujarat,Corporate
5034,Kiran Patel,Male,24,Ahmedabad,Gujarat,Online
5035,Kiran Iyer,Male,51,Pune,Maharashtra,Retail
5036,Rohit Nair,Male,62,Hyderabad,Telangana,Online
5037,Rohit Reddy,Male,62,Delhi,Delhi,Corporate
5038,Anita Singh,Female,32,Lucknow,Uttar Pradesh,Online
5039,Rohit Nair,Male,57,Lucknow,Uttar Pradesh,Retail
5040,Vikas Gupta,Male,51,Hyderabad,Telangana,Corporate
5041,Amit Sharma,Female,48,Pune,Maharashtra,Corporate
5042,Pooja Nair,Female,64,Hyderabad,Telangana,Corporate
5043,Priya Gupta,Male,32,Pune,Maharashtra,Corporate
5044,Anita Gupta,Female,57,Hyderabad,Telangana,Online
5045,Neha Nair,Male,60,Delhi,Delhi,Retail
5046,Sneha Iyer,Male,45,Kolkata,West Bengal,Online
5047,Priya Das,Female,43,Pune,Maharashtra,Online
5048,Rahul Singh,Male,19,Mumbai,Maharashtra,Retail
5049,Neha Singh,Female,60,Jaipur,Rajasthan,Corporate
5050,Rohit Verma,Male,19,Bengaluru,Karnataka,Retail
5051,Rohit Singh,Female,30,Mumbai,Maharashtra,Retail
5052,Kiran Gupta,Female,50,Delhi,Delhi,Retail
5053,Anita Reddy,Female,26,Jaipur,Rajasthan,Retail
5054,Neha Jain,Female,50,Pune,Maharashtra,Retail
5055,Rahul Verma,Male,46,Lucknow,Uttar Pradesh,Retail
5056,Amit Singh,Male,27,Jaipur,Rajasthan,Corporate
5057,Priya Verma,Male,38,Jaipur,Rajasthan,Online
5058,Rohit Verma,Female,24,Lucknow,Uttar Pradesh,Online
5059,Sneha Gupta,Female,20,Delhi,Delhi,Retail
5060,Neha Verma,Male,22,Lucknow,Uttar Pradesh,Corporate
5061,Pooja Verma,Male,62,Pune,Maharashtra,Corporate
5062,Rohit Verma,Female,50,Ahmedabad,Gujarat,Retail
5063,Kiran Verma,Male,46,Lucknow,Uttar Pradesh,Retail
5064,Priya Das,Female,38,Kolkata,West Bengal,Retail
5065,Vikas Patel,Male,60,Hyderabad,Telangana,Corporate
5066,Rahul Nair,Male,34,Mumbai,Maharashtra,Retail
5067,Sneha Patel,Female,49,Ahmedabad,Gujarat,Retail
5068,Rahul Das,Female,39,Hyderabad,Telangana,Corporate
5069,Anita Nair,Male,64,Hyderabad,Telangana,Corporate
5070,Anita Verma,Female,46,Delhi,Delhi,Online
5071,Vikas Nair,Female,50,Delhi,Delhi,Retail
5072,Sneha Patel,Male,34,Mumbai,Maharashtra,Corporate
5073,Rahul Reddy,Male,45,Delhi,Delhi,Online
5074,Vikas Singh,Female,62,Chennai,Tamil Nadu,Corporate
5075,Kiran Sharma,Male,45,Mumbai,Maharashtra,Retail
5076,Amit Patel,Female,23,Chennai,Tamil Nadu,Online
5077,Priya Reddy,Male,47,Hyderabad,Telangana,Retail
5078,Rohit Das,Female,57,Pune,Maharashtra,Retail
5079,Rohit Gupta,Male,28,Delhi,Delhi,Corporate
5080,Rahul Gupta,Female,58,Delhi,Delhi,Corporate
5081,Sneha Reddy,Female,50,Lucknow,Uttar Pradesh,Online
5082,Kiran Nair,Male,34,Bengaluru,Karnataka,Retail
5083,Amit Verma,Male,50,Delhi,Delhi,Corporate
5084,Neha Patel,Female,60,Hyderabad,Telangana,Corporate
5085,Vikas Verma,Female,62,Lucknow,Uttar Pradesh,Retail
5086,Anita Gupta,Male,43,Hyderabad,Telangana,Corporate
5087,Rahul Sharma,Male,58,Delhi,Delhi,Online
5088,Vikas Singh,Male,23,Chennai,Tamil Nadu,Online
5089,Rohit Reddy,Male,62,Kolkata,West Bengal,Corporate
5090,Neha Singh,Male,35,Delhi,Delhi,Corporate
5091,Kiran Nair,Female,53,Delhi,Delhi,Corporate
5092,Amit Reddy,Male,40,Hyderabad,Telangana,Retail
5093,Anita Das,Male,48,Delhi,Delhi,Corporate
5094,Sneha Gupta,Male,23,Lucknow,Uttar Pradesh,Corporate
5095,Rahul Das,Male,43,Mumbai,Maharashtra,Retail
5096,Kiran Gupta,Male,55,Chennai,Tamil Nadu,Online
5097,Pooja Das,Female,64,Bengaluru,Karnataka,Corporate
5098,Kiran Jain,Male,20,Bengaluru,Karnataka,Online
5099,Vikas Verma,Male,51,Lucknow,Uttar Pradesh,Online
5100,Amit Jain,Male,23,Jaipur,Rajasthan,Retail
5101,Rahul Nair,Male,42,Delhi,Delhi,Corporate
5102,Amit Sharma,Male,49,Lucknow,Uttar Pradesh,Corporate
5103,Neha Patel,Male,60,Delhi,Delhi,Online
5104,Neha Reddy,Male,34,Mumbai,Maharashtra,Retail
5105,Sneha Iyer,Female,42,Hyderabad,Telangana,Retail
5106,Kiran Sharma,Male,22,Ahmedabad,Gujarat,Online
5107,Anita Reddy,Female,57,Bengaluru,Karnataka,Online
5108,Amit Iyer,Male,49,Bengaluru,Karnataka,Corporate
5109,Sneha Iyer,Female,63,Mumbai,Maharashtra,Online
5110,Neha Iyer,Female,25,Chennai,Tamil Nadu,Online
5111,Kiran Patel,Female,19,Hyderabad,Telangana,Corporate
5112,Priya Verma,Female,35,Ahmedabad,Gujarat,Corporate
5113,Sneha Patel,Male,27,Hyderabad,Telangana,Online
5114,Kiran Nair,Male,56,Lucknow,Uttar Pradesh,Online
5115,Kiran Patel,Female,32,Lucknow,Uttar Pradesh,Corporate
5116,Vikas Sharma,Male,18,Ahmedabad,Gujarat,Corporate
5117,Vikas Reddy,Male,44,Ahmedabad,Gujarat,Corporate
5118,Anita Patel,Female,18,Kolkata,West Bengal,Corporate
5119,Vikas Patel,Male,63,Pune,Maharashtra,Retail
5120,Kiran Nair,Male,43,Chennai,Tamil Nadu,Corporate
5121,Priya Nair,Female,35,Jaipur,Rajasthan,Retail
5122,Priya Sharma,Female,58,Chennai,Tamil Nadu,Retail
5123,Kiran Das,Female,30,Hyderabad,Telangana,Corporate
5124,Amit Das,Male,64,Kolkata,West Bengal,Retail
5125,Vikas Iyer,Male,59,Delhi,Delhi,Corporate
5126,Amit Verma,Male,28,Ahmedabad,Gujarat,Corporate
5127,Anita Reddy,Female,34,Kolkata,West Bengal,Online
5128,Vikas Gupta,Female,48,Chennai,Tamil Nadu,Online
5129,Priya Singh,Male,22,Kolkata,West Bengal,Retail
5130,Neha Verma,Male,46,Lucknow,Uttar Pradesh,Corporate
5131,Vikas Singh,Male,33,Ahmedabad,Gujarat,Retail
5132,Anita Verma,Male,38,Bengaluru,Karnataka,Retail
5133,Kiran Jain,Male,19,Pune,Maharashtra,Online
5134,Vikas Das,Male,42,Kolkata,West Bengal,Corporate
5135,Amit Iyer,Female,54,Pune,Maharashtra,Corporate
5136,Rohit Verma,Male,23,Bengaluru,Karnataka,Corporate
5137,Vikas Das,Female,45,Hyderabad,Telangana,Corporate
5138,Rahul Sharma,Female,63,Delhi,Delhi,Corporate
5139,Neha Sharma,Male,43,Jaipur,Rajasthan,Online
5140,Neha Gupta,Male,32,Ahmedabad,Gujarat,Retail
5141,Rohit Patel,Female,23,Bengaluru,Karnataka,Online
5142,Amit Singh,Male,54,Delhi,Delhi,Retail
5143,Rahul Reddy,Female,62,Chennai,Tamil Nadu,Retail
5144,Priya Reddy,Male,42,Mumbai,Maharashtra,Corporate
5145,Pooja Sharma,Male,52,Hyderabad,Telangana,Corporate
5146,Kiran Nair,Male,48,Ahmedabad,Gujarat,Online
5147,Rohit Gupta,Male,44,Hyderabad,Telangana,Online
5148,Amit Sharma,Male,49,Chennai,Tamil Nadu,Online
5149,Priya Reddy,Male,60,Kolkata,West Bengal,Corporate
5150,Sneha Iyer,Male,62,Pune,Maharashtra,Corporate
5151,Anita Das,Male,18,Kolkata,West Bengal,Corporate
5152,Priya Gupta,Female,30,Lucknow,Uttar Pradesh,Corporate
5153,Sneha Iyer,Male,34,Hyderabad,Telangana,Corporate
5154,Pooja Iyer,Male,32,Mumbai,Maharashtra,Corporate
5155,Amit Jain,Male,43,Kolkata,West Bengal,Retail
5156,Amit Jain,Male,44,Hyderabad,Telangana,Retail
5157,Rahul Das,Female,63,Delhi,Delhi,Corporate
5158,Priya Singh,Female,30,Mumbai,Maharashtra,Retail
5159,Neha Sharma,Female,60,Lucknow,Uttar Pradesh,Online
5160,Anita Nair,Female,28,Kolkata,West Bengal,Retail
5161,Priya Reddy,Male,40,Delhi,Delhi,Corporate
5162,Rohit Gupta,Female,40,Mumbai,Maharashtra,Corporate
5163,Priya Sharma,Female,30,Kolkata,West Bengal,Corporate
5164,Neha Gupta,Female,41,Lucknow,Uttar Pradesh,Online
5165,Amit Das,Male,58,Ahmedabad,Gujarat,Corporate
5166,Vikas Sharma,Female,22,Delhi,Delhi,Retail
5167,Sneha Patel,Female,41,Chennai,Tamil Nadu,Corporate
5168,Pooja Sharma,Female,65,Pune,Maharashtra,Online
5169,Kiran Reddy,Male,64,Pune,Maharashtra,Online
5170,Amit Gupta,Male,48,Mumbai,Maharashtra,Online
5171,Vikas Reddy,Female,49,Ahmedabad,Gujarat,Retail
5172,Rahul Sharma,Female,62,Ahmedabad,Gujarat,Retail
5173,Sneha Nair,Female,47,Jaipur,Rajasthan,Corporate
5174,Priya Verma,Male,43,Jaipur,Rajasthan,Retail
5175,Vikas Patel,Male,48,Hyderabad,Telangana,Online
5176,Anita Singh,Female,24,Lucknow,Uttar Pradesh,Retail
5177,Pooja Patel,Male,24,Chennai,Tamil Nadu,Corporate
5178,Neha Singh,Male,26,Ahmedabad,Gujarat,Corporate
5179,Pooja Gupta,Male,36,Ahmedabad,Gujarat,Corporate
5180,Pooja Reddy,Female,34,Chennai,Tamil Nadu,Online
5181,Sneha Iyer,Male,29,Chennai,Tamil Nadu,Retail
5182,Rahul Reddy,Male,38,Hyderabad,Telangana,Retail
5183,Kiran Gupta,Male,59,Kolkata,West Bengal,Retail
5184,Amit Patel,Male,48,Ahmedabad,Gujarat,Retail
5185,Anita Sharma,Female,32,Ahmedabad,Gujarat,Retail
5186,Sneha Jain,Male,22,Delhi,Delhi,Corporate
5187,Rahul Iyer,Female,60,Lucknow,Uttar Pradesh,Retail
5188,Pooja Jain,Female,31,Mumbai,Maharashtra,Retail
5189,Anita Singh,Male,31,Pune,Maharashtra,Corporate
5190,Pooja Gupta,Male,38,Delhi,Delhi,Corporate
5191,Rahul Jain,Female,22,Pune,Maharashtra,Retail
5192,Neha Verma,Female,22,Delhi,Delhi,Corporate
5193,Vikas Verma,Male,58,Mumbai,Maharashtra,Online
5194,Rahul Das,Female,44,Mumbai,Maharashtra,Corporate
5195,Vikas Sharma,Female,65,Chennai,Tamil Nadu,Online
5196,Vikas Das,Male,41,Pune,Maharashtra,Online
5197,Vikas Das,Male,18,Hyderabad,Telangana,Corporate
5198,Vikas Patel,Male,43,Bengaluru,Karnataka,Online
5199,Neha Singh,Male,18,Pune,Maharashtra,Retail
5200,Rahul Das,Male,54,Lucknow,Uttar Pradesh,Online
5201,Rohit Singh,Male,40,Pune,Maharashtra,Corporate
5202,Rohit Singh,Male,24,Bengaluru,Karnataka,Corporate
5203,Sneha Reddy,Male,20,Ahmedabad,Gujarat,Corporate
5204,Amit Jain,Female,23,Pune,Maharashtra,Online
5205,Rahul Gupta,Female,57,Jaipur,Rajasthan,Retail
5206,Rahul Jain,Male,20,Ahmedabad,Gujarat,Corporate
5207,Rahul Das,Female,25,Lucknow,Uttar Pradesh,Retail
5208,Sneha Sharma,Male,60,Hyderabad,Telangana,Corporate
5209,Vikas Jain,Female,53,Mumbai,Maharashtra,Online
5210,Vikas Reddy,Male,45,Chennai,Tamil Nadu,Corporate
5211,Neha Verma,Female,29,Pune,Maharashtra,Retail
5212,Pooja Iyer,Female,33,Delhi,Delhi,Corporate
5213,Neha Singh,Female,43,Jaipur,Rajasthan,Retail
5214,Rahul Nair,Female,41,Mumbai,Maharashtra,Retail
5215,Rohit Verma,Male,20,Ahmedabad,Gujarat,Online
5216,Priya Nair,Male,21,Bengaluru,Karnataka,Online
5217,Rahul Sharma,Male,57,Kolkata,West Bengal,Online
5218,Sneha Singh,Female,36,Mumbai,Maharashtra,Retail
5219,Priya Nair,Female,28,Hyderabad,Telangana,Corporate
5220,Kiran Iyer,Male,34,Jaipur,Rajasthan,Online
5221,Sneha Jain,Female,57,Ahmedabad,Gujarat,Online
5222,Anita Nair,Male,30,Hyderabad,Telangana,Retail
5223,Rahul Reddy,Female,42,Kolkata,West Bengal,Retail
5224,Priya Verma,Male,58,Chennai,Tamil Nadu,Corporate
5225,Rohit Verma,Male,34,Ahmedabad,Gujarat,Online
5226,Anita Reddy,Female,41,Kolkata,West Bengal,Online
5227,Anita Nair,Male,46,Bengaluru,Karnataka,Retail
5228,Pooja Sharma,Female,51,Bengaluru,Karnataka,Corporate
5229,Pooja Nair,Male,65,Chennai,Tamil Nadu,Retail
5230,Rahul Reddy,Female,44,Hyderabad,Telangana,Online
5231,Amit Singh,Female,32,Pune,Maharashtra,Online
5232,Amit Sharma,Male,54,Delhi,Delhi,Corporate
5233,Priya Verma,Female,52,Chennai,Tamil Nadu,Retail
5234,Pooja Reddy,Male,31,Kolkata,West Bengal,Corporate
5235,Neha Singh,Male,18,Jaipur,Rajasthan,Retail
5236,Neha Patel,Male,58,Bengaluru,Karnataka,Retail
5237,Vikas Reddy,Male,21,Chennai,Tamil Nadu,Online
5238,Anita Jain,Female,56,Lucknow,Uttar Pradesh,Online
5239,Sneha Singh,Male,20,Ahmedabad,Gujarat,Retail
5240,Amit Das,Male,33,Lucknow,Uttar Pradesh,Retail
5241,Priya Sharma,Male,27,Delhi,Delhi,Corporate
5242,Rohit Jain,Female,57,Hyderabad,Telangana,Retail
5243,Kiran Patel,Female,58,Lucknow,Uttar Pradesh,Retail
5244,Rohit Sharma,Female,45,Ahmedabad,Gujarat,Online
5245,Priya Iyer,Male,32,Ahmedabad,Gujarat,Retail
5246,Sneha Sharma,Male,39,Chennai,Tamil Nadu,Online
5247,Amit Reddy,Female,61,Chennai,Tamil Nadu,Online
5248,Kiran Gupta,Male,50,Chennai,Tamil Nadu,Retail
5249,Kiran Gupta,Male,28,Bengaluru,Karnataka,Online
5250,Sneha Das,Female,56,Pune,Maharashtra,Retail
5251,Rohit Iyer,Female,51,Kolkata,West Bengal,Online
5252,Amit Das,Male,54,Delhi,Delhi,Corporate
5253,Vikas Jain,Male,54,Hyderabad,Telangana,Retail
5254,Amit Sharma,Male,24,Bengaluru,Karnataka,Online
5255,Anita Singh,Male,19,Bengaluru,Karnataka,Retail
5256,Amit Patel,Male,22,Bengaluru,Karnataka,Online
5257,Sneha Verma,Male,63,Pune,Maharashtra,Corporate
5258,Sneha Gupta,Male,25,Mumbai,Maharashtra,Retail
5259,Priya Reddy,Female,24,Delhi,Delhi,Retail
5260,Sneha Reddy,Female,39,Mumbai,Maharashtra,Corporate
5261,Amit Nair,Female,36,Chennai,Tamil Nadu,Retail
5262,Anita Jain,Female,36,Pune,Maharashtra,Online
5263,Vikas Sharma,Female,51,Delhi,Delhi,Retail
5264,Neha Sharma,Male,63,Pune,Maharashtra,Retail
5265,Kiran Singh,Female,18,Jaipur,Rajasthan,Online
5266,Kiran Sharma,Male,40,Hyderabad,Telangana,Corporate
5267,Neha Singh,Female,55,Mumbai,Maharashtra,Corporate
5268,Kiran Jain,Male,36,Lucknow,Uttar Pradesh,Retail
5269,Neha Singh,Male,58,Hyderabad,Telangana,Retail
5270,Rohit Patel,Female,40,Ahmedabad,Gujarat,Retail
5271,Vikas Patel,Female,59,Kolkata,West Bengal,Retail
5272,Sneha Reddy,Female,45,Pune,Maharashtra,Online
5273,Rahul Das,Male,47,Lucknow,Uttar Pradesh,Retail
5274,Pooja Jain,Male,40,Lucknow,Uttar Pradesh,Online
5275,Rohit Singh,Female,60,Pune,Maharashtra,Online
5276,Rahul Iyer,Female,62,Pune,Maharashtra,Corporate
5277,Sneha Singh,Female,47,Jaipur,Rajasthan,Online
5278,Rohit Gupta,Female,37,Hyderabad,Telangana,Online
5279,Rahul Singh,Male,64,Jaipur,Rajasthan,Corporate
5280,Rohit Nair,Male,33,Jaipur,Rajasthan,Corporate
5281,Kiran Patel,Male,60,Hyderabad,Telangana,Retail
5282,Vikas Singh,Male,37,Hyderabad,Telangana,Online
5283,Vikas Reddy,Male,24,Chennai,Tamil Nadu,Online
5284,Kiran Gupta,Female,47,Mumbai,Maharashtra,Retail
5285,Vikas Das,Male,50,Delhi,Delhi,Online
5286,Neha Sharma,Male,34,Chennai,Tamil Nadu,Online
5287,Amit Gupta,Female,62,Kolkata,West Bengal,Online
5288,Vikas Gupta,Male,61,Jaipur,Rajasthan,Retail
5289,Neha Das,Female,34,Mumbai,Maharashtra,Online
5290,Vikas Gupta,Female,63,Mumbai,Maharashtra,Online
5291,Kiran Das,Female,47,Bengaluru,Karnataka,Retail
5292,Vikas Verma,Male,59,Jaipur,Rajasthan,Corporate
5293,Vikas Iyer,Male,20,Delhi,Delhi,Corporate
5294,Sneha Singh,Male,51,Lucknow,Uttar Pradesh,Corporate
5295,Pooja Iyer,Male,63,Mumbai,Maharashtra,Corporate
5296,Amit Nair,Female,44,Lucknow,Uttar Pradesh,Online
5297,Sneha Singh,Female,50,Ahmedabad,Gujarat,Retail
5298,Anita Sharma,Female,35,Jaipur,Rajasthan,Corporate
5299,Amit Sharma,Male,44,Kolkata,West Bengal,Corporate
5300,Pooja Reddy,Male,32,Pune,Maharashtra,Corporate
5301,Rohit Gupta,Female,47,Kolkata,West Bengal,Retail
5302,Rahul Patel,Male,48,Bengaluru,Karnataka,Online
5303,Sneha Singh,Female,60,Lucknow,Uttar Pradesh,Online
5304,Neha Reddy,Male,48,Kolkata,West Bengal,Corporate
5305,Kiran Das,Female,45,Hyderabad,Telangana,Online
5306,Neha Sharma,Female,40,Bengaluru,Karnataka,Retail
5307,Anita Iyer,Female,45,Chennai,Tamil Nadu,Online
5308,Anita Singh,Female,42,Mumbai,Maharashtra,Retail
5309,Pooja Nair,Male,51,Mumbai,Maharashtra,Corporate
5310,Amit Sharma,Male,22,Jaipur,Rajasthan,Online
5311,Kiran Jain,Male,55,Chennai,Tamil Nadu,Retail
5312,Rahul Iyer,Female,27,Hyderabad,Telangana,Retail
5313,Rohit Singh,Male,60,Kolkata,West Bengal,Online
5314,Sneha Iyer,Male,51,Chennai,Tamil Nadu,Retail
5315,Priya Verma,Male,34,Ahmedabad,Gujarat,Corporate
5316,Rahul Iyer,Female,53,Hyderabad,Telangana,Retail
5317,Neha Singh,Female,33,Ahmedabad,Gujarat,Corporate
5318,Rohit Jain,Male,28,Bengaluru,Karnataka,Corporate
5319,Pooja Iyer,Female,47,Ahmedabad,Gujarat,Corporate
5320,Vikas Patel,Male,58,Kolkata,West Bengal,Corporate
5321,Amit Jain,Male,61,Delhi,Delhi,Online
5322,Priya Verma,Female,49,Pune,Maharashtra,Retail
5323,Sneha Das,Male,39,Delhi,Delhi,Retail
5324,Anita Iyer,Male,36,Pune,Maharashtra,Corporate
5325,Vikas Reddy,Male,36,Pune,Maharashtra,Corporate
5326,Neha Das,Female,50,Pune,Maharashtra,Corporate
5327,Anita Gupta,Female,25,Lucknow,Uttar Pradesh,Corporate
5328,Anita Reddy,Male,55,Hyderabad,Telangana,Online
5329,Amit Das,Female,52,Mumbai,Maharashtra,Online
5330,Vikas Reddy,Male,18,Delhi,Delhi,Retail
5331,Neha Jain,Male,50,Hyderabad,Telangana,Online
5332,Vikas Jain,Male,58,Jaipur,Rajasthan,Online
5333,Priya Gupta,Male,60,Jaipur,Rajasthan,Online
5334,Rahul Patel,Male,20,Ahmedabad,Gujarat,Corporate
5335,Amit Nair,Male,37,Mumbai,Maharashtra,Online
5336,Kiran Singh,Female,20,Chennai,Tamil Nadu,Corporate
5337,Vikas Jain,Male,49,Delhi,Delhi,Online
5338,Amit Patel,Female,54,Lucknow,Uttar Pradesh,Online
5339,Neha Patel,Male,61,Kolkata,West Bengal,Corporate
5340,Pooja Singh,Female,44,Jaipur,Rajasthan,Online
5341,Priya Iyer,Male,27,Mumbai,Maharashtra,Online
5342,Vikas Sharma,Male,61,Delhi,Delhi,Online
5343,Priya Gupta,Male,26,Mumbai,Maharashtra,Corporate
5344,Kiran Jain,Male,46,Delhi,Delhi,Online
5345,Amit Nair,Male,64,Bengaluru,Karnataka,Retail
5346,Rohit Iyer,Female,60,Chennai,Tamil Nadu,Corporate
5347,Amit Sharma,Male,18,Delhi,Delhi,Online
5348,Priya Das,Female,37,Jaipur,Rajasthan,Online
5349,Rahul Iyer,Male,38,Jaipur,Rajasthan,Corporate
5350,Neha Iyer,Male,27,Jaipur,Rajasthan,Retail
5351,Rahul Das,Female,42,Pune,Maharashtra,Corporate
5352,Pooja Nair,Female,35,Chennai,Tamil Nadu,Retail
5353,Pooja Nair,Male,27,Jaipur,Rajasthan,Online
5354,Pooja Das,Male,42,Chennai,Tamil Nadu,Corporate
5355,Pooja Gupta,Female,36,Kolkata,West Bengal,Online
5356,Anita Reddy,Female,45,Delhi,Delhi,Retail
5357,Amit Reddy,Male,54,Jaipur,Rajasthan,Retail
5358,Rohit Iyer,Female,52,Chennai,Tamil Nadu,Retail
5359,Rohit Iyer,Female,30,Lucknow,Uttar Pradesh,Online
5360,Kiran Jain,Male,61,Hyderabad,Telangana,Corporate
5361,Sneha Reddy,Male,42,Ahmedabad,Gujarat,Corporate
5362,Priya Verma,Female,22,Lucknow,Uttar Pradesh,Retail
5363,Pooja Verma,Female,51,Kolkata,West Bengal,Corporate
5364,Rohit Jain,Male,30,Ahmedabad,Gujarat,Retail
5365,Priya Singh,Female,41,Hyderabad,Telangana,Online
5366,Anita Das,Male,33,Jaipur,Rajasthan,Retail
5367,Anita Patel,Female,58,Ahmedabad,Gujarat,Corporate
5368,Rahul Nair,Male,40,Mumbai,Maharashtra,Corporate
5369,Pooja Sharma,Male,20,Lucknow,Uttar Pradesh,Retail
5370,Neha Jain,Male,34,Jaipur,Rajasthan,Corporate
5371,Priya Iyer,Male,34,Kolkata,West Bengal,Retail
5372,Sneha Singh,Female,23,Pune,Maharashtra,Retail
5373,Amit Verma,Female,63,Delhi,Delhi,Corporate
5374,Priya Jain,Female,25,Ahmedabad,Gujarat,Online
5375,Kiran Nair,Male,59,Mumbai,Maharashtra,Retail
5376,Vikas Singh,Female,28,Lucknow,Uttar Pradesh,Corporate
5377,Sneha Singh,Male,34,Hyderabad,Telangana,Corporate
5378,Rohit Sharma,Male,34,Delhi,Delhi,Online
5379,Amit Patel,Male,38,Ahmedabad,Gujarat,Retail
5380,Kiran Jain,Female,59,Hyderabad,Telangana,Retail
5381,Anita Nair,Female,42,Ahmedabad,Gujarat,Retail
5382,Neha Das,Male,46,Pune,Maharashtra,Retail
5383,Amit Iyer,Male,20,Bengaluru,Karnataka,Retail
5384,Priya Jain,Female,65,Hyderabad,Telangana,Retail
5385,Priya Das,Male,58,Ahmedabad,Gujarat,Retail
5386,Anita Nair,Male,48,Ahmedabad,Gujarat,Retail
5387,Rahul Nair,Male,65,Pune,Maharashtra,Retail
5388,Neha Verma,Male,46,Bengaluru,Karnataka,Retail
5389,Vikas Das,Male,27,Chennai,Tamil Nadu,Retail
5390,Pooja Reddy,Female,28,Chennai,Tamil Nadu,Corporate
5391,Priya Nair,Female,48,Ahmedabad,Gujarat,Retail
5392,Rohit Sharma,Male,53,Bengaluru,Karnataka,Corporate
5393,Priya Reddy,Male,41,Chennai,Tamil Nadu,Corporate
5394,Sneha Gupta,Male,42,Chennai,Tamil Nadu,Corporate
5395,Rahul Sharma,Female,27,Kolkata,West Bengal,Online
5396,Neha Verma,Female,50,Delhi,Delhi,Retail
5397,Amit Verma,Female,29,Ahmedabad,Gujarat,Corporate
5398,Amit Das,Male,35,Kolkata,West Bengal,Online
5399,Rahul Singh,Male,63,Bengaluru,Karnataka,Retail
5400,Pooja Patel,Male,56,Hyderabad,Telangana,Online
5401,Kiran Singh,Male,26,Ahmedabad,Gujarat,Online
5402,Pooja Reddy,Male,18,Hyderabad,Telangana,Retail
5403,Vikas Sharma,Female,39,Lucknow,Uttar Pradesh,Corporate
5404,Priya Sharma,Female,48,Ahmedabad,Gujarat,Retail
5405,Sneha Singh,Female,20,Chennai,Tamil Nadu,Retail
5406,Pooja Jain,Male,40,Pune,Maharashtra,Online
5407,Rohit Patel,Male,40,Ahmedabad,Gujarat,Online
5408,Anita Das,Male,36,Hyderabad,Telangana,Retail
5409,Neha Verma,Male,51,Ahmedabad,Gujarat,Online
5410,Amit Gupta,Male,32,Bengaluru,Karnataka,Online
5411,Rahul Patel,Female,34,Bengaluru,Karnataka,Online
5412,Amit Patel,Male,34,Delhi,Delhi,Retail
5413,Pooja Iyer,Male,62,Jaipur,Rajasthan,Corporate
5414,Anita Patel,Male,20,Mumbai,Maharashtra,Corporate
5415,Neha Iyer,Female,25,Mumbai,Maharashtra,Retail
5416,Vikas Singh,Male,32,Mumbai,Maharashtra,Retail
5417,Neha Das,Male,19,Jaipur,Rajasthan,Online
5418,Vikas Jain,Male,43,Kolkata,West Bengal,Retail
5419,Anita Das,Male,39,Pune,Maharashtra,Online
5420,Pooja Nair,Female,53,Kolkata,West Bengal,Retail
5421,Rohit Singh,Female,33,Pune,Maharashtra,Corporate
5422,Anita Patel,Male,22,Delhi,Delhi,Corporate
5423,Sneha Verma,Male,32,Kolkata,West Bengal,Retail
5424,Vikas Iyer,Male,20,Kolkata,West Bengal,Retail
5425,Kiran Jain,Female,58,Jaipur,Rajasthan,Online
5426,Pooja Patel,Female,25,Delhi,Delhi,Online
5427,Vikas Gupta,Male,36,Delhi,Delhi,Retail
5428,Anita Singh,Male,21,Chennai,Tamil Nadu,Online
5429,Kiran Patel,Female,55,Lucknow,Uttar Pradesh,Online
5430,Neha Patel,Male,36,Bengaluru,Karnataka,Corporate
5431,Kiran Reddy,Male,65,Jaipur,Rajasthan,Retail
5432,Kiran Iyer,Male,59,Lucknow,Uttar Pradesh,Corporate
5433,Rohit Nair,Female,53,Hyderabad,Telangana,Corporate
5434,Neha Iyer,Female,19,Jaipur,Rajasthan,Retail
5435,Sneha Gupta,Female,55,Pune,Maharashtra,Corporate
5436,Anita Singh,Male,38,Delhi,Delhi,Online
5437,Neha Reddy,Female,31,Pune,Maharashtra,Corporate
5438,Amit Singh,Male,56,Delhi,Delhi,Corporate
5439,Amit Verma,Female,46,Ahmedabad,Gujarat,Corporate
5440,Rohit Gupta,Male,44,Mumbai,Maharashtra,Corporate
5441,Rahul Gupta,Female,51,Pune,Maharashtra,Retail
5442,Kiran Singh,Female,24,Ahmedabad,Gujarat,Retail
5443,Rohit Jain,Male,49,Kolkata,West Bengal,Corporate
5444,Rahul Das,Female,57,Jaipur,Rajasthan,Online
5445,Vikas Iyer,Female,36,Mumbai,Maharashtra,Online
5446,Kiran Nair,Female,51,Pune,Maharashtra,Online
5447,Vikas Nair,Male,65,Jaipur,Rajasthan,Corporate
5448,Neha Reddy,Male,52,Kolkata,West Bengal,Corporate
5449,Vikas Jain,Female,55,Bengaluru,Karnataka,Retail
5450,Anita Nair,Male,38,Mumbai,Maharashtra,Retail
5451,Amit Sharma,Male,34,Kolkata,West Bengal,Online
5452,Kiran Verma,Female,52,Ahmedabad,Gujarat,Online
5453,Rohit Verma,Female,42,Kolkata,West Bengal,Corporate
5454,Amit Jain,Female,46,Pune,Maharashtra,Retail
5455,Rohit Gupta,Male,44,Mumbai,Maharashtra,Corporate
5456,Vikas Verma,Male,30,Lucknow,Uttar Pradesh,Corporate
5457,Vikas Iyer,Female,62,Ahmedabad,Gujarat,Online
5458,Rahul Nair,Female,41,Mumbai,Maharashtra,Retail
5459,Rohit Singh,Male,59,Chennai,Tamil Nadu,Corporate
5460,Rohit Das,Male,51,Pune,Maharashtra,Corporate
5461,Sneha Verma,Male,44,Lucknow,Uttar Pradesh,Retail
5462,Pooja Jain,Male,40,Delhi,Delhi,Online
5463,Vikas Sharma,Male,37,Delhi,Delhi,Online
5464,Amit Reddy,Female,24,Lucknow,Uttar Pradesh,Online
5465,Amit Gupta,Male,49,Delhi,Delhi,Online
5466,Kiran Verma,Male,54,Jaipur,Rajasthan,Retail
5467,Pooja Patel,Male,28,Kolkata,West Bengal,Online
5468,Priya Sharma,Male,22,Lucknow,Uttar Pradesh,Retail
5469,Neha Iyer,Female,21,Lucknow,Uttar Pradesh,Online
5470,Pooja Nair,Male,63,Delhi,Delhi,Retail
5471,Kiran Singh,Male,35,Pune,Maharashtra,Online
5472,Pooja Patel,Female,30,Mumbai,Maharashtra,Corporate
5473,Vikas Sharma,Male,32,Jaipur,Rajasthan,Corporate
5474,Amit Iyer,Male,57,Jaipur,Rajasthan,Retail
5475,Sneha Sharma,Male,55,Hyderabad,Telangana,Retail
5476,Amit Iyer,Female,44,Pune,Maharashtra,Online
5477,Neha Patel,Male,61,Chennai,Tamil Nadu,Corporate
5478,Sneha Das,Female,43,Jaipur,Rajasthan,Online
5479,Amit Gupta,Male,29,Ahmedabad,Gujarat,Retail
5480,Vikas Singh,Male,36,Pune,Maharashtra,Corporate
5481,Anita Patel,Female,52,Lucknow,Uttar Pradesh,Corporate
5482,Vikas Patel,Male,45,Pune,Maharashtra,Corporate
5483,Sneha Das,Male,47,Lucknow,Uttar Pradesh,Corporate
5484,Sneha Das,Male,35,Pune,Maharashtra,Online
5485,Anita Singh,Male,63,Delhi,Delhi,Retail
5486,Sneha Reddy,Male,53,Mumbai,Maharashtra,Corporate
5487,Sneha Singh,Female,40,Ahmedabad,Gujarat,Retail
5488,Vikas Jain,Male,37,Kolkata,West Bengal,Corporate
5489,Sneha Gupta,Female,61,Lucknow,Uttar Pradesh,Retail
5490,Pooja Iyer,Female,52,Chennai,Tamil Nadu,Retail
5491,Pooja Verma,Male,26,Kolkata,West Bengal,Retail
5492,Priya Verma,Female,65,Lucknow,Uttar Pradesh,Corporate
5493,Pooja Singh,Female,18,Delhi,Delhi,Corporate
5494,Rahul Gupta,Female,30,Mumbai,Maharashtra,Online
5495,Priya Verma,Female,50,Mumbai,Maharashtra,Corporate
5496,Priya Reddy,Male,32,Hyderabad,Telangana,Corporate
5497,Vikas Reddy,Female,43,Bengaluru,Karnataka,Corporate
5498,Kiran Singh,Male,41,Bengaluru,Karnataka,Online
5499,Vikas Sharma,Female,33,Pune,Maharashtra,Corporate
5500,Priya Singh,Female,25,Pune,Maharashtra,Corporate
5501,Sneha Sharma,Female,20,Jaipur,Rajasthan,Online
5502,Vikas Gupta,Female,27,Bengaluru,Karnataka,Corporate
5503,Rohit Reddy,Male,54,Delhi,Delhi,Retail
5504,Neha Verma,Female,45,Jaipur,Rajasthan,Online
5505,Anita Sharma,Male,59,Jaipur,Rajasthan,Corporate
5506,Pooja Jain,Male,33,Delhi,Delhi,Online
5507,Amit Nair,Male,40,Mumbai,Maharashtra,Online
5508,Vikas Das,Male,35,Mumbai,Maharashtra,Online
5509,Anita Das,Female,39,Mumbai,Maharashtra,Online
5510,Neha Verma,Male,61,Lucknow,Uttar Pradesh,Online
5511,Vikas Verma,Male,49,Hyderabad,Telangana,Retail
5512,Rohit Reddy,Male,52,Delhi,Delhi,Retail
5513,Rohit Reddy,Male,21,Hyderabad,Telangana,Retail
5514,Anita Das,Male,30,Pune,Maharashtra,Online
5515,Rahul Singh,Female,60,Chennai,Tamil Nadu,Corporate
5516,Sneha Sharma,Female,26,Hyderabad,Telangana,Online
5517,Kiran Singh,Male,55,Pune,Maharashtra,Online
5518,Anita Patel,Female,28,Hyderabad,Telangana,Online
5519,Pooja Iyer,Female,31,Bengaluru,Karnataka,Retail
5520,Amit Nair,Female,31,Chennai,Tamil Nadu,Retail
5521,Kiran Reddy,Male,25,Delhi,Delhi,Online
5522,Neha Patel,Male,38,Chennai,Tamil Nadu,Corporate
5523,Pooja Nair,Female,28,Ahmedabad,Gujarat,Online
5524,Amit Sharma,Female,49,Mumbai,Maharashtra,Retail
5525,Pooja Reddy,Male,59,Pune,Maharashtra,Corporate
5526,Neha Gupta,Female,18,Kolkata,West Bengal,Corporate
5527,Kiran Jain,Female,59,Mumbai,Maharashtra,Retail
5528,Rahul Sharma,Male,43,Mumbai,Maharashtra,Retail
5529,Anita Singh,Male,24,Chennai,Tamil Nadu,Online
5530,Pooja Nair,Female,29,Chennai,Tamil Nadu,Online
5531,Anita Gupta,Female,26,Pune,Maharashtra,Online
5532,Kiran Gupta,Male,20,Pune,Maharashtra,Retail
5533,Vikas Sharma,Male,49,Jaipur,Rajasthan,Corporate
5534,Rahul Reddy,Male,27,Ahmedabad,Gujarat,Online
5535,Rahul Singh,Female,58,Hyderabad,Telangana,Corporate
5536,Amit Iyer,Female,30,Mumbai,Maharashtra,Retail
5537,Amit Sharma,Female,27,Pune,Maharashtra,Corporate
5538,Amit Verma,Female,39,Mumbai,Maharashtra,Retail
5539,Amit Singh,Male,42,Ahmedabad,Gujarat,Corporate
5540,Neha Jain,Female,54,Delhi,Delhi,Retail
5541,Priya Verma,Female,51,Ahmedabad,Gujarat,Corporate
5542,Rohit Singh,Female,56,Kolkata,West Bengal,Online
5543,Amit Nair,Female,54,Mumbai,Maharashtra,Online
5544,Anita Iyer,Male,37,Kolkata,West Bengal,Corporate
5545,Amit Gupta,Male,61,Lucknow,Uttar Pradesh,Online
5546,Priya Singh,Female,53,Ahmedabad,Gujarat,Online
5547,Anita Verma,Male,54,Kolkata,West Bengal,Corporate
5548,Kiran Patel,Male,29,Kolkata,West Bengal,Retail
5549,Priya Gupta,Female,59,Lucknow,Uttar Pradesh,Retail
5550,Rohit Reddy,Female,32,Hyderabad,Telangana,Online
5551,Sneha Verma,Male,65,Ahmedabad,Gujarat,Online
5552,Pooja Patel,Female,61,Jaipur,Rajasthan,Retail
5553,Rahul Verma,Male,58,Ahmedabad,Gujarat,Online
5554,Priya Iyer,Female,52,Lucknow,Uttar Pradesh,Retail
5555,Pooja Iyer,Male,26,Hyderabad,Telangana,Corporate
5556,Amit Das,Male,21,Jaipur,Rajasthan,Corporate
5557,Amit Jain,Male,47,Delhi,Delhi,Corporate
5558,Rahul Das,Male,57,Mumbai,Maharashtra,Retail
5559,Priya Nair,Male,41,Jaipur,Rajasthan,Online
5560,Amit Reddy,Male,33,Pune,Maharashtra,Corporate
5561,Rohit Nair,Female,20,Lucknow,Uttar Pradesh,Online
5562,Priya Nair,Female,56,Pune,Maharashtra,Retail
5563,Sneha Reddy,Female,30,Delhi,Delhi,Online
5564,Amit Jain,Female,25,Ahmedabad,Gujarat,Retail
5565,Priya Patel,Female,29,Ahmedabad,Gujarat,Retail
5566,Kiran Das,Male,55,Lucknow,Uttar Pradesh,Corporate
5567,Kiran Iyer,Male,19,Lucknow,Uttar Pradesh,Corporate
5568,Neha Verma,Female,20,Bengaluru,Karnataka,Retail
5569,Rahul Jain,Female,48,Mumbai,Maharashtra,Retail
5570,Vikas Gupta,Male,41,Ahmedabad,Gujarat,Corporate
5571,Sneha Reddy,Male,55,Lucknow,Uttar Pradesh,Online
5572,Sneha Singh,Female,64,Delhi,Delhi,Corporate
5573,Pooja Iyer,Female,40,Pune,Maharashtra,Corporate
5574,Anita Jain,Female,39,Delhi,Delhi,Retail
5575,Sneha Iyer,Male,58,Delhi,Delhi,Retail
5576,Kiran Das,Female,22,Bengaluru,Karnataka,Online
5577,Anita Jain,Male,62,Chennai,Tamil Nadu,Retail
5578,Priya Gupta,Female,58,Lucknow,Uttar Pradesh,Online
5579,Anita Reddy,Male,27,Mumbai,Maharashtra,Online
5580,Kiran Nair,Female,50,Mumbai,Maharashtra,Online
5581,Anita Verma,Female,39,Hyderabad,Telangana,Retail
5582,Anita Iyer,Female,33,Pune,Maharashtra,Retail
5583,Rahul Singh,Male,18,Pune,Maharashtra,Online
5584,Vikas Iyer,Female,54,Ahmedabad,Gujarat,Corporate
5585,Pooja Patel,Male,37,Bengaluru,Karnataka,Online
5586,Kiran Jain,Female,22,Chennai,Tamil Nadu,Retail
5587,Priya Jain,Male,37,Jaipur,Rajasthan,Online
5588,Neha Nair,Female,64,Pune,Maharashtra,Retail
5589,Anita Singh,Female,34,Ahmedabad,Gujarat,Online
5590,Rahul Reddy,Male,63,Delhi,Delhi,Retail
5591,Amit Das,Female,30,Hyderabad,Telangana,Online
5592,Rohit Patel,Male,33,Chennai,Tamil Nadu,Online
5593,Rahul Jain,Male,23,Delhi,Delhi,Retail
5594,Anita Singh,Male,30,Jaipur,Rajasthan,Corporate
5595,Amit Nair,Male,31,Lucknow,Uttar Pradesh,Corporate
5596,Amit Iyer,Female,57,Pune,Maharashtra,Online
5597,Rahul Sharma,Female,20,Pune,Maharashtra,Retail
5598,Anita Iyer,Female,34,Jaipur,Rajasthan,Corporate
5599,Amit Nair,Female,21,Delhi,Delhi,Corporate
5600,Anita Singh,Male,19,Jaipur,Rajasthan,Retail
5601,Rahul Verma,Male,40,Hyderabad,Telangana,Corporate
5602,Anita Verma,Male,60,Kolkata,West Bengal,Online
5603,Anita Gupta,Female,63,Jaipur,Rajasthan,Corporate
5604,Kiran Verma,Female,53,Delhi,Delhi,Corporate
5605,Rohit Verma,Female,26,Pune,Maharashtra,Corporate
5606,Rohit Iyer,Male,59,Delhi,Delhi,Corporate
5607,Sneha Das,Male,19,Bengaluru,Karnataka,Online
5608,Priya Sharma,Male,53,Bengaluru,Karnataka,Retail
5609,Pooja Nair,Male,29,Chennai,Tamil Nadu,Online
5610,Rohit Sharma,Female,63,Bengaluru,Karnataka,Retail
5611,Neha Gupta,Female,42,Ahmedabad,Gujarat,Corporate
5612,Anita Sharma,Male,60,Hyderabad,Telangana,Online
5613,Priya Das,Female,21,Delhi,Delhi,Retail
5614,Vikas Das,Female,60,Jaipur,Rajasthan,Online
5615,Amit Reddy,Male,34,Hyderabad,Telangana,Online
5616,Sneha Gupta,Female,31,Kolkata,West Bengal,Corporate
5617,Kiran Reddy,Female,31,Kolkata,West Bengal,Online
5618,Neha Reddy,Male,37,Bengaluru,Karnataka,Corporate
5619,Anita Sharma,Female,33,Mumbai,Maharashtra,Retail
5620,Pooja Jain,Female,31,Pune,Maharashtra,Online
5621,Sneha Nair,Male,46,Delhi,Delhi,Retail
5622,Rahul Reddy,Male,25,Kolkata,West Bengal,Retail
5623,Rahul Reddy,Male,50,Delhi,Delhi,Online
5624,Priya Singh,Female,61,Pune,Maharashtra,Corporate
5625,Vikas Nair,Female,39,Mumbai,Maharashtra,Retail
5626,Sneha Gupta,Male,20,Jaipur,Rajasthan,Retail
5627,Pooja Gupta,Female,62,Lucknow,Uttar Pradesh,Retail
5628,Amit Nair,Male,25,Delhi,Delhi,Retail
5629,Rahul Verma,Female,18,Ahmedabad,Gujarat,Retail
5630,Rohit Singh,Male,51,Hyderabad,Telangana,Corporate
5631,Priya Nair,Male,32,Ahmedabad,Gujarat,Online
5632,Kiran Singh,Male,34,Mumbai,Maharashtra,Corporate
5633,Amit Gupta,Male,44,Mumbai,Maharashtra,Online
5634,Kiran Sharma,Female,62,Pune,Maharashtra,Retail
5635,Rohit Reddy,Female,62,Ahmedabad,Gujarat,Corporate
5636,Vikas Das,Female,52,Chennai,Tamil Nadu,Corporate
5637,Rahul Das,Female,44,Kolkata,West Bengal,Retail
5638,Sneha Jain,Female,62,Delhi,Delhi,Online
5639,Sneha Gupta,Male,23,Kolkata,West Bengal,Online
5640,Amit Das,Female,61,Delhi,Delhi,Online
5641,Rohit Nair,Female,54,Ahmedabad,Gujarat,Retail
5642,Neha Verma,Female,55,Ahmedabad,Gujarat,Online
5643,Sneha Das,Female,63,Kolkata,West Bengal,Retail
5644,Rohit Reddy,Female,22,Kolkata,West Bengal,Online
5645,Sneha Jain,Female,34,Lucknow,Uttar Pradesh,Corporate
5646,Rohit Jain,Female,54,Pune,Maharashtra,Retail
5647,Priya Verma,Female,51,Bengaluru,Karnataka,Retail
5648,Rahul Nair,Male,61,Lucknow,Uttar Pradesh,Retail
5649,Neha Singh,Male,38,Bengaluru,Karnataka,Corporate
5650,Vikas Patel,Female,27,Pune,Maharashtra,Online
5651,Vikas Patel,Female,40,Chennai,Tamil Nadu,Online
5652,Rohit Reddy,Female,60,Lucknow,Uttar Pradesh,Retail
5653,Vikas Reddy,Female,62,Chennai,Tamil Nadu,Retail
5654,Neha Singh,Male,18,Ahmedabad,Gujarat,Online
5655,Anita Iyer,Male,57,Bengaluru,Karnataka,Corporate
5656,Anita Das,Female,19,Lucknow,Uttar Pradesh,Online
5657,Amit Jain,Female,21,Hyderabad,Telangana,Online
5658,Kiran Verma,Female,38,Bengaluru,Karnataka,Corporate
5659,Kiran Iyer,Male,51,Hyderabad,Telangana,Online
5660,Priya Gupta,Male,45,Ahmedabad,Gujarat,Corporate
5661,Anita Sharma,Female,42,Jaipur,Rajasthan,Corporate
5662,Kiran Das,Female,59,Delhi,Delhi,Online
5663,Anita Gupta,Female,55,Chennai,Tamil Nadu,Retail
5664,Sneha Jain,Female,22,Jaipur,Rajasthan,Online
5665,Anita Patel,Male,46,Hyderabad,Telangana,Corporate
5666,Rohit Das,Female,59,Kolkata,West Bengal,Retail
5667,Pooja Jain,Female,47,Mumbai,Maharashtra,Online
5668,Vikas Iyer,Male,22,Kolkata,West Bengal,Corporate
5669,Neha Singh,Male,60,Kolkata,West Bengal,Retail
5670,Vikas Verma,Male,61,Hyderabad,Telangana,Corporate
5671,Anita Das,Female,25,Lucknow,Uttar Pradesh,Retail
5672,Priya Jain,Male,24,Hyderabad,Telangana,Corporate
5673,Sneha Jain,Female,21,Mumbai,Maharashtra,Online
5674,Anita Iyer,Male,53,Hyderabad,Telangana,Online
5675,Pooja Singh,Female,21,Kolkata,West Bengal,Online
5676,Anita Nair,Male,51,Bengaluru,Karnataka,Retail
5677,Rohit Reddy,Female,23,Bengaluru,Karnataka,Corporate
5678,Kiran Reddy,Female,50,Kolkata,West Bengal,Corporate
5679,Kiran Reddy,Male,42,Delhi,Delhi,Corporate
5680,Kiran Reddy,Male,26,Lucknow,Uttar Pradesh,Retail
5681,Rohit Nair,Female,60,Hyderabad,Telangana,Corporate
5682,Rahul Nair,Female,30,Jaipur,Rajasthan,Corporate
5683,Amit Nair,Male,52,Lucknow,Uttar Pradesh,Retail
5684,Pooja Nair,Male,35,Kolkata,West Bengal,Retail
5685,Kiran Gupta,Male,55,Ahmedabad,Gujarat,Online
5686,Vikas Iyer,Male,31,Ahmedabad,Gujarat,Retail
5687,Vikas Patel,Male,26,Bengaluru,Karnataka,Retail
5688,Neha Singh,Male,64,Jaipur,Rajasthan,Online
5689,Neha Gupta,Female,31,Bengaluru,Karnataka,Online
5690,Rahul Gupta,Male,47,Bengaluru,Karnataka,Retail
5691,Priya Sharma,Female,32,Hyderabad,Telangana,Online
5692,Neha Das,Male,21,Chennai,Tamil Nadu,Online
5693,Amit Singh,Female,36,Bengaluru,Karnataka,Retail
5694,Anita Verma,Male,37,Jaipur,Rajasthan,Corporate
5695,Rohit Gupta,Male,60,Pune,Maharashtra,Retail
5696,Amit Nair,Female,27,Kolkata,West Bengal,Online
5697,Sneha Verma,Male,30,Chennai,Tamil Nadu,Corporate
5698,Rahul Das,Female,61,Bengaluru,Karnataka,Corporate
5699,Amit Nair,Male,60,Mumbai,Maharashtra,Retail
5700,Rohit Patel,Female,49,Lucknow,Uttar Pradesh,Corporate
5701,Neha Patel,Male,49,Delhi,Delhi,Corporate
5702,Pooja Jain,Male,30,Chennai,Tamil Nadu,Retail
5703,Kiran Gupta,Female,20,Ahmedabad,Gujarat,Online
5704,Priya Sharma,Female,30,Jaipur,Rajasthan,Retail
5705,Amit Singh,Female,40,Chennai,Tamil Nadu,Corporate
5706,Sneha Nair,Female,29,Ahmedabad,Gujarat,Retail
5707,Priya Verma,Female,24,Chennai,Tamil Nadu,Online
5708,Priya Singh,Female,47,Lucknow,Uttar Pradesh,Retail
5709,Amit Verma,Male,44,Delhi,Delhi,Online
5710,Vikas Jain,Female,22,Bengaluru,Karnataka,Corporate
5711,Anita Singh,Male,39,Bengaluru,Karnataka,Retail
5712,Kiran Singh,Female,24,Ahmedabad,Gujarat,Retail
5713,Priya Singh,Female,35,Hyderabad,Telangana,Online
5714,Priya Nair,Female,33,Lucknow,Uttar Pradesh,Retail
5715,Rohit Sharma,Female,41,Jaipur,Rajasthan,Retail
5716,Vikas Verma,Male,26,Chennai,Tamil Nadu,Retail
5717,Rohit Gupta,Male,18,Lucknow,Uttar Pradesh,Retail
5718,Neha Jain,Male,62,Delhi,Delhi,Online
5719,Priya Singh,Male,34,Hyderabad,Telangana,Retail
5720,Vikas Jain,Male,36,Kolkata,West Bengal,Online
5721,Priya Jain,Male,32,Mumbai,Maharashtra,Retail
5722,Rohit Sharma,Male,22,Jaipur,Rajasthan,Online
5723,Priya Sharma,Male,57,Pune,Maharashtra,Online
5724,Kiran Nair,Male,47,Bengaluru,Karnataka,Online
5725,Amit Nair,Female,44,Bengaluru,Karnataka,Retail
5726,Sneha Singh,Male,27,Mumbai,Maharashtra,Corporate
5727,Sneha Gupta,Male,61,Bengaluru,Karnataka,Corporate
5728,Amit Iyer,Male,49,Mumbai,Maharashtra,Online
5729,Priya Jain,Male,30,Pune,Maharashtra,Online
5730,Anita Das,Male,59,Delhi,Delhi,Online
5731,Pooja Singh,Female,61,Pune,Maharashtra,Online
5732,Rahul Reddy,Female,21,Ahmedabad,Gujarat,Online
5733,Pooja Singh,Female,42,Ahmedabad,Gujarat,Online
5734,Kiran Jain,Male,22,Lucknow,Uttar Pradesh,Corporate
5735,Sneha Gupta,Female,53,Hyderabad,Telangana,Retail
5736,Pooja Sharma,Female,60,Ahmedabad,Gujarat,Corporate
5737,Vikas Das,Male,32,Pune,Maharashtra,Online
5738,Pooja Das,Female,18,Pune,Maharashtra,Corporate
5739,Pooja Sharma,Male,48,Ahmedabad,Gujarat,Corporate
5740,Pooja Reddy,Female,27,Kolkata,West Bengal,Corporate
5741,Sneha Patel,Female,43,Lucknow,Uttar Pradesh,Corporate
5742,Amit Reddy,Female,23,Jaipur,Rajasthan,Corporate
5743,Neha Das,Male,25,Bengaluru,Karnataka,Retail
5744,Vikas Singh,Female,35,Delhi,Delhi,Corporate
5745,Anita Singh,Male,40,Bengaluru,Karnataka,Online
5746,Kiran Iyer,Female,50,Kolkata,West Bengal,Online
5747,Rahul Das,Male,18,Hyderabad,Telangana,Retail
5748,Sneha Iyer,Female,65,Mumbai,Maharashtra,Corporate
5749,Rohit Verma,Female,26,Mumbai,Maharashtra,Corporate
5750,Priya Verma,Female,46,Kolkata,West Bengal,Corporate
5751,Anita Reddy,Female,51,Chennai,Tamil Nadu,Online
5752,Neha Iyer,Female,62,Delhi,Delhi,Retail
5753,Priya Verma,Female,46,Delhi,Delhi,Corporate
5754,Rahul Jain,Female,20,Lucknow,Uttar Pradesh,Corporate
5755,Rahul Sharma,Female,27,Ahmedabad,Gujarat,Retail
5756,Pooja Verma,Male,43,Jaipur,Rajasthan,Retail
5757,Kiran Gupta,Female,52,Jaipur,Rajasthan,Retail
5758,Rohit Das,Male,61,Kolkata,West Bengal,Online
5759,Neha Nair,Female,38,Kolkata,West Bengal,Retail
5760,Neha Sharma,Female,26,Jaipur,Rajasthan,Retail
5761,Amit Singh,Female,65,Lucknow,Uttar Pradesh,Online
5762,Kiran Sharma,Female,42,Bengaluru,Karnataka,Corporate
5763,Kiran Reddy,Female,30,Bengaluru,Karnataka,Online
5764,Neha Das,Male,61,Pune,Maharashtra,Corporate
5765,Vikas Nair,Female,48,Pune,Maharashtra,Corporate
5766,Sneha Jain,Female,50,Mumbai,Maharashtra,Corporate
5767,Anita Sharma,Male,35,Bengaluru,Karnataka,Online
5768,Rohit Das,Male,35,Ahmedabad,Gujarat,Corporate
5769,Vikas Verma,Female,58,Pune,Maharashtra,Retail
5770,Neha Sharma,Male,52,Chennai,Tamil Nadu,Online
5771,Kiran Nair,Female,34,Jaipur,Rajasthan,Retail
5772,Rohit Patel,Female,63,Mumbai,Maharashtra,Retail
5773,Rahul Singh,Male,43,Chennai,Tamil Nadu,Corporate
5774,Vikas Das,Female,39,Pune,Maharashtra,Corporate
5775,Rahul Verma,Female,60,Bengaluru,Karnataka,Corporate
5776,Sneha Nair,Male,44,Bengaluru,Karnataka,Retail
5777,Amit Jain,Male,54,Lucknow,Uttar Pradesh,Corporate
5778,Sneha Jain,Female,61,Kolkata,West Bengal,Retail
5779,Sneha Gupta,Male,36,Bengaluru,Karnataka,Retail
5780,Kiran Singh,Female,57,Kolkata,West Bengal,Corporate
5781,Pooja Jain,Female,56,Mumbai,Maharashtra,Retail
5782,Kiran Patel,Female,61,Hyderabad,Telangana,Online
5783,Anita Sharma,Male,25,Mumbai,Maharashtra,Corporate
5784,Amit Iyer,Male,46,Hyderabad,Telangana,Corporate
5785,Amit Iyer,Male,20,Lucknow,Uttar Pradesh,Online
5786,Priya Iyer,Male,36,Ahmedabad,Gujarat,Online
5787,Anita Verma,Male,31,Pune,Maharashtra,Online
5788,Kiran Jain,Male,32,Hyderabad,Telangana,Retail
5789,Rohit Reddy,Female,41,Delhi,Delhi,Retail
5790,Priya Jain,Male,43,Chennai,Tamil Nadu,Corporate
5791,Pooja Das,Male,60,Lucknow,Uttar Pradesh,Retail
5792,Rohit Nair,Female,22,Pune,Maharashtra,Online
5793,Pooja Singh,Female,47,Ahmedabad,Gujarat,Online
5794,Neha Gupta,Female,57,Jaipur,Rajasthan,Retail
5795,Vikas Singh,Female,30,Mumbai,Maharashtra,Retail
5796,Amit Iyer,Male,63,Lucknow,Uttar Pradesh,Online
5797,Kiran Gupta,Female,65,Hyderabad,Telangana,Retail
5798,Amit Patel,Female,31,Jaipur,Rajasthan,Corporate
5799,Rohit Reddy,Female,58,Delhi,Delhi,Retail
5800,Anita Nair,Female,24,Jaipur,Rajasthan,Retail
5801,Anita Das,Male,63,Bengaluru,Karnataka,Corporate
5802,Anita Patel,Male,41,Mumbai,Maharashtra,Corporate
5803,Priya Nair,Female,48,Ahmedabad,Gujarat,Retail
5804,Rohit Jain,Female,50,Mumbai,Maharashtra,Corporate
5805,Anita Reddy,Male,30,Hyderabad,Telangana,Online
5806,Rohit Das,Female,28,Chennai,Tamil Nadu,Corporate
5807,Rahul Sharma,Male,31,Bengaluru,Karnataka,Online
5808,Rohit Das,Male,18,Jaipur,Rajasthan,Retail
5809,Amit Gupta,Male,38,Ahmedabad,Gujarat,Corporate
5810,Rohit Iyer,Female,58,Jaipur,Rajasthan,Retail
5811,Sneha Gupta,Female,42,Delhi,Delhi,Retail
5812,Pooja Singh,Male,46,Mumbai,Maharashtra,Corporate
5813,Pooja Iyer,Male,54,Jaipur,Rajasthan,Online
5814,Neha Singh,Female,59,Delhi,Delhi,Online
5815,Neha Iyer,Male,25,Hyderabad,Telangana,Corporate
5816,Vikas Patel,Male,32,Jaipur,Rajasthan,Retail
5817,Pooja Gupta,Male,33,Kolkata,West Bengal,Retail
5818,Amit Sharma,Female,21,Hyderabad,Telangana,Corporate
5819,Sneha Sharma,Female,34,Hyderabad,Telangana,Retail
5820,Neha Sharma,Female,24,Bengaluru,Karnataka,Online
5821,Rahul Singh,Male,57,Mumbai,Maharashtra,Online
5822,Priya Verma,Female,18,Pune,Maharashtra,Retail
5823,Rohit Patel,Male,63,Delhi,Delhi,Retail
5824,Pooja Reddy,Female,43,Lucknow,Uttar Pradesh,Online
5825,Rohit Gupta,Male,29,Delhi,Delhi,Online
5826,Sneha Patel,Male,60,Ahmedabad,Gujarat,Corporate
5827,Pooja Patel,Female,61,Mumbai,Maharashtra,Retail
5828,Sneha Patel,Male,41,Mumbai,Maharashtra,Corporate
5829,Kiran Reddy,Male,49,Chennai,Tamil Nadu,Online
5830,Anita Gupta,Male,23,Jaipur,Rajasthan,Retail
5831,Priya Jain,Male,51,Delhi,Delhi,Corporate
5832,Vikas Jain,Male,64,Ahmedabad,Gujarat,Retail
5833,Amit Sharma,Male,45,Delhi,Delhi,Retail
5834,Pooja Reddy,Female,34,Bengaluru,Karnataka,Online
5835,Kiran Reddy,Female,19,Bengaluru,Karnataka,Corporate
5836,Priya Singh,Female,28,Kolkata,West Bengal,Online
5837,Pooja Nair,Female,33,Ahmedabad,Gujarat,Retail
5838,Rohit Sharma,Female,32,Kolkata,West Bengal,Online
5839,Anita Sharma,Male,39,Pune,Maharashtra,Retail
5840,Rahul Patel,Male,38,Lucknow,Uttar Pradesh,Corporate
5841,Anita Patel,Male,47,Pune,Maharashtra,Retail
5842,Rohit Sharma,Male,44,Hyderabad,Telangana,Online
5843,Sneha Gupta,Female,18,Mumbai,Maharashtra,Online
5844,Vikas Patel,Male,57,Chennai,Tamil Nadu,Corporate
5845,Rahul Reddy,Female,33,Jaipur,Rajasthan,Corporate
5846,Amit Patel,Male,59,Chennai,Tamil Nadu,Corporate
5847,Pooja Singh,Male,56,Jaipur,Rajasthan,Retail
5848,Kiran Patel,Male,64,Kolkata,West Bengal,Retail
5849,Amit Patel,Female,22,Lucknow,Uttar Pradesh,Retail
5850,Priya Iyer,Female,46,Lucknow,Uttar Pradesh,Retail
5851,Kiran Reddy,Female,44,Mumbai,Maharashtra,Online
5852,Neha Patel,Female,39,Bengaluru,Karnataka,Corporate
5853,Amit Das,Male,24,Hyderabad,Telangana,Retail
5854,Anita Reddy,Male,30,Pune,Maharashtra,Retail
5855,Rahul Jain,Female,60,Mumbai,Maharashtra,Corporate
5856,Amit Singh,Female,24,Bengaluru,Karnataka,Retail
5857,Kiran Patel,Male,21,Kolkata,West Bengal,Retail
5858,Amit Reddy,Male,40,Chennai,Tamil Nadu,Corporate
5859,Rahul Singh,Female,65,Lucknow,Uttar Pradesh,Corporate
5860,Anita Singh,Male,33,Pune,Maharashtra,Retail
5861,Vikas Sharma,Male,59,Chennai,Tamil Nadu,Retail
5862,Vikas Nair,Male,59,Hyderabad,Telangana,Corporate
5863,Amit Sharma,Male,60,Chennai,Tamil Nadu,Corporate
5864,Sneha Reddy,Male,48,Pune,Maharashtra,Corporate
5865,Priya Patel,Female,53,Ahmedabad,Gujarat,Online
5866,Priya Das,Male,49,Ahmedabad,Gujarat,Corporate
5867,Sneha Das,Female,21,Bengaluru,Karnataka,Retail
5868,Priya Reddy,Female,46,Hyderabad,Telangana,Corporate
5869,Anita Verma,Male,22,Hyderabad,Telangana,Online
5870,Neha Gupta,Female,25,Hyderabad,Telangana,Retail
5871,Rohit Sharma,Male,51,Kolkata,West Bengal,Retail
5872,Anita Gupta,Male,23,Lucknow,Uttar Pradesh,Corporate
5873,Neha Iyer,Male,22,Chennai,Tamil Nadu,Corporate
5874,Priya Gupta,Female,60,Pune,Maharashtra,Corporate
5875,Priya Iyer,Female,34,Mumbai,Maharashtra,Retail
5876,Amit Verma,Male,59,Lucknow,Uttar Pradesh,Corporate
5877,Rohit Gupta,Female,60,Delhi,Delhi,Online
5878,Anita Singh,Female,38,Bengaluru,Karnataka,Online
5879,Anita Singh,Male,19,Delhi,Delhi,Online
5880,Priya Iyer,Male,20,Ahmedabad,Gujarat,Corporate
5881,Rahul Gupta,Female,65,Ahmedabad,Gujarat,Corporate
5882,Sneha Patel,Female,19,Jaipur,Rajasthan,Online
5883,Amit Nair,Female,32,Bengaluru,Karnataka,Retail
5884,Anita Verma,Female,61,Ahmedabad,Gujarat,Retail
5885,Sneha Gupta,Female,30,Jaipur,Rajasthan,Corporate
5886,Kiran Gupta,Female,20,Ahmedabad,Gujarat,Corporate
5887,Anita Das,Male,54,Bengaluru,Karnataka,Corporate
5888,Sneha Sharma,Male,56,Bengaluru,Karnataka,Corporate
5889,Neha Iyer,Female,26,Jaipur,Rajasthan,Corporate
5890,Rohit Patel,Female,44,Hyderabad,Telangana,Retail
5891,Rohit Singh,Female,21,Bengaluru,Karnataka,Retail
5892,Vikas Singh,Male,55,Hyderabad,Telangana,Corporate
5893,Kiran Jain,Male,27,Kolkata,West Bengal,Online
5894,Vikas Patel,Male,45,Chennai,Tamil Nadu,Retail
5895,Kiran Patel,Female,29,Delhi,Delhi,Retail
5896,Priya Verma,Female,37,Kolkata,West Bengal,Online
5897,Pooja Patel,Female,33,Lucknow,Uttar Pradesh,Corporate
5898,Pooja Nair,Male,45,Lucknow,Uttar Pradesh,Retail
5899,Kiran Jain,Female,29,Jaipur,Rajasthan,Online
5900,Sneha Das,Female,51,Chennai,Tamil Nadu,Corporate
5901,Amit Jain,Female,31,Mumbai,Maharashtra,Online
5902,Amit Iyer,Female,39,Pune,Maharashtra,Online
5903,Neha Nair,Male,45,Bengaluru,Karnataka,Retail
5904,Rohit Das,Female,26,Hyderabad,Telangana,Online
5905,Anita Nair,Female,60,Hyderabad,Telangana,Corporate
5906,Rahul Gupta,Male,35,Pune,Maharashtra,Retail
5907,Rohit Singh,Female,57,Delhi,Delhi,Corporate
5908,Neha Jain,Female,39,Mumbai,Maharashtra,Online
5909,Anita Nair,Female,38,Lucknow,Uttar Pradesh,Retail
5910,Amit Singh,Female,41,Ahmedabad,Gujarat,Retail
5911,Rohit Gupta,Male,63,Chennai,Tamil Nadu,Online
5912,Anita Reddy,Female,28,Hyderabad,Telangana,Retail
5913,Neha Jain,Male,30,Jaipur,Rajasthan,Retail
5914,Rohit Das,Female,19,Jaipur,Rajasthan,Retail
5915,Rahul Patel,Male,18,Delhi,Delhi,Retail
5916,Rahul Reddy,Male,19,Hyderabad,Telangana,Retail
5917,Priya Patel,Male,27,Mumbai,Maharashtra,Corporate
5918,Priya Verma,Female,38,Pune,Maharashtra,Corporate
5919,Neha Reddy,Female,21,Kolkata,West Bengal,Retail
5920,Rahul Reddy,Male,22,Chennai,Tamil Nadu,Online
5921,Kiran Singh,Female,39,Delhi,Delhi,Online
5922,Rahul Gupta,Male,27,Ahmedabad,Gujarat,Online
5923,Vikas Reddy,Male,32,Kolkata,West Bengal,Corporate
5924,Neha Patel,Male,55,Mumbai,Maharashtra,Retail
5925,Neha Iyer,Male,57,Hyderabad,Telangana,Retail
5926,Pooja Das,Male,18,Ahmedabad,Gujarat,Retail
5927,Sneha Patel,Female,33,Jaipur,Rajasthan,Corporate
5928,Vikas Verma,Female,64,Lucknow,Uttar Pradesh,Retail
5929,Sneha Sharma,Male,50,Delhi,Delhi,Corporate
5930,Neha Jain,Male,29,Hyderabad,Telangana,Retail
5931,Kiran Singh,Male,21,Chennai,Tamil Nadu,Retail
5932,Anita Reddy,Female,38,Ahmedabad,Gujarat,Online
5933,Amit Jain,Female,23,Chennai,Tamil Nadu,Corporate
5934,Anita Verma,Male,27,Delhi,Delhi,Retail
5935,Neha Sharma,Male,38,Hyderabad,Telangana,Retail
5936,Rohit Nair,Female,51,Lucknow,Uttar Pradesh,Corporate
5937,Priya Patel,Female,45,Mumbai,Maharashtra,Corporate
5938,Kiran Verma,Male,46,Mumbai,Maharashtra,Corporate
5939,Vikas Nair,Female,64,Ahmedabad,Gujarat,Corporate
5940,Amit Patel,Female,23,Jaipur,Rajasthan,Online
5941,Rahul Sharma,Male,22,Chennai,Tamil Nadu,Corporate
5942,Amit Reddy,Male,60,Jaipur,Rajasthan,Corporate
5943,Rohit Patel,Male,43,Kolkata,West Bengal,Online
5944,Amit Sharma,Female,60,Mumbai,Maharashtra,Retail
5945,Priya Patel,Female,28,Lucknow,Uttar Pradesh,Online
5946,Vikas Singh,Male,29,Jaipur,Rajasthan,Corporate
5947,Anita Nair,Male,33,Kolkata,West Bengal,Corporate
5948,Priya Patel,Female,65,Lucknow,Uttar Pradesh,Online
5949,Neha Gupta,Male,56,Kolkata,West Bengal,Corporate
5950,Vikas Gupta,Male,65,Ahmedabad,Gujarat,Retail
5951,Priya Verma,Female,33,Ahmedabad,Gujarat,Retail
5952,Rohit Iyer,Male,57,Chennai,Tamil Nadu,Corporate
5953,Rahul Nair,Male,60,Pune,Maharashtra,Corporate
5954,Amit Gupta,Female,18,Delhi,Delhi,Corporate
5955,Amit Sharma,Female,32,Jaipur,Rajasthan,Corporate
5956,Anita Reddy,Female,57,Chennai,Tamil Nadu,Corporate
5957,Vikas Reddy,Male,32,Kolkata,West Bengal,Retail
5958,Pooja Gupta,Male,64,Kolkata,West Bengal,Retail
5959,Kiran Reddy,Female,42,Bengaluru,Karnataka,Corporate
5960,Rahul Gupta,Female,60,Chennai,Tamil Nadu,Retail
5961,Rahul Nair,Male,65,Pune,Maharashtra,Online
5962,Amit Verma,Female,39,Lucknow,Uttar Pradesh,Corporate
5963,Sneha Nair,Female,33,Ahmedabad,Gujarat,Retail
5964,Priya Nair,Male,19,Mumbai,Maharashtra,Retail
5965,Priya Jain,Male,49,Pune,Maharashtra,Online
5966,Sneha Iyer,Female,37,Delhi,Delhi,Corporate
5967,Kiran Jain,Female,38,Kolkata,West Bengal,Corporate
5968,Anita Jain,Male,56,Chennai,Tamil Nadu,Online
5969,Priya Iyer,Female,44,Lucknow,Uttar Pradesh,Retail
5970,Sneha Gupta,Female,52,Hyderabad,Telangana,Corporate
5971,Pooja Sharma,Female,55,Mumbai,Maharashtra,Online
5972,Amit Singh,Female,23,Kolkata,West Bengal,Retail
5973,Kiran Verma,Female,24,Lucknow,Uttar Pradesh,Retail
5974,Amit Gupta,Female,65,Jaipur,Rajasthan,Corporate
5975,Vikas Patel,Female,30,Bengaluru,Karnataka,Corporate
5976,Anita Verma,Male,49,Chennai,Tamil Nadu,Online
5977,Amit Singh,Female,53,Lucknow,Uttar Pradesh,Retail
5978,Amit Verma,Male,54,Bengaluru,Karnataka,Corporate
5979,Amit Gupta,Male,50,Delhi,Delhi,Online
5980,Rohit Iyer,Male,53,Hyderabad,Telangana,Retail
5981,Rahul Iyer,Male,45,Bengaluru,Karnataka,Retail
5982,Kiran Jain,Female,32,Jaipur,Rajasthan,Corporate
5983,Rohit Iyer,Male,23,Hyderabad,Telangana,Retail
5984,Rahul Gupta,Female,32,Pune,Maharashtra,Online
5985,Sneha Jain,Male,30,Bengaluru,Karnataka,Online
5986,Neha Jain,Male,35,Mumbai,Maharashtra,Corporate
5987,Amit Iyer,Male,46,Lucknow,Uttar Pradesh,Retail
5988,Rohit Das,Male,38,Mumbai,Maharashtra,Corporate
5989,Sneha Verma,Female,44,Bengaluru,Karnataka,Online
5990,Sneha Gupta,Male,44,Hyderabad,Telangana,Corporate
5991,Vikas Reddy,Female,28,Jaipur,Rajasthan,Online
5992,Neha Patel,Male,30,Hyderabad,Telangana,Online
5993,Priya Verma,Female,29,Pune,Maharashtra,Corporate
5994,Neha Jain,Female,48,Ahmedabad,Gujarat,Corporate
5995,Rohit Gupta,Female,55,Ahmedabad,Gujarat,Online
5996,Rohit Singh,Male,22,Bengaluru,Karnataka,Corporate
5997,Priya Das,Male,40,Kolkata,West Bengal,Online
5998,Anita Nair,Female,59,Kolkata,West Bengal,Retail
5999,Pooja Verma,Male,20,Ahmedabad,Gujarat,Online
6000,Anita Verma,Female,45,Ahmedabad,Gujarat,Online
6001,Rahul Verma,Male,61,Chennai,Tamil Nadu,Retail
6002,Vikas Nair,Male,39,Pune,Maharashtra,Retail
6003,Rohit Das,Male,36,Lucknow,Uttar Pradesh,Retail
6004,Amit Jain,Female,48,Bengaluru,Karnataka,Corporate
6005,Kiran Nair,Male,40,Ahmedabad,Gujarat,Online
6006,Anita Iyer,Male,39,Lucknow,Uttar Pradesh,Corporate
6007,Pooja Jain,Female,19,Kolkata,West Bengal,Corporate
6008,Priya Nair,Male,35,Kolkata,West Bengal,Corporate
6009,Neha Singh,Female,19,Chennai,Tamil Nadu,Retail
6010,Sneha Sharma,Male,27,Hyderabad,Telangana,Corporate
6011,Sneha Sharma,Female,34,Hyderabad,Telangana,Retail
6012,Rahul Verma,Male,27,Mumbai,Maharashtra,Corporate
6013,Amit Iyer,Female,45,Hyderabad,Telangana,Retail
6014,Pooja Singh,Female,20,Bengaluru,Karnataka,Retail
6015,Rahul Patel,Male,19,Delhi,Delhi,Corporate
6016,Priya Iyer,Male,24,Bengaluru,Karnataka,Retail
6017,Pooja Nair,Male,41,Hyderabad,Telangana,Retail
6018,Anita Das,Female,34,Kolkata,West Bengal,Corporate
6019,Neha Sharma,Male,28,Hyderabad,Telangana,Retail
6020,Anita Sharma,Female,51,Bengaluru,Karnataka,Online
6021,Neha Verma,Male,46,Delhi,Delhi,Corporate
6022,Pooja Nair,Female,50,Delhi,Delhi,Retail
6023,Rohit Verma,Male,49,Delhi,Delhi,Retail
6024,Rahul Sharma,Male,41,Kolkata,West Bengal,Corporate
6025,Pooja Das,Female,39,Hyderabad,Telangana,Corporate
6026,Pooja Singh,Female,42,Jaipur,Rajasthan,Retail
6027,Sneha Jain,Male,55,Chennai,Tamil Nadu,Online
6028,Anita Verma,Female,57,Pune,Maharashtra,Corporate
6029,Pooja Verma,Female,35,Bengaluru,Karnataka,Retail
6030,Amit Singh,Female,23,Ahmedabad,Gujarat,Online
6031,Kiran Jain,Female,63,Kolkata,West Bengal,Retail
6032,Pooja Singh,Male,42,Mumbai,Maharashtra,Corporate
6033,Pooja Das,Female,64,Mumbai,Maharashtra,Corporate
6034,Neha Nair,Male,20,Mumbai,Maharashtra,Corporate
6035,Sneha Patel,Female,35,Chennai,Tamil Nadu,Corporate
6036,Rohit Verma,Female,54,Hyderabad,Telangana,Online
6037,Neha Nair,Female,61,Chennai,Tamil Nadu,Online
6038,Priya Sharma,Male,61,Ahmedabad,Gujarat,Corporate
6039,Pooja Verma,Male,40,Delhi,Delhi,Online
6040,Sneha Reddy,Male,46,Kolkata,West Bengal,Corporate
6041,Priya Patel,Male,31,Delhi,Delhi,Corporate
6042,Neha Patel,Female,39,Jaipur,Rajasthan,Online
6043,Rahul Patel,Male,50,Bengaluru,Karnataka,Corporate
6044,Rahul Singh,Male,48,Pune,Maharashtra,Retail
6045,Kiran Sharma,Male,28,Chennai,Tamil Nadu,Online
6046,Priya Das,Female,31,Chennai,Tamil Nadu,Retail
6047,Neha Nair,Male,65,Kolkata,West Bengal,Corporate
6048,Neha Iyer,Male,34,Hyderabad,Telangana,Retail
6049,Priya Verma,Female,43,Lucknow,Uttar Pradesh,Retail
6050,Neha Iyer,Female,35,Bengaluru,Karnataka,Online
6051,Priya Verma,Female,55,Pune,Maharashtra,Corporate
6052,Anita Patel,Female,42,Bengaluru,Karnataka,Retail
6053,Neha Jain,Female,39,Bengaluru,Karnataka,Corporate
6054,Rohit Singh,Female,19,Jaipur,Rajasthan,Corporate
6055,Neha Patel,Female,47,Hyderabad,Telangana,Online
6056,Pooja Nair,Female,58,Pune,Maharashtra,Retail
6057,Rahul Nair,Male,56,Lucknow,Uttar Pradesh,Retail
6058,Kiran Gupta,Male,44,Chennai,Tamil Nadu,Retail
6059,Rohit Patel,Male,50,Hyderabad,Telangana,Online
6060,Sneha Patel,Female,24,Mumbai,Maharashtra,Retail
6061,Amit Reddy,Male,45,Jaipur,Rajasthan,Retail
6062,Anita Jain,Male,50,Chennai,Tamil Nadu,Corporate
6063,Pooja Verma,Male,18,Pune,Maharashtra,Online
6064,Rahul Gupta,Male,31,Hyderabad,Telangana,Retail
6065,Pooja Verma,Female,61,Chennai,Tamil Nadu,Corporate
6066,Amit Patel,Female,25,Kolkata,West Bengal,Online
6067,Rohit Singh,Female,41,Chennai,Tamil Nadu,Online
6068,Amit Sharma,Female,57,Delhi,Delhi,Online
6069,Rahul Nair,Female,53,Kolkata,West Bengal,Retail
6070,Anita Reddy,Male,28,Pune,Maharashtra,Retail
6071,Rahul Patel,Male,28,Bengaluru,Karnataka,Corporate
6072,Pooja Jain,Male,53,Lucknow,Uttar Pradesh,Corporate
6073,Neha Verma,Male,64,Kolkata,West Bengal,Retail
6074,Vikas Singh,Male,18,Hyderabad,Telangana,Retail
6075,Sneha Patel,Female,55,Pune,Maharashtra,Corporate
6076,Anita Iyer,Male,32,Kolkata,West Bengal,Online
6077,Neha Verma,Male,20,Delhi,Delhi,Online
6078,Sneha Patel,Female,23,Bengaluru,Karnataka,Corporate
6079,Anita Patel,Female,37,Mumbai,Maharashtra,Retail
6080,Neha Gupta,Male,29,Lucknow,Uttar Pradesh,Corporate
6081,Anita Patel,Female,28,Kolkata,West Bengal,Online
6082,Neha Patel,Male,58,Delhi,Delhi,Retail
6083,Rohit Sharma,Female,21,Chennai,Tamil Nadu,Retail
6084,Sneha Verma,Female,28,Lucknow,Uttar Pradesh,Retail
6085,Vikas Reddy,Female,23,Hyderabad,Telangana,Retail
6086,Amit Gupta,Female,24,Ahmedabad,Gujarat,Retail
6087,Priya Verma,Female,41,Kolkata,West Bengal,Corporate
6088,Kiran Nair,Male,20,Hyderabad,Telangana,Corporate
6089,Vikas Patel,Male,23,Kolkata,West Bengal,Retail
6090,Rohit Gupta,Female,58,Delhi,Delhi,Retail
6091,Rohit Iyer,Female,30,Kolkata,West Bengal,Retail
6092,Pooja Iyer,Female,22,Ahmedabad,Gujarat,Online
6093,Rahul Singh,Male,48,Ahmedabad,Gujarat,Corporate
6094,Amit Singh,Male,63,Bengaluru,Karnataka,Retail
6095,Anita Gupta,Male,32,Mumbai,Maharashtra,Online
6096,Anita Singh,Female,44,Chennai,Tamil Nadu,Online
6097,Rahul Iyer,Female,29,Chennai,Tamil Nadu,Retail
6098,Priya Verma,Female,33,Bengaluru,Karnataka,Online
6099,Kiran Patel,Male,42,Bengaluru,Karnataka,Retail
6100,Amit Singh,Male,40,Hyderabad,Telangana,Retail
6101,Pooja Nair,Female,59,Chennai,Tamil Nadu,Online
6102,Sneha Reddy,Male,48,Lucknow,Uttar Pradesh,Online
6103,Rahul Nair,Female,50,Pune,Maharashtra,Online
6104,Sneha Jain,Female,60,Jaipur,Rajasthan,Online
6105,Rohit Sharma,Female,45,Bengaluru,Karnataka,Online
6106,Rahul Sharma,Female,35,Jaipur,Rajasthan,Retail
6107,Anita Verma,Female,33,Ahmedabad,Gujarat,Online
6108,Rohit Das,Female,36,Lucknow,Uttar Pradesh,Corporate
6109,Kiran Iyer,Female,64,Delhi,Delhi,Online
6110,Neha Nair,Female,47,Hyderabad,Telangana,Corporate
6111,Anita Gupta,Male,45,Mumbai,Maharashtra,Online
6112,Anita Sharma,Female,53,Chennai,Tamil Nadu,Retail
6113,Anita Das,Male,45,Pune,Maharashtra,Online
6114,Kiran Gupta,Female,39,Lucknow,Uttar Pradesh,Corporate
6115,Rahul Iyer,Male,41,Mumbai,Maharashtra,Retail
6116,Neha Sharma,Male,39,Chennai,Tamil Nadu,Corporate
6117,Kiran Das,Male,38,Ahmedabad,Gujarat,Retail
6118,Rahul Nair,Female,21,Bengaluru,Karnataka,Online
6119,Anita Sharma,Male,21,Hyderabad,Telangana,Corporate
6120,Sneha Singh,Female,50,Kolkata,West Bengal,Retail
6121,Kiran Iyer,Female,56,Mumbai,Maharashtra,Corporate
6122,Vikas Das,Male,42,Delhi,Delhi,Retail
6123,Priya Nair,Female,26,Pune,Maharashtra,Online
6124,Pooja Gupta,Male,19,Delhi,Delhi,Online
6125,Pooja Gupta,Female,24,Jaipur,Rajasthan,Retail
6126,Sneha Iyer,Female,25,Hyderabad,Telangana,Retail
6127,Anita Verma,Male,50,Jaipur,Rajasthan,Corporate
6128,Sneha Gupta,Female,37,Mumbai,Maharashtra,Corporate
6129,Amit Gupta,Male,39,Pune,Maharashtra,Corporate
6130,Vikas Gupta,Female,55,Hyderabad,Telangana,Retail
6131,Amit Verma,Female,35,Kolkata,West Bengal,Corporate
6132,Neha Sharma,Male,60,Ahmedabad,Gujarat,Corporate
6133,Sneha Jain,Male,56,Ahmedabad,Gujarat,Corporate
6134,Vikas Singh,Male,34,Lucknow,Uttar Pradesh,Online
6135,Priya Reddy,Female,31,Ahmedabad,Gujarat,Online
6136,Priya Patel,Male,29,Delhi,Delhi,Corporate
6137,Vikas Das,Female,36,Delhi,Delhi,Online
6138,Rohit Nair,Male,24,Pune,Maharashtra,Online
6139,Neha Patel,Female,36,Lucknow,Uttar Pradesh,Online
6140,Sneha Das,Female,39,Hyderabad,Telangana,Online
6141,Rohit Jain,Female,36,Jaipur,Rajasthan,Retail
6142,Anita Patel,Female,60,Jaipur,Rajasthan,Online
6143,Rahul Nair,Male,39,Pune,Maharashtra,Retail
6144,Amit Nair,Male,43,Kolkata,West Bengal,Retail
6145,Sneha Verma,Female,41,Bengaluru,Karnataka,Corporate
6146,Sneha Singh,Female,28,Chennai,Tamil Nadu,Corporate
6147,Amit Das,Male,38,Delhi,Delhi,Online
6148,Amit Iyer,Female,30,Kolkata,West Bengal,Online
6149,Priya Singh,Male,34,Bengaluru,Karnataka,Online
6150,Rahul Jain,Male,60,Lucknow,Uttar Pradesh,Online
6151,Kiran Verma,Male,63,Pune,Maharashtra,Corporate
6152,Priya Singh,Female,37,Jaipur,Rajasthan,Corporate
6153,Rohit Jain,Male,60,Hyderabad,Telangana,Corporate
6154,Pooja Singh,Female,49,Pune,Maharashtra,Corporate
6155,Rahul Sharma,Male,23,Lucknow,Uttar Pradesh,Online
6156,Amit Jain,Male,35,Jaipur,Rajasthan,Retail
6157,Rohit Sharma,Male,57,Bengaluru,Karnataka,Retail
6158,Priya Iyer,Male,29,Ahmedabad,Gujarat,Retail
6159,Anita Jain,Male,26,Pune,Maharashtra,Corporate
6160,Priya Patel,Male,57,Pune,Maharashtra,Online
6161,Amit Singh,Female,60,Mumbai,Maharashtra,Corporate
6162,Priya Gupta,Female,56,Chennai,Tamil Nadu,Corporate
6163,Amit Sharma,Female,32,Lucknow,Uttar Pradesh,Corporate
6164,Rohit Iyer,Male,42,Mumbai,Maharashtra,Online
6165,Neha Das,Female,30,Lucknow,Uttar Pradesh,Retail
6166,Kiran Verma,Male,26,Chennai,Tamil Nadu,Online
6167,Vikas Sharma,Male,24,Chennai,Tamil Nadu,Retail
6168,Anita Iyer,Female,50,Ahmedabad,Gujarat,Corporate
6169,Pooja Nair,Female,31,Delhi,Delhi,Retail
6170,Neha Das,Male,51,Pune,Maharashtra,Retail
6171,Rahul Iyer,Male,30,Kolkata,West Bengal,Online
6172,Anita Jain,Male,34,Hyderabad,Telangana,Corporate
6173,Priya Iyer,Female,42,Pune,Maharashtra,Online
6174,Sneha Nair,Female,18,Jaipur,Rajasthan,Corporate
6175,Rahul Verma,Male,62,Chennai,Tamil Nadu,Retail
6176,Priya Das,Female,45,Chennai,Tamil Nadu,Online
6177,Sneha Patel,Male,44,Kolkata,West Bengal,Retail
6178,Rahul Nair,Male,59,Lucknow,Uttar Pradesh,Corporate
6179,Kiran Singh,Male,29,Kolkata,West Bengal,Online
6180,Sneha Singh,Female,55,Jaipur,Rajasthan,Online
6181,Neha Verma,Female,24,Hyderabad,Telangana,Retail
6182,Neha Sharma,Male,52,Hyderabad,Telangana,Corporate
6183,Kiran Jain,Male,54,Hyderabad,Telangana,Retail
6184,Anita Patel,Female,22,Pune,Maharashtra,Online
6185,Kiran Singh,Female,53,Bengaluru,Karnataka,Online
6186,Amit Jain,Male,30,Mumbai,Maharashtra,Retail
6187,Priya Reddy,Female,23,Hyderabad,Telangana,Corporate
6188,Rahul Reddy,Male,37,Ahmedabad,Gujarat,Corporate
6189,Anita Gupta,Female,25,Hyderabad,Telangana,Retail
6190,Priya Nair,Male,46,Delhi,Delhi,Online
6191,Amit Gupta,Male,40,Ahmedabad,Gujarat,Retail
6192,Vikas Das,Female,32,Pune,Maharashtra,Corporate
6193,Priya Jain,Female,61,Kolkata,West Bengal,Corporate
6194,Rohit Iyer,Female,29,Jaipur,Rajasthan,Corporate
6195,Sneha Sharma,Male,47,Kolkata,West Bengal,Online
6196,Rohit Verma,Male,23,Hyderabad,Telangana,Online
6197,Vikas Sharma,Male,34,Pune,Maharashtra,Online
6198,Rahul Gupta,Female,26,Ahmedabad,Gujarat,Corporate
6199,Sneha Singh,Female,60,Kolkata,West Bengal,Retail
6200,Amit Das,Female,64,Chennai,Tamil Nadu,Corporate
6201,Pooja Gupta,Female,22,Lucknow,Uttar Pradesh,Retail
6202,Priya Reddy,Male,36,Delhi,Delhi,Corporate
6203,Rahul Patel,Male,64,Lucknow,Uttar Pradesh,Online
6204,Kiran Sharma,Female,63,Mumbai,Maharashtra,Retail
6205,Vikas Verma,Female,25,Jaipur,Rajasthan,Retail
6206,Neha Reddy,Female,46,Lucknow,Uttar Pradesh,Corporate
6207,Vikas Gupta,Female,30,Mumbai,Maharashtra,Corporate
6208,Vikas Das,Female,25,Ahmedabad,Gujarat,Online
6209,Neha Reddy,Male,27,Delhi,Delhi,Corporate
6210,Pooja Reddy,Female,27,Kolkata,West Bengal,Online
6211,Rahul Das,Male,35,Lucknow,Uttar Pradesh,Retail
6212,Rohit Sharma,Female,23,Mumbai,Maharashtra,Retail
6213,Neha Reddy,Female,63,Jaipur,Rajasthan,Retail
6214,Priya Das,Female,50,Mumbai,Maharashtra,Online
6215,Vikas Nair,Male,48,Delhi,Delhi,Retail
6216,Amit Singh,Male,58,Delhi,Delhi,Retail
6217,Rohit Gupta,Male,26,Mumbai,Maharashtra,Corporate
6218,Neha Reddy,Male,38,Kolkata,West Bengal,Retail
6219,Priya Verma,Female,37,Jaipur,Rajasthan,Online
6220,Priya Patel,Female,22,Delhi,Delhi,Online
6221,Pooja Reddy,Female,36,Hyderabad,Telangana,Retail
6222,Vikas Sharma,Female,47,Jaipur,Rajasthan,Online
6223,Kiran Verma,Female,58,Pune,Maharashtra,Online
6224,Priya Patel,Female,39,Lucknow,Uttar Pradesh,Retail
6225,Priya Nair,Female,64,Pune,Maharashtra,Corporate
6226,Sneha Das,Female,56,Pune,Maharashtra,Online
6227,Vikas Iyer,Female,57,Hyderabad,Telangana,Retail
6228,Rohit Singh,Male,23,Bengaluru,Karnataka,Corporate
6229,Anita Reddy,Male,43,Bengaluru,Karnataka,Corporate
6230,Priya Reddy,Male,29,Bengaluru,Karnataka,Corporate
6231,Vikas Sharma,Male,43,Lucknow,Uttar Pradesh,Corporate
6232,Sneha Nair,Female,43,Kolkata,West Bengal,Online
6233,Vikas Verma,Female,30,Jaipur,Rajasthan,Corporate
6234,Rohit Nair,Female,20,Bengaluru,Karnataka,Retail
6235,Priya Verma,Male,41,Hyderabad,Telangana,Corporate
6236,Neha Nair,Female,56,Ahmedabad,Gujarat,Corporate
6237,Rohit Singh,Male,23,Bengaluru,Karnataka,Retail
6238,Rohit Gupta,Female,39,Jaipur,Rajasthan,Retail
6239,Rahul Singh,Male,39,Lucknow,Uttar Pradesh,Corporate
6240,Priya Reddy,Male,43,Chennai,Tamil Nadu,Retail
6241,Sneha Das,Female,18,Kolkata,West Bengal,Corporate
6242,Amit Patel,Male,43,Kolkata,West Bengal,Corporate
6243,Amit Jain,Male,47,Hyderabad,Telangana,Online
6244,Pooja Verma,Male,33,Kolkata,West Bengal,Corporate
6245,Sneha Sharma,Female,54,Chennai,Tamil Nadu,Retail
6246,Pooja Sharma,Female,53,Mumbai,Maharashtra,Retail
6247,Rahul Verma,Female,35,Kolkata,West Bengal,Corporate
6248,Rahul Gupta,Male,63,Kolkata,West Bengal,Online
6249,Pooja Das,Male,36,Pune,Maharashtra,Online
6250,Amit Verma,Female,50,Pune,Maharashtra,Retail
6251,Anita Reddy,Female,60,Delhi,Delhi,Corporate
6252,Rohit Iyer,Female,47,Kolkata,West Bengal,Corporate
6253,Anita Patel,Male,25,Jaipur,Rajasthan,Retail
6254,Sneha Singh,Male,49,Bengaluru,Karnataka,Online
6255,Sneha Nair,Female,48,Pune,Maharashtra,Retail
6256,Amit Singh,Female,22,Bengaluru,Karnataka,Retail
6257,Amit Sharma,Female,65,Ahmedabad,Gujarat,Corporate
6258,Priya Das,Male,26,Lucknow,Uttar Pradesh,Retail
6259,Vikas Gupta,Female,37,Jaipur,Rajasthan,Online
6260,Vikas Das,Male,59,Ahmedabad,Gujarat,Online
6261,Anita Sharma,Female,30,Delhi,Delhi,Retail
6262,Amit Sharma,Male,21,Pune,Maharashtra,Corporate
6263,Neha Nair,Male,55,Ahmedabad,Gujarat,Corporate
6264,Anita Sharma,Female,58,Jaipur,Rajasthan,Corporate
6265,Pooja Patel,Female,52,Kolkata,West Bengal,Online
6266,Priya Iyer,Male,43,Kolkata,West Bengal,Online
6267,Neha Das,Male,25,Mumbai,Maharashtra,Online
6268,Neha Reddy,Male,56,Jaipur,Rajasthan,Corporate
6269,Kiran Sharma,Female,33,Jaipur,Rajasthan,Corporate
6270,Neha Das,Male,36,Jaipur,Rajasthan,Online
6271,Pooja Sharma,Female,37,Jaipur,Rajasthan,Online
6272,Pooja Das,Male,45,Hyderabad,Telangana,Corporate
6273,Pooja Singh,Female,37,Lucknow,Uttar Pradesh,Online
6274,Amit Reddy,Male,27,Lucknow,Uttar Pradesh,Corporate
6275,Sneha Sharma,Male,34,Delhi,Delhi,Retail
6276,Sneha Verma,Female,57,Kolkata,West Bengal,Online
6277,Priya Gupta,Female,51,Bengaluru,Karnataka,Corporate
6278,Rahul Iyer,Male,53,Pune,Maharashtra,Corporate
6279,Amit Verma,Female,49,Pune,Maharashtra,Retail
6280,Rahul Sharma,Female,53,Mumbai,Maharashtra,Online
6281,Anita Nair,Male,27,Mumbai,Maharashtra,Corporate
6282,Kiran Verma,Male,55,Bengaluru,Karnataka,Retail
6283,Rohit Singh,Female,25,Ahmedabad,Gujarat,Retail
6284,Kiran Gupta,Male,21,Bengaluru,Karnataka,Corporate
6285,Rahul Iyer,Female,26,Mumbai,Maharashtra,Retail
6286,Vikas Singh,Female,35,Pune,Maharashtra,Corporate
6287,Rohit Singh,Male,57,Jaipur,Rajasthan,Corporate
6288,Sneha Sharma,Male,30,Bengaluru,Karnataka,Corporate
6289,Kiran Nair,Male,65,Delhi,Delhi,Corporate
6290,Rohit Singh,Female,24,Ahmedabad,Gujarat,Retail
6291,Vikas Singh,Male,31,Pune,Maharashtra,Retail
6292,Priya Das,Male,26,Delhi,Delhi,Retail
6293,Amit Das,Female,25,Ahmedabad,Gujarat,Retail
6294,Anita Gupta,Male,55,Kolkata,West Bengal,Corporate
6295,Neha Verma,Female,62,Pune,Maharashtra,Retail
6296,Priya Reddy,Female,36,Kolkata,West Bengal,Corporate
6297,Sneha Das,Female,46,Mumbai,Maharashtra,Corporate
6298,Neha Reddy,Female,57,Hyderabad,Telangana,Retail
6299,Neha Patel,Female,45,Mumbai,Maharashtra,Corporate
6300,Kiran Das,Male,32,Ahmedabad,Gujarat,Online
6301,Rohit Das,Male,18,Bengaluru,Karnataka,Corporate
6302,Anita Das,Male,53,Kolkata,West Bengal,Online
6303,Vikas Singh,Female,44,Mumbai,Maharashtra,Online
6304,Kiran Nair,Female,47,Bengaluru,Karnataka,Corporate
6305,Neha Jain,Male,29,Jaipur,Rajasthan,Corporate
6306,Amit Das,Male,35,Lucknow,Uttar Pradesh,Online
6307,Anita Gupta,Female,19,Ahmedabad,Gujarat,Corporate
6308,Sneha Patel,Male,58,Kolkata,West Bengal,Retail
6309,Vikas Gupta,Female,41,Chennai,Tamil Nadu,Online
6310,Vikas Nair,Female,24,Ahmedabad,Gujarat,Retail
6311,Kiran Verma,Male,55,Mumbai,Maharashtra,Online
6312,Vikas Nair,Female,58,Ahmedabad,Gujarat,Retail
6313,Pooja Verma,Female,39,Hyderabad,Telangana,Corporate
6314,Anita Iyer,Female,20,Kolkata,West Bengal,Corporate
6315,Rohit Gupta,Male,28,Jaipur,Rajasthan,Retail
6316,Kiran Patel,Male,33,Pune,Maharashtra,Corporate
6317,Neha Verma,Female,52,Chennai,Tamil Nadu,Retail
6318,Priya Singh,Male,62,Delhi,Delhi,Retail
6319,Rahul Verma,Female,41,Kolkata,West Bengal,Retail
6320,Rohit Nair,Female,32,Bengaluru,Karnataka,Retail
6321,Priya Iyer,Female,20,Delhi,Delhi,Online
6322,Kiran Nair,Female,32,Kolkata,West Bengal,Corporate
6323,Neha Singh,Male,47,Bengaluru,Karnataka,Online
6324,Rahul Jain,Female,53,Pune,Maharashtra,Retail
6325,Kiran Nair,Female,52,Hyderabad,Telangana,Retail
6326,Rohit Nair,Female,32,Mumbai,Maharashtra,Online
6327,Amit Sharma,Female,62,Pune,Maharashtra,Corporate
6328,Kiran Iyer,Male,54,Pune,Maharashtra,Online
6329,Kiran Gupta,Female,53,Hyderabad,Telangana,Corporate
6330,Anita Das,Male,18,Jaipur,Rajasthan,Online
6331,Pooja Verma,Female,58,Delhi,Delhi,Online
6332,Neha Gupta,Female,59,Pune,Maharashtra,Online
6333,Sneha Iyer,Male,48,Jaipur,Rajasthan,Retail
6334,Neha Sharma,Female,36,Pune,Maharashtra,Online
6335,Neha Jain,Male,36,Bengaluru,Karnataka,Online
6336,Pooja Singh,Male,37,Ahmedabad,Gujarat,Corporate
6337,Amit Patel,Female,40,Pune,Maharashtra,Online
6338,Pooja Singh,Male,44,Hyderabad,Telangana,Online
6339,Priya Nair,Male,24,Chennai,Tamil Nadu,Corporate
6340,Rohit Das,Female,59,Chennai,Tamil Nadu,Corporate
6341,Rohit Nair,Female,60,Chennai,Tamil Nadu,Online
6342,Sneha Nair,Male,38,Delhi,Delhi,Retail
6343,Kiran Nair,Male,64,Kolkata,West Bengal,Online
6344,Kiran Sharma,Female,26,Chennai,Tamil Nadu,Retail
6345,Priya Nair,Female,25,Pune,Maharashtra,Online
6346,Vikas Reddy,Male,55,Bengaluru,Karnataka,Corporate
6347,Kiran Nair,Male,39,Ahmedabad,Gujarat,Corporate
6348,Kiran Verma,Male,48,Jaipur,Rajasthan,Corporate
6349,Rahul Gupta,Female,56,Pune,Maharashtra,Online
6350,Sneha Gupta,Male,20,Mumbai,Maharashtra,Retail
6351,Sneha Singh,Female,40,Lucknow,Uttar Pradesh,Corporate
6352,Amit Gupta,Male,45,Pune,Maharashtra,Online
6353,Sneha Sharma,Female,20,Ahmedabad,Gujarat,Retail
6354,Anita Patel,Female,27,Chennai,Tamil Nadu,Online
6355,Rahul Patel,Male,42,Lucknow,Uttar Pradesh,Retail
6356,Sneha Jain,Female,48,Chennai,Tamil Nadu,Retail
6357,Anita Das,Male,40,Ahmedabad,Gujarat,Retail
6358,Neha Gupta,Male,52,Ahmedabad,Gujarat,Online
6359,Neha Gupta,Male,39,Mumbai,Maharashtra,Retail
6360,Sneha Verma,Female,41,Mumbai,Maharashtra,Online
6361,Vikas Patel,Male,37,Mumbai,Maharashtra,Online
6362,Neha Iyer,Female,39,Kolkata,West Bengal,Corporate
6363,Amit Gupta,Female,29,Lucknow,Uttar Pradesh,Retail
6364,Anita Jain,Female,30,Hyderabad,Telangana,Online
6365,Priya Verma,Male,56,Mumbai,Maharashtra,Retail
6366,Rohit Iyer,Female,56,Delhi,Delhi,Online
6367,Kiran Sharma,Female,54,Chennai,Tamil Nadu,Corporate
6368,Amit Reddy,Male,47,Lucknow,Uttar Pradesh,Retail
6369,Sneha Singh,Male,58,Hyderabad,Telangana,Online
6370,Kiran Singh,Female,44,Jaipur,Rajasthan,Corporate
6371,Vikas Das,Male,50,Delhi,Delhi,Retail
6372,Pooja Sharma,Female,62,Ahmedabad,Gujarat,Retail
6373,Neha Singh,Male,50,Ahmedabad,Gujarat,Corporate
6374,Rohit Das,Female,35,Bengaluru,Karnataka,Retail
6375,Priya Iyer,Female,54,Hyderabad,Telangana,Retail
6376,Rohit Verma,Male,51,Lucknow,Uttar Pradesh,Retail
6377,Amit Patel,Female,32,Bengaluru,Karnataka,Corporate
6378,Priya Sharma,Female,29,Hyderabad,Telangana,Retail
6379,Neha Iyer,Male,44,Mumbai,Maharashtra,Corporate
6380,Rahul Verma,Female,48,Hyderabad,Telangana,Retail
6381,Anita Verma,Male,39,Delhi,Delhi,Retail
6382,Neha Patel,Male,64,Hyderabad,Telangana,Online
6383,Rohit Verma,Male,61,Pune,Maharashtra,Online
6384,Kiran Jain,Male,49,Delhi,Delhi,Online
6385,Pooja Sharma,Male,39,Kolkata,West Bengal,Corporate
6386,Priya Das,Male,53,Kolkata,West Bengal,Online
6387,Rohit Das,Male,45,Pune,Maharashtra,Corporate
6388,Kiran Jain,Male,46,Pune,Maharashtra,Retail
6389,Priya Das,Female,46,Pune,Maharashtra,Retail
6390,Priya Nair,Male,33,Jaipur,Rajasthan,Online
6391,Rahul Sharma,Female,47,Delhi,Delhi,Online
6392,Amit Gupta,Male,46,Pune,Maharashtra,Corporate
6393,Neha Das,Male,32,Ahmedabad,Gujarat,Retail
6394,Priya Nair,Female,27,Pune,Maharashtra,Retail
6395,Sneha Patel,Female,60,Kolkata,West Bengal,Online
6396,Pooja Singh,Male,62,Ahmedabad,Gujarat,Online
6397,Vikas Das,Male,50,Delhi,Delhi,Online
6398,Pooja Gupta,Female,39,Mumbai,Maharashtra,Retail
6399,Anita Patel,Female,57,Jaipur,Rajasthan,Retail
6400,Anita Patel,Female,56,Lucknow,Uttar Pradesh,Retail
6401,Kiran Das,Male,58,Mumbai,Maharashtra,Online
6402,Amit Iyer,Male,38,Pune,Maharashtra,Online
6403,Rahul Reddy,Male,50,Hyderabad,Telangana,Corporate
6404,Pooja Reddy,Female,64,Chennai,Tamil Nadu,Retail
6405,Kiran Iyer,Male,56,Chennai,Tamil Nadu,Retail
6406,Sneha Iyer,Male,31,Jaipur,Rajasthan,Online
6407,Rahul Das,Female,43,Pune,Maharashtra,Corporate
6408,Rahul Nair,Male,45,Kolkata,West Bengal,Online
6409,Rahul Verma,Female,61,Chennai,Tamil Nadu,Retail
6410,Kiran Singh,Male,41,Kolkata,West Bengal,Online
6411,Rohit Verma,Male,26,Ahmedabad,Gujarat,Retail
6412,Rohit Reddy,Male,61,Pune,Maharashtra,Online
6413,Rahul Patel,Female,23,Kolkata,West Bengal,Retail
6414,Kiran Verma,Female,38,Mumbai,Maharashtra,Online
6415,Kiran Reddy,Female,61,Hyderabad,Telangana,Online
6416,Pooja Patel,Male,19,Delhi,Delhi,Retail
6417,Kiran Verma,Male,58,Jaipur,Rajasthan,Online
6418,Sneha Gupta,Female,52,Kolkata,West Bengal,Corporate
6419,Amit Reddy,Female,25,Ahmedabad,Gujarat,Corporate
6420,Rohit Reddy,Male,65,Pune,Maharashtra,Retail
6421,Anita Reddy,Female,35,Jaipur,Rajasthan,Online
6422,Sneha Sharma,Male,57,Mumbai,Maharashtra,Corporate
6423,Pooja Singh,Female,39,Pune,Maharashtra,Corporate
6424,Rahul Verma,Female,29,Hyderabad,Telangana,Online
6425,Rohit Singh,Male,33,Mumbai,Maharashtra,Corporate
6426,Rohit Iyer,Male,53,Lucknow,Uttar Pradesh,Online
6427,Pooja Iyer,Male,20,Kolkata,West Bengal,Corporate
6428,Amit Nair,Male,19,Mumbai,Maharashtra,Online
6429,Rahul Singh,Female,36,Delhi,Delhi,Online
6430,Rohit Singh,Female,59,Mumbai,Maharashtra,Retail
6431,Kiran Nair,Male,26,Lucknow,Uttar Pradesh,Corporate
6432,Neha Das,Male,26,Bengaluru,Karnataka,Corporate
6433,Rahul Verma,Female,53,Kolkata,West Bengal,Retail
6434,Anita Patel,Female,56,Kolkata,West Bengal,Corporate
6435,Rohit Verma,Male,54,Mumbai,Maharashtra,Corporate
6436,Priya Singh,Female,38,Jaipur,Rajasthan,Corporate
6437,Rohit Patel,Male,29,Delhi,Delhi,Online
6438,Kiran Nair,Male,27,Kolkata,West Bengal,Online
6439,Priya Nair,Female,39,Chennai,Tamil Nadu,Online
6440,Neha Iyer,Male,39,Bengaluru,Karnataka,Corporate
6441,Rohit Patel,Female,21,Pune,Maharashtra,Corporate
6442,Vikas Nair,Female,46,Lucknow,Uttar Pradesh,Corporate
6443,Priya Reddy,Male,62,Bengaluru,Karnataka,Retail
6444,Amit Sharma,Female,53,Kolkata,West Bengal,Online
6445,Vikas Verma,Male,26,Bengaluru,Karnataka,Retail
6446,Rahul Iyer,Male,33,Mumbai,Maharashtra,Retail
6447,Amit Gupta,Male,42,Hyderabad,Telangana,Online
6448,Rahul Verma,Female,48,Bengaluru,Karnataka,Corporate
6449,Sneha Nair,Female,53,Delhi,Delhi,Online
6450,Amit Nair,Female,26,Ahmedabad,Gujarat,Online
6451,Neha Singh,Female,59,Jaipur,Rajasthan,Retail
6452,Rohit Verma,Male,18,Ahmedabad,Gujarat,Corporate
6453,Vikas Nair,Male,59,Ahmedabad,Gujarat,Corporate
6454,Priya Iyer,Male,23,Delhi,Delhi,Online
6455,Anita Gupta,Female,59,Kolkata,West Bengal,Corporate
6456,Neha Verma,Female,55,Mumbai,Maharashtra,Corporate
6457,Pooja Verma,Female,49,Lucknow,Uttar Pradesh,Online
6458,Vikas Patel,Female,25,Hyderabad,Telangana,Online
6459,Rahul Verma,Female,60,Pune,Maharashtra,Retail
6460,Sneha Gupta,Male,39,Hyderabad,Telangana,Retail
6461,Kiran Reddy,Male,18,Kolkata,West Bengal,Online
6462,Kiran Verma,Female,56,Kolkata,West Bengal,Online
6463,Pooja Singh,Female,47,Chennai,Tamil Nadu,Corporate
6464,Vikas Sharma,Male,47,Chennai,Tamil Nadu,Online
6465,Rahul Verma,Male,64,Pune,Maharashtra,Corporate
6466,Sneha Reddy,Female,65,Bengaluru,Karnataka,Online
6467,Priya Nair,Male,55,Jaipur,Rajasthan,Corporate
6468,Vikas Jain,Male,39,Pune,Maharashtra,Corporate
6469,Kiran Singh,Male,19,Pune,Maharashtra,Online
6470,Neha Verma,Female,32,Mumbai,Maharashtra,Online
6471,Amit Nair,Male,44,Mumbai,Maharashtra,Online
6472,Anita Reddy,Male,22,Chennai,Tamil Nadu,Online
6473,Rohit Nair,Male,54,Chennai,Tamil Nadu,Online
6474,Pooja Reddy,Male,40,Kolkata,West Bengal,Corporate
6475,Kiran Reddy,Male,41,Delhi,Delhi,Retail
6476,Amit Gupta,Female,24,Jaipur,Rajasthan,Online
6477,Priya Verma,Female,40,Pune,Maharashtra,Retail
6478,Priya Iyer,Female,33,Bengaluru,Karnataka,Retail
6479,Kiran Verma,Female,64,Lucknow,Uttar Pradesh,Corporate
6480,Vikas Jain,Male,23,Chennai,Tamil Nadu,Retail
6481,Rohit Jain,Male,27,Lucknow,Uttar Pradesh,Corporate
6482,Rahul Das,Female,55,Pune,Maharashtra,Corporate
6483,Sneha Sharma,Male,63,Kolkata,West Bengal,Online
6484,Rahul Reddy,Female,55,Bengaluru,Karnataka,Online
6485,Amit Sharma,Female,38,Bengaluru,Karnataka,Retail
6486,Vikas Reddy,Male,33,Delhi,Delhi,Online
6487,Neha Gupta,Male,58,Mumbai,Maharashtra,Online
6488,Priya Gupta,Male,24,Hyderabad,Telangana,Corporate
6489,Priya Nair,Female,38,Jaipur,Rajasthan,Corporate
6490,Vikas Iyer,Male,38,Bengaluru,Karnataka,Corporate
6491,Rahul Verma,Male,61,Ahmedabad,Gujarat,Online
6492,Neha Verma,Female,24,Mumbai,Maharashtra,Retail
6493,Anita Singh,Male,57,Hyderabad,Telangana,Online
6494,Neha Iyer,Female,61,Kolkata,West Bengal,Retail
6495,Vikas Iyer,Male,47,Jaipur,Rajasthan,Corporate
6496,Priya Jain,Male,39,Lucknow,Uttar Pradesh,Corporate
6497,Pooja Gupta,Male,46,Hyderabad,Telangana,Online
6498,Rohit Iyer,Female,52,Kolkata,West Bengal,Online
6499,Sneha Gupta,Female,39,Bengaluru,Karnataka,Retail
6500,Kiran Patel,Female,29,Mumbai,Maharashtra,Online
6501,Neha Sharma,Female,22,Ahmedabad,Gujarat,Online
6502,Rohit Das,Male,19,Delhi,Delhi,Online
6503,Sneha Nair,Female,38,Bengaluru,Karnataka,Retail
6504,Pooja Gupta,Female,30,Pune,Maharashtra,Retail
6505,Anita Verma,Male,20,Hyderabad,Telangana,Online
6506,Amit Jain,Male,19,Chennai,Tamil Nadu,Corporate
6507,Vikas Iyer,Female,19,Lucknow,Uttar Pradesh,Online
6508,Neha Singh,Male,28,Jaipur,Rajasthan,Online
6509,Anita Jain,Female,52,Ahmedabad,Gujarat,Corporate
6510,Kiran Nair,Female,19,Delhi,Delhi,Retail
6511,Neha Sharma,Female,25,Mumbai,Maharashtra,Online
6512,Priya Patel,Female,18,Ahmedabad,Gujarat,Corporate
6513,Rohit Verma,Male,43,Mumbai,Maharashtra,Retail
6514,Anita Jain,Male,62,Mumbai,Maharashtra,Online
6515,Pooja Jain,Male,51,Kolkata,West Bengal,Online
6516,Priya Singh,Male,32,Delhi,Delhi,Retail
6517,Anita Das,Male,40,Pune,Maharashtra,Corporate
6518,Rohit Iyer,Male,62,Bengaluru,Karnataka,Corporate
6519,Amit Gupta,Female,44,Lucknow,Uttar Pradesh,Retail
6520,Sneha Reddy,Male,39,Ahmedabad,Gujarat,Online
6521,Pooja Gupta,Female,54,Kolkata,West Bengal,Corporate
6522,Priya Patel,Male,37,Mumbai,Maharashtra,Online
6523,Neha Sharma,Male,64,Mumbai,Maharashtra,Online
6524,Amit Gupta,Male,64,Jaipur,Rajasthan,Retail
6525,Rohit Gupta,Female,43,Jaipur,Rajasthan,Retail
6526,Anita Singh,Female,58,Chennai,Tamil Nadu,Corporate
6527,Neha Reddy,Female,21,Bengaluru,Karnataka,Corporate
6528,Rohit Gupta,Female,37,Hyderabad,Telangana,Online
6529,Pooja Verma,Female,59,Jaipur,Rajasthan,Retail
6530,Rahul Patel,Male,32,Lucknow,Uttar Pradesh,Online
6531,Amit Singh,Female,28,Bengaluru,Karnataka,Retail
6532,Kiran Nair,Female,31,Lucknow,Uttar Pradesh,Corporate
6533,Kiran Gupta,Female,26,Delhi,Delhi,Corporate
6534,Anita Nair,Female,27,Chennai,Tamil Nadu,Retail
6535,Kiran Jain,Female,60,Lucknow,Uttar Pradesh,Retail
6536,Priya Iyer,Female,60,Hyderabad,Telangana,Retail
6537,Rahul Patel,Female,53,Ahmedabad,Gujarat,Retail
6538,Anita Singh,Male,58,Delhi,Delhi,Online
6539,Vikas Verma,Male,60,Jaipur,Rajasthan,Retail
6540,Pooja Reddy,Male,25,Hyderabad,Telangana,Retail
6541,Anita Patel,Male,54,Ahmedabad,Gujarat,Corporate
6542,Sneha Reddy,Female,54,Chennai,Tamil Nadu,Retail
6543,Sneha Reddy,Female,44,Kolkata,West Bengal,Retail
6544,Rohit Singh,Male,26,Kolkata,West Bengal,Corporate
6545,Rahul Verma,Male,49,Bengaluru,Karnataka,Online
6546,Sneha Gupta,Male,27,Bengaluru,Karnataka,Corporate
6547,Neha Nair,Female,59,Mumbai,Maharashtra,Online
6548,Sneha Patel,Male,19,Mumbai,Maharashtra,Online
6549,Pooja Jain,Male,24,Mumbai,Maharashtra,Corporate
6550,Pooja Das,Female,41,Hyderabad,Telangana,Online
6551,Pooja Das,Male,61,Kolkata,West Bengal,Online
6552,Kiran Gupta,Male,28,Delhi,Delhi,Online
6553,Neha Gupta,Female,48,Kolkata,West Bengal,Retail
6554,Neha Das,Female,63,Mumbai,Maharashtra,Corporate
6555,Vikas Reddy,Female,62,Chennai,Tamil Nadu,Retail
6556,Neha Nair,Male,59,Ahmedabad,Gujarat,Corporate
6557,Rohit Reddy,Female,24,Bengaluru,Karnataka,Corporate
6558,Priya Patel,Male,46,Ahmedabad,Gujarat,Corporate
6559,Neha Verma,Female,51,Pune,Maharashtra,Corporate
6560,Pooja Singh,Female,19,Kolkata,West Bengal,Online
6561,Priya Nair,Female,27,Lucknow,Uttar Pradesh,Corporate
6562,Anita Das,Female,56,Pune,Maharashtra,Retail
6563,Rahul Gupta,Female,32,Bengaluru,Karnataka,Corporate
6564,Vikas Singh,Female,55,Pune,Maharashtra,Online
6565,Amit Jain,Male,39,Lucknow,Uttar Pradesh,Online
6566,Rahul Verma,Male,65,Delhi,Delhi,Corporate
6567,Vikas Iyer,Female,42,Pune,Maharashtra,Online
6568,Sneha Reddy,Male,32,Pune,Maharashtra,Corporate
6569,Rahul Iyer,Male,31,Chennai,Tamil Nadu,Corporate
6570,Vikas Verma,Female,22,Mumbai,Maharashtra,Retail
6571,Anita Iyer,Male,48,Mumbai,Maharashtra,Retail
6572,Anita Reddy,Male,49,Ahmedabad,Gujarat,Retail
6573,Rahul Gupta,Female,56,Delhi,Delhi,Retail
6574,Neha Reddy,Female,18,Hyderabad,Telangana,Retail
6575,Kiran Gupta,Female,24,Kolkata,West Bengal,Corporate
6576,Amit Reddy,Male,33,Jaipur,Rajasthan,Online
6577,Pooja Verma,Female,26,Bengaluru,Karnataka,Corporate
6578,Rahul Gupta,Female,37,Delhi,Delhi,Corporate
6579,Anita Iyer,Male,32,Delhi,Delhi,Corporate
6580,Neha Singh,Female,65,Chennai,Tamil Nadu,Retail
6581,Sneha Verma,Male,46,Bengaluru,Karnataka,Retail
6582,Anita Iyer,Female,51,Mumbai,Maharashtra,Corporate
6583,Rahul Singh,Female,43,Bengaluru,Karnataka,Retail
6584,Neha Patel,Male,23,Jaipur,Rajasthan,Corporate
6585,Sneha Patel,Male,33,Bengaluru,Karnataka,Retail
6586,Priya Patel,Female,51,Pune,Maharashtra,Corporate
6587,Amit Verma,Male,52,Mumbai,Maharashtra,Online
6588,Neha Jain,Female,38,Mumbai,Maharashtra,Retail
6589,Priya Patel,Female,24,Pune,Maharashtra,Corporate
6590,Sneha Reddy,Male,39,Delhi,Delhi,Corporate
6591,Neha Gupta,Female,25,Mumbai,Maharashtra,Retail
6592,Rahul Sharma,Male,57,Hyderabad,Telangana,Online
6593,Amit Patel,Male,34,Delhi,Delhi,Online
6594,Sneha Patel,Male,39,Chennai,Tamil Nadu,Retail
6595,Pooja Sharma,Male,56,Lucknow,Uttar Pradesh,Retail
6596,Vikas Verma,Male,25,Jaipur,Rajasthan,Retail
6597,Rahul Sharma,Male,65,Hyderabad,Telangana,Retail
6598,Kiran Das,Female,40,Chennai,Tamil Nadu,Corporate
6599,Pooja Gupta,Male,54,Delhi,Delhi,Corporate
6600,Anita Das,Female,54,Delhi,Delhi,Corporate
6601,Vikas Singh,Male,55,Jaipur,Rajasthan,Corporate
6602,Neha Sharma,Male,19,Jaipur,Rajasthan,Online
6603,Anita Verma,Female,47,Chennai,Tamil Nadu,Online
6604,Kiran Patel,Female,26,Mumbai,Maharashtra,Online
6605,Rohit Gupta,Female,49,Delhi,Delhi,Retail
6606,Anita Reddy,Male,37,Pune,Maharashtra,Online
6607,Sneha Reddy,Male,55,Pune,Maharashtra,Online
6608,Amit Sharma,Female,39,Jaipur,Rajasthan,Online
6609,Kiran Reddy,Male,42,Ahmedabad,Gujarat,Corporate
6610,Priya Iyer,Male,25,Hyderabad,Telangana,Retail
6611,Kiran Sharma,Female,58,Lucknow,Uttar Pradesh,Online
6612,Neha Iyer,Female,48,Jaipur,Rajasthan,Retail
6613,Anita Reddy,Male,47,Lucknow,Uttar Pradesh,Retail
6614,Vikas Sharma,Female,40,Ahmedabad,Gujarat,Retail
6615,Pooja Sharma,Female,40,Mumbai,Maharashtra,Retail
6616,Priya Das,Male,41,Bengaluru,Karnataka,Online
6617,Pooja Patel,Male,20,Kolkata,West Bengal,Corporate
6618,Rohit Sharma,Male,20,Ahmedabad,Gujarat,Corporate
6619,Priya Verma,Male,30,Mumbai,Maharashtra,Online
6620,Kiran Iyer,Female,39,Mumbai,Maharashtra,Online
6621,Rahul Jain,Female,18,Bengaluru,Karnataka,Retail
6622,Rohit Jain,Female,24,Mumbai,Maharashtra,Online
6623,Anita Singh,Female,27,Jaipur,Rajasthan,Corporate
6624,Sneha Singh,Male,22,Delhi,Delhi,Online
6625,Vikas Nair,Female,23,Lucknow,Uttar Pradesh,Corporate
6626,Rohit Singh,Female,52,Bengaluru,Karnataka,Corporate
6627,Kiran Gupta,Female,54,Chennai,Tamil Nadu,Corporate
6628,Kiran Verma,Male,28,Kolkata,West Bengal,Retail
6629,Neha Nair,Female,22,Chennai,Tamil Nadu,Corporate
6630,Amit Reddy,Female,24,Ahmedabad,Gujarat,Retail
6631,Neha Singh,Female,21,Mumbai,Maharashtra,Online
6632,Vikas Iyer,Male,51,Jaipur,Rajasthan,Online
6633,Priya Iyer,Male,60,Bengaluru,Karnataka,Corporate
6634,Priya Jain,Female,49,Chennai,Tamil Nadu,Retail
6635,Rohit Sharma,Female,42,Kolkata,West Bengal,Retail
6636,Rohit Patel,Female,28,Chennai,Tamil Nadu,Corporate
6637,Kiran Iyer,Male,59,Hyderabad,Telangana,Retail
6638,Kiran Reddy,Male,34,Jaipur,Rajasthan,Retail
6639,Anita Nair,Male,54,Kolkata,West Bengal,Online
6640,Neha Das,Female,22,Chennai,Tamil Nadu,Retail
6641,Priya Singh,Male,49,Pune,Maharashtra,Online
6642,Sneha Sharma,Female,19,Chennai,Tamil Nadu,Online
6643,Kiran Jain,Male,24,Pune,Maharashtra,Retail
6644,Kiran Patel,Male,47,Pune,Maharashtra,Retail
6645,Kiran Sharma,Male,22,Pune,Maharashtra,Online
6646,Vikas Das,Female,56,Hyderabad,Telangana,Corporate
6647,Anita Verma,Female,31,Lucknow,Uttar Pradesh,Retail
6648,Pooja Patel,Female,22,Lucknow,Uttar Pradesh,Retail
6649,Rohit Iyer,Male,30,Pune,Maharashtra,Online
6650,Amit Nair,Male,26,Hyderabad,Telangana,Corporate
6651,Anita Gupta,Female,58,Bengaluru,Karnataka,Online
6652,Rahul Nair,Male,38,Lucknow,Uttar Pradesh,Corporate
6653,Kiran Iyer,Male,21,Hyderabad,Telangana,Retail
6654,Anita Patel,Male,40,Ahmedabad,Gujarat,Corporate
6655,Priya Verma,Male,58,Pune,Maharashtra,Corporate
6656,Neha Verma,Female,59,Lucknow,Uttar Pradesh,Online
6657,Rahul Gupta,Male,51,Ahmedabad,Gujarat,Online
6658,Vikas Das,Male,21,Mumbai,Maharashtra,Corporate
6659,Amit Verma,Male,34,Bengaluru,Karnataka,Online
6660,Priya Iyer,Female,63,Kolkata,West Bengal,Corporate
6661,Vikas Verma,Female,21,Pune,Maharashtra,Online
6662,Rahul Verma,Female,30,Hyderabad,Telangana,Online
6663,Amit Nair,Female,29,Pune,Maharashtra,Corporate
6664,Sneha Nair,Male,35,Kolkata,West Bengal,Online
6665,Vikas Nair,Female,32,Ahmedabad,Gujarat,Corporate
6666,Rohit Nair,Female,44,Jaipur,Rajasthan,Retail
6667,Priya Iyer,Male,40,Chennai,Tamil Nadu,Retail
6668,Rahul Nair,Male,32,Jaipur,Rajasthan,Retail
6669,Neha Singh,Female,23,Bengaluru,Karnataka,Retail
6670,Vikas Jain,Female,65,Ahmedabad,Gujarat,Retail
6671,Neha Nair,Male,58,Pune,Maharashtra,Retail
6672,Vikas Patel,Female,37,Mumbai,Maharashtra,Corporate
6673,Kiran Sharma,Male,26,Lucknow,Uttar Pradesh,Retail
6674,Sneha Nair,Female,28,Lucknow,Uttar Pradesh,Corporate
6675,Rahul Gupta,Female,36,Delhi,Delhi,Online
6676,Pooja Nair,Female,26,Chennai,Tamil Nadu,Corporate
6677,Rahul Verma,Female,35,Jaipur,Rajasthan,Retail
6678,Kiran Das,Female,54,Mumbai,Maharashtra,Online
6679,Amit Patel,Male,59,Chennai,Tamil Nadu,Retail
6680,Anita Sharma,Male,27,Lucknow,Uttar Pradesh,Corporate
6681,Sneha Das,Male,50,Lucknow,Uttar Pradesh,Corporate
6682,Amit Gupta,Male,58,Hyderabad,Telangana,Retail
6683,Rohit Patel,Female,40,Delhi,Delhi,Retail
6684,Neha Nair,Female,63,Lucknow,Uttar Pradesh,Online
6685,Vikas Verma,Male,42,Delhi,Delhi,Online
6686,Anita Sharma,Female,29,Jaipur,Rajasthan,Online
6687,Pooja Sharma,Male,52,Kolkata,West Bengal,Retail
6688,Rahul Jain,Male,42,Bengaluru,Karnataka,Retail
6689,Sneha Jain,Male,53,Bengaluru,Karnataka,Online
6690,Rohit Singh,Male,44,Kolkata,West Bengal,Corporate
6691,Sneha Iyer,Male,31,Delhi,Delhi,Retail
6692,Priya Jain,Female,32,Kolkata,West Bengal,Retail
6693,Rahul Das,Female,57,Ahmedabad,Gujarat,Retail
6694,Pooja Reddy,Female,61,Kolkata,West Bengal,Retail
6695,Anita Verma,Male,34,Kolkata,West Bengal,Corporate
6696,Priya Singh,Female,51,Delhi,Delhi,Retail
6697,Pooja Jain,Female,43,Ahmedabad,Gujarat,Corporate
6698,Rohit Jain,Male,20,Kolkata,West Bengal,Retail
6699,Neha Jain,Male,51,Hyderabad,Telangana,Retail
6700,Amit Jain,Male,23,Mumbai,Maharashtra,Retail
6701,Vikas Jain,Male,53,Pune,Maharashtra,Corporate
6702,Priya Verma,Female,47,Lucknow,Uttar Pradesh,Retail
6703,Rahul Patel,Female,58,Kolkata,West Bengal,Retail
6704,Neha Nair,Female,24,Lucknow,Uttar Pradesh,Online
6705,Rohit Verma,Male,41,Mumbai,Maharashtra,Online
6706,Sneha Iyer,Male,48,Ahmedabad,Gujarat,Retail
6707,Anita Jain,Male,46,Hyderabad,Telangana,Corporate
6708,Neha Das,Male,44,Chennai,Tamil Nadu,Corporate
6709,Neha Das,Female,41,Hyderabad,Telangana,Online
6710,Amit Gupta,Female,36,Ahmedabad,Gujarat,Online
6711,Rahul Gupta,Male,23,Chennai,Tamil Nadu,Retail
6712,Rahul Patel,Male,20,Pune,Maharashtra,Online
6713,Rohit Nair,Male,60,Chennai,Tamil Nadu,Corporate
6714,Neha Verma,Male,56,Hyderabad,Telangana,Retail
6715,Rohit Sharma,Male,53,Mumbai,Maharashtra,Corporate
6716,Rohit Jain,Male,56,Chennai,Tamil Nadu,Online
6717,Vikas Singh,Male,63,Bengaluru,Karnataka,Online
6718,Priya Verma,Female,20,Bengaluru,Karnataka,Corporate
6719,Rohit Verma,Male,51,Ahmedabad,Gujarat,Corporate
6720,Pooja Das,Female,48,Mumbai,Maharashtra,Retail
6721,Rahul Singh,Female,28,Lucknow,Uttar Pradesh,Retail
6722,Anita Verma,Male,26,Pune,Maharashtra,Retail
6723,Amit Sharma,Male,30,Mumbai,Maharashtra,Corporate
6724,Priya Gupta,Female,38,Delhi,Delhi,Retail
6725,Neha Singh,Female,46,Lucknow,Uttar Pradesh,Online
6726,Neha Verma,Male,28,Mumbai,Maharashtra,Corporate
6727,Sneha Jain,Male,28,Mumbai,Maharashtra,Retail
6728,Priya Gupta,Male,39,Pune,Maharashtra,Online
6729,Anita Patel,Female,54,Delhi,Delhi,Corporate
6730,Anita Reddy,Female,58,Mumbai,Maharashtra,Retail
6731,Pooja Jain,Female,26,Kolkata,West Bengal,Retail
6732,Amit Singh,Female,63,Chennai,Tamil Nadu,Retail
6733,Amit Iyer,Female,53,Pune,Maharashtra,Online
6734,Rohit Singh,Female,55,Mumbai,Maharashtra,Online
6735,Neha Gupta,Male,32,Chennai,Tamil Nadu,Corporate
6736,Anita Sharma,Female,35,Jaipur,Rajasthan,Online
6737,Priya Verma,Female,48,Delhi,Delhi,Online
6738,Rohit Verma,Female,22,Chennai,Tamil Nadu,Retail
6739,Rahul Reddy,Female,63,Ahmedabad,Gujarat,Retail
6740,Amit Patel,Female,33,Kolkata,West Bengal,Retail
6741,Sneha Iyer,Female,38,Lucknow,Uttar Pradesh,Online
6742,Rohit Das,Female,51,Bengaluru,Karnataka,Online
6743,Sneha Reddy,Female,28,Lucknow,Uttar Pradesh,Corporate
6744,Priya Verma,Male,60,Chennai,Tamil Nadu,Online
6745,Neha Reddy,Female,31,Delhi,Delhi,Corporate
6746,Amit Patel,Female,34,Ahmedabad,Gujarat,Corporate
6747,Amit Reddy,Female,26,Bengaluru,Karnataka,Corporate
6748,Vikas Nair,Female,60,Lucknow,Uttar Pradesh,Online
6749,Amit Patel,Male,18,Pune,Maharashtra,Online
6750,Vikas Patel,Male,33,Chennai,Tamil Nadu,Online
6751,Anita Verma,Male,64,Hyderabad,Telangana,Retail
6752,Pooja Gupta,Female,32,Mumbai,Maharashtra,Retail
6753,Neha Jain,Male,26,Pune,Maharashtra,Retail
6754,Neha Patel,Male,53,Hyderabad,Telangana,Retail
6755,Neha Singh,Female,65,Mumbai,Maharashtra,Retail
6756,Anita Verma,Male,57,Pune,Maharashtra,Online
6757,Rohit Jain,Female,36,Kolkata,West Bengal,Corporate
6758,Anita Patel,Male,61,Kolkata,West Bengal,Online
6759,Rohit Patel,Female,56,Jaipur,Rajasthan,Corporate
6760,Priya Patel,Female,35,Pune,Maharashtra,Online
6761,Vikas Nair,Female,26,Jaipur,Rajasthan,Online
6762,Neha Reddy,Female,35,Jaipur,Rajasthan,Retail
6763,Rohit Sharma,Male,26,Mumbai,Maharashtra,Online
6764,Amit Verma,Female,36,Pune,Maharashtra,Corporate
6765,Priya Gupta,Male,50,Ahmedabad,Gujarat,Retail
6766,Kiran Iyer,Male,25,Jaipur,Rajasthan,Online
6767,Priya Singh,Male,62,Pune,Maharashtra,Retail
6768,Amit Jain,Female,33,Jaipur,Rajasthan,Online
6769,Kiran Patel,Female,23,Jaipur,Rajasthan,Corporate
6770,Priya Nair,Male,26,Delhi,Delhi,Online
6771,Pooja Patel,Female,59,Delhi,Delhi,Retail
6772,Neha Gupta,Female,48,Chennai,Tamil Nadu,Retail
6773,Pooja Singh,Male,39,Kolkata,West Bengal,Online
6774,Sneha Jain,Female,65,Lucknow,Uttar Pradesh,Online
6775,Kiran Reddy,Male,51,Lucknow,Uttar Pradesh,Retail
6776,Amit Das,Male,31,Ahmedabad,Gujarat,Online
6777,Pooja Jain,Male,47,Lucknow,Uttar Pradesh,Online
6778,Amit Verma,Male,20,Ahmedabad,Gujarat,Online
6779,Priya Reddy,Female,38,Kolkata,West Bengal,Corporate
6780,Sneha Iyer,Female,47,Pune,Maharashtra,Retail
6781,Anita Verma,Female,28,Chennai,Tamil Nadu,Online
6782,Vikas Verma,Male,38,Chennai,Tamil Nadu,Online
6783,Neha Jain,Female,46,Bengaluru,Karnataka,Corporate
6784,Neha Das,Female,50,Pune,Maharashtra,Corporate
6785,Anita Singh,Male,21,Bengaluru,Karnataka,Retail
6786,Anita Singh,Female,49,Pune,Maharashtra,Retail
6787,Sneha Gupta,Female,61,Kolkata,West Bengal,Retail
6788,Kiran Sharma,Male,63,Pune,Maharashtra,Corporate
6789,Sneha Das,Male,18,Chennai,Tamil Nadu,Online
6790,Rohit Gupta,Male,23,Delhi,Delhi,Corporate
6791,Rahul Jain,Male,32,Kolkata,West Bengal,Online
6792,Rahul Gupta,Male,22,Bengaluru,Karnataka,Retail
6793,Priya Gupta,Male,29,Lucknow,Uttar Pradesh,Retail
6794,Kiran Singh,Male,28,Mumbai,Maharashtra,Online
6795,Priya Das,Female,24,Bengaluru,Karnataka,Retail
6796,Kiran Nair,Male,20,Lucknow,Uttar Pradesh,Retail
6797,Rahul Verma,Male,42,Lucknow,Uttar Pradesh,Corporate
6798,Priya Singh,Male,64,Hyderabad,Telangana,Retail
6799,Neha Reddy,Male,52,Jaipur,Rajasthan,Online
6800,Sneha Reddy,Male,48,Delhi,Delhi,Online
6801,Neha Sharma,Male,54,Pune,Maharashtra,Corporate
6802,Rahul Das,Female,49,Lucknow,Uttar Pradesh,Retail
6803,Rohit Iyer,Female,31,Hyderabad,Telangana,Corporate
6804,Amit Gupta,Female,65,Kolkata,West Bengal,Retail
6805,Sneha Verma,Male,23,Ahmedabad,Gujarat,Online
6806,Priya Das,Female,28,Hyderabad,Telangana,Online
6807,Neha Patel,Female,25,Jaipur,Rajasthan,Retail
6808,Rahul Das,Female,60,Jaipur,Rajasthan,Retail
6809,Pooja Jain,Male,27,Lucknow,Uttar Pradesh,Online
6810,Pooja Singh,Male,23,Jaipur,Rajasthan,Corporate
6811,Kiran Iyer,Female,58,Jaipur,Rajasthan,Corporate
6812,Kiran Sharma,Male,58,Mumbai,Maharashtra,Corporate
6813,Priya Reddy,Female,64,Lucknow,Uttar Pradesh,Online
6814,Priya Verma,Male,58,Mumbai,Maharashtra,Online
6815,Rohit Gupta,Male,29,Pune,Maharashtra,Retail
6816,Rahul Nair,Male,42,Kolkata,West Bengal,Corporate
6817,Priya Das,Male,19,Delhi,Delhi,Retail
6818,Rahul Patel,Female,54,Bengaluru,Karnataka,Online
6819,Rohit Gupta,Male,51,Pune,Maharashtra,Retail
6820,Sneha Das,Male,23,Hyderabad,Telangana,Online
6821,Anita Sharma,Male,23,Ahmedabad,Gujarat,Retail
6822,Rohit Verma,Male,43,Jaipur,Rajasthan,Retail
6823,Rohit Verma,Female,34,Hyderabad,Telangana,Online
6824,Pooja Iyer,Female,63,Delhi,Delhi,Corporate
6825,Rohit Verma,Female,21,Chennai,Tamil Nadu,Online
6826,Priya Das,Male,24,Kolkata,West Bengal,Corporate
6827,Pooja Reddy,Female,65,Lucknow,Uttar Pradesh,Retail
6828,Amit Gupta,Male,57,Kolkata,West Bengal,Retail
6829,Pooja Gupta,Male,37,Delhi,Delhi,Corporate
6830,Amit Patel,Male,40,Mumbai,Maharashtra,Online
6831,Pooja Iyer,Male,20,Mumbai,Maharashtra,Retail
6832,Anita Singh,Male,23,Pune,Maharashtra,Retail
6833,Vikas Jain,Female,29,Lucknow,Uttar Pradesh,Online
6834,Sneha Reddy,Male,39,Pune,Maharashtra,Online
6835,Vikas Iyer,Male,32,Ahmedabad,Gujarat,Retail
6836,Kiran Singh,Female,41,Jaipur,Rajasthan,Online
6837,Pooja Iyer,Female,33,Ahmedabad,Gujarat,Retail
6838,Kiran Gupta,Male,43,Jaipur,Rajasthan,Online
6839,Kiran Das,Male,51,Pune,Maharashtra,Corporate
6840,Rohit Singh,Female,30,Kolkata,West Bengal,Corporate
6841,Vikas Jain,Female,62,Pune,Maharashtra,Retail
6842,Sneha Singh,Female,60,Lucknow,Uttar Pradesh,Retail
6843,Rahul Das,Male,45,Mumbai,Maharashtra,Corporate
6844,Pooja Reddy,Male,55,Delhi,Delhi,Retail
6845,Anita Sharma,Male,49,Hyderabad,Telangana,Corporate
6846,Amit Nair,Female,51,Pune,Maharashtra,Corporate
6847,Sneha Nair,Male,32,Pune,Maharashtra,Corporate
6848,Anita Iyer,Male,44,Ahmedabad,Gujarat,Retail
6849,Neha Patel,Female,58,Delhi,Delhi,Online
6850,Rohit Iyer,Male,24,Kolkata,West Bengal,Online
6851,Rohit Jain,Male,57,Pune,Maharashtra,Retail
6852,Sneha Reddy,Female,41,Kolkata,West Bengal,Retail
6853,Kiran Nair,Female,56,Bengaluru,Karnataka,Corporate
6854,Sneha Patel,Female,61,Delhi,Delhi,Corporate
6855,Sneha Jain,Male,21,Mumbai,Maharashtra,Corporate
6856,Sneha Singh,Male,46,Kolkata,West Bengal,Retail
6857,Pooja Jain,Male,24,Kolkata,West Bengal,Corporate
6858,Priya Iyer,Male,27,Bengaluru,Karnataka,Corporate
6859,Kiran Gupta,Female,58,Hyderabad,Telangana,Corporate
6860,Rohit Gupta,Male,38,Jaipur,Rajasthan,Online
6861,Amit Iyer,Male,26,Delhi,Delhi,Online
6862,Vikas Sharma,Male,60,Bengaluru,Karnataka,Corporate
6863,Pooja Jain,Female,39,Hyderabad,Telangana,Corporate
6864,Kiran Nair,Male,52,Mumbai,Maharashtra,Online
6865,Rohit Jain,Male,65,Delhi,Delhi,Retail
6866,Anita Gupta,Male,23,Jaipur,Rajasthan,Online
6867,Neha Iyer,Male,18,Chennai,Tamil Nadu,Online
6868,Kiran Iyer,Female,39,Mumbai,Maharashtra,Corporate
6869,Rohit Das,Female,46,Jaipur,Rajasthan,Online
6870,Sneha Nair,Female,21,Kolkata,West Bengal,Corporate
6871,Sneha Gupta,Male,29,Chennai,Tamil Nadu,Online
6872,Rahul Nair,Female,22,Chennai,Tamil Nadu,Online
6873,Rahul Iyer,Male,45,Pune,Maharashtra,Corporate
6874,Rohit Singh,Female,24,Kolkata,West Bengal,Retail
6875,Priya Das,Female,19,Lucknow,Uttar Pradesh,Retail
6876,Amit Gupta,Female,51,Bengaluru,Karnataka,Retail
6877,Rohit Iyer,Male,49,Hyderabad,Telangana,Retail
6878,Pooja Patel,Female,59,Ahmedabad,Gujarat,Online
6879,Anita Verma,Male,59,Lucknow,Uttar Pradesh,Retail
6880,Priya Singh,Male,38,Kolkata,West Bengal,Corporate
6881,Vikas Sharma,Male,58,Kolkata,West Bengal,Retail
6882,Rohit Jain,Male,63,Pune,Maharashtra,Corporate
6883,Pooja Nair,Female,37,Jaipur,Rajasthan,Online
6884,Anita Singh,Female,42,Delhi,Delhi,Corporate
6885,Vikas Das,Female,27,Chennai,Tamil Nadu,Corporate
6886,Rohit Patel,Male,44,Hyderabad,Telangana,Retail
6887,Vikas Jain,Male,36,Chennai,Tamil Nadu,Retail
6888,Neha Nair,Male,22,Jaipur,Rajasthan,Retail
6889,Rahul Singh,Male,49,Pune,Maharashtra,Retail
6890,Pooja Nair,Female,51,Chennai,Tamil Nadu,Retail
6891,Pooja Patel,Female,60,Chennai,Tamil Nadu,Online
6892,Rohit Reddy,Female,40,Ahmedabad,Gujarat,Online
6893,Sneha Iyer,Male,49,Delhi,Delhi,Retail
6894,Pooja Iyer,Female,41,Ahmedabad,Gujarat,Retail
6895,Neha Gupta,Female,21,Hyderabad,Telangana,Corporate
6896,Vikas Jain,Female,48,Chennai,Tamil Nadu,Corporate
6897,Pooja Sharma,Female,55,Mumbai,Maharashtra,Retail
6898,Rahul Nair,Male,42,Kolkata,West Bengal,Retail
6899,Neha Reddy,Male,61,Lucknow,Uttar Pradesh,Retail
6900,Priya Das,Female,48,Delhi,Delhi,Retail
6901,Vikas Gupta,Female,47,Bengaluru,Karnataka,Online
6902,Vikas Singh,Female,57,Mumbai,Maharashtra,Retail
6903,Kiran Singh,Male,27,Delhi,Delhi,Online
6904,Priya Jain,Female,19,Delhi,Delhi,Retail
6905,Anita Nair,Male,36,Chennai,Tamil Nadu,Online
6906,Pooja Reddy,Female,55,Mumbai,Maharashtra,Corporate
6907,Vikas Nair,Male,30,Hyderabad,Telangana,Online
6908,Pooja Iyer,Female,37,Kolkata,West Bengal,Online
6909,Neha Gupta,Male,43,Bengaluru,Karnataka,Corporate
6910,Anita Nair,Male,64,Kolkata,West Bengal,Online
6911,Rahul Sharma,Female,51,Kolkata,West Bengal,Corporate
6912,Amit Singh,Male,37,Pune,Maharashtra,Corporate
6913,Amit Nair,Male,61,Chennai,Tamil Nadu,Online
6914,Neha Patel,Male,54,Pune,Maharashtra,Online
6915,Rohit Singh,Female,49,Ahmedabad,Gujarat,Corporate
6916,Pooja Iyer,Female,39,Ahmedabad,Gujarat,Online
6917,Vikas Das,Male,62,Hyderabad,Telangana,Online
6918,Vikas Nair,Female,56,Mumbai,Maharashtra,Online
6919,Rohit Reddy,Male,54,Delhi,Delhi,Retail
6920,Vikas Sharma,Female,44,Pune,Maharashtra,Online
6921,Sneha Verma,Male,64,Mumbai,Maharashtra,Retail
6922,Neha Iyer,Female,49,Jaipur,Rajasthan,Corporate
6923,Neha Gupta,Male,33,Kolkata,West Bengal,Retail
6924,Pooja Jain,Female,37,Kolkata,West Bengal,Online
6925,Anita Iyer,Male,35,Hyderabad,Telangana,Retail
6926,Kiran Sharma,Male,59,Delhi,Delhi,Retail
6927,Neha Das,Female,46,Kolkata,West Bengal,Online
6928,Anita Das,Female,41,Hyderabad,Telangana,Corporate
6929,Vikas Gupta,Male,29,Bengaluru,Karnataka,Retail
6930,Rohit Verma,Female,26,Lucknow,Uttar Pradesh,Corporate
6931,Sneha Reddy,Male,51,Ahmedabad,Gujarat,Online
6932,Neha Singh,Male,40,Lucknow,Uttar Pradesh,Online
6933,Kiran Singh,Male,52,Jaipur,Rajasthan,Retail
6934,Kiran Jain,Female,65,Pune,Maharashtra,Retail
6935,Sneha Sharma,Male,53,Kolkata,West Bengal,Online
6936,Vikas Verma,Female,18,Jaipur,Rajasthan,Online
6937,Pooja Jain,Female,40,Kolkata,West Bengal,Retail
6938,Pooja Singh,Male,57,Kolkata,West Bengal,Retail
6939,Pooja Singh,Female,31,Kolkata,West Bengal,Corporate
6940,Kiran Patel,Male,24,Hyderabad,Telangana,Corporate
6941,Anita Verma,Male,46,Chennai,Tamil Nadu,Corporate
6942,Anita Patel,Female,40,Mumbai,Maharashtra,Online
6943,Rahul Reddy,Male,45,Lucknow,Uttar Pradesh,Online
6944,Priya Singh,Male,38,Ahmedabad,Gujarat,Online
6945,Priya Reddy,Male,62,Pune,Maharashtra,Retail
6946,Vikas Das,Male,23,Bengaluru,Karnataka,Corporate
6947,Neha Jain,Female,50,Delhi,Delhi,Online
6948,Vikas Reddy,Female,54,Ahmedabad,Gujarat,Online
6949,Anita Nair,Female,45,Lucknow,Uttar Pradesh,Corporate
6950,Priya Nair,Male,59,Hyderabad,Telangana,Corporate
6951,Kiran Patel,Male,25,Hyderabad,Telangana,Online
6952,Sneha Gupta,Male,48,Ahmedabad,Gujarat,Retail
6953,Kiran Nair,Female,43,Lucknow,Uttar Pradesh,Corporate
6954,Neha Iyer,Male,43,Hyderabad,Telangana,Online
6955,Kiran Verma,Female,55,Hyderabad,Telangana,Retail
6956,Rohit Das,Female,65,Hyderabad,Telangana,Corporate
6957,Kiran Reddy,Male,64,Ahmedabad,Gujarat,Retail
6958,Anita Patel,Male,25,Ahmedabad,Gujarat,Online
6959,Neha Iyer,Female,24,Mumbai,Maharashtra,Online
6960,Sneha Verma,Male,46,Pune,Maharashtra,Online
6961,Kiran Iyer,Male,52,Mumbai,Maharashtra,Online
6962,Amit Gupta,Male,46,Jaipur,Rajasthan,Retail
6963,Priya Verma,Male,65,Mumbai,Maharashtra,Retail
6964,Pooja Sharma,Male,39,Jaipur,Rajasthan,Retail
6965,Sneha Sharma,Male,26,Kolkata,West Bengal,Retail
6966,Anita Iyer,Female,47,Lucknow,Uttar Pradesh,Online
6967,Rohit Reddy,Female,23,Delhi,Delhi,Retail
6968,Rahul Das,Male,47,Delhi,Delhi,Retail
6969,Rohit Nair,Male,23,Mumbai,Maharashtra,Retail
6970,Rahul Jain,Male,39,Ahmedabad,Gujarat,Corporate
6971,Rohit Iyer,Male,42,Delhi,Delhi,Retail
6972,Priya Sharma,Female,31,Chennai,Tamil Nadu,Online
6973,Rahul Reddy,Male,40,Bengaluru,Karnataka,Online
6974,Priya Das,Male,65,Hyderabad,Telangana,Corporate
6975,Kiran Singh,Female,50,Chennai,Tamil Nadu,Corporate
6976,Amit Reddy,Male,61,Jaipur,Rajasthan,Retail
6977,Amit Reddy,Female,45,Jaipur,Rajasthan,Retail
6978,Rohit Reddy,Male,42,Pune,Maharashtra,Online
6979,Neha Sharma,Female,29,Mumbai,Maharashtra,Retail
6980,Vikas Patel,Female,52,Mumbai,Maharashtra,Retail
6981,Vikas Das,Male,64,Pune,Maharashtra,Corporate
6982,Rahul Das,Female,56,Delhi,Delhi,Corporate
6983,Amit Reddy,Male,59,Delhi,Delhi,Online
6984,Kiran Singh,Male,38,Bengaluru,Karnataka,Retail
6985,Kiran Jain,Female,44,Mumbai,Maharashtra,Corporate
6986,Rohit Iyer,Male,37,Jaipur,Rajasthan,Online
6987,Pooja Reddy,Male,65,Ahmedabad,Gujarat,Online
6988,Amit Gupta,Male,59,Lucknow,Uttar Pradesh,Corporate
6989,Rahul Nair,Male,42,Mumbai,Maharashtra,Retail
6990,Priya Iyer,Male,61,Kolkata,West Bengal,Online
6991,Pooja Sharma,Male,63,Mumbai,Maharashtra,Online
6992,Sneha Iyer,Male,28,Pune,Maharashtra,Retail
6993,Neha Verma,Female,62,Chennai,Tamil Nadu,Online
6994,Rohit Nair,Female,63,Mumbai,Maharashtra,Retail
6995,Priya Singh,Female,27,Pune,Maharashtra,Online
6996,Rohit Patel,Female,64,Ahmedabad,Gujarat,Retail
6997,Vikas Patel,Male,58,Hyderabad,Telangana,Online
6998,Sneha Verma,Female,57,Hyderabad,Telangana,Retail
6999,Neha Das,Male,39,Jaipur,Rajasthan,Corporate
7000,Pooja Iyer,Female,18,Delhi,Delhi,Retail
7001,Neha Reddy,Female,46,Jaipur,Rajasthan,Corporate
7002,Vikas Patel,Female,38,Delhi,Delhi,Retail
7003,Rahul Patel,Female,38,Pune,Maharashtra,Corporate
7004,Rohit Verma,Male,38,Lucknow,Uttar Pradesh,Online
7005,Amit Jain,Male,62,Jaipur,Rajasthan,Online
7006,Rahul Das,Male,57,Ahmedabad,Gujarat,Retail
7007,Vikas Singh,Female,25,Chennai,Tamil Nadu,Retail
7008,Priya Nair,Female,65,Pune,Maharashtra,Corporate
7009,Priya Singh,Female,34,Pune,Maharashtra,Retail
7010,Anita Jain,Male,41,Bengaluru,Karnataka,Online
7011,Neha Patel,Male,56,Jaipur,Rajasthan,Corporate
7012,Vikas Jain,Female,44,Pune,Maharashtra,Retail
7013,Rahul Jain,Male,33,Jaipur,Rajasthan,Online
7014,Kiran Nair,Male,65,Bengaluru,Karnataka,Online
7015,Kiran Iyer,Female,55,Pune,Maharashtra,Corporate
7016,Rahul Singh,Male,45,Kolkata,West Bengal,Online
7017,Rahul Singh,Female,18,Bengaluru,Karnataka,Retail
7018,Pooja Iyer,Female,59,Jaipur,Rajasthan,Online
7019,Priya Iyer,Female,19,Lucknow,Uttar Pradesh,Retail
7020,Anita Singh,Male,56,Lucknow,Uttar Pradesh,Retail
7021,Anita Iyer,Male,54,Kolkata,West Bengal,Retail
7022,Anita Iyer,Female,35,Kolkata,West Bengal,Corporate
7023,Rohit Reddy,Male,34,Lucknow,Uttar Pradesh,Online
7024,Pooja Sharma,Female,61,Mumbai,Maharashtra,Corporate
7025,Vikas Iyer,Female,24,Jaipur,Rajasthan,Online
7026,Priya Sharma,Female,37,Jaipur,Rajasthan,Retail
7027,Priya Das,Male,32,Bengaluru,Karnataka,Retail
7028,Vikas Gupta,Male,27,Hyderabad,Telangana,Retail
7029,Kiran Gupta,Female,47,Jaipur,Rajasthan,Corporate
7030,Vikas Jain,Male,36,Bengaluru,Karnataka,Online
7031,Neha Verma,Male,45,Pune,Maharashtra,Corporate
7032,Rahul Sharma,Male,40,Lucknow,Uttar Pradesh,Online
7033,Sneha Das,Female,53,Delhi,Delhi,Retail
7034,Priya Singh,Male,22,Pune,Maharashtra,Corporate
7035,Priya Verma,Male,44,Hyderabad,Telangana,Online
7036,Anita Sharma,Female,30,Hyderabad,Telangana,Retail
7037,Anita Das,Female,38,Jaipur,Rajasthan,Online
7038,Sneha Reddy,Male,43,Jaipur,Rajasthan,Corporate
7039,Rohit Iyer,Male,58,Ahmedabad,Gujarat,Online
7040,Neha Patel,Female,49,Pune,Maharashtra,Retail
7041,Kiran Verma,Female,63,Kolkata,West Bengal,Corporate
7042,Vikas Patel,Female,29,Kolkata,West Bengal,Corporate
7043,Neha Iyer,Female,19,Ahmedabad,Gujarat,Retail
7044,Vikas Iyer,Female,52,Delhi,Delhi,Online
7045,Amit Reddy,Female,54,Lucknow,Uttar Pradesh,Online
7046,Amit Sharma,Male,27,Ahmedabad,Gujarat,Retail
7047,Kiran Verma,Female,65,Jaipur,Rajasthan,Corporate
7048,Neha Singh,Female,60,Chennai,Tamil Nadu,Online
7049,Amit Das,Male,32,Mumbai,Maharashtra,Retail
7050,Amit Nair,Female,40,Chennai,Tamil Nadu,Retail
7051,Pooja Patel,Female,52,Mumbai,Maharashtra,Corporate
7052,Neha Das,Male,48,Mumbai,Maharashtra,Corporate
7053,Sneha Nair,Male,36,Mumbai,Maharashtra,Corporate
7054,Priya Sharma,Male,61,Kolkata,West Bengal,Online
7055,Sneha Das,Female,34,Mumbai,Maharashtra,Retail
7056,Anita Nair,Female,43,Lucknow,Uttar Pradesh,Corporate
7057,Sneha Jain,Female,39,Pune,Maharashtra,Retail
7058,Rohit Nair,Female,61,Ahmedabad,Gujarat,Online
7059,Vikas Verma,Female,35,Bengaluru,Karnataka,Corporate
7060,Rahul Jain,Female,39,Lucknow,Uttar Pradesh,Retail
7061,Priya Gupta,Male,54,Lucknow,Uttar Pradesh,Corporate
7062,Rahul Singh,Male,59,Jaipur,Rajasthan,Online
7063,Kiran Das,Male,51,Delhi,Delhi,Online
7064,Anita Verma,Male,62,Pune,Maharashtra,Retail
7065,Anita Sharma,Female,60,Kolkata,West Bengal,Online
7066,Pooja Verma,Female,20,Kolkata,West Bengal,Corporate
7067,Anita Jain,Female,45,Hyderabad,Telangana,Retail
7068,Neha Das,Female,45,Delhi,Delhi,Online
7069,Anita Reddy,Female,44,Jaipur,Rajasthan,Retail
7070,Rahul Sharma,Female,48,Mumbai,Maharashtra,Corporate
7071,Kiran Sharma,Male,63,Ahmedabad,Gujarat,Retail
7072,Amit Iyer,Female,62,Ahmedabad,Gujarat,Corporate
7073,Pooja Verma,Male,65,Delhi,Delhi,Online
7074,Sneha Das,Male,36,Chennai,Tamil Nadu,Online
7075,Vikas Reddy,Male,31,Mumbai,Maharashtra,Retail
7076,Kiran Iyer,Male,19,Chennai,Tamil Nadu,Online
7077,Amit Iyer,Female,24,Jaipur,Rajasthan,Retail
7078,Priya Nair,Female,49,Lucknow,Uttar Pradesh,Corporate
7079,Rahul Patel,Female,59,Jaipur,Rajasthan,Retail
7080,Rahul Das,Female,47,Delhi,Delhi,Retail
7081,Neha Verma,Female,39,Lucknow,Uttar Pradesh,Retail
7082,Rahul Singh,Male,51,Delhi,Delhi,Corporate
7083,Rohit Sharma,Female,29,Mumbai,Maharashtra,Online
7084,Vikas Singh,Male,62,Lucknow,Uttar Pradesh,Retail
7085,Neha Patel,Female,24,Kolkata,West Bengal,Online
7086,Anita Nair,Male,27,Bengaluru,Karnataka,Corporate
7087,Pooja Iyer,Male,30,Mumbai,Maharashtra,Corporate
7088,Sneha Patel,Male,32,Mumbai,Maharashtra,Retail
7089,Pooja Patel,Male,63,Mumbai,Maharashtra,Corporate
7090,Vikas Sharma,Female,59,Lucknow,Uttar Pradesh,Online
7091,Kiran Jain,Male,47,Hyderabad,Telangana,Online
7092,Priya Iyer,Female,42,Lucknow,Uttar Pradesh,Retail
7093,Kiran Verma,Female,51,Bengaluru,Karnataka,Retail
7094,Rahul Iyer,Female,36,Ahmedabad,Gujarat,Corporate
7095,Sneha Gupta,Female,44,Kolkata,West Bengal,Online
7096,Kiran Reddy,Female,40,Hyderabad,Telangana,Corporate
7097,Anita Nair,Female,28,Hyderabad,Telangana,Corporate
7098,Neha Verma,Male,61,Delhi,Delhi,Corporate
7099,Vikas Gupta,Male,43,Lucknow,Uttar Pradesh,Corporate
7100,Anita Singh,Female,59,Pune,Maharashtra,Retail
7101,Vikas Reddy,Male,27,Jaipur,Rajasthan,Online
7102,Rohit Iyer,Male,37,Kolkata,West Bengal,Corporate
7103,Kiran Verma,Male,59,Mumbai,Maharashtra,Online
7104,Rahul Nair,Female,39,Pune,Maharashtra,Online
7105,Vikas Jain,Female,30,Lucknow,Uttar Pradesh,Retail
7106,Anita Iyer,Female,63,Pune,Maharashtra,Retail
7107,Neha Verma,Female,30,Ahmedabad,Gujarat,Online
7108,Priya Verma,Male,54,Delhi,Delhi,Online
7109,Amit Iyer,Female,38,Lucknow,Uttar Pradesh,Retail
7110,Vikas Nair,Female,41,Kolkata,West Bengal,Retail
7111,Rohit Sharma,Female,50,Ahmedabad,Gujarat,Corporate
7112,Neha Jain,Male,44,Lucknow,Uttar Pradesh,Corporate
7113,Rohit Verma,Male,64,Jaipur,Rajasthan,Online
7114,Sneha Reddy,Female,35,Hyderabad,Telangana,Online
7115,Amit Sharma,Male,51,Lucknow,Uttar Pradesh,Online
7116,Kiran Reddy,Male,65,Hyderabad,Telangana,Online
7117,Vikas Patel,Male,32,Bengaluru,Karnataka,Online
7118,Vikas Patel,Female,64,Pune,Maharashtra,Corporate
7119,Rahul Singh,Female,56,Jaipur,Rajasthan,Retail
7120,Sneha Gupta,Male,18,Chennai,Tamil Nadu,Online
7121,Rahul Verma,Female,31,Lucknow,Uttar Pradesh,Retail
7122,Pooja Das,Male,62,Hyderabad,Telangana,Online
7123,Anita Das,Male,32,Hyderabad,Telangana,Online
7124,Neha Gupta,Male,29,Pune,Maharashtra,Corporate
7125,Rahul Reddy,Male,19,Ahmedabad,Gujarat,Online
7126,Vikas Jain,Male,44,Delhi,Delhi,Online
7127,Kiran Das,Female,48,Kolkata,West Bengal,Retail
7128,Amit Patel,Female,41,Bengaluru,Karnataka,Corporate
7129,Anita Das,Male,26,Kolkata,West Bengal,Retail
7130,Kiran Das,Male,30,Kolkata,West Bengal,Retail
7131,Rahul Das,Female,32,Hyderabad,Telangana,Online
7132,Sneha Verma,Female,44,Delhi,Delhi,Retail
7133,Rahul Singh,Male,52,Bengaluru,Karnataka,Corporate
7134,Amit Gupta,Male,38,Ahmedabad,Gujarat,Online
7135,Anita Sharma,Male,41,Ahmedabad,Gujarat,Corporate
7136,Rahul Patel,Female,45,Kolkata,West Bengal,Online
7137,Amit Singh,Female,32,Bengaluru,Karnataka,Retail
7138,Rohit Iyer,Male,19,Bengaluru,Karnataka,Retail
7139,Vikas Das,Female,39,Lucknow,Uttar Pradesh,Retail
7140,Kiran Gupta,Female,35,Bengaluru,Karnataka,Retail
7141,Vikas Singh,Female,35,Bengaluru,Karnataka,Retail
7142,Amit Verma,Male,31,Lucknow,Uttar Pradesh,Corporate
7143,Kiran Singh,Male,48,Chennai,Tamil Nadu,Corporate
7144,Rahul Iyer,Female,62,Kolkata,West Bengal,Retail
7145,Rohit Das,Female,47,Mumbai,Maharashtra,Retail
7146,Priya Nair,Male,47,Kolkata,West Bengal,Online
7147,Kiran Jain,Male,52,Delhi,Delhi,Online
7148,Priya Das,Female,27,Delhi,Delhi,Online
7149,Neha Jain,Female,38,Lucknow,Uttar Pradesh,Online
7150,Priya Patel,Female,34,Kolkata,West Bengal,Online
7151,Vikas Singh,Female,25,Chennai,Tamil Nadu,Online
7152,Pooja Verma,Female,41,Kolkata,West Bengal,Online
7153,Pooja Das,Female,32,Delhi,Delhi,Online
7154,Vikas Jain,Male,61,Delhi,Delhi,Retail
7155,Anita Singh,Female,51,Jaipur,Rajasthan,Online
7156,Vikas Sharma,Female,27,Hyderabad,Telangana,Retail
7157,Vikas Jain,Male,30,Jaipur,Rajasthan,Online
7158,Anita Verma,Female,59,Delhi,Delhi,Corporate
7159,Vikas Nair,Female,55,Jaipur,Rajasthan,Online
7160,Pooja Nair,Female,49,Jaipur,Rajasthan,Corporate
7161,Kiran Sharma,Male,46,Ahmedabad,Gujarat,Online
7162,Anita Patel,Male,56,Delhi,Delhi,Online
7163,Rohit Sharma,Male,25,Pune,Maharashtra,Retail
7164,Kiran Verma,Male,63,Pune,Maharashtra,Retail
7165,Neha Patel,Female,47,Kolkata,West Bengal,Retail
7166,Amit Jain,Female,64,Delhi,Delhi,Online
7167,Anita Gupta,Male,35,Pune,Maharashtra,Retail
7168,Sneha Das,Female,54,Jaipur,Rajasthan,Corporate
7169,Anita Iyer,Female,28,Kolkata,West Bengal,Corporate
7170,Pooja Reddy,Female,29,Chennai,Tamil Nadu,Retail
7171,Vikas Reddy,Female,18,Jaipur,Rajasthan,Online
7172,Pooja Iyer,Female,19,Mumbai,Maharashtra,Corporate
7173,Neha Verma,Female,61,Jaipur,Rajasthan,Corporate
7174,Kiran Patel,Female,29,Chennai,Tamil Nadu,Retail
7175,Sneha Jain,Female,38,Chennai,Tamil Nadu,Retail
7176,Rohit Sharma,Male,57,Pune,Maharashtra,Online
7177,Rahul Verma,Female,19,Delhi,Delhi,Retail
7178,Anita Jain,Male,52,Ahmedabad,Gujarat,Corporate
7179,Neha Iyer,Male,20,Hyderabad,Telangana,Corporate
7180,Priya Verma,Male,44,Pune,Maharashtra,Retail
7181,Sneha Nair,Female,52,Bengaluru,Karnataka,Retail
7182,Anita Sharma,Female,62,Pune,Maharashtra,Retail
7183,Sneha Jain,Female,38,Lucknow,Uttar Pradesh,Online
7184,Vikas Singh,Female,39,Jaipur,Rajasthan,Online
7185,Anita Das,Male,42,Pune,Maharashtra,Retail
7186,Anita Nair,Male,51,Kolkata,West Bengal,Retail
7187,Rohit Sharma,Male,39,Mumbai,Maharashtra,Corporate
7188,Kiran Patel,Female,52,Chennai,Tamil Nadu,Corporate
7189,Rohit Verma,Female,18,Ahmedabad,Gujarat,Online
7190,Rohit Verma,Female,24,Ahmedabad,Gujarat,Retail
7191,Rahul Patel,Male,36,Hyderabad,Telangana,Retail
7192,Rohit Das,Male,54,Delhi,Delhi,Retail
7193,Rohit Iyer,Female,57,Hyderabad,Telangana,Retail
7194,Kiran Jain,Male,53,Kolkata,West Bengal,Corporate
7195,Vikas Nair,Male,41,Bengaluru,Karnataka,Retail
7196,Priya Reddy,Female,21,Ahmedabad,Gujarat,Corporate
7197,Vikas Nair,Male,48,Chennai,Tamil Nadu,Corporate
7198,Sneha Gupta,Female,18,Mumbai,Maharashtra,Online
7199,Pooja Jain,Male,28,Chennai,Tamil Nadu,Retail
7200,Kiran Nair,Female,43,Hyderabad,Telangana,Online
7201,Rahul Sharma,Male,57,Mumbai,Maharashtra,Online
7202,Rohit Jain,Male,36,Delhi,Delhi,Corporate
7203,Vikas Jain,Female,65,Delhi,Delhi,Online
7204,Vikas Gupta,Female,23,Ahmedabad,Gujarat,Online
7205,Neha Verma,Male,55,Chennai,Tamil Nadu,Corporate
7206,Neha Iyer,Male,37,Pune,Maharashtra,Corporate
7207,Sneha Verma,Female,36,Ahmedabad,Gujarat,Retail
7208,Vikas Singh,Female,26,Kolkata,West Bengal,Corporate
7209,Rohit Jain,Male,24,Ahmedabad,Gujarat,Online
7210,Sneha Sharma,Male,28,Hyderabad,Telangana,Corporate
7211,Rohit Das,Male,55,Delhi,Delhi,Retail
7212,Amit Singh,Male,50,Jaipur,Rajasthan,Online
7213,Pooja Iyer,Female,39,Pune,Maharashtra,Retail
7214,Pooja Das,Female,23,Lucknow,Uttar Pradesh,Corporate
7215,Sneha Das,Male,43,Chennai,Tamil Nadu,Retail
7216,Vikas Singh,Male,23,Chennai,Tamil Nadu,Retail
7217,Rohit Gupta,Male,43,Kolkata,West Bengal,Corporate
7218,Neha Nair,Male,20,Kolkata,West Bengal,Retail
7219,Vikas Reddy,Male,20,Lucknow,Uttar Pradesh,Retail
7220,Rohit Verma,Male,29,Jaipur,Rajasthan,Corporate
7221,Pooja Das,Male,40,Hyderabad,Telangana,Retail
7222,Anita Reddy,Female,48,Bengaluru,Karnataka,Online
7223,Amit Patel,Male,64,Bengaluru,Karnataka,Retail
7224,Vikas Verma,Male,38,Chennai,Tamil Nadu,Corporate
7225,Vikas Verma,Female,50,Pune,Maharashtra,Online
7226,Vikas Patel,Female,36,Lucknow,Uttar Pradesh,Online
7227,Rahul Gupta,Female,30,Pune,Maharashtra,Retail
7228,Kiran Verma,Female,50,Mumbai,Maharashtra,Retail
7229,Neha Verma,Male,41,Ahmedabad,Gujarat,Retail
7230,Rahul Nair,Female,33,Pune,Maharashtra,Retail
7231,Vikas Jain,Male,29,Hyderabad,Telangana,Online
7232,Sneha Iyer,Male,22,Hyderabad,Telangana,Retail
7233,Pooja Sharma,Male,43,Ahmedabad,Gujarat,Online
7234,Neha Reddy,Male,51,Lucknow,Uttar Pradesh,Corporate
7235,Priya Sharma,Female,37,Hyderabad,Telangana,Corporate
7236,Rahul Iyer,Female,32,Lucknow,Uttar Pradesh,Retail
7237,Neha Jain,Male,55,Hyderabad,Telangana,Retail
7238,Anita Gupta,Female,45,Pune,Maharashtra,Corporate
7239,Kiran Das,Male,52,Pune,Maharashtra,Online
7240,Kiran Jain,Female,47,Mumbai,Maharashtra,Online
7241,Neha Iyer,Female,26,Lucknow,Uttar Pradesh,Corporate
7242,Priya Reddy,Female,43,Lucknow,Uttar Pradesh,Online
7243,Amit Reddy,Female,58,Hyderabad,Telangana,Corporate
7244,Anita Das,Male,43,Delhi,Delhi,Retail
7245,Rohit Iyer,Male,35,Delhi,Delhi,Retail
7246,Vikas Jain,Male,33,Pune,Maharashtra,Retail
7247,Rohit Verma,Female,40,Jaipur,Rajasthan,Retail
7248,Pooja Patel,Female,25,Mumbai,Maharashtra,Online
7249,Rahul Patel,Male,47,Kolkata,West Bengal,Online
7250,Neha Gupta,Female,56,Hyderabad,Telangana,Corporate
7251,Pooja Gupta,Female,31,Kolkata,West Bengal,Corporate
7252,Kiran Gupta,Male,56,Bengaluru,Karnataka,Corporate
7253,Kiran Das,Female,56,Ahmedabad,Gujarat,Corporate
7254,Anita Iyer,Female,32,Kolkata,West Bengal,Retail
7255,Neha Iyer,Male,58,Bengaluru,Karnataka,Online
7256,Neha Patel,Male,53,Mumbai,Maharashtra,Online
7257,Anita Reddy,Male,57,Lucknow,Uttar Pradesh,Corporate
7258,Vikas Jain,Male,46,Pune,Maharashtra,Retail
7259,Anita Singh,Female,46,Jaipur,Rajasthan,Corporate
7260,Rohit Verma,Female,60,Kolkata,West Bengal,Corporate
7261,Neha Jain,Female,43,Ahmedabad,Gujarat,Online
7262,Priya Sharma,Female,43,Ahmedabad,Gujarat,Corporate
7263,Rahul Patel,Female,48,Jaipur,Rajasthan,Online
7264,Vikas Gupta,Male,18,Jaipur,Rajasthan,Online
7265,Rohit Das,Female,43,Jaipur,Rajasthan,Corporate
7266,Sneha Gupta,Male,39,Pune,Maharashtra,Retail
7267,Vikas Jain,Female,47,Chennai,Tamil Nadu,Retail
7268,Rohit Verma,Female,38,Bengaluru,Karnataka,Corporate
7269,Anita Patel,Female,23,Chennai,Tamil Nadu,Retail
7270,Rahul Das,Female,21,Lucknow,Uttar Pradesh,Online
7271,Priya Reddy,Male,46,Mumbai,Maharashtra,Online
7272,Sneha Singh,Male,42,Jaipur,Rajasthan,Retail
7273,Rohit Nair,Male,41,Ahmedabad,Gujarat,Corporate
7274,Kiran Gupta,Female,36,Pune,Maharashtra,Corporate
7275,Amit Jain,Male,51,Lucknow,Uttar Pradesh,Online
7276,Anita Jain,Male,59,Ahmedabad,Gujarat,Online
7277,Amit Das,Male,52,Delhi,Delhi,Online
7278,Priya Nair,Female,39,Delhi,Delhi,Online
7279,Rahul Patel,Male,49,Delhi,Delhi,Corporate
7280,Neha Das,Male,21,Mumbai,Maharashtra,Retail
7281,Rohit Das,Male,64,Jaipur,Rajasthan,Corporate
7282,Kiran Singh,Female,36,Hyderabad,Telangana,Corporate
7283,Neha Das,Female,60,Jaipur,Rajasthan,Online
7284,Priya Nair,Female,26,Delhi,Delhi,Retail
7285,Rahul Reddy,Male,28,Lucknow,Uttar Pradesh,Retail
7286,Priya Reddy,Female,60,Hyderabad,Telangana,Corporate
7287,Rohit Nair,Female,31,Chennai,Tamil Nadu,Online
7288,Priya Jain,Male,31,Kolkata,West Bengal,Corporate
7289,Kiran Gupta,Female,18,Lucknow,Uttar Pradesh,Corporate
7290,Priya Jain,Male,47,Hyderabad,Telangana,Online
7291,Anita Verma,Female,50,Kolkata,West Bengal,Corporate
7292,Rohit Das,Female,26,Delhi,Delhi,Online
7293,Kiran Patel,Female,37,Ahmedabad,Gujarat,Retail
7294,Amit Patel,Male,33,Ahmedabad,Gujarat,Retail
7295,Amit Sharma,Male,39,Kolkata,West Bengal,Corporate
7296,Pooja Das,Male,23,Jaipur,Rajasthan,Online
7297,Pooja Singh,Male,44,Pune,Maharashtra,Retail
7298,Amit Sharma,Male,24,Lucknow,Uttar Pradesh,Online
7299,Kiran Nair,Male,61,Mumbai,Maharashtra,Retail
7300,Pooja Jain,Female,47,Jaipur,Rajasthan,Retail
7301,Priya Gupta,Female,56,Kolkata,West Bengal,Online
7302,Sneha Reddy,Male,54,Kolkata,West Bengal,Online
7303,Anita Sharma,Male,47,Kolkata,West Bengal,Online
7304,Sneha Reddy,Female,22,Hyderabad,Telangana,Retail
7305,Anita Sharma,Male,28,Bengaluru,Karnataka,Corporate
7306,Kiran Singh,Female,55,Chennai,Tamil Nadu,Retail
7307,Sneha Das,Male,27,Hyderabad,Telangana,Corporate
7308,Pooja Gupta,Male,45,Jaipur,Rajasthan,Retail
7309,Anita Gupta,Female,51,Pune,Maharashtra,Online
7310,Priya Jain,Female,36,Hyderabad,Telangana,Corporate
7311,Amit Patel,Male,26,Bengaluru,Karnataka,Retail
7312,Rahul Jain,Female,54,Jaipur,Rajasthan,Retail
7313,Anita Nair,Male,23,Delhi,Delhi,Corporate
7314,Rohit Verma,Male,36,Bengaluru,Karnataka,Corporate
7315,Rohit Iyer,Female,48,Lucknow,Uttar Pradesh,Retail
7316,Neha Jain,Male,39,Hyderabad,Telangana,Online
7317,Neha Reddy,Female,52,Ahmedabad,Gujarat,Online
7318,Neha Sharma,Male,44,Hyderabad,Telangana,Corporate
7319,Vikas Das,Male,26,Hyderabad,Telangana,Retail
7320,Vikas Singh,Female,34,Hyderabad,Telangana,Retail
7321,Pooja Singh,Female,28,Pune,Maharashtra,Corporate
7322,Pooja Iyer,Male,39,Chennai,Tamil Nadu,Retail
7323,Neha Singh,Male,58,Kolkata,West Bengal,Online
7324,Anita Iyer,Female,24,Bengaluru,Karnataka,Corporate
7325,Pooja Verma,Male,23,Pune,Maharashtra,Retail
7326,Vikas Das,Male,56,Lucknow,Uttar Pradesh,Online
7327,Priya Patel,Male,18,Ahmedabad,Gujarat,Corporate
7328,Vikas Singh,Female,35,Lucknow,Uttar Pradesh,Online
7329,Sneha Singh,Male,61,Mumbai,Maharashtra,Retail
7330,Sneha Jain,Male,39,Ahmedabad,Gujarat,Retail
7331,Priya Patel,Male,48,Pune,Maharashtra,Corporate
7332,Neha Verma,Female,23,Bengaluru,Karnataka,Retail
7333,Neha Reddy,Female,27,Delhi,Delhi,Online
7334,Priya Iyer,Male,30,Hyderabad,Telangana,Corporate
7335,Rohit Nair,Male,18,Jaipur,Rajasthan,Online
7336,Priya Verma,Female,50,Lucknow,Uttar Pradesh,Corporate
7337,Rahul Jain,Male,21,Kolkata,West Bengal,Online
7338,Amit Reddy,Male,65,Delhi,Delhi,Online
7339,Amit Sharma,Male,63,Mumbai,Maharashtra,Online
7340,Amit Gupta,Female,32,Kolkata,West Bengal,Corporate
7341,Rahul Patel,Male,59,Chennai,Tamil Nadu,Retail
7342,Neha Reddy,Male,44,Ahmedabad,Gujarat,Corporate
7343,Pooja Das,Female,26,Hyderabad,Telangana,Corporate
7344,Amit Verma,Female,25,Jaipur,Rajasthan,Corporate
7345,Amit Gupta,Female,44,Ahmedabad,Gujarat,Retail
7346,Rohit Singh,Male,56,Hyderabad,Telangana,Online
7347,Sneha Iyer,Male,36,Bengaluru,Karnataka,Corporate
7348,Rohit Jain,Female,33,Kolkata,West Bengal,Retail
7349,Rohit Singh,Female,29,Kolkata,West Bengal,Online
7350,Priya Sharma,Male,51,Pune,Maharashtra,Corporate
7351,Anita Sharma,Female,37,Chennai,Tamil Nadu,Retail
7352,Rahul Iyer,Female,30,Hyderabad,Telangana,Online
7353,Anita Singh,Female,32,Pune,Maharashtra,Corporate
7354,Sneha Reddy,Female,53,Mumbai,Maharashtra,Online
7355,Sneha Jain,Female,65,Delhi,Delhi,Online
7356,Rohit Iyer,Female,62,Delhi,Delhi,Retail
7357,Amit Nair,Male,22,Delhi,Delhi,Online
7358,Amit Gupta,Female,21,Kolkata,West Bengal,Retail
7359,Rohit Reddy,Male,34,Bengaluru,Karnataka,Corporate
7360,Rahul Iyer,Female,26,Pune,Maharashtra,Online
7361,Rohit Jain,Male,34,Jaipur,Rajasthan,Retail
7362,Kiran Sharma,Female,53,Hyderabad,Telangana,Corporate
7363,Amit Nair,Female,47,Lucknow,Uttar Pradesh,Retail
7364,Vikas Das,Male,49,Kolkata,West Bengal,Retail
7365,Amit Verma,Male,39,Delhi,Delhi,Online
7366,Amit Gupta,Female,49,Delhi,Delhi,Retail
7367,Priya Singh,Male,52,Hyderabad,Telangana,Corporate
7368,Rohit Singh,Male,41,Delhi,Delhi,Corporate
7369,Anita Patel,Female,65,Bengaluru,Karnataka,Online
7370,Kiran Sharma,Male,36,Bengaluru,Karnataka,Corporate
7371,Priya Singh,Male,31,Jaipur,Rajasthan,Online
7372,Pooja Patel,Male,49,Jaipur,Rajasthan,Online
7373,Anita Jain,Female,61,Delhi,Delhi,Corporate
7374,Neha Iyer,Female,61,Hyderabad,Telangana,Retail
7375,Pooja Jain,Female,21,Hyderabad,Telangana,Retail
7376,Priya Patel,Male,60,Bengaluru,Karnataka,Corporate
7377,Pooja Verma,Male,38,Jaipur,Rajasthan,Retail
7378,Priya Verma,Male,53,Jaipur,Rajasthan,Corporate
7379,Kiran Jain,Female,37,Jaipur,Rajasthan,Corporate
7380,Sneha Jain,Male,30,Chennai,Tamil Nadu,Corporate
7381,Kiran Gupta,Male,59,Mumbai,Maharashtra,Retail
7382,Amit Jain,Female,58,Ahmedabad,Gujarat,Retail
7383,Amit Sharma,Male,41,Delhi,Delhi,Corporate
7384,Sneha Verma,Male,39,Mumbai,Maharashtra,Retail
7385,Kiran Patel,Male,20,Bengaluru,Karnataka,Retail
7386,Pooja Verma,Female,35,Hyderabad,Telangana,Retail
7387,Anita Verma,Female,34,Ahmedabad,Gujarat,Online
7388,Vikas Singh,Male,53,Mumbai,Maharashtra,Online
7389,Pooja Nair,Male,36,Lucknow,Uttar Pradesh,Online
7390,Kiran Iyer,Female,51,Chennai,Tamil Nadu,Corporate
7391,Pooja Verma,Male,50,Jaipur,Rajasthan,Corporate
7392,Rahul Iyer,Male,33,Ahmedabad,Gujarat,Online
7393,Vikas Verma,Female,42,Mumbai,Maharashtra,Corporate
7394,Rahul Gupta,Male,44,Lucknow,Uttar Pradesh,Online
7395,Rahul Sharma,Female,45,Kolkata,West Bengal,Online
7396,Vikas Gupta,Female,48,Lucknow,Uttar Pradesh,Retail
7397,Kiran Gupta,Female,32,Chennai,Tamil Nadu,Online
7398,Priya Patel,Male,23,Chennai,Tamil Nadu,Online
7399,Pooja Singh,Male,50,Delhi,Delhi,Retail
7400,Pooja Singh,Female,21,Pune,Maharashtra,Retail
7401,Kiran Reddy,Male,43,Delhi,Delhi,Online
7402,Sneha Sharma,Female,38,Chennai,Tamil Nadu,Retail
7403,Priya Das,Female,24,Jaipur,Rajasthan,Retail
7404,Pooja Singh,Female,29,Delhi,Delhi,Retail
7405,Kiran Gupta,Male,31,Pune,Maharashtra,Online
7406,Kiran Singh,Female,52,Chennai,Tamil Nadu,Corporate
7407,Pooja Jain,Female,63,Chennai,Tamil Nadu,Retail
7408,Rahul Singh,Female,46,Ahmedabad,Gujarat,Corporate
7409,Rohit Patel,Male,58,Bengaluru,Karnataka,Online
7410,Rohit Patel,Male,25,Lucknow,Uttar Pradesh,Online
7411,Vikas Reddy,Male,42,Ahmedabad,Gujarat,Online
7412,Neha Sharma,Male,63,Kolkata,West Bengal,Online
7413,Kiran Sharma,Male,47,Delhi,Delhi,Corporate
7414,Vikas Das,Female,23,Delhi,Delhi,Retail
7415,Vikas Verma,Female,63,Delhi,Delhi,Corporate
7416,Pooja Verma,Male,63,Bengaluru,Karnataka,Corporate
7417,Amit Nair,Female,48,Hyderabad,Telangana,Corporate
7418,Vikas Gupta,Female,30,Mumbai,Maharashtra,Retail
7419,Sneha Singh,Female,37,Bengaluru,Karnataka,Corporate
7420,Rohit Das,Female,20,Kolkata,West Bengal,Corporate
7421,Rohit Patel,Male,46,Pune,Maharashtra,Corporate
7422,Neha Iyer,Male,21,Ahmedabad,Gujarat,Online
7423,Anita Nair,Female,26,Jaipur,Rajasthan,Corporate
7424,Kiran Iyer,Male,56,Lucknow,Uttar Pradesh,Online
7425,Pooja Sharma,Male,49,Bengaluru,Karnataka,Corporate
7426,Anita Reddy,Female,47,Kolkata,West Bengal,Retail
7427,Priya Singh,Male,19,Ahmedabad,Gujarat,Online
7428,Pooja Das,Male,46,Delhi,Delhi,Retail
7429,Rohit Nair,Male,39,Bengaluru,Karnataka,Online
7430,Amit Patel,Male,51,Kolkata,West Bengal,Online
7431,Sneha Singh,Female,58,Chennai,Tamil Nadu,Corporate
7432,Sneha Verma,Male,31,Hyderabad,Telangana,Retail
7433,Sneha Gupta,Male,58,Lucknow,Uttar Pradesh,Retail
7434,Sneha Das,Male,33,Hyderabad,Telangana,Corporate
7435,Sneha Iyer,Female,45,Bengaluru,Karnataka,Corporate
7436,Rahul Nair,Male,38,Hyderabad,Telangana,Retail
7437,Amit Gupta,Female,21,Ahmedabad,Gujarat,Corporate
7438,Sneha Jain,Female,43,Ahmedabad,Gujarat,Online
7439,Pooja Nair,Male,40,Kolkata,West Bengal,Retail
7440,Rahul Verma,Male,44,Bengaluru,Karnataka,Corporate
7441,Priya Jain,Male,30,Kolkata,West Bengal,Retail
7442,Neha Iyer,Female,46,Lucknow,Uttar Pradesh,Corporate
7443,Kiran Sharma,Male,62,Hyderabad,Telangana,Corporate
7444,Kiran Reddy,Male,30,Pune,Maharashtra,Retail
7445,Kiran Iyer,Male,20,Jaipur,Rajasthan,Corporate
7446,Rahul Gupta,Male,33,Hyderabad,Telangana,Retail
7447,Neha Reddy,Female,23,Jaipur,Rajasthan,Corporate
7448,Sneha Sharma,Female,19,Chennai,Tamil Nadu,Retail
7449,Rohit Jain,Male,33,Lucknow,Uttar Pradesh,Online
7450,Kiran Singh,Female,33,Kolkata,West Bengal,Online
7451,Neha Iyer,Male,48,Pune,Maharashtra,Online
7452,Sneha Verma,Male,57,Pune,Maharashtra,Corporate
7453,Rohit Gupta,Male,54,Hyderabad,Telangana,Corporate
7454,Kiran Iyer,Female,62,Pune,Maharashtra,Corporate
7455,Rohit Verma,Female,34,Ahmedabad,Gujarat,Corporate
7456,Sneha Das,Female,42,Lucknow,Uttar Pradesh,Corporate
7457,Kiran Verma,Male,34,Hyderabad,Telangana,Retail
7458,Pooja Reddy,Female,32,Bengaluru,Karnataka,Retail
7459,Pooja Das,Male,45,Kolkata,West Bengal,Corporate
7460,Anita Reddy,Male,64,Chennai,Tamil Nadu,Online
7461,Vikas Verma,Male,36,Kolkata,West Bengal,Corporate
7462,Neha Jain,Male,34,Delhi,Delhi,Corporate
7463,Rahul Gupta,Male,42,Mumbai,Maharashtra,Online
7464,Pooja Jain,Male,42,Ahmedabad,Gujarat,Retail
7465,Amit Jain,Male,60,Chennai,Tamil Nadu,Corporate
7466,Vikas Nair,Female,24,Jaipur,Rajasthan,Corporate
7467,Kiran Reddy,Male,21,Delhi,Delhi,Online
7468,Amit Singh,Female,55,Delhi,Delhi,Online
7469,Kiran Das,Female,65,Chennai,Tamil Nadu,Corporate
7470,Rohit Verma,Male,57,Jaipur,Rajasthan,Corporate
7471,Priya Gupta,Male,52,Hyderabad,Telangana,Corporate
7472,Kiran Reddy,Male,37,Hyderabad,Telangana,Online
7473,Priya Jain,Female,30,Bengaluru,Karnataka,Retail
7474,Amit Reddy,Male,39,Lucknow,Uttar Pradesh,Corporate
7475,Neha Jain,Female,56,Hyderabad,Telangana,Corporate
7476,Anita Reddy,Male,23,Bengaluru,Karnataka,Corporate
7477,Pooja Verma,Male,46,Delhi,Delhi,Retail
7478,Rahul Patel,Male,23,Bengaluru,Karnataka,Online
7479,Rohit Sharma,Female,62,Hyderabad,Telangana,Retail
7480,Sneha Patel,Male,48,Bengaluru,Karnataka,Retail
7481,Rahul Jain,Female,28,Lucknow,Uttar Pradesh,Online
7482,Rohit Singh,Female,23,Kolkata,West Bengal,Retail
7483,Vikas Verma,Female,55,Ahmedabad,Gujarat,Retail
7484,Anita Patel,Female,53,Chennai,Tamil Nadu,Retail
7485,Anita Iyer,Male,61,Bengaluru,Karnataka,Corporate
7486,Priya Nair,Male,20,Mumbai,Maharashtra,Online
7487,Pooja Singh,Male,24,Pune,Maharashtra,Online
7488,Anita Verma,Male,59,Hyderabad,Telangana,Retail
7489,Vikas Gupta,Male,37,Jaipur,Rajasthan,Retail
7490,Pooja Iyer,Female,53,Mumbai,Maharashtra,Retail
7491,Sneha Singh,Male,50,Pune,Maharashtra,Retail
7492,Rahul Patel,Male,33,Mumbai,Maharashtra,Corporate
7493,Vikas Iyer,Male,45,Pune,Maharashtra,Retail
7494,Kiran Das,Female,34,Jaipur,Rajasthan,Retail
7495,Vikas Reddy,Female,61,Delhi,Delhi,Online
7496,Neha Sharma,Female,65,Mumbai,Maharashtra,Retail
7497,Rohit Jain,Female,42,Hyderabad,Telangana,Online
7498,Neha Das,Female,44,Bengaluru,Karnataka,Retail
7499,Pooja Das,Female,47,Kolkata,West Bengal,Corporate
7500,Pooja Singh,Female,48,Hyderabad,Telangana,Online
7501,Rohit Iyer,Female,18,Delhi,Delhi,Retail
7502,Rahul Iyer,Female,59,Bengaluru,Karnataka,Corporate
7503,Amit Nair,Male,40,Delhi,Delhi,Retail
7504,Pooja Singh,Male,30,Bengaluru,Karnataka,Online
7505,Priya Sharma,Female,41,Chennai,Tamil Nadu,Online
7506,Sneha Gupta,Female,34,Kolkata,West Bengal,Corporate
7507,Sneha Nair,Male,49,Delhi,Delhi,Retail
7508,Amit Patel,Male,46,Delhi,Delhi,Corporate
7509,Priya Verma,Female,35,Jaipur,Rajasthan,Corporate
7510,Priya Gupta,Female,54,Ahmedabad,Gujarat,Online
7511,Rohit Sharma,Male,31,Chennai,Tamil Nadu,Online
7512,Amit Gupta,Female,55,Ahmedabad,Gujarat,Corporate
7513,Sneha Nair,Female,38,Jaipur,Rajasthan,Corporate
7514,Anita Iyer,Male,58,Pune,Maharashtra,Online
7515,Vikas Verma,Male,33,Chennai,Tamil Nadu,Online
7516,Anita Iyer,Female,25,Delhi,Delhi,Retail
7517,Vikas Singh,Male,34,Mumbai,Maharashtra,Online
7518,Pooja Sharma,Female,50,Kolkata,West Bengal,Retail
7519,Anita Nair,Male,23,Kolkata,West Bengal,Retail
7520,Neha Das,Female,27,Hyderabad,Telangana,Retail
7521,Rohit Nair,Female,31,Hyderabad,Telangana,Corporate
7522,Anita Nair,Female,43,Bengaluru,Karnataka,Corporate
7523,Anita Reddy,Male,48,Hyderabad,Telangana,Retail
7524,Anita Reddy,Male,47,Kolkata,West Bengal,Online
7525,Pooja Iyer,Female,32,Hyderabad,Telangana,Retail
7526,Pooja Singh,Female,53,Bengaluru,Karnataka,Corporate
7527,Priya Reddy,Male,18,Chennai,Tamil Nadu,Corporate
7528,Pooja Reddy,Male,31,Bengaluru,Karnataka,Online
7529,Vikas Verma,Female,28,Lucknow,Uttar Pradesh,Retail
7530,Priya Iyer,Female,55,Ahmedabad,Gujarat,Retail
7531,Vikas Patel,Male,26,Delhi,Delhi,Corporate
7532,Sneha Gupta,Female,53,Lucknow,Uttar Pradesh,Corporate
7533,Rohit Nair,Male,25,Delhi,Delhi,Retail
7534,Pooja Nair,Male,59,Ahmedabad,Gujarat,Retail
7535,Neha Jain,Female,53,Lucknow,Uttar Pradesh,Corporate
7536,Rohit Nair,Male,63,Hyderabad,Telangana,Online
7537,Vikas Verma,Female,32,Kolkata,West Bengal,Online
7538,Neha Reddy,Male,21,Ahmedabad,Gujarat,Online
7539,Pooja Reddy,Female,51,Hyderabad,Telangana,Corporate
7540,Priya Das,Female,38,Mumbai,Maharashtra,Corporate
7541,Pooja Jain,Male,63,Mumbai,Maharashtra,Corporate
7542,Rahul Patel,Male,50,Kolkata,West Bengal,Online
7543,Rahul Das,Male,58,Pune,Maharashtra,Corporate
7544,Rohit Das,Male,40,Chennai,Tamil Nadu,Corporate
7545,Pooja Gupta,Male,56,Bengaluru,Karnataka,Online
7546,Priya Verma,Female,32,Chennai,Tamil Nadu,Online
7547,Neha Nair,Female,30,Hyderabad,Telangana,Online
7548,Anita Nair,Female,56,Jaipur,Rajasthan,Online
7549,Amit Reddy,Male,25,Mumbai,Maharashtra,Online
7550,Rahul Verma,Female,38,Ahmedabad,Gujarat,Retail
7551,Priya Reddy,Female,19,Ahmedabad,Gujarat,Online
7552,Amit Sharma,Female,25,Hyderabad,Telangana,Online
7553,Pooja Patel,Male,45,Hyderabad,Telangana,Retail
7554,Pooja Verma,Female,41,Kolkata,West Bengal,Corporate
7555,Neha Singh,Male,44,Chennai,Tamil Nadu,Online
7556,Sneha Gupta,Female,51,Lucknow,Uttar Pradesh,Retail
7557,Kiran Nair,Male,27,Mumbai,Maharashtra,Online
7558,Rohit Singh,Male,20,Lucknow,Uttar Pradesh,Retail
7559,Sneha Reddy,Female,22,Bengaluru,Karnataka,Online
7560,Amit Sharma,Male,43,Delhi,Delhi,Retail
7561,Neha Iyer,Female,18,Pune,Maharashtra,Retail
7562,Rohit Das,Male,20,Delhi,Delhi,Online
7563,Vikas Singh,Female,48,Jaipur,Rajasthan,Online
7564,Rohit Jain,Female,65,Hyderabad,Telangana,Corporate
7565,Sneha Reddy,Male,51,Delhi,Delhi,Retail
7566,Amit Patel,Male,50,Delhi,Delhi,Retail
7567,Vikas Verma,Male,37,Bengaluru,Karnataka,Online
7568,Rohit Reddy,Male,64,Hyderabad,Telangana,Corporate
7569,Anita Patel,Female,55,Jaipur,Rajasthan,Online
7570,Rohit Jain,Male,48,Kolkata,West Bengal,Corporate
7571,Sneha Nair,Male,48,Delhi,Delhi,Online
7572,Neha Reddy,Male,37,Delhi,Delhi,Corporate
7573,Kiran Verma,Male,32,Jaipur,Rajasthan,Online
7574,Amit Nair,Female,52,Ahmedabad,Gujarat,Retail
7575,Pooja Reddy,Male,57,Kolkata,West Bengal,Corporate
7576,Sneha Iyer,Female,22,Jaipur,Rajasthan,Online
7577,Vikas Iyer,Male,63,Lucknow,Uttar Pradesh,Online
7578,Rahul Verma,Female,40,Pune,Maharashtra,Retail
7579,Neha Jain,Female,42,Delhi,Delhi,Corporate
7580,Sneha Gupta,Male,59,Chennai,Tamil Nadu,Corporate
7581,Anita Verma,Female,61,Lucknow,Uttar Pradesh,Retail
7582,Rohit Patel,Male,60,Pune,Maharashtra,Retail
7583,Amit Verma,Male,50,Pune,Maharashtra,Corporate
7584,Amit Iyer,Female,62,Ahmedabad,Gujarat,Corporate
7585,Rohit Patel,Male,44,Lucknow,Uttar Pradesh,Online
7586,Sneha Gupta,Male,49,Pune,Maharashtra,Online
7587,Kiran Iyer,Female,32,Bengaluru,Karnataka,Corporate
7588,Rahul Das,Male,65,Chennai,Tamil Nadu,Corporate
7589,Priya Verma,Male,36,Hyderabad,Telangana,Retail
7590,Rohit Singh,Female,46,Pune,Maharashtra,Corporate
7591,Amit Jain,Male,52,Ahmedabad,Gujarat,Retail
7592,Anita Singh,Male,41,Hyderabad,Telangana,Corporate
7593,Sneha Patel,Male,37,Chennai,Tamil Nadu,Retail
7594,Amit Gupta,Male,38,Pune,Maharashtra,Online
7595,Neha Sharma,Male,30,Hyderabad,Telangana,Corporate
7596,Rahul Singh,Male,54,Mumbai,Maharashtra,Retail
7597,Rohit Nair,Female,51,Pune,Maharashtra,Retail
7598,Neha Patel,Male,64,Mumbai,Maharashtra,Corporate
7599,Rahul Verma,Male,65,Ahmedabad,Gujarat,Corporate
7600,Neha Das,Female,58,Kolkata,West Bengal,Retail
7601,Anita Reddy,Female,34,Jaipur,Rajasthan,Online
7602,Priya Gupta,Female,35,Delhi,Delhi,Online
7603,Amit Jain,Male,31,Mumbai,Maharashtra,Corporate
7604,Rahul Sharma,Female,21,Bengaluru,Karnataka,Retail
7605,Rahul Jain,Male,33,Mumbai,Maharashtra,Online
7606,Rahul Nair,Male,53,Chennai,Tamil Nadu,Online
7607,Priya Das,Male,28,Pune,Maharashtra,Online
7608,Sneha Verma,Female,27,Mumbai,Maharashtra,Corporate
7609,Rohit Verma,Female,52,Pune,Maharashtra,Corporate
7610,Rohit Das,Female,34,Mumbai,Maharashtra,Online
7611,Vikas Patel,Female,32,Chennai,Tamil Nadu,Corporate
7612,Rohit Das,Female,50,Mumbai,Maharashtra,Retail
7613,Neha Patel,Female,45,Ahmedabad,Gujarat,Online
7614,Pooja Verma,Female,46,Lucknow,Uttar Pradesh,Corporate
7615,Pooja Sharma,Male,27,Lucknow,Uttar Pradesh,Online
7616,Sneha Singh,Male,18,Pune,Maharashtra,Retail
7617,Sneha Verma,Female,49,Hyderabad,Telangana,Retail
7618,Rahul Patel,Female,21,Pune,Maharashtra,Corporate
7619,Neha Sharma,Female,49,Ahmedabad,Gujarat,Online
7620,Vikas Patel,Male,60,Pune,Maharashtra,Retail
7621,Sneha Singh,Male,33,Lucknow,Uttar Pradesh,Corporate
7622,Vikas Singh,Female,40,Delhi,Delhi,Retail
7623,Anita Nair,Female,50,Lucknow,Uttar Pradesh,Retail
7624,Priya Das,Male,25,Bengaluru,Karnataka,Online
7625,Amit Reddy,Female,22,Pune,Maharashtra,Corporate
7626,Rohit Verma,Female,27,Hyderabad,Telangana,Online
7627,Vikas Singh,Female,47,Delhi,Delhi,Online
7628,Rahul Sharma,Male,26,Delhi,Delhi,Corporate
7629,Sneha Patel,Female,27,Kolkata,West Bengal,Retail
7630,Rahul Singh,Male,45,Ahmedabad,Gujarat,Corporate
7631,Amit Iyer,Male,41,Bengaluru,Karnataka,Online
7632,Pooja Gupta,Female,54,Lucknow,Uttar Pradesh,Corporate
7633,Kiran Sharma,Female,64,Ahmedabad,Gujarat,Online
7634,Sneha Nair,Female,53,Ahmedabad,Gujarat,Corporate
7635,Rahul Patel,Male,24,Pune,Maharashtra,Retail
7636,Rohit Patel,Male,24,Mumbai,Maharashtra,Corporate
7637,Anita Nair,Female,41,Hyderabad,Telangana,Retail
7638,Neha Gupta,Male,46,Bengaluru,Karnataka,Corporate
7639,Rahul Verma,Female,63,Jaipur,Rajasthan,Online
7640,Anita Das,Male,27,Pune,Maharashtra,Corporate
7641,Sneha Das,Male,45,Mumbai,Maharashtra,Online
7642,Anita Iyer,Male,37,Hyderabad,Telangana,Corporate
7643,Sneha Nair,Male,63,Kolkata,West Bengal,Corporate
7644,Anita Sharma,Female,37,Jaipur,Rajasthan,Online
7645,Neha Patel,Male,53,Lucknow,Uttar Pradesh,Corporate
7646,Sneha Iyer,Female,49,Lucknow,Uttar Pradesh,Online
7647,Vikas Sharma,Male,39,Chennai,Tamil Nadu,Online
7648,Vikas Sharma,Male,63,Chennai,Tamil Nadu,Retail
7649,Anita Sharma,Male,53,Mumbai,Maharashtra,Online
7650,Rahul Verma,Male,52,Jaipur,Rajasthan,Corporate
7651,Anita Das,Female,30,Ahmedabad,Gujarat,Retail
7652,Pooja Das,Male,21,Lucknow,Uttar Pradesh,Online
7653,Rahul Verma,Female,26,Mumbai,Maharashtra,Online
7654,Kiran Iyer,Male,28,Chennai,Tamil Nadu,Corporate
7655,Pooja Iyer,Female,21,Jaipur,Rajasthan,Corporate
7656,Vikas Sharma,Female,55,Ahmedabad,Gujarat,Corporate
7657,Kiran Singh,Male,59,Jaipur,Rajasthan,Corporate
7658,Kiran Das,Male,58,Lucknow,Uttar Pradesh,Online
7659,Rahul Reddy,Male,53,Chennai,Tamil Nadu,Online
7660,Kiran Nair,Female,42,Ahmedabad,Gujarat,Online
7661,Pooja Singh,Male,48,Chennai,Tamil Nadu,Online
7662,Priya Jain,Female,33,Mumbai,Maharashtra,Retail
7663,Kiran Das,Female,55,Chennai,Tamil Nadu,Online
7664,Amit Patel,Male,30,Delhi,Delhi,Retail
7665,Priya Nair,Male,46,Jaipur,Rajasthan,Online
7666,Sneha Jain,Female,23,Bengaluru,Karnataka,Online
7667,Rohit Sharma,Female,47,Mumbai,Maharashtra,Online
7668,Rohit Nair,Male,22,Pune,Maharashtra,Retail
7669,Rohit Patel,Female,30,Lucknow,Uttar Pradesh,Corporate
7670,Rohit Nair,Male,64,Pune,Maharashtra,Corporate
7671,Sneha Singh,Male,33,Delhi,Delhi,Retail
7672,Priya Sharma,Male,51,Hyderabad,Telangana,Online
7673,Priya Singh,Male,58,Mumbai,Maharashtra,Retail
7674,Amit Jain,Male,18,Jaipur,Rajasthan,Corporate
7675,Priya Sharma,Female,21,Bengaluru,Karnataka,Corporate
7676,Rahul Jain,Male,20,Hyderabad,Telangana,Online
7677,Rahul Sharma,Male,30,Pune,Maharashtra,Online
7678,Kiran Iyer,Male,60,Lucknow,Uttar Pradesh,Retail
7679,Priya Das,Female,43,Lucknow,Uttar Pradesh,Retail
7680,Rohit Verma,Female,65,Chennai,Tamil Nadu,Online
7681,Amit Das,Female,42,Hyderabad,Telangana,Retail
7682,Neha Iyer,Female,26,Mumbai,Maharashtra,Retail
7683,Amit Singh,Male,54,Delhi,Delhi,Retail
7684,Pooja Reddy,Male,61,Chennai,Tamil Nadu,Retail
7685,Rohit Gupta,Male,44,Hyderabad,Telangana,Online
7686,Sneha Jain,Female,64,Jaipur,Rajasthan,Retail
7687,Pooja Patel,Female,18,Bengaluru,Karnataka,Retail
7688,Vikas Jain,Female,53,Jaipur,Rajasthan,Retail
7689,Amit Jain,Female,49,Hyderabad,Telangana,Online
7690,Neha Nair,Male,31,Lucknow,Uttar Pradesh,Corporate
7691,Sneha Gupta,Female,30,Delhi,Delhi,Online
7692,Neha Singh,Male,37,Kolkata,West Bengal,Online
7693,Priya Nair,Female,52,Chennai,Tamil Nadu,Retail
7694,Pooja Gupta,Female,20,Ahmedabad,Gujarat,Corporate
7695,Pooja Gupta,Female,59,Bengaluru,Karnataka,Retail
7696,Rahul Gupta,Female,39,Chennai,Tamil Nadu,Online
7697,Amit Jain,Male,20,Kolkata,West Bengal,Online
7698,Anita Das,Female,39,Kolkata,West Bengal,Corporate
7699,Sneha Iyer,Female,44,Jaipur,Rajasthan,Online
7700,Rahul Gupta,Male,37,Chennai,Tamil Nadu,Online
7701,Anita Verma,Female,49,Pune,Maharashtra,Corporate
7702,Rahul Das,Male,20,Bengaluru,Karnataka,Corporate
7703,Neha Reddy,Female,61,Ahmedabad,Gujarat,Corporate
7704,Kiran Patel,Male,54,Hyderabad,Telangana,Corporate
7705,Anita Sharma,Male,60,Lucknow,Uttar Pradesh,Retail
7706,Amit Iyer,Female,45,Kolkata,West Bengal,Corporate
7707,Sneha Jain,Male,61,Lucknow,Uttar Pradesh,Online
7708,Priya Gupta,Male,35,Kolkata,West Bengal,Retail
7709,Kiran Iyer,Male,31,Ahmedabad,Gujarat,Corporate
7710,Pooja Gupta,Male,35,Chennai,Tamil Nadu,Corporate
7711,Rohit Reddy,Male,56,Hyderabad,Telangana,Corporate
7712,Kiran Gupta,Male,61,Kolkata,West Bengal,Online
7713,Kiran Jain,Male,57,Chennai,Tamil Nadu,Online
7714,Sneha Das,Male,34,Lucknow,Uttar Pradesh,Corporate
7715,Rohit Jain,Male,47,Jaipur,Rajasthan,Corporate
7716,Vikas Gupta,Female,37,Hyderabad,Telangana,Retail
7717,Neha Patel,Male,48,Bengaluru,Karnataka,Corporate
7718,Rohit Singh,Male,28,Bengaluru,Karnataka,Online
7719,Neha Jain,Male,25,Pune,Maharashtra,Corporate
7720,Amit Verma,Male,35,Bengaluru,Karnataka,Retail
7721,Priya Iyer,Male,19,Hyderabad,Telangana,Retail
7722,Priya Nair,Male,60,Mumbai,Maharashtra,Retail
7723,Rahul Iyer,Male,56,Chennai,Tamil Nadu,Corporate
7724,Amit Singh,Female,43,Mumbai,Maharashtra,Retail
7725,Amit Reddy,Male,23,Chennai,Tamil Nadu,Online
7726,Vikas Verma,Male,35,Kolkata,West Bengal,Online
7727,Neha Jain,Female,63,Bengaluru,Karnataka,Retail
7728,Pooja Sharma,Male,59,Jaipur,Rajasthan,Corporate
7729,Vikas Sharma,Male,18,Ahmedabad,Gujarat,Corporate
7730,Pooja Gupta,Female,36,Delhi,Delhi,Online
7731,Anita Nair,Male,43,Pune,Maharashtra,Corporate
7732,Rohit Patel,Male,18,Jaipur,Rajasthan,Corporate
7733,Pooja Singh,Female,21,Pune,Maharashtra,Retail
7734,Anita Das,Female,60,Kolkata,West Bengal,Online
7735,Neha Iyer,Female,30,Ahmedabad,Gujarat,Online
7736,Neha Sharma,Male,32,Jaipur,Rajasthan,Corporate
7737,Rohit Das,Female,36,Mumbai,Maharashtra,Retail
7738,Priya Jain,Male,56,Lucknow,Uttar Pradesh,Retail
7739,Sneha Nair,Male,32,Hyderabad,Telangana,Retail
7740,Kiran Gupta,Female,20,Kolkata,West Bengal,Corporate
7741,Kiran Sharma,Male,34,Pune,Maharashtra,Corporate
7742,Anita Gupta,Female,22,Chennai,Tamil Nadu,Corporate
7743,Vikas Gupta,Male,21,Delhi,Delhi,Retail
7744,Rahul Singh,Female,21,Ahmedabad,Gujarat,Corporate
7745,Sneha Verma,Male,60,Kolkata,West Bengal,Retail
7746,Rohit Nair,Male,49,Jaipur,Rajasthan,Retail
7747,Priya Singh,Female,58,Mumbai,Maharashtra,Retail
7748,Amit Nair,Male,20,Chennai,Tamil Nadu,Corporate
7749,Kiran Sharma,Female,32,Jaipur,Rajasthan,Corporate
7750,Priya Jain,Male,28,Jaipur,Rajasthan,Corporate
7751,Amit Nair,Female,21,Bengaluru,Karnataka,Corporate
7752,Rohit Jain,Male,62,Kolkata,West Bengal,Retail
7753,Vikas Reddy,Male,55,Delhi,Delhi,Retail
7754,Vikas Nair,Female,62,Delhi,Delhi,Retail
7755,Priya Sharma,Female,38,Mumbai,Maharashtra,Online
7756,Sneha Gupta,Male,25,Lucknow,Uttar Pradesh,Online
7757,Neha Singh,Female,44,Ahmedabad,Gujarat,Corporate
7758,Anita Patel,Female,51,Pune,Maharashtra,Online
7759,Pooja Nair,Male,25,Jaipur,Rajasthan,Corporate
7760,Vikas Verma,Male,59,Jaipur,Rajasthan,Corporate
7761,Rohit Verma,Male,63,Kolkata,West Bengal,Retail
7762,Amit Singh,Male,47,Ahmedabad,Gujarat,Corporate
7763,Rohit Nair,Female,64,Jaipur,Rajasthan,Online
7764,Vikas Sharma,Male,47,Mumbai,Maharashtra,Retail
7765,Sneha Verma,Female,53,Bengaluru,Karnataka,Corporate
7766,Priya Reddy,Female,47,Mumbai,Maharashtra,Retail
7767,Kiran Das,Female,36,Kolkata,West Bengal,Online
7768,Pooja Iyer,Male,35,Hyderabad,Telangana,Corporate
7769,Priya Iyer,Male,51,Pune,Maharashtra,Corporate
7770,Amit Patel,Male,30,Pune,Maharashtra,Corporate
7771,Sneha Sharma,Female,46,Chennai,Tamil Nadu,Corporate
7772,Kiran Gupta,Female,38,Bengaluru,Karnataka,Retail
7773,Neha Nair,Male,40,Mumbai,Maharashtra,Online
7774,Neha Iyer,Female,56,Hyderabad,Telangana,Corporate
7775,Priya Gupta,Male,60,Delhi,Delhi,Retail
7776,Anita Patel,Female,32,Jaipur,Rajasthan,Online
7777,Neha Verma,Female,55,Hyderabad,Telangana,Corporate
7778,Neha Iyer,Female,63,Lucknow,Uttar Pradesh,Retail
7779,Rahul Jain,Female,37,Ahmedabad,Gujarat,Retail
7780,Sneha Singh,Male,61,Bengaluru,Karnataka,Retail
7781,Pooja Verma,Female,44,Mumbai,Maharashtra,Retail
7782,Rahul Nair,Female,27,Bengaluru,Karnataka,Online
7783,Kiran Gupta,Female,56,Jaipur,Rajasthan,Corporate
7784,Vikas Iyer,Male,46,Jaipur,Rajasthan,Retail
7785,Amit Nair,Male,29,Pune,Maharashtra,Retail
7786,Kiran Verma,Male,63,Jaipur,Rajasthan,Retail
7787,Priya Patel,Male,55,Kolkata,West Bengal,Online
7788,Neha Singh,Female,41,Jaipur,Rajasthan,Retail
7789,Amit Reddy,Male,49,Ahmedabad,Gujarat,Corporate
7790,Rohit Das,Female,42,Hyderabad,Telangana,Corporate
7791,Amit Reddy,Female,58,Bengaluru,Karnataka,Online
7792,Amit Nair,Female,48,Delhi,Delhi,Retail
7793,Rahul Iyer,Male,37,Delhi,Delhi,Online
7794,Vikas Jain,Female,36,Lucknow,Uttar Pradesh,Corporate
7795,Kiran Gupta,Female,60,Mumbai,Maharashtra,Corporate
7796,Pooja Das,Male,46,Kolkata,West Bengal,Corporate
7797,Rahul Reddy,Female,56,Jaipur,Rajasthan,Retail
7798,Pooja Verma,Male,20,Ahmedabad,Gujarat,Online
7799,Sneha Singh,Female,20,Ahmedabad,Gujarat,Corporate
7800,Sneha Reddy,Female,63,Hyderabad,Telangana,Online
7801,Sneha Sharma,Male,56,Delhi,Delhi,Corporate
7802,Rohit Nair,Male,39,Delhi,Delhi,Corporate
7803,Rohit Singh,Male,45,Ahmedabad,Gujarat,Online
7804,Rahul Singh,Male,56,Kolkata,West Bengal,Retail
7805,Priya Jain,Male,44,Mumbai,Maharashtra,Corporate
7806,Kiran Singh,Male,22,Delhi,Delhi,Corporate
7807,Kiran Nair,Male,57,Chennai,Tamil Nadu,Retail
7808,Anita Nair,Female,26,Ahmedabad,Gujarat,Online
7809,Anita Das,Male,26,Lucknow,Uttar Pradesh,Corporate
7810,Rohit Das,Male,21,Pune,Maharashtra,Online
7811,Amit Gupta,Male,40,Hyderabad,Telangana,Online
7812,Rahul Reddy,Male,20,Pune,Maharashtra,Retail
7813,Kiran Gupta,Male,61,Bengaluru,Karnataka,Online
7814,Anita Gupta,Female,47,Mumbai,Maharashtra,Retail
7815,Vikas Jain,Male,40,Hyderabad,Telangana,Corporate
7816,Rahul Jain,Female,52,Pune,Maharashtra,Retail
7817,Priya Das,Female,31,Mumbai,Maharashtra,Corporate
7818,Kiran Iyer,Female,51,Jaipur,Rajasthan,Retail
7819,Anita Reddy,Female,29,Lucknow,Uttar Pradesh,Corporate
7820,Rahul Reddy,Male,27,Jaipur,Rajasthan,Retail
7821,Priya Sharma,Female,47,Pune,Maharashtra,Corporate
7822,Priya Sharma,Male,64,Pune,Maharashtra,Corporate
7823,Kiran Singh,Female,30,Pune,Maharashtra,Online
7824,Kiran Gupta,Male,48,Lucknow,Uttar Pradesh,Corporate
7825,Priya Verma,Female,57,Bengaluru,Karnataka,Online
7826,Vikas Patel,Male,40,Ahmedabad,Gujarat,Retail
7827,Rahul Iyer,Female,43,Delhi,Delhi,Online
7828,Sneha Jain,Female,19,Jaipur,Rajasthan,Corporate
7829,Kiran Das,Male,55,Ahmedabad,Gujarat,Retail
7830,Sneha Sharma,Male,21,Bengaluru,Karnataka,Online
7831,Anita Gupta,Male,38,Chennai,Tamil Nadu,Online
7832,Vikas Verma,Male,38,Hyderabad,Telangana,Retail
7833,Rohit Verma,Male,42,Kolkata,West Bengal,Corporate
7834,Priya Patel,Female,32,Mumbai,Maharashtra,Online
7835,Pooja Das,Male,65,Kolkata,West Bengal,Corporate
7836,Sneha Sharma,Female,35,Kolkata,West Bengal,Online
7837,Kiran Nair,Male,64,Lucknow,Uttar Pradesh,Online
7838,Kiran Das,Male,43,Chennai,Tamil Nadu,Online
7839,Vikas Das,Female,53,Chennai,Tamil Nadu,Online
7840,Anita Patel,Female,24,Kolkata,West Bengal,Retail
7841,Amit Verma,Male,57,Lucknow,Uttar Pradesh,Retail
7842,Vikas Patel,Female,41,Chennai,Tamil Nadu,Retail
7843,Rohit Iyer,Male,57,Hyderabad,Telangana,Online
7844,Pooja Iyer,Male,31,Chennai,Tamil Nadu,Corporate
7845,Vikas Das,Female,31,Chennai,Tamil Nadu,Online
7846,Priya Gupta,Female,45,Chennai,Tamil Nadu,Corporate
7847,Priya Reddy,Female,45,Bengaluru,Karnataka,Corporate
7848,Anita Jain,Female,34,Mumbai,Maharashtra,Retail
7849,Amit Iyer,Female,45,Mumbai,Maharashtra,Online
7850,Kiran Singh,Female,55,Chennai,Tamil Nadu,Retail
7851,Pooja Gupta,Female,39,Mumbai,Maharashtra,Retail
7852,Anita Sharma,Male,47,Ahmedabad,Gujarat,Retail
7853,Vikas Verma,Female,28,Pune,Maharashtra,Corporate
7854,Amit Sharma,Male,23,Jaipur,Rajasthan,Online
7855,Amit Nair,Male,43,Pune,Maharashtra,Corporate
7856,Sneha Sharma,Male,62,Bengaluru,Karnataka,Corporate
7857,Rahul Reddy,Female,52,Mumbai,Maharashtra,Corporate
7858,Anita Jain,Female,39,Mumbai,Maharashtra,Online
7859,Kiran Patel,Male,18,Pune,Maharashtra,Online
7860,Amit Singh,Female,28,Mumbai,Maharashtra,Retail
7861,Anita Gupta,Female,34,Hyderabad,Telangana,Retail
7862,Pooja Gupta,Female,41,Chennai,Tamil Nadu,Retail
7863,Rahul Gupta,Female,23,Pune,Maharashtra,Retail
7864,Rohit Jain,Male,31,Bengaluru,Karnataka,Retail
7865,Kiran Verma,Female,48,Bengaluru,Karnataka,Corporate
7866,Vikas Sharma,Male,62,Bengaluru,Karnataka,Retail
7867,Anita Das,Female,26,Bengaluru,Karnataka,Corporate
7868,Priya Sharma,Male,52,Ahmedabad,Gujarat,Online
7869,Priya Singh,Male,23,Ahmedabad,Gujarat,Retail
7870,Vikas Singh,Female,23,Kolkata,West Bengal,Corporate
7871,Rahul Iyer,Female,43,Mumbai,Maharashtra,Corporate
7872,Rohit Gupta,Female,53,Kolkata,West Bengal,Retail
7873,Amit Iyer,Male,45,Ahmedabad,Gujarat,Retail
7874,Pooja Jain,Female,24,Mumbai,Maharashtra,Online
7875,Rahul Nair,Male,27,Jaipur,Rajasthan,Online
7876,Kiran Das,Male,30,Chennai,Tamil Nadu,Retail
7877,Rohit Jain,Male,30,Jaipur,Rajasthan,Corporate
7878,Priya Jain,Male,21,Mumbai,Maharashtra,Corporate
7879,Amit Das,Male,34,Kolkata,West Bengal,Corporate
7880,Vikas Reddy,Female,59,Ahmedabad,Gujarat,Retail
7881,Rohit Nair,Male,19,Kolkata,West Bengal,Corporate
7882,Rohit Iyer,Female,55,Chennai,Tamil Nadu,Corporate
7883,Pooja Sharma,Male,62,Delhi,Delhi,Retail
7884,Amit Gupta,Female,27,Delhi,Delhi,Retail
7885,Rohit Verma,Female,32,Delhi,Delhi,Retail
7886,Neha Iyer,Male,46,Kolkata,West Bengal,Retail
7887,Kiran Jain,Male,40,Kolkata,West Bengal,Corporate
7888,Vikas Patel,Male,26,Kolkata,West Bengal,Retail
7889,Sneha Das,Male,47,Pune,Maharashtra,Corporate
7890,Neha Verma,Female,23,Chennai,Tamil Nadu,Corporate
7891,Kiran Singh,Female,60,Jaipur,Rajasthan,Online
7892,Pooja Nair,Male,23,Delhi,Delhi,Corporate
7893,Neha Sharma,Male,55,Kolkata,West Bengal,Corporate
7894,Anita Iyer,Female,59,Mumbai,Maharashtra,Online
7895,Anita Gupta,Female,51,Lucknow,Uttar Pradesh,Online
7896,Priya Reddy,Male,49,Kolkata,West Bengal,Retail
7897,Kiran Reddy,Male,22,Hyderabad,Telangana,Corporate
7898,Sneha Singh,Male,21,Lucknow,Uttar Pradesh,Retail
7899,Anita Nair,Male,20,Chennai,Tamil Nadu,Online
7900,Rohit Jain,Female,27,Jaipur,Rajasthan,Online
7901,Rohit Gupta,Male,40,Hyderabad,Telangana,Online
7902,Kiran Das,Male,62,Jaipur,Rajasthan,Retail
7903,Rahul Nair,Female,64,Mumbai,Maharashtra,Corporate
7904,Sneha Sharma,Male,35,Delhi,Delhi,Online
7905,Kiran Gupta,Male,64,Delhi,Delhi,Retail
7906,Pooja Patel,Female,28,Lucknow,Uttar Pradesh,Online
7907,Sneha Jain,Female,50,Delhi,Delhi,Online
7908,Rohit Nair,Male,62,Kolkata,West Bengal,Corporate
7909,Kiran Patel,Male,24,Jaipur,Rajasthan,Corporate
7910,Vikas Gupta,Male,37,Kolkata,West Bengal,Corporate
7911,Neha Nair,Male,40,Pune,Maharashtra,Retail
7912,Rahul Iyer,Male,45,Chennai,Tamil Nadu,Online
7913,Vikas Patel,Male,54,Jaipur,Rajasthan,Retail
7914,Sneha Patel,Male,59,Kolkata,West Bengal,Corporate
7915,Priya Singh,Male,49,Pune,Maharashtra,Online
7916,Rahul Nair,Male,32,Lucknow,Uttar Pradesh,Corporate
7917,Sneha Nair,Male,41,Delhi,Delhi,Retail
7918,Priya Sharma,Female,47,Delhi,Delhi,Corporate
7919,Amit Patel,Female,27,Ahmedabad,Gujarat,Online
7920,Pooja Gupta,Female,40,Chennai,Tamil Nadu,Corporate
7921,Anita Reddy,Female,27,Kolkata,West Bengal,Retail
7922,Rahul Das,Male,61,Kolkata,West Bengal,Online
7923,Rohit Patel,Male,24,Hyderabad,Telangana,Corporate
7924,Rohit Singh,Male,59,Bengaluru,Karnataka,Corporate
7925,Sneha Patel,Female,55,Lucknow,Uttar Pradesh,Online
7926,Kiran Singh,Male,64,Ahmedabad,Gujarat,Online
7927,Rohit Gupta,Male,35,Ahmedabad,Gujarat,Corporate
7928,Vikas Das,Female,57,Bengaluru,Karnataka,Online
7929,Rohit Patel,Female,56,Hyderabad,Telangana,Retail
7930,Vikas Gupta,Male,39,Chennai,Tamil Nadu,Retail
7931,Amit Reddy,Female,55,Ahmedabad,Gujarat,Corporate
7932,Neha Iyer,Female,34,Delhi,Delhi,Retail
7933,Vikas Iyer,Female,56,Hyderabad,Telangana,Corporate
7934,Sneha Singh,Female,19,Mumbai,Maharashtra,Retail
7935,Rahul Das,Female,29,Kolkata,West Bengal,Retail
7936,Neha Verma,Male,61,Mumbai,Maharashtra,Corporate
7937,Amit Nair,Male,22,Kolkata,West Bengal,Corporate
7938,Neha Gupta,Male,34,Chennai,Tamil Nadu,Corporate
7939,Anita Singh,Male,64,Hyderabad,Telangana,Retail
7940,Amit Singh,Female,36,Ahmedabad,Gujarat,Corporate
7941,Neha Iyer,Female,41,Delhi,Delhi,Corporate
7942,Pooja Verma,Female,57,Chennai,Tamil Nadu,Retail
7943,Neha Jain,Female,42,Pune,Maharashtra,Corporate
7944,Sneha Patel,Female,37,Mumbai,Maharashtra,Retail
7945,Sneha Singh,Male,25,Ahmedabad,Gujarat,Corporate
7946,Amit Reddy,Female,24,Lucknow,Uttar Pradesh,Corporate
7947,Amit Reddy,Male,39,Pune,Maharashtra,Corporate
7948,Anita Nair,Male,60,Bengaluru,Karnataka,Corporate
7949,Amit Reddy,Male,55,Ahmedabad,Gujarat,Online
7950,Kiran Patel,Male,32,Hyderabad,Telangana,Retail
7951,Vikas Nair,Female,52,Bengaluru,Karnataka,Online
7952,Rohit Gupta,Male,57,Mumbai,Maharashtra,Corporate
7953,Rahul Jain,Female,18,Chennai,Tamil Nadu,Corporate
7954,Vikas Das,Female,41,Kolkata,West Bengal,Online
7955,Anita Reddy,Female,47,Bengaluru,Karnataka,Retail
7956,Pooja Sharma,Female,42,Pune,Maharashtra,Corporate
7957,Vikas Nair,Female,37,Ahmedabad,Gujarat,Online
7958,Amit Sharma,Female,26,Mumbai,Maharashtra,Online
7959,Anita Iyer,Female,35,Pune,Maharashtra,Retail
7960,Rahul Nair,Female,24,Kolkata,West Bengal,Retail
7961,Vikas Iyer,Female,37,Ahmedabad,Gujarat,Corporate
7962,Pooja Patel,Female,26,Pune,Maharashtra,Online
7963,Pooja Das,Female,43,Kolkata,West Bengal,Retail
7964,Anita Patel,Male,28,Kolkata,West Bengal,Online
7965,Anita Sharma,Male,62,Jaipur,Rajasthan,Retail
7966,Anita Iyer,Male,57,Ahmedabad,Gujarat,Corporate
7967,Priya Iyer,Female,20,Kolkata,West Bengal,Online
7968,Sneha Verma,Female,47,Delhi,Delhi,Online
7969,Neha Iyer,Female,51,Kolkata,West Bengal,Corporate
7970,Rahul Verma,Female,45,Delhi,Delhi,Retail
7971,Rohit Reddy,Male,64,Chennai,Tamil Nadu,Online
7972,Rohit Jain,Male,26,Delhi,Delhi,Online
7973,Anita Das,Male,49,Jaipur,Rajasthan,Online
7974,Anita Reddy,Female,28,Mumbai,Maharashtra,Online
7975,Priya Sharma,Male,59,Lucknow,Uttar Pradesh,Retail
7976,Rahul Iyer,Male,24,Chennai,Tamil Nadu,Online
7977,Rohit Singh,Female,40,Kolkata,West Bengal,Retail
7978,Amit Gupta,Female,43,Delhi,Delhi,Corporate
7979,Kiran Jain,Female,51,Pune,Maharashtra,Corporate
7980,Anita Das,Female,50,Lucknow,Uttar Pradesh,Retail
7981,Rohit Sharma,Male,30,Pune,Maharashtra,Online
7982,Rohit Das,Male,64,Kolkata,West Bengal,Online
7983,Vikas Iyer,Male,23,Bengaluru,Karnataka,Retail
7984,Vikas Das,Male,59,Chennai,Tamil Nadu,Corporate
7985,Amit Singh,Female,51,Hyderabad,Telangana,Corporate
7986,Sneha Reddy,Male,28,Kolkata,West Bengal,Corporate
7987,Kiran Sharma,Female,45,Chennai,Tamil Nadu,Corporate
7988,Sneha Nair,Female,31,Mumbai,Maharashtra,Online
7989,Vikas Gupta,Female,18,Jaipur,Rajasthan,Online
7990,Sneha Gupta,Female,20,Pune,Maharashtra,Online
7991,Sneha Das,Female,52,Delhi,Delhi,Online
7992,Amit Verma,Female,59,Ahmedabad,Gujarat,Retail
7993,Pooja Patel,Female,18,Chennai,Tamil Nadu,Retail
7994,Neha Patel,Male,30,Chennai,Tamil Nadu,Corporate
7995,Rahul Reddy,Male,31,Hyderabad,Telangana,Online
7996,Priya Jain,Male,42,Ahmedabad,Gujarat,Online
7997,Sneha Patel,Female,65,Pune,Maharashtra,Online
7998,Anita Jain,Female,43,Delhi,Delhi,Retail
7999,Vikas Verma,Female,29,Kolkata,West Bengal,Retail
