OrderID,OrderDate,CustomerID,ProductID,StoreID,Quantity,Discount
900000,02-03-2026,6585,1075,203,3,50
900001,09-04-2026,6206,1053,200,1,1000
900002,07-02-2026,5595,1082,218,8,500
900003,10-01-2026,7835,1023,200,2,0
900004,19-01-2026,7621,1031,212,6,100
900005,09-06-2026,6317,1055,204,8,50
900006,23-05-2026,6572,1028,221,9,200
900007,27-05-2026,5037,1097,211,9,50
900008,29-01-2026,6381,1043,211,5,100
900009,07-02-2026,7824,1072,219,3,50
900010,22-01-2026,7628,1030,211,10,500
900011,25-02-2026,5603,1097,219,6,500
900012,24-01-2026,5569,1047,200,8,50
900013,19-01-2026,5913,1070,206,3,0
900014,04-04-2026,5391,1070,204,10,500
900015,16-02-2026,7421,1005,208,4,50
900016,20-03-2026,6010,1041,209,4,100
900017,23-05-2026,7420,1056,218,6,100
900018,15-06-2026,5111,1045,218,6,500
900019,03-06-2026,6383,1026,213,10,1000
900020,20-05-2026,5179,1078,216,6,1000
900021,13-01-2026,6778,1039,224,1,0
900022,12-04-2026,5464,1098,215,10,200
900023,15-06-2026,5339,1095,201,2,0
900024,07-05-2026,5641,1054,204,5,1000
900025,24-01-2026,7210,1006,213,6,50
900026,24-01-2026,5242,1076,209,10,100
900027,04-03-2026,6424,1081,223,3,200
900028,17-03-2026,6318,1033,206,2,50
900029,03-01-2026,6850,1081,203,4,200
900030,09-05-2026,6143,1098,204,6,500
900031,09-01-2026,7287,1021,224,3,1000
900032,21-06-2026,7076,1069,216,4,500
900033,08-03-2026,6761,1070,209,4,1000
900034,07-05-2026,5873,1097,206,1,100
900035,10-01-2026,7261,1003,215,10,50
900036,27-02-2026,6804,1099,200,8,50
900037,30-05-2026,5581,1027,215,9,100
900038,17-03-2026,6161,1002,211,10,0
900039,05-04-2026,6145,1084,213,10,50
900040,22-02-2026,6015,1008,224,3,0
900041,12-03-2026,7810,1057,210,3,100
900042,08-04-2026,5818,1052,205,8,1000
900043,10-04-2026,5503,1032,219,4,100
900044,28-05-2026,7471,1034,202,10,200
900045,24-03-2026,5819,1041,224,10,100
900046,01-06-2026,5511,1085,203,3,200
900047,02-03-2026,7862,1027,211,4,200
900048,11-06-2026,6352,1047,206,10,500
900049,25-04-2026,7595,1045,221,2,100
900050,29-01-2026,6919,1058,203,1,0
900051,09-01-2026,6924,1092,221,5,500
900052,06-01-2026,5579,1025,218,2,50
900053,23-04-2026,7784,1009,209,4,100
900054,06-04-2026,7053,1088,224,9,1000
900055,27-05-2026,6939,1096,217,6,50
900056,17-01-2026,5562,1073,207,6,500
900057,30-01-2026,5899,1001,219,8,50
900058,10-04-2026,5474,1017,208,6,1000
900059,04-05-2026,6603,1094,218,8,200
900060,18-02-2026,5689,1083,201,7,500
900061,17-02-2026,6104,1040,209,4,0
900062,16-04-2026,5087,1093,213,3,100
900063,05-06-2026,6673,1022,209,6,500
900064,06-05-2026,7152,1091,208,7,1000
900065,05-04-2026,5725,1089,221,3,200
900066,20-03-2026,5268,1081,201,10,500
900067,19-01-2026,6089,1055,220,6,500
900068,02-01-2026,5633,1017,213,6,100
900069,30-01-2026,5303,1093,210,1,1000
900070,12-03-2026,5138,1028,222,6,0
900071,20-05-2026,5097,1056,218,3,50
900072,13-04-2026,5090,1064,221,2,200
900073,28-02-2026,5604,1029,200,7,500
900074,11-01-2026,7368,1028,201,3,500
900075,19-02-2026,7984,1083,207,4,1000
900076,02-04-2026,7296,1067,211,8,500
900077,22-04-2026,7733,1000,220,6,1000
900078,22-04-2026,6805,1062,224,4,50
900079,17-03-2026,5711,1062,224,7,500
900080,07-02-2026,6272,1007,207,9,50
900081,02-04-2026,5258,1053,216,9,1000
900082,22-04-2026,5307,1026,212,10,500
900083,19-02-2026,6352,1075,209,1,1000
900084,28-02-2026,7659,1007,200,7,50
900085,10-04-2026,7522,1005,207,1,100
900086,18-06-2026,5385,1018,212,10,1000
900087,21-05-2026,6070,1000,210,10,1000
900088,11-05-2026,7969,1031,204,6,0
900089,26-02-2026,5513,1084,214,7,50
900090,27-06-2026,5128,1041,220,10,50
900091,10-04-2026,7238,1014,205,8,200
900092,06-02-2026,5886,1035,204,1,0
900093,03-02-2026,5550,1054,200,2,1000
900094,12-05-2026,5609,1082,211,1,100
900095,17-06-2026,5231,1053,201,3,1000
900096,27-04-2026,6539,1061,211,2,100
900097,17-04-2026,7401,1082,218,9,0
900098,07-03-2026,6109,1064,218,6,100
900099,09-03-2026,5380,1066,207,10,200
900100,20-05-2026,6012,1063,210,3,1000
900101,09-05-2026,5747,1089,216,7,200
900102,01-05-2026,6396,1053,216,3,50
900103,11-02-2026,5752,1015,215,1,50
900104,20-02-2026,5524,1055,216,7,100
900105,12-06-2026,6068,1045,219,5,1000
900106,02-04-2026,6073,1065,200,8,100
900107,04-01-2026,6180,1089,209,1,500
900108,11-01-2026,7617,1065,212,8,0
900109,26-06-2026,7933,1055,217,4,500
900110,26-01-2026,7160,1069,204,8,200
900111,06-01-2026,5780,1056,200,10,50
900112,16-05-2026,7372,1091,219,7,200
900113,06-01-2026,6500,1084,216,7,1000
900114,28-01-2026,5839,1000,200,8,100
900115,09-03-2026,6070,1079,219,7,0
900116,22-06-2026,6065,1026,205,2,0
900117,24-04-2026,5625,1050,214,7,50
900118,21-06-2026,5420,1036,206,2,100
900119,09-06-2026,5672,1045,207,7,200
900120,30-06-2026,5018,1063,210,3,50
900121,11-02-2026,7575,1061,224,6,50
900122,05-06-2026,7807,1086,224,1,100
900123,28-02-2026,7089,1019,214,6,50
900124,17-02-2026,6508,1067,223,7,200
900125,27-03-2026,6380,1023,211,5,500
900126,26-03-2026,7482,1029,200,10,1000
900127,11-05-2026,7974,1093,211,5,100
900128,17-02-2026,5375,1095,221,3,1000
900129,26-03-2026,7330,1070,215,10,0
900130,20-04-2026,6939,1019,222,5,1000
900131,14-03-2026,5911,1004,209,5,50
900132,03-05-2026,6992,1050,222,10,200
900133,06-02-2026,6394,1091,205,3,100
900134,04-04-2026,6635,1006,212,5,0
900135,26-03-2026,6605,1054,211,9,1000
900136,29-06-2026,5713,1094,221,4,200
900137,24-05-2026,7265,1097,222,7,500
900138,04-04-2026,7958,1059,207,4,100
900139,10-06-2026,5875,1065,222,4,500
900140,08-05-2026,5331,1094,224,9,500
900141,03-05-2026,7167,1088,217,9,100
900142,11-05-2026,7698,1039,210,8,1000
900143,16-06-2026,7102,1070,221,10,500
900144,29-05-2026,7084,1040,219,2,200
900145,09-05-2026,5967,1058,218,2,200
900146,20-03-2026,6418,1061,212,1,500
900147,13-05-2026,6954,1042,218,7,100
900148,30-05-2026,7646,1084,217,9,100
900149,01-01-2026,5107,1013,220,2,500
900150,26-01-2026,6143,1077,206,6,500
900151,08-03-2026,7754,1006,205,6,100
900152,28-04-2026,6479,1082,222,2,500
900153,20-06-2026,5189,1033,222,10,100
900154,23-05-2026,7482,1019,205,7,100
900155,01-02-2026,6743,1031,221,6,50
900156,13-06-2026,6287,1064,220,5,100
900157,17-06-2026,6098,1046,224,5,500
900158,17-05-2026,7577,1063,217,6,100
900159,11-03-2026,7634,1027,213,1,50
900160,05-04-2026,5966,1023,221,3,50
900161,31-03-2026,5712,1017,222,9,500
900162,11-04-2026,7034,1033,204,8,100
900163,17-05-2026,6769,1089,224,7,500
900164,31-05-2026,6197,1029,208,8,0
900165,27-04-2026,7958,1037,206,8,200
900166,08-04-2026,7397,1076,200,5,50
900167,31-01-2026,6996,1058,222,5,500
900168,07-06-2026,6085,1015,222,3,0
900169,19-02-2026,5078,1093,204,5,500
900170,24-04-2026,5758,1034,224,5,0
900171,25-01-2026,5476,1036,211,8,1000
900172,04-04-2026,6567,1089,213,6,1000
900173,06-06-2026,6706,1009,200,6,200
900174,15-05-2026,5297,1050,206,9,100
900175,27-06-2026,7949,1096,217,3,0
900176,28-06-2026,5224,1012,219,10,1000
900177,18-06-2026,5110,1079,207,1,50
900178,26-02-2026,6702,1053,222,4,100
900179,11-04-2026,7021,1047,206,1,100
900180,13-05-2026,7351,1018,204,7,200
900181,13-05-2026,5827,1013,220,5,200
900182,25-04-2026,6461,1076,213,9,200
900183,01-01-2026,5279,1078,222,2,1000
900184,09-05-2026,5346,1034,202,8,100
900185,29-01-2026,7043,1011,220,6,500
900186,13-01-2026,7955,1031,200,10,1000
900187,09-06-2026,7922,1002,221,9,0
900188,08-03-2026,6818,1064,200,1,100
900189,25-03-2026,7416,1086,224,1,50
900190,23-05-2026,5934,1035,224,7,100
900191,04-05-2026,6403,1091,200,4,500
900192,30-04-2026,5566,1079,214,2,0
900193,16-01-2026,5769,1049,208,4,500
900194,17-04-2026,6713,1081,221,9,0
900195,28-01-2026,7190,1031,204,4,50
900196,10-02-2026,5718,1054,201,8,0
900197,13-02-2026,5127,1037,214,5,100
900198,05-02-2026,6396,1044,220,5,500
900199,12-03-2026,7671,1059,217,3,100
900200,01-01-2026,6551,1083,220,5,200
900201,10-06-2026,7552,1013,218,5,100
900202,07-02-2026,5921,1025,212,6,500
900203,28-03-2026,5614,1065,221,10,1000
900204,10-05-2026,6108,1077,204,2,1000
900205,14-02-2026,6609,1085,207,4,500
900206,15-05-2026,5390,1080,217,1,0
900207,09-04-2026,5969,1080,224,8,200
900208,24-05-2026,7556,1031,222,3,200
900209,31-03-2026,7808,1086,221,8,0
900210,27-02-2026,7773,1023,214,10,1000
900211,02-02-2026,7672,1043,207,1,200
900212,16-02-2026,6393,1039,210,5,50
900213,31-01-2026,5343,1058,217,9,1000
900214,21-06-2026,5918,1081,203,6,100
900215,20-02-2026,5733,1034,217,2,0
900216,11-02-2026,6593,1067,201,8,200
900217,09-06-2026,6533,1076,214,5,100
900218,14-06-2026,6067,1031,204,8,1000
900219,26-01-2026,6705,1058,213,5,1000
900220,15-01-2026,6679,1039,201,2,200
900221,20-06-2026,5471,1014,221,3,100
900222,25-02-2026,6335,1023,213,5,50
900223,20-05-2026,6863,1053,212,7,100
900224,13-02-2026,7451,1060,216,9,1000
900225,08-01-2026,5004,1041,224,6,50
900226,04-04-2026,6279,1054,205,9,500
900227,16-02-2026,5807,1023,220,10,50
900228,01-01-2026,5232,1009,216,9,100
900229,21-06-2026,7920,1081,203,3,200
900230,09-05-2026,7334,1038,222,4,200
900231,15-03-2026,6453,1020,201,9,0
900232,21-03-2026,5133,1055,223,4,1000
900233,26-05-2026,7094,1045,216,4,200
900234,24-05-2026,7319,1069,217,6,100
900235,11-06-2026,6660,1046,205,9,50
900236,10-04-2026,7411,1079,214,9,50
900237,10-01-2026,5256,1003,218,4,1000
900238,11-05-2026,6154,1017,201,2,50
900239,02-05-2026,7378,1049,203,4,1000
900240,27-03-2026,7620,1076,214,1,200
900241,16-04-2026,7067,1079,218,1,50
900242,12-01-2026,6893,1039,213,6,0
900243,24-05-2026,6806,1085,203,10,50
900244,07-05-2026,6249,1067,212,5,1000
900245,22-04-2026,6451,1058,208,8,500
900246,18-05-2026,5162,1016,223,3,500
900247,16-02-2026,7238,1095,224,9,100
900248,12-05-2026,7870,1095,212,10,1000
900249,05-04-2026,6565,1094,216,5,0
900250,21-01-2026,6545,1020,201,6,50
900251,25-06-2026,6609,1035,209,4,200
900252,07-02-2026,5912,1035,212,8,50
900253,17-05-2026,5700,1009,222,1,0
900254,02-04-2026,5259,1051,206,9,200
900255,30-01-2026,5075,1059,201,3,0
900256,30-05-2026,7313,1080,212,3,1000
900257,08-03-2026,7638,1055,219,1,200
900258,04-03-2026,5446,1055,215,7,200
900259,24-02-2026,6290,1039,223,7,0
900260,27-05-2026,7002,1036,220,9,200
900261,16-04-2026,7431,1033,217,7,200
900262,18-02-2026,6990,1000,221,9,500
900263,13-06-2026,5932,1053,209,3,0
900264,04-06-2026,5569,1040,217,8,50
900265,18-01-2026,5535,1094,222,10,50
900266,25-05-2026,5012,1022,224,4,50
900267,30-03-2026,5653,1079,216,7,500
900268,08-02-2026,7612,1013,224,6,100
900269,02-05-2026,7707,1023,224,1,1000
900270,29-01-2026,7943,1050,206,7,500
900271,23-06-2026,6120,1084,203,4,0
900272,14-01-2026,6272,1039,208,9,100
900273,23-01-2026,5231,1016,221,7,100
900274,29-01-2026,5520,1015,202,9,1000
900275,16-02-2026,6806,1064,200,4,50
900276,18-01-2026,7406,1055,221,4,200
900277,17-05-2026,6284,1098,217,2,500
900278,27-04-2026,6568,1046,200,4,0
900279,28-05-2026,7038,1038,210,7,0
900280,03-02-2026,5366,1086,215,7,100
900281,12-06-2026,7821,1055,223,5,50
900282,15-02-2026,7244,1001,205,4,100
900283,24-02-2026,6555,1097,211,1,50
900284,01-06-2026,6358,1022,209,7,500
900285,04-05-2026,5870,1066,210,10,50
900286,14-03-2026,7280,1063,200,2,0
900287,23-01-2026,6793,1072,208,1,1000
900288,05-05-2026,5665,1092,205,2,50
900289,12-04-2026,6984,1029,217,9,50
900290,22-03-2026,7147,1046,215,9,0
900291,18-01-2026,6865,1010,201,2,200
900292,21-04-2026,7598,1043,203,9,200
900293,12-05-2026,5663,1077,201,8,100
900294,12-02-2026,6687,1049,222,4,50
900295,01-05-2026,6348,1076,216,5,100
900296,11-01-2026,5234,1025,202,9,200
900297,04-02-2026,7515,1081,204,4,50
900298,07-06-2026,5963,1040,201,6,50
900299,29-06-2026,6724,1036,210,9,1000
900300,18-01-2026,6257,1009,216,6,200
900301,27-06-2026,7955,1012,219,7,500
900302,20-04-2026,7828,1078,214,8,200
900303,28-03-2026,7495,1077,211,9,0
900304,31-05-2026,7864,1049,205,4,0
900305,26-06-2026,7169,1035,201,3,500
900306,23-06-2026,7803,1095,213,5,500
900307,13-05-2026,6321,1062,220,6,0
900308,29-06-2026,6000,1045,203,7,1000
900309,10-03-2026,5861,1003,216,1,50
900310,23-05-2026,7261,1067,204,6,0
900311,21-03-2026,6834,1050,223,10,50
900312,10-05-2026,6692,1065,211,5,1000
900313,28-04-2026,5431,1089,208,1,500
900314,15-04-2026,6690,1055,206,5,1000
900315,19-06-2026,7768,1075,220,5,500
900316,16-05-2026,7093,1042,213,5,0
900317,06-06-2026,5279,1040,221,5,500
900318,18-05-2026,7030,1035,224,2,0
900319,23-02-2026,5592,1075,218,5,50
900320,11-05-2026,5870,1019,220,9,0
900321,01-03-2026,7236,1040,211,5,1000
900322,09-01-2026,7967,1080,221,4,1000
900323,07-05-2026,5620,1076,204,1,200
900324,07-06-2026,5866,1025,203,9,200
900325,23-02-2026,7040,1054,222,3,200
900326,10-04-2026,7430,1075,206,1,0
900327,06-05-2026,7310,1026,215,5,0
900328,19-03-2026,7883,1094,207,3,50
900329,21-05-2026,5717,1025,223,10,0
900330,19-05-2026,6925,1095,224,10,0
900331,05-05-2026,6527,1073,211,10,200
900332,02-04-2026,6683,1030,212,5,200
900333,30-05-2026,7503,1095,204,9,200
900334,09-02-2026,6364,1006,223,6,100
900335,18-05-2026,5673,1071,214,2,50
900336,20-04-2026,5771,1036,205,8,50
900337,06-01-2026,7606,1048,208,1,500
900338,09-01-2026,6949,1059,209,9,0
900339,12-04-2026,7457,1085,200,5,500
900340,14-03-2026,5363,1036,213,7,50
900341,06-05-2026,5912,1028,201,7,50
900342,23-01-2026,7718,1006,201,4,0
900343,14-02-2026,7731,1080,211,3,50
900344,25-04-2026,6129,1035,220,3,100
900345,08-01-2026,7602,1013,224,4,0
900346,28-03-2026,7181,1074,221,3,1000
900347,31-05-2026,6804,1073,217,4,1000
900348,27-05-2026,5434,1091,214,2,200
900349,08-04-2026,6995,1001,209,4,50
900350,11-01-2026,5225,1080,216,6,200
900351,21-03-2026,6553,1038,213,6,100
900352,04-01-2026,5639,1012,208,9,1000
900353,17-04-2026,5024,1044,206,3,100
900354,22-04-2026,5458,1039,201,6,1000
900355,14-02-2026,5618,1080,201,1,200
900356,24-04-2026,7650,1080,209,2,500
900357,03-03-2026,5303,1058,213,10,200
900358,21-05-2026,7733,1050,209,7,500
900359,12-04-2026,5633,1099,215,4,100
900360,05-05-2026,6425,1001,208,7,50
900361,15-05-2026,6854,1094,216,2,0
900362,15-03-2026,5180,1066,208,4,200
900363,20-06-2026,5383,1083,217,7,500
900364,25-02-2026,6517,1099,220,3,50
900365,17-03-2026,6092,1075,212,10,0
900366,04-06-2026,6294,1093,219,10,500
900367,23-05-2026,6764,1077,219,1,0
900368,28-01-2026,7727,1094,206,7,200
900369,27-03-2026,6223,1024,207,3,500
900370,24-05-2026,5100,1026,204,2,200
900371,16-06-2026,7098,1046,201,6,500
900372,20-06-2026,7354,1019,222,1,50
900373,31-03-2026,6517,1037,202,4,1000
900374,15-06-2026,7255,1096,213,2,50
900375,15-06-2026,6403,1031,219,5,0
900376,18-01-2026,7667,1086,201,5,500
900377,19-05-2026,5152,1006,214,4,500
900378,31-03-2026,6453,1020,203,2,100
900379,19-01-2026,6325,1056,201,3,1000
900380,06-06-2026,7013,1023,203,1,100
900381,23-05-2026,5057,1055,224,7,0
900382,13-03-2026,6785,1031,213,10,1000
900383,27-06-2026,7759,1007,215,2,1000
900384,04-01-2026,7289,1065,203,4,1000
900385,14-04-2026,7225,1018,205,3,200
900386,05-05-2026,5923,1097,213,1,500
900387,07-01-2026,5965,1008,223,4,1000
900388,01-06-2026,6894,1025,211,4,200
900389,01-02-2026,6678,1090,217,1,500
900390,09-02-2026,5689,1046,204,4,100
900391,09-02-2026,6777,1043,220,4,100
900392,06-04-2026,5572,1040,206,6,0
900393,06-04-2026,7852,1024,213,1,500
900394,01-04-2026,6479,1015,217,9,100
900395,02-03-2026,5711,1098,200,4,200
900396,31-01-2026,7846,1030,210,3,100
900397,14-06-2026,5311,1030,221,9,100
900398,02-06-2026,6956,1072,216,5,500
900399,30-05-2026,5031,1019,222,3,50
900400,25-06-2026,7720,1055,218,5,100
900401,20-01-2026,7503,1096,211,9,1000
900402,15-02-2026,5221,1073,215,1,200
900403,28-04-2026,6418,1069,201,4,50
900404,15-04-2026,5709,1021,204,6,100
900405,07-05-2026,5488,1062,211,3,0
900406,23-03-2026,6176,1066,218,10,1000
900407,30-04-2026,7538,1084,224,1,500
900408,28-05-2026,7849,1021,211,5,50
900409,28-04-2026,5940,1038,214,7,200
900410,30-04-2026,6867,1000,214,3,100
900411,22-05-2026,6070,1073,209,9,1000
900412,21-02-2026,6747,1042,205,8,1000
900413,19-03-2026,5108,1008,209,8,50
900414,24-05-2026,6936,1036,223,3,500
900415,09-01-2026,5326,1028,217,5,100
900416,10-05-2026,7533,1002,208,10,200
900417,18-05-2026,6396,1078,205,10,0
900418,19-04-2026,6235,1076,206,2,1000
900419,21-04-2026,5039,1060,215,4,0
900420,19-04-2026,6682,1067,215,5,50
900421,24-02-2026,6957,1056,221,1,0
900422,17-01-2026,5021,1079,200,9,100
900423,15-05-2026,7347,1056,200,5,200
900424,22-01-2026,5763,1096,221,8,200
900425,03-02-2026,5674,1098,222,5,100
900426,25-03-2026,5930,1051,204,6,0
900427,08-02-2026,6914,1004,215,1,0
900428,05-06-2026,7847,1037,208,7,100
900429,29-05-2026,7391,1093,222,8,1000
900430,30-01-2026,5368,1084,222,4,50
900431,13-05-2026,7722,1065,215,4,0
900432,27-06-2026,5711,1003,202,8,500
900433,19-06-2026,7563,1078,216,10,0
900434,19-01-2026,6857,1047,205,8,500
900435,29-06-2026,6254,1033,215,4,1000
900436,17-04-2026,6128,1075,207,5,0
900437,10-05-2026,5465,1049,209,3,1000
900438,09-03-2026,7195,1038,223,9,200
900439,18-04-2026,7516,1084,211,7,0
900440,16-04-2026,7994,1097,212,5,0
900441,15-03-2026,7176,1097,218,6,200
900442,09-01-2026,5283,1092,204,7,0
900443,02-04-2026,7408,1097,210,6,100
900444,17-05-2026,7059,1023,204,5,500
900445,24-03-2026,5799,1081,216,3,0
900446,17-04-2026,6430,1035,212,3,0
900447,06-01-2026,7794,1039,210,7,500
900448,12-04-2026,6318,1021,220,7,200
900449,23-04-2026,7803,1046,202,6,100
900450,01-04-2026,5312,1071,207,5,1000
900451,13-06-2026,7347,1055,206,6,500
900452,09-03-2026,6927,1081,222,2,50
900453,07-01-2026,7538,1085,221,5,0
900454,02-05-2026,5193,1017,208,5,0
900455,09-04-2026,6290,1068,206,8,50
900456,10-05-2026,5344,1007,223,7,100
900457,19-01-2026,5617,1086,219,1,50
900458,19-04-2026,6293,1038,221,3,200
900459,09-03-2026,7813,1081,214,10,0
900460,01-03-2026,7245,1036,206,9,0
900461,28-03-2026,7188,1041,209,9,500
900462,13-06-2026,6009,1020,214,6,500
900463,25-01-2026,5958,1049,211,1,200
900464,23-02-2026,6080,1038,223,7,200
900465,26-05-2026,6428,1011,221,9,1000
900466,24-02-2026,5443,1032,209,8,100
900467,17-05-2026,6258,1083,212,9,50
900468,29-05-2026,6424,1067,203,6,100
900469,19-06-2026,5643,1073,206,2,500
900470,19-03-2026,5592,1061,216,4,100
900471,25-02-2026,5138,1027,212,5,100
900472,01-04-2026,7709,1018,208,5,500
900473,11-02-2026,6289,1040,219,1,1000
900474,13-04-2026,7938,1046,211,10,200
900475,25-02-2026,7021,1094,222,3,200
900476,24-02-2026,6626,1093,205,2,100
900477,05-05-2026,6533,1083,220,8,200
900478,25-02-2026,5592,1070,212,1,500
900479,22-03-2026,5141,1011,220,9,100
900480,13-05-2026,6376,1074,201,1,50
900481,26-02-2026,7464,1059,223,2,0
900482,24-06-2026,7026,1038,224,2,500
900483,08-03-2026,7647,1023,217,6,200
900484,22-03-2026,7374,1057,218,4,50
900485,09-04-2026,6092,1098,218,9,1000
900486,08-03-2026,7763,1066,203,3,1000
900487,27-03-2026,5257,1035,218,9,200
900488,30-05-2026,7950,1052,208,3,200
900489,14-03-2026,5234,1039,214,3,0
900490,08-05-2026,6381,1024,220,6,1000
900491,24-06-2026,6401,1086,203,3,50
900492,04-04-2026,7117,1041,221,5,50
900493,27-02-2026,5158,1007,223,10,0
900494,04-01-2026,6034,1093,215,7,500
900495,04-03-2026,7223,1067,220,3,0
900496,17-01-2026,7715,1026,210,8,200
900497,20-05-2026,5995,1084,204,2,100
900498,29-03-2026,5419,1080,220,7,100
900499,14-05-2026,6155,1078,207,7,50
900500,16-02-2026,5303,1039,219,1,500
900501,20-03-2026,6882,1043,214,1,200
900502,10-02-2026,6479,1070,211,1,50
900503,08-02-2026,5899,1065,216,7,0
900504,24-04-2026,7237,1078,210,8,200
900505,22-05-2026,6736,1031,201,5,200
900506,31-01-2026,7916,1025,213,4,100
900507,15-02-2026,5722,1024,215,3,200
900508,26-01-2026,7979,1072,216,1,500
900509,04-05-2026,6180,1057,205,8,50
900510,21-01-2026,7230,1042,216,2,1000
900511,17-05-2026,6173,1005,215,6,100
900512,08-03-2026,7635,1039,209,3,500
900513,08-03-2026,7707,1052,212,1,0
900514,30-03-2026,6491,1048,224,7,200
900515,13-01-2026,7486,1067,201,9,200
900516,20-01-2026,5518,1051,217,9,200
900517,17-04-2026,7500,1070,212,1,1000
900518,25-06-2026,6310,1022,208,10,1000
900519,27-06-2026,7634,1071,202,7,50
900520,03-01-2026,6192,1028,216,4,50
900521,11-03-2026,5694,1000,202,9,200
900522,29-03-2026,5992,1002,200,4,1000
900523,25-01-2026,6588,1044,213,5,200
900524,18-04-2026,5712,1029,201,8,200
900525,30-03-2026,7987,1010,201,5,0
900526,06-03-2026,6279,1001,212,10,100
900527,18-01-2026,6756,1024,215,8,1000
900528,07-01-2026,7218,1083,210,8,50
900529,03-01-2026,6714,1004,218,8,1000
900530,14-01-2026,7113,1005,208,5,100
900531,09-03-2026,5989,1002,217,10,0
900532,26-03-2026,5746,1006,204,2,500
900533,08-01-2026,5677,1026,211,8,0
900534,01-05-2026,7112,1073,222,2,500
900535,30-01-2026,5124,1043,203,1,1000
900536,13-06-2026,6347,1052,224,9,1000
900537,03-05-2026,7120,1061,221,7,200
900538,28-01-2026,5025,1075,224,5,200
900539,01-02-2026,7264,1003,200,9,1000
900540,25-01-2026,6313,1058,205,3,50
900541,17-04-2026,7298,1070,204,4,500
900542,06-05-2026,6775,1095,214,2,0
900543,13-01-2026,7551,1037,218,2,50
900544,13-02-2026,5755,1007,207,4,50
900545,01-06-2026,6609,1027,207,6,1000
900546,20-06-2026,7042,1030,212,3,50
900547,16-02-2026,5966,1086,223,9,200
900548,11-03-2026,5366,1021,204,4,0
900549,13-06-2026,5285,1020,224,9,500
900550,16-02-2026,7535,1046,222,6,200
900551,26-02-2026,5946,1093,206,5,50
900552,28-06-2026,5138,1088,211,8,500
900553,27-02-2026,7440,1029,222,4,500
900554,17-04-2026,6883,1065,213,9,50
900555,24-02-2026,7789,1026,200,6,200
900556,31-05-2026,6836,1009,209,2,1000
900557,01-04-2026,6055,1061,212,6,500
900558,16-01-2026,5347,1044,208,4,0
900559,30-03-2026,7380,1047,207,4,100
900560,23-05-2026,6285,1027,207,3,50
900561,18-04-2026,6267,1083,207,9,500
900562,14-05-2026,5494,1065,203,8,0
900563,18-04-2026,5310,1009,205,10,500
900564,17-04-2026,6288,1081,224,1,50
900565,27-03-2026,5213,1073,217,9,100
900566,16-02-2026,7834,1066,211,7,200
900567,08-06-2026,5562,1040,208,5,100
900568,17-03-2026,6882,1096,221,5,50
900569,13-01-2026,5872,1098,224,4,500
900570,29-04-2026,5019,1035,212,2,100
900571,05-01-2026,7957,1010,215,7,200
900572,15-03-2026,6463,1003,224,4,0
900573,04-06-2026,6227,1086,223,4,200
900574,13-02-2026,5542,1098,207,6,50
900575,27-06-2026,5720,1062,220,1,500
900576,14-01-2026,7509,1067,213,4,0
900577,21-04-2026,7227,1051,212,9,100
900578,01-02-2026,6424,1029,208,9,0
900579,24-06-2026,6579,1012,222,9,1000
900580,26-04-2026,5674,1024,212,8,0
900581,05-06-2026,5438,1025,213,7,50
900582,05-04-2026,6420,1069,217,3,50
900583,13-05-2026,6511,1053,217,9,0
900584,22-01-2026,5955,1004,212,8,1000
900585,09-03-2026,7328,1082,200,3,1000
900586,19-02-2026,5065,1031,206,4,1000
900587,24-06-2026,7149,1082,212,6,200
900588,19-02-2026,6896,1040,210,7,500
900589,13-02-2026,6090,1013,222,3,500
900590,17-02-2026,6094,1052,205,5,500
900591,31-01-2026,5925,1001,208,4,50
900592,15-03-2026,7042,1062,216,9,0
900593,15-06-2026,7417,1092,209,3,200
900594,25-06-2026,7984,1014,208,8,1000
900595,07-05-2026,6447,1055,204,4,1000
900596,25-01-2026,6907,1078,214,6,0
900597,22-05-2026,5281,1081,220,7,200
900598,15-03-2026,5188,1053,215,9,0
900599,24-02-2026,7892,1088,224,7,50
900600,13-01-2026,5258,1069,208,2,1000
900601,22-06-2026,7476,1027,212,5,0
900602,20-05-2026,5526,1063,201,7,1000
900603,01-02-2026,6647,1040,222,8,100
900604,28-05-2026,7311,1069,207,3,0
900605,28-04-2026,7063,1050,221,9,100
900606,15-02-2026,6634,1044,202,6,200
900607,13-04-2026,6912,1094,204,4,200
900608,02-06-2026,5310,1084,208,7,1000
900609,24-02-2026,5997,1077,205,7,1000
900610,02-03-2026,7391,1034,213,2,500
900611,20-05-2026,7712,1093,223,6,0
900612,06-05-2026,6517,1099,215,8,200
900613,31-03-2026,5089,1012,213,5,1000
900614,23-03-2026,6851,1058,217,3,200
900615,23-03-2026,5614,1069,201,5,100
900616,12-03-2026,6462,1035,206,4,100
900617,01-03-2026,7802,1035,203,7,100
900618,23-03-2026,7372,1009,209,7,1000
900619,27-01-2026,7057,1039,209,7,50
900620,17-02-2026,7840,1019,221,4,1000
900621,20-01-2026,7600,1072,203,6,100
900622,24-04-2026,5069,1036,217,6,500
900623,23-02-2026,6036,1005,215,10,0
900624,24-01-2026,5942,1066,202,9,50
900625,16-02-2026,6121,1044,202,9,500
900626,25-05-2026,5888,1059,210,9,1000
900627,02-02-2026,6433,1099,211,3,1000
900628,03-05-2026,5919,1023,222,6,1000
900629,10-04-2026,7923,1028,207,5,1000
900630,26-02-2026,6311,1032,221,9,200
900631,22-01-2026,6742,1092,219,9,200
900632,02-02-2026,6485,1056,201,5,50
900633,19-01-2026,5751,1084,211,7,500
900634,28-03-2026,7647,1006,219,5,50
900635,07-02-2026,7138,1078,201,4,50
900636,31-01-2026,5258,1019,207,3,1000
900637,10-03-2026,6757,1021,222,5,50
900638,22-03-2026,6939,1034,216,7,100
900639,31-05-2026,5534,1024,212,7,200
900640,28-04-2026,6974,1025,211,10,200
900641,26-04-2026,6083,1020,209,7,100
900642,30-01-2026,6250,1015,219,10,200
900643,03-01-2026,6672,1073,209,3,500
900644,19-06-2026,7515,1042,212,3,0
900645,18-02-2026,5183,1017,217,1,200
900646,07-04-2026,5970,1026,215,3,1000
900647,13-05-2026,5549,1070,202,4,200
900648,01-03-2026,5801,1097,218,3,100
900649,28-06-2026,5099,1083,214,6,100
900650,08-01-2026,5228,1038,217,10,100
900651,23-05-2026,7134,1090,219,1,1000
900652,04-05-2026,5044,1050,206,9,1000
900653,07-02-2026,6385,1062,222,9,1000
900654,16-02-2026,5857,1009,209,3,0
900655,18-06-2026,5784,1086,209,4,0
900656,21-03-2026,7871,1077,222,5,1000
900657,08-05-2026,6850,1032,212,5,100
900658,13-03-2026,6867,1076,201,1,200
900659,31-03-2026,6182,1007,219,8,100
900660,13-04-2026,5379,1033,211,7,1000
900661,02-02-2026,6221,1046,219,4,50
900662,19-04-2026,5864,1032,217,5,1000
900663,24-06-2026,7344,1049,219,4,50
900664,22-04-2026,5753,1067,217,5,500
900665,11-06-2026,7631,1028,223,2,50
900666,06-01-2026,5898,1017,220,10,0
900667,15-05-2026,6077,1089,201,10,0
900668,10-03-2026,6043,1046,222,8,100
900669,18-04-2026,7794,1014,218,9,1000
900670,12-06-2026,5183,1047,207,8,0
900671,10-01-2026,7447,1042,219,10,1000
900672,03-03-2026,7798,1097,209,10,500
900673,28-04-2026,6572,1009,207,2,500
900674,23-01-2026,7510,1086,216,5,50
900675,04-01-2026,6449,1027,209,7,50
900676,21-06-2026,7861,1093,210,5,0
900677,13-04-2026,6965,1067,220,5,100
900678,24-04-2026,5047,1061,205,6,1000
900679,25-01-2026,5730,1014,211,4,0
900680,04-01-2026,6245,1033,215,3,50
900681,25-03-2026,5862,1066,221,7,50
900682,30-05-2026,7518,1004,218,9,500
900683,16-05-2026,7540,1031,201,4,100
900684,01-03-2026,5614,1035,206,10,100
900685,07-03-2026,5191,1035,211,1,500
900686,25-04-2026,6291,1059,211,7,100
900687,18-02-2026,7875,1073,223,5,500
900688,06-02-2026,6154,1040,209,3,50
900689,06-01-2026,7856,1089,211,8,1000
900690,07-06-2026,7168,1020,207,7,50
900691,25-02-2026,6851,1050,203,2,1000
900692,13-01-2026,7680,1056,221,6,1000
900693,19-03-2026,7044,1038,209,5,1000
900694,30-03-2026,6680,1029,212,1,50
900695,23-03-2026,7126,1029,210,4,100
900696,03-04-2026,6684,1010,215,10,0
900697,16-04-2026,7660,1002,224,8,500
900698,24-05-2026,6599,1030,222,5,500
900699,24-03-2026,7894,1022,215,9,0
900700,12-01-2026,5708,1007,222,9,0
900701,03-03-2026,6657,1006,200,3,200
900702,28-03-2026,5569,1098,206,4,1000
900703,31-03-2026,6234,1006,205,2,500
900704,29-06-2026,6492,1063,212,3,50
900705,28-02-2026,6211,1054,201,9,100
900706,21-05-2026,7386,1042,219,8,200
900707,05-04-2026,7231,1045,215,6,200
900708,26-04-2026,5574,1055,220,3,200
900709,16-02-2026,5162,1076,210,9,200
900710,19-06-2026,7854,1045,223,10,100
900711,08-04-2026,5712,1066,217,6,0
900712,08-03-2026,7688,1030,213,8,0
900713,28-02-2026,5478,1058,219,6,1000
900714,21-06-2026,7976,1090,208,1,500
900715,20-04-2026,6334,1048,200,2,0
900716,15-02-2026,7830,1038,215,10,500
900717,01-05-2026,6888,1058,220,6,200
900718,30-04-2026,5733,1023,217,3,100
900719,03-03-2026,7534,1031,221,8,200
900720,07-05-2026,7695,1022,200,9,500
900721,12-05-2026,5036,1061,201,7,1000
900722,01-03-2026,7692,1020,212,8,50
900723,01-06-2026,7159,1072,210,3,500
900724,15-04-2026,6893,1006,200,10,500
900725,13-03-2026,7124,1000,200,1,500
900726,16-01-2026,6595,1043,224,5,500
900727,15-05-2026,7206,1019,220,8,1000
900728,31-05-2026,7678,1015,214,2,50
900729,02-03-2026,7608,1092,218,4,100
900730,29-01-2026,5203,1076,222,10,1000
900731,27-01-2026,7959,1038,203,5,200
900732,11-02-2026,7909,1020,208,9,0
900733,10-06-2026,5161,1041,223,8,200
900734,20-01-2026,5158,1074,208,9,50
900735,21-01-2026,7190,1089,201,7,1000
900736,04-05-2026,5487,1093,205,7,100
900737,29-01-2026,7623,1002,208,8,0
900738,15-03-2026,7222,1070,217,3,50
900739,05-03-2026,6237,1032,220,5,200
900740,07-03-2026,7950,1021,206,1,50
900741,05-04-2026,7115,1004,212,9,50
900742,27-02-2026,7200,1084,200,2,50
900743,30-04-2026,7497,1060,214,2,1000
900744,15-04-2026,6700,1069,216,2,0
900745,04-02-2026,7753,1046,203,1,0
900746,22-05-2026,6972,1065,207,9,50
900747,23-04-2026,7196,1048,205,2,100
900748,19-06-2026,7217,1060,209,4,0
900749,04-04-2026,5452,1050,220,1,100
900750,05-06-2026,6047,1070,216,9,50
900751,27-03-2026,7499,1036,206,3,200
900752,24-02-2026,7476,1078,217,3,200
900753,29-03-2026,7425,1017,202,5,1000
900754,22-06-2026,7720,1048,202,9,50
900755,28-04-2026,6561,1034,214,10,500
900756,01-04-2026,6674,1091,205,6,1000
900757,13-04-2026,7212,1011,204,9,1000
900758,15-01-2026,6341,1086,224,1,100
900759,12-01-2026,5290,1071,210,9,500
900760,17-01-2026,5572,1010,211,9,100
900761,19-05-2026,5653,1055,201,5,500
900762,28-01-2026,7376,1080,222,1,200
900763,11-05-2026,7520,1079,200,2,200
900764,07-02-2026,5602,1067,206,4,100
900765,31-03-2026,7439,1029,213,1,100
900766,08-06-2026,6502,1018,213,1,100
900767,02-04-2026,6373,1080,200,7,1000
900768,29-06-2026,6558,1097,218,6,200
900769,12-05-2026,5008,1030,218,6,100
900770,14-06-2026,5810,1084,220,5,1000
900771,18-04-2026,7241,1049,223,3,500
900772,17-05-2026,7034,1017,224,3,0
900773,15-04-2026,7887,1076,215,4,0
900774,07-02-2026,5844,1075,214,8,0
900775,22-04-2026,6766,1023,200,6,0
900776,26-03-2026,7181,1091,214,8,100
900777,07-06-2026,7287,1051,216,7,200
900778,31-05-2026,7444,1054,202,6,100
900779,30-03-2026,5304,1089,223,8,50
900780,23-06-2026,6825,1025,219,1,1000
900781,12-02-2026,7918,1013,206,10,50
900782,27-06-2026,6123,1068,209,7,50
900783,05-05-2026,7606,1034,217,10,100
900784,28-06-2026,7933,1068,222,10,50
900785,27-05-2026,6416,1098,203,1,100
900786,15-03-2026,5349,1063,224,9,500
900787,09-06-2026,7170,1092,220,9,200
900788,20-03-2026,5495,1065,202,5,1000
900789,25-02-2026,7304,1003,203,7,1000
900790,24-02-2026,6822,1083,216,5,500
900791,30-01-2026,7622,1081,210,1,1000
900792,11-04-2026,6028,1086,203,8,200
900793,21-01-2026,6873,1051,223,9,50
900794,01-01-2026,6410,1081,222,10,1000
900795,18-04-2026,5277,1067,211,2,500
900796,26-06-2026,6050,1033,224,9,50
900797,22-05-2026,6524,1017,213,8,200
900798,15-01-2026,5223,1002,218,3,1000
900799,10-02-2026,5374,1063,213,2,100
900800,01-06-2026,6885,1012,221,7,500
900801,28-03-2026,6925,1083,219,2,50
900802,26-02-2026,6677,1008,216,9,500
900803,13-05-2026,6019,1031,223,8,100
900804,28-03-2026,7922,1006,224,7,0
900805,07-06-2026,5494,1008,217,3,200
900806,28-05-2026,5643,1039,212,5,0
900807,02-04-2026,5679,1005,212,10,0
900808,11-01-2026,7828,1073,215,5,50
900809,01-06-2026,7863,1058,213,6,50
900810,13-02-2026,5119,1022,200,3,50
900811,24-05-2026,5505,1026,221,10,0
900812,19-05-2026,6288,1004,219,6,100
900813,06-03-2026,7661,1089,204,6,1000
900814,31-05-2026,7183,1056,213,2,0
900815,14-03-2026,5950,1069,220,9,100
900816,02-04-2026,7033,1048,218,2,100
900817,17-01-2026,7344,1059,220,7,1000
900818,01-04-2026,5494,1090,202,2,1000
900819,03-06-2026,7918,1031,223,10,100
900820,20-04-2026,7354,1044,211,6,1000
900821,12-05-2026,6886,1028,209,1,0
900822,11-01-2026,6438,1034,207,9,1000
900823,20-03-2026,7440,1085,215,8,1000
900824,27-04-2026,7877,1050,212,10,50
900825,28-06-2026,6244,1003,218,2,0
900826,02-03-2026,5124,1045,216,1,200
900827,02-06-2026,7052,1041,218,10,200
900828,27-04-2026,5840,1060,201,7,500
900829,27-01-2026,7503,1025,206,10,500
900830,16-02-2026,7214,1006,205,1,100
900831,07-05-2026,5416,1076,213,2,1000
900832,18-02-2026,7100,1036,218,3,200
900833,12-06-2026,6924,1062,215,5,1000
900834,11-02-2026,6850,1024,214,3,500
900835,17-02-2026,6611,1059,206,9,200
900836,04-02-2026,5498,1035,204,9,50
900837,20-01-2026,7533,1066,221,8,100
900838,21-05-2026,5693,1032,205,2,200
900839,19-03-2026,6677,1082,209,5,50
900840,02-02-2026,7011,1027,224,2,50
900841,09-02-2026,7874,1091,220,10,50
900842,05-03-2026,6211,1051,209,5,500
900843,05-01-2026,5660,1001,223,3,1000
900844,04-01-2026,7949,1036,204,10,1000
900845,14-04-2026,6496,1098,224,7,50
900846,02-05-2026,6497,1056,219,10,500
900847,22-03-2026,6024,1000,222,8,0
900848,21-05-2026,6549,1057,202,7,50
900849,13-05-2026,5757,1061,221,8,50
900850,06-06-2026,5462,1010,204,7,50
900851,23-06-2026,6330,1055,218,7,50
900852,14-03-2026,7991,1003,219,10,200
900853,17-06-2026,5588,1038,207,5,200
900854,28-05-2026,6668,1095,209,10,50
900855,14-03-2026,6837,1059,216,4,0
900856,19-01-2026,5904,1033,216,6,50
900857,24-04-2026,5369,1020,208,7,1000
900858,23-02-2026,7453,1035,211,5,500
900859,13-01-2026,7455,1008,211,7,500
900860,17-02-2026,7448,1015,208,7,200
900861,21-04-2026,6297,1071,208,6,200
900862,05-02-2026,5683,1048,214,5,200
900863,12-02-2026,6788,1052,209,3,100
900864,01-01-2026,5777,1085,208,8,1000
900865,15-02-2026,7966,1059,212,2,0
900866,26-06-2026,7608,1097,202,5,50
900867,24-01-2026,6758,1012,202,3,0
900868,22-02-2026,5452,1026,207,3,500
900869,01-02-2026,6101,1047,222,10,200
900870,19-02-2026,5832,1037,204,7,0
900871,22-05-2026,6470,1011,209,2,500
900872,17-03-2026,7043,1054,209,2,500
900873,24-02-2026,5648,1051,212,5,200
900874,29-04-2026,5350,1021,204,6,200
900875,19-03-2026,5139,1024,201,10,100
900876,29-05-2026,7931,1064,220,4,100
900877,29-01-2026,6147,1045,204,5,500
900878,16-03-2026,7357,1064,212,8,1000
900879,30-05-2026,7227,1061,204,10,0
900880,09-06-2026,7316,1042,216,3,100
900881,05-02-2026,7430,1094,214,3,500
900882,03-02-2026,6382,1049,204,8,0
900883,15-05-2026,5796,1078,204,10,200
900884,02-05-2026,7344,1047,212,6,500
900885,14-01-2026,5468,1047,217,7,100
900886,09-01-2026,5488,1088,209,4,1000
900887,17-02-2026,7893,1026,200,4,1000
900888,21-01-2026,5873,1048,201,1,200
900889,28-03-2026,5825,1067,217,5,1000
900890,16-02-2026,7794,1099,201,6,100
900891,05-01-2026,5559,1003,215,3,1000
900892,22-02-2026,7556,1006,222,10,200
900893,28-01-2026,5489,1006,214,2,200
900894,12-05-2026,7881,1037,218,1,500
900895,09-02-2026,5765,1092,206,4,1000
900896,02-03-2026,6542,1080,217,2,200
900897,19-01-2026,7283,1046,222,8,100
900898,05-05-2026,6640,1008,207,9,200
900899,11-04-2026,6862,1089,207,5,100
900900,29-04-2026,6451,1005,215,10,50
900901,11-06-2026,5693,1057,218,10,0
900902,01-04-2026,7827,1062,216,10,200
900903,04-05-2026,6154,1038,217,5,500
900904,13-01-2026,6249,1022,213,6,100
900905,20-05-2026,7523,1058,210,1,100
900906,29-04-2026,5447,1041,207,6,0
900907,19-06-2026,7811,1064,219,3,100
900908,22-05-2026,7608,1092,208,2,50
900909,12-04-2026,7098,1080,221,4,200
900910,10-06-2026,5675,1066,224,5,1000
900911,03-02-2026,6770,1064,216,5,1000
900912,08-02-2026,5084,1052,204,6,100
900913,24-01-2026,7381,1087,204,4,50
900914,27-04-2026,7709,1029,204,3,200
900915,10-04-2026,6000,1071,214,4,500
900916,24-04-2026,6842,1049,210,2,1000
900917,17-04-2026,6462,1061,224,2,100
900918,12-05-2026,7775,1092,223,3,100
900919,05-01-2026,5589,1002,223,6,1000
900920,16-01-2026,7830,1024,207,9,200
900921,15-06-2026,5625,1008,201,9,100
900922,30-06-2026,5009,1001,212,8,1000
900923,15-06-2026,7820,1087,220,3,500
900924,11-06-2026,5462,1088,224,10,1000
900925,12-06-2026,6465,1031,219,5,50
900926,14-06-2026,5328,1084,215,5,0
900927,13-05-2026,5638,1045,221,9,50
900928,06-01-2026,5117,1068,220,9,0
900929,10-02-2026,7929,1013,202,8,500
900930,02-03-2026,7593,1015,210,1,200
900931,24-06-2026,5200,1082,202,3,50
900932,07-01-2026,6532,1031,221,9,200
900933,08-06-2026,6762,1092,208,2,50
900934,31-01-2026,7918,1009,222,6,0
900935,12-06-2026,6433,1053,210,9,500
900936,09-06-2026,5491,1078,202,6,50
900937,27-06-2026,7617,1055,217,4,50
900938,17-01-2026,6156,1090,203,3,0
900939,14-05-2026,7903,1070,221,9,500
900940,27-01-2026,7561,1091,218,7,200
900941,30-03-2026,5131,1076,212,2,200
900942,20-01-2026,5725,1068,211,2,200
900943,23-04-2026,5595,1034,224,2,100
900944,26-02-2026,6495,1095,216,7,1000
900945,28-04-2026,5164,1017,222,9,500
900946,26-04-2026,5215,1086,224,9,100
900947,25-06-2026,6352,1006,219,2,500
900948,08-04-2026,7749,1041,204,1,500
900949,19-01-2026,5937,1006,207,1,200
900950,08-04-2026,7436,1047,205,1,0
900951,21-04-2026,6407,1001,212,2,1000
900952,14-06-2026,7425,1028,201,6,1000
900953,29-01-2026,7621,1013,214,3,1000
900954,06-02-2026,6107,1060,217,1,50
900955,09-06-2026,6226,1041,205,2,0
900956,07-06-2026,7642,1092,214,6,500
900957,22-06-2026,7622,1094,203,3,1000
900958,07-02-2026,5966,1057,202,9,0
900959,19-01-2026,6402,1081,208,1,500
900960,29-06-2026,6010,1081,209,4,200
900961,30-06-2026,6510,1002,208,8,100
900962,15-06-2026,6986,1058,208,9,0
900963,27-02-2026,5882,1004,216,3,1000
900964,23-03-2026,5378,1024,224,7,100
900965,14-06-2026,5640,1073,219,9,500
900966,02-02-2026,6086,1007,206,5,1000
900967,06-04-2026,6336,1037,211,10,50
900968,06-02-2026,7037,1050,200,8,50
900969,25-06-2026,6810,1079,215,5,50
900970,25-01-2026,7962,1063,207,7,100
900971,30-01-2026,7066,1049,208,7,0
900972,19-01-2026,6965,1008,218,10,100
900973,19-04-2026,6792,1084,202,9,0
900974,22-03-2026,5702,1010,206,3,100
900975,20-04-2026,5122,1012,218,6,50
900976,06-03-2026,7350,1080,217,2,500
900977,21-01-2026,5113,1082,200,5,50
900978,02-02-2026,7488,1066,215,8,0
900979,24-03-2026,7019,1075,218,10,0
900980,21-06-2026,6282,1096,215,9,50
900981,22-01-2026,7658,1077,219,8,500
900982,09-05-2026,5110,1062,210,6,500
900983,26-04-2026,7281,1012,214,5,50
900984,19-05-2026,7368,1068,213,1,1000
900985,10-01-2026,7055,1002,221,4,200
900986,21-03-2026,7171,1029,215,2,100
900987,06-01-2026,5332,1024,202,1,50
900988,10-03-2026,6805,1001,210,2,100
900989,21-03-2026,7451,1013,204,4,500
900990,01-03-2026,7865,1090,224,4,500
900991,09-03-2026,7176,1098,221,4,200
900992,07-04-2026,5536,1002,224,3,100
900993,24-03-2026,7706,1071,210,10,0
900994,22-03-2026,6162,1069,203,10,0
900995,18-03-2026,7489,1037,209,10,100
900996,10-06-2026,7365,1097,209,3,1000
900997,18-05-2026,7472,1008,210,2,200
900998,05-01-2026,7013,1037,211,6,0
900999,28-05-2026,7692,1052,205,1,100
901000,18-03-2026,7010,1056,210,3,100
901001,04-06-2026,6958,1087,213,3,500
901002,08-04-2026,6580,1054,200,8,50
901003,05-06-2026,7556,1016,202,1,0
901004,22-05-2026,6400,1006,218,6,100
901005,23-02-2026,5581,1074,212,6,0
901006,26-04-2026,6483,1096,207,1,500
901007,28-06-2026,6668,1049,223,3,0
901008,10-01-2026,7788,1064,218,6,50
901009,17-06-2026,5788,1056,223,8,0
901010,20-03-2026,5640,1016,221,8,0
901011,26-02-2026,7356,1089,218,8,500
901012,20-01-2026,7985,1071,200,6,100
901013,15-04-2026,5645,1082,210,9,100
901014,14-04-2026,7576,1075,201,6,200
901015,22-06-2026,7436,1064,207,7,1000
901016,02-05-2026,5102,1032,224,2,200
901017,06-01-2026,5479,1010,212,3,50
901018,12-03-2026,7886,1004,200,6,0
901019,27-04-2026,5696,1058,212,2,500
901020,08-06-2026,7735,1041,206,6,500
901021,01-04-2026,6162,1024,219,8,200
901022,01-05-2026,6181,1024,214,3,0
901023,16-06-2026,7340,1045,214,8,0
901024,10-01-2026,5808,1054,212,5,500
901025,13-02-2026,5011,1099,204,7,100
901026,01-01-2026,7776,1001,221,1,200
901027,17-06-2026,5476,1020,211,7,200
901028,25-01-2026,7746,1003,223,5,100
901029,04-06-2026,6174,1080,215,7,50
901030,10-06-2026,5497,1023,223,10,0
901031,22-02-2026,7450,1083,200,8,200
901032,04-06-2026,6469,1025,223,4,200
901033,11-05-2026,5345,1039,202,7,0
901034,13-05-2026,7955,1061,215,8,50
901035,26-01-2026,6461,1008,224,6,1000
901036,27-06-2026,7152,1009,202,8,500
901037,12-04-2026,7220,1088,222,4,50
901038,16-06-2026,5275,1089,213,4,500
901039,03-02-2026,5524,1056,210,3,200
901040,26-02-2026,5150,1022,216,1,200
901041,01-06-2026,7801,1037,218,8,200
901042,19-02-2026,5356,1035,209,1,1000
901043,02-02-2026,5975,1075,211,7,0
901044,02-05-2026,6156,1053,221,3,200
901045,26-06-2026,7395,1098,203,9,0
901046,18-05-2026,7320,1075,219,2,50
901047,01-03-2026,7768,1071,209,3,100
901048,18-05-2026,5811,1093,223,5,50
901049,06-05-2026,7807,1078,213,1,500
901050,02-04-2026,6393,1015,218,3,0
901051,19-01-2026,7264,1025,221,2,500
901052,01-05-2026,5426,1032,210,7,200
901053,01-04-2026,5828,1070,202,1,500
901054,20-06-2026,5420,1066,217,6,1000
901055,22-04-2026,6880,1056,206,2,500
901056,30-01-2026,7766,1063,209,6,200
901057,11-04-2026,6693,1097,218,5,200
901058,12-02-2026,7820,1087,221,6,0
901059,03-04-2026,7492,1065,222,3,1000
901060,14-03-2026,5064,1070,205,6,50
901061,06-02-2026,5823,1012,215,6,1000
901062,10-01-2026,5733,1075,203,5,0
901063,14-01-2026,5452,1047,210,3,500
901064,02-06-2026,5671,1050,210,10,50
901065,22-01-2026,7857,1016,208,3,100
901066,22-03-2026,5911,1041,220,8,100
901067,21-06-2026,5232,1087,212,1,1000
901068,22-01-2026,7786,1052,202,9,100
901069,19-06-2026,6126,1010,204,2,1000
901070,05-06-2026,7343,1029,200,6,100
901071,05-02-2026,6346,1067,220,3,0
901072,17-03-2026,6119,1034,207,6,0
901073,06-06-2026,6312,1011,217,3,500
901074,27-06-2026,6062,1056,211,7,0
901075,07-04-2026,7399,1017,220,8,100
901076,10-01-2026,7725,1014,214,2,50
901077,29-01-2026,5735,1072,222,7,100
901078,11-03-2026,5432,1095,217,9,100
901079,05-06-2026,5858,1034,203,5,100
901080,01-04-2026,5156,1050,204,10,500
901081,01-05-2026,6247,1039,200,4,500
901082,27-05-2026,5563,1046,222,8,50
901083,29-05-2026,5722,1005,203,4,100
901084,17-02-2026,7334,1014,216,8,1000
901085,26-02-2026,7068,1095,200,5,500
901086,26-02-2026,6050,1063,222,5,200
901087,09-03-2026,6178,1065,203,3,0
901088,30-05-2026,7425,1097,205,7,0
901089,19-04-2026,6260,1041,211,1,200
901090,23-03-2026,5294,1029,215,6,500
901091,09-04-2026,5619,1063,212,4,0
901092,01-01-2026,6201,1028,201,9,1000
901093,23-05-2026,6142,1025,216,3,500
901094,14-01-2026,5695,1038,215,8,1000
901095,21-06-2026,6577,1071,210,4,500
901096,21-05-2026,7919,1051,218,9,50
901097,04-05-2026,5061,1013,215,9,200
901098,14-03-2026,5580,1001,208,10,200
901099,28-06-2026,5174,1050,218,4,0
901100,07-02-2026,5549,1001,200,1,500
901101,28-05-2026,7610,1059,206,6,100
901102,20-03-2026,5468,1055,222,5,1000
901103,19-05-2026,5885,1039,211,8,100
901104,31-05-2026,7651,1053,213,9,0
901105,29-01-2026,7394,1029,214,7,0
901106,05-03-2026,6713,1017,215,3,0
901107,16-01-2026,5668,1055,209,8,200
901108,08-04-2026,7034,1081,203,6,0
901109,22-06-2026,6654,1057,209,5,200
901110,10-02-2026,5479,1096,214,1,500
901111,13-03-2026,7635,1053,210,7,0
901112,24-05-2026,5161,1007,212,1,0
901113,20-06-2026,5652,1075,208,4,500
901114,27-05-2026,7276,1082,207,10,0
901115,30-04-2026,6288,1088,216,7,500
901116,22-04-2026,6125,1031,222,6,50
901117,09-03-2026,7495,1069,202,9,100
901118,16-06-2026,6637,1075,219,3,500
901119,30-05-2026,5457,1043,218,2,100
901120,06-06-2026,5289,1002,211,6,50
901121,02-03-2026,7404,1037,223,9,50
901122,12-05-2026,7220,1046,223,9,50
901123,22-02-2026,7248,1069,220,9,0
901124,14-06-2026,5595,1091,222,1,100
901125,14-02-2026,5499,1087,215,3,0
901126,19-01-2026,5561,1086,224,4,100
901127,07-05-2026,5107,1041,213,3,500
901128,27-03-2026,5241,1088,218,3,1000
901129,22-06-2026,5025,1038,207,5,0
901130,06-04-2026,6584,1012,213,8,100
901131,14-05-2026,6419,1054,221,6,50
901132,15-05-2026,7315,1090,214,4,100
901133,01-01-2026,5678,1058,223,6,1000
901134,22-03-2026,5391,1098,213,3,0
901135,11-05-2026,6524,1051,203,10,0
901136,14-01-2026,6125,1067,221,5,500
901137,21-05-2026,5008,1098,221,2,50
901138,23-01-2026,7740,1075,204,7,500
901139,26-01-2026,5151,1077,202,4,500
901140,24-04-2026,5608,1051,210,1,1000
901141,10-05-2026,5938,1093,217,9,0
901142,23-03-2026,6568,1010,222,1,1000
901143,08-05-2026,7851,1055,216,1,1000
901144,01-05-2026,6842,1075,208,3,50
901145,01-03-2026,6658,1060,206,6,200
901146,03-05-2026,7677,1067,213,4,0
901147,21-02-2026,5366,1017,204,8,50
901148,10-01-2026,7288,1072,206,9,500
901149,18-02-2026,5045,1062,223,3,1000
901150,18-04-2026,5318,1008,216,6,200
901151,30-06-2026,6376,1035,207,10,1000
901152,19-04-2026,5012,1001,210,4,100
901153,26-02-2026,7688,1003,222,9,1000
901154,30-04-2026,7907,1002,207,7,0
901155,06-03-2026,7024,1004,204,5,1000
901156,31-05-2026,5904,1023,206,7,500
901157,07-04-2026,6730,1096,222,8,100
901158,24-03-2026,5785,1002,212,3,200
901159,11-01-2026,7430,1075,205,10,100
901160,24-01-2026,6555,1012,215,4,0
901161,26-04-2026,7785,1099,218,8,500
901162,16-01-2026,7195,1053,222,3,50
901163,19-04-2026,7245,1010,220,7,0
901164,13-04-2026,7287,1012,204,7,0
901165,10-04-2026,7505,1019,216,7,500
901166,12-06-2026,7881,1058,205,1,0
901167,23-06-2026,6673,1072,218,4,100
901168,13-06-2026,6158,1052,215,2,200
901169,11-05-2026,5103,1024,209,8,0
901170,02-03-2026,7907,1003,224,7,100
901171,12-04-2026,5174,1010,220,3,100
901172,25-05-2026,6962,1016,216,1,1000
901173,19-01-2026,6954,1003,215,6,500
901174,22-04-2026,6856,1000,204,8,100
901175,24-06-2026,6951,1038,209,3,0
901176,31-01-2026,5480,1086,220,9,100
901177,08-04-2026,6260,1004,206,8,50
901178,03-05-2026,7869,1048,222,4,1000
901179,29-04-2026,6188,1013,222,7,100
901180,27-04-2026,5289,1018,208,9,100
901181,01-04-2026,5128,1018,205,1,50
901182,24-05-2026,5150,1014,206,7,0
901183,17-01-2026,5000,1072,210,4,1000
901184,20-05-2026,5961,1028,213,2,50
901185,14-01-2026,7788,1045,205,7,50
901186,13-05-2026,6012,1044,211,8,200
901187,02-06-2026,5685,1057,205,1,200
901188,01-05-2026,5306,1025,210,5,500
901189,14-06-2026,6931,1032,207,8,200
901190,20-03-2026,7087,1041,203,7,100
901191,15-05-2026,5565,1055,222,4,50
901192,30-04-2026,7505,1003,221,10,1000
901193,04-06-2026,6006,1042,218,3,100
901194,01-03-2026,6089,1041,210,5,500
901195,23-02-2026,7290,1002,210,4,0
901196,20-03-2026,6769,1038,205,2,1000
901197,18-03-2026,6360,1079,213,1,100
901198,24-01-2026,5015,1062,214,10,500
901199,12-05-2026,6625,1025,222,2,50
901200,14-01-2026,7519,1057,206,8,0
901201,03-03-2026,5631,1030,214,8,1000
901202,01-06-2026,7952,1027,207,3,500
901203,26-04-2026,7047,1086,221,1,200
901204,22-06-2026,6332,1016,213,9,50
901205,04-05-2026,7156,1011,206,10,1000
901206,27-01-2026,6138,1006,218,9,200
901207,23-05-2026,7660,1082,221,2,500
901208,11-06-2026,5097,1040,208,9,1000
901209,04-01-2026,7712,1046,204,5,1000
901210,19-04-2026,7086,1069,214,3,50
901211,17-02-2026,6791,1034,205,10,1000
901212,24-03-2026,6959,1025,203,10,1000
901213,10-02-2026,7835,1044,201,4,100
901214,22-05-2026,6614,1071,219,4,200
901215,16-01-2026,5019,1014,201,6,50
901216,27-06-2026,6865,1040,215,4,100
901217,11-05-2026,7825,1037,200,2,500
901218,20-01-2026,5824,1012,200,6,0
901219,28-01-2026,7357,1059,214,6,1000
901220,16-01-2026,7093,1069,218,4,500
901221,06-06-2026,7306,1058,209,6,500
901222,12-02-2026,6966,1004,205,4,1000
901223,23-01-2026,6126,1089,222,8,50
901224,20-03-2026,5843,1067,215,6,100
901225,22-05-2026,6502,1093,204,7,100
901226,08-01-2026,6880,1024,203,8,50
901227,29-04-2026,5403,1008,214,3,500
901228,15-02-2026,6447,1060,204,4,1000
901229,30-05-2026,7473,1006,216,3,1000
901230,13-04-2026,5277,1018,209,10,50
901231,05-02-2026,6170,1093,217,6,0
901232,07-03-2026,7341,1098,209,3,1000
901233,24-04-2026,5267,1000,206,8,50
901234,14-06-2026,7294,1029,203,9,50
901235,09-01-2026,7527,1062,203,4,500
901236,28-01-2026,6526,1012,215,3,0
901237,18-05-2026,7266,1040,210,9,50
901238,24-02-2026,7808,1069,202,5,1000
901239,22-05-2026,5348,1097,216,8,50
901240,22-04-2026,6761,1065,205,2,500
901241,07-02-2026,7731,1063,214,1,500
901242,23-02-2026,6725,1048,222,9,0
901243,25-05-2026,5826,1019,222,2,0
901244,09-05-2026,5362,1026,220,5,500
901245,28-03-2026,5799,1098,202,8,1000
901246,25-02-2026,5708,1030,219,5,0
901247,02-03-2026,5038,1093,211,10,1000
901248,23-01-2026,5654,1018,219,2,0
901249,03-02-2026,7980,1030,212,1,0
901250,23-04-2026,5134,1059,214,9,1000
901251,12-03-2026,5832,1077,209,8,500
901252,27-04-2026,6635,1077,213,9,500
901253,22-04-2026,6383,1046,219,5,100
901254,27-04-2026,6906,1026,210,1,200
901255,09-05-2026,6890,1062,223,9,1000
901256,18-02-2026,7792,1051,209,3,1000
901257,05-02-2026,6796,1008,214,10,0
901258,10-06-2026,6466,1085,224,5,200
901259,02-06-2026,7878,1097,207,6,0
901260,16-03-2026,5041,1027,223,1,500
901261,11-06-2026,6629,1008,211,1,50
901262,02-01-2026,5123,1078,201,2,200
901263,16-01-2026,7500,1074,204,1,1000
901264,26-01-2026,7045,1057,206,10,100
901265,10-01-2026,5428,1099,214,10,1000
901266,27-05-2026,6221,1013,208,6,500
901267,09-04-2026,6207,1062,221,8,0
901268,15-05-2026,7795,1066,201,9,200
901269,29-06-2026,6752,1078,205,8,200
901270,22-01-2026,6553,1037,221,8,100
901271,31-03-2026,7711,1042,202,4,500
901272,17-03-2026,5558,1064,221,9,0
901273,12-03-2026,7111,1064,216,5,1000
901274,18-01-2026,5717,1066,206,9,0
901275,12-04-2026,6309,1054,218,6,1000
901276,03-03-2026,6945,1023,209,3,200
901277,18-02-2026,5073,1002,211,2,200
901278,07-02-2026,5895,1074,205,3,0
901279,24-05-2026,7821,1060,210,1,50
901280,22-03-2026,7924,1098,216,6,50
901281,07-06-2026,6951,1040,201,4,500
901282,16-03-2026,5507,1046,221,6,200
901283,06-03-2026,5491,1048,207,6,50
901284,22-05-2026,7592,1004,216,6,200
901285,09-02-2026,5493,1080,214,6,50
901286,20-03-2026,6814,1049,210,6,200
901287,19-04-2026,7949,1040,214,1,0
901288,07-01-2026,7748,1062,202,2,100
901289,10-01-2026,6702,1077,201,4,1000
901290,27-03-2026,6446,1005,215,6,50
901291,18-03-2026,5009,1005,224,9,100
901292,14-05-2026,6446,1041,218,7,200
901293,16-02-2026,5596,1086,201,7,0
901294,06-05-2026,5918,1012,208,3,50
901295,14-03-2026,6667,1026,222,5,100
901296,19-04-2026,6035,1099,214,6,1000
901297,15-02-2026,6750,1092,223,9,0
901298,16-02-2026,6299,1022,218,5,200
901299,27-04-2026,6994,1019,221,2,0
901300,25-04-2026,7079,1096,216,2,100
901301,06-02-2026,5480,1004,213,2,1000
901302,03-05-2026,5501,1085,222,1,500
901303,09-04-2026,6101,1053,211,7,0
901304,22-04-2026,5830,1077,201,10,0
901305,23-04-2026,6722,1088,217,4,50
901306,21-06-2026,6912,1087,216,10,200
901307,21-01-2026,7805,1040,224,4,200
901308,12-06-2026,5234,1044,217,4,500
901309,27-06-2026,5407,1076,204,7,50
901310,22-04-2026,5106,1094,210,8,50
901311,11-05-2026,5069,1041,203,5,0
901312,01-03-2026,7300,1046,215,7,50
901313,23-01-2026,7127,1039,223,2,200
901314,16-01-2026,6779,1011,210,9,0
901315,27-05-2026,6204,1049,222,1,100
901316,01-06-2026,7875,1096,221,4,0
901317,11-05-2026,5598,1017,204,8,500
901318,07-02-2026,5470,1019,200,6,100
901319,16-06-2026,7293,1005,200,5,500
901320,15-03-2026,6068,1000,202,6,200
901321,07-06-2026,6738,1094,214,6,50
901322,12-06-2026,7481,1095,205,8,500
901323,11-06-2026,5212,1075,223,2,500
901324,24-06-2026,5848,1046,202,2,50
901325,13-06-2026,7955,1059,212,8,500
901326,17-03-2026,5199,1041,212,8,100
901327,04-05-2026,7516,1078,222,1,100
901328,16-01-2026,5006,1091,211,2,1000
901329,10-01-2026,6181,1007,209,10,100
901330,26-05-2026,7092,1009,208,5,500
901331,30-05-2026,5888,1074,224,10,1000
901332,09-05-2026,5122,1057,208,2,1000
901333,19-01-2026,5615,1060,219,3,1000
901334,24-03-2026,5197,1051,219,9,50
901335,25-04-2026,7217,1050,221,4,0
901336,05-02-2026,6793,1047,219,9,100
901337,25-02-2026,7600,1078,209,10,50
901338,15-01-2026,5168,1043,218,2,0
901339,10-06-2026,6906,1016,214,1,50
901340,08-06-2026,7260,1018,222,7,0
901341,20-03-2026,7707,1076,212,2,500
901342,07-04-2026,5216,1007,220,2,1000
901343,24-04-2026,5316,1029,213,9,1000
901344,06-01-2026,6709,1095,206,4,500
901345,27-06-2026,5088,1052,208,1,50
901346,01-03-2026,5376,1019,221,10,200
901347,11-02-2026,7386,1049,212,9,50
901348,11-05-2026,7790,1018,220,9,50
901349,10-01-2026,5873,1011,204,9,100
901350,22-06-2026,7416,1031,210,9,500
901351,05-03-2026,7640,1018,205,1,500
901352,07-04-2026,6707,1034,212,8,0
901353,16-02-2026,6247,1030,204,10,0
901354,11-05-2026,7148,1035,206,6,100
901355,12-02-2026,6063,1084,208,4,0
901356,23-06-2026,5598,1095,209,3,200
901357,13-01-2026,7533,1088,223,8,0
901358,16-03-2026,5785,1042,209,9,1000
901359,07-06-2026,5348,1095,214,4,0
901360,25-04-2026,5909,1077,205,1,1000
901361,21-06-2026,5478,1047,215,1,200
901362,03-05-2026,6566,1029,219,8,0
901363,13-02-2026,6898,1064,220,7,500
901364,23-02-2026,6041,1001,214,8,500
901365,20-04-2026,5659,1019,213,7,100
901366,15-01-2026,7546,1079,213,6,0
901367,06-02-2026,5146,1071,204,6,500
901368,31-01-2026,5320,1028,201,9,500
901369,21-05-2026,5119,1078,200,4,1000
901370,06-04-2026,6111,1003,221,1,100
901371,07-06-2026,6687,1035,216,7,500
901372,14-05-2026,5359,1027,215,1,100
901373,14-04-2026,7230,1003,219,3,500
901374,19-03-2026,6512,1061,224,2,200
901375,10-03-2026,6846,1003,208,5,50
901376,25-01-2026,7539,1058,201,5,1000
901377,17-03-2026,7185,1060,213,4,200
901378,17-01-2026,7056,1071,208,10,50
901379,17-02-2026,5913,1071,200,6,50
901380,13-04-2026,6215,1093,216,9,500
901381,08-05-2026,7621,1097,216,6,100
901382,26-04-2026,5422,1032,201,9,0
901383,29-03-2026,7838,1089,201,6,200
901384,22-03-2026,5896,1089,205,5,200
901385,04-03-2026,7059,1089,204,3,100
901386,03-04-2026,7027,1032,201,4,100
901387,19-01-2026,6580,1026,215,8,0
901388,31-01-2026,5925,1061,203,10,500
901389,09-04-2026,5377,1094,215,5,200
901390,11-04-2026,6014,1045,204,8,500
901391,02-04-2026,6410,1037,204,8,1000
901392,16-05-2026,7764,1052,212,2,50
901393,07-04-2026,6752,1002,205,2,200
901394,10-01-2026,7998,1072,211,9,0
901395,25-06-2026,5035,1015,213,9,100
901396,11-02-2026,7617,1087,202,2,0
901397,30-01-2026,5859,1031,204,3,50
901398,05-04-2026,6786,1078,210,8,50
901399,25-01-2026,7585,1099,223,10,500
901400,13-01-2026,5948,1077,202,1,500
901401,16-05-2026,6318,1028,224,8,100
901402,26-05-2026,7873,1078,208,4,500
901403,05-02-2026,5031,1020,219,5,1000
901404,22-03-2026,6853,1028,223,10,50
901405,20-04-2026,6987,1006,211,10,1000
901406,09-05-2026,6715,1030,214,10,1000
901407,18-05-2026,5028,1080,222,7,0
901408,13-06-2026,6159,1093,210,1,0
901409,03-05-2026,5449,1067,206,1,50
901410,16-02-2026,6850,1038,221,10,1000
901411,27-04-2026,5497,1037,213,1,1000
901412,26-03-2026,7092,1023,203,4,200
901413,21-01-2026,5166,1083,220,3,0
901414,17-01-2026,5677,1097,203,6,200
901415,20-06-2026,7387,1092,200,10,0
901416,31-01-2026,5544,1025,212,10,100
901417,18-02-2026,6065,1075,223,6,200
901418,13-03-2026,5356,1047,202,2,50
901419,25-03-2026,5063,1001,216,5,200
901420,16-06-2026,5997,1083,215,8,50
901421,08-06-2026,7064,1022,221,5,0
901422,16-04-2026,5893,1017,211,1,1000
901423,16-06-2026,6818,1027,218,6,0
901424,25-05-2026,5381,1085,202,10,500
901425,06-06-2026,5513,1072,216,2,200
901426,22-03-2026,6821,1059,210,10,200
901427,30-03-2026,7403,1092,211,9,500
901428,25-01-2026,7391,1077,212,8,50
901429,04-04-2026,5268,1039,202,5,50
901430,06-01-2026,7911,1031,224,1,500
901431,21-03-2026,7505,1013,223,7,0
901432,19-05-2026,7032,1076,209,3,0
901433,22-03-2026,6824,1042,218,9,100
901434,08-04-2026,7954,1095,224,3,0
901435,04-05-2026,7065,1000,204,3,200
901436,24-05-2026,6396,1039,222,7,200
901437,24-01-2026,5540,1053,205,4,1000
901438,07-05-2026,7661,1080,201,3,200
901439,14-04-2026,6556,1005,200,3,50
901440,28-04-2026,7570,1004,223,5,0
901441,19-05-2026,5992,1027,221,10,0
901442,14-03-2026,7722,1031,213,7,50
901443,02-06-2026,7185,1010,206,5,500
901444,08-04-2026,6274,1068,201,4,200
901445,18-05-2026,5613,1014,212,2,0
901446,03-06-2026,6776,1076,208,1,500
901447,06-04-2026,7139,1002,210,5,500
901448,23-05-2026,5976,1098,214,4,50
901449,12-03-2026,5090,1014,220,3,100
901450,07-03-2026,6280,1084,204,8,100
901451,10-02-2026,5020,1082,220,5,100
901452,18-06-2026,5459,1075,204,8,50
901453,02-03-2026,7688,1005,202,4,200
901454,11-02-2026,5403,1003,221,10,0
901455,19-03-2026,5913,1012,214,7,50
901456,20-01-2026,7736,1040,217,5,1000
901457,21-01-2026,7965,1041,212,8,100
901458,26-01-2026,6925,1056,221,6,200
901459,16-01-2026,7104,1096,213,1,500
901460,21-05-2026,5638,1000,217,9,100
901461,04-05-2026,6754,1090,207,8,100
901462,25-05-2026,5807,1014,212,1,100
901463,25-04-2026,5085,1049,216,3,100
901464,25-05-2026,7732,1009,224,5,500
901465,08-04-2026,6239,1000,212,7,500
901466,04-02-2026,7283,1087,210,9,200
901467,03-04-2026,5092,1085,213,5,100
901468,08-06-2026,7298,1059,207,4,50
901469,27-03-2026,6501,1044,204,8,0
901470,11-04-2026,6753,1024,214,1,50
901471,31-03-2026,7981,1018,223,6,500
901472,27-02-2026,6063,1000,222,6,0
901473,19-01-2026,7687,1098,209,2,1000
901474,01-01-2026,7670,1099,224,7,500
901475,16-01-2026,7393,1090,200,9,500
901476,08-04-2026,5662,1085,209,5,0
901477,13-02-2026,6407,1012,201,1,0
901478,29-05-2026,6256,1069,216,3,1000
901479,11-03-2026,5755,1064,214,2,500
901480,02-05-2026,7780,1002,204,10,200
901481,25-06-2026,5799,1044,219,3,100
901482,15-04-2026,5468,1063,212,6,0
901483,26-01-2026,5738,1032,212,10,200
901484,21-02-2026,6307,1023,204,6,500
901485,19-01-2026,7023,1099,219,2,500
901486,06-06-2026,7098,1063,217,8,100
901487,17-06-2026,7734,1071,217,4,0
901488,17-04-2026,6592,1060,216,3,100
901489,17-01-2026,6173,1000,207,1,0
901490,23-05-2026,6715,1045,220,4,0
901491,29-03-2026,5745,1068,205,8,50
901492,24-01-2026,7658,1092,203,4,200
901493,15-06-2026,5824,1029,217,1,100
901494,26-01-2026,5103,1071,200,6,0
901495,04-05-2026,6189,1027,224,8,100
901496,15-06-2026,6696,1044,215,7,1000
901497,14-05-2026,5361,1002,216,8,0
901498,05-03-2026,5393,1020,221,8,50
901499,31-01-2026,5684,1016,223,1,1000
901500,01-02-2026,5240,1030,207,10,500
901501,04-02-2026,6910,1070,218,10,200
901502,09-02-2026,6916,1082,214,8,1000
901503,25-04-2026,7710,1060,205,1,0
901504,28-02-2026,6723,1098,217,7,0
901505,06-04-2026,6677,1045,220,6,1000
901506,20-05-2026,7404,1074,219,2,100
901507,10-01-2026,5123,1017,208,10,200
901508,23-04-2026,5229,1006,209,7,0
901509,20-02-2026,5918,1051,208,1,500
901510,15-02-2026,6984,1014,206,3,200
901511,13-05-2026,7927,1002,214,9,200
901512,19-01-2026,6855,1012,206,3,100
901513,31-01-2026,6924,1076,212,10,100
901514,02-01-2026,7756,1045,203,9,1000
901515,06-02-2026,6972,1004,211,6,50
901516,19-04-2026,7757,1095,203,6,500
901517,07-05-2026,7715,1025,216,3,50
901518,11-01-2026,7768,1096,217,6,200
901519,09-06-2026,7086,1072,205,3,1000
901520,27-03-2026,7759,1052,200,9,50
901521,30-04-2026,5734,1034,216,1,200
901522,23-01-2026,7784,1036,209,2,1000
901523,13-05-2026,5441,1076,206,6,1000
901524,13-05-2026,5868,1044,209,5,50
901525,29-05-2026,6241,1005,222,2,1000
901526,21-03-2026,6002,1077,221,4,200
901527,14-03-2026,5016,1078,219,10,500
901528,24-04-2026,6631,1040,211,4,100
901529,19-01-2026,7080,1052,207,4,200
901530,17-04-2026,6900,1090,218,7,500
901531,23-02-2026,7431,1060,223,6,1000
901532,06-05-2026,6309,1018,220,1,100
901533,16-05-2026,5467,1021,221,10,100
901534,13-04-2026,5719,1019,206,9,500
901535,14-03-2026,7386,1063,218,10,0
901536,27-04-2026,7034,1076,209,3,200
901537,25-01-2026,7147,1058,208,1,1000
901538,09-05-2026,5862,1068,221,5,100
901539,24-01-2026,6632,1094,213,1,500
901540,01-01-2026,6276,1068,221,9,50
901541,26-02-2026,6712,1012,200,8,500
901542,12-05-2026,6601,1044,204,8,100
901543,10-04-2026,7499,1083,206,7,500
901544,13-05-2026,5607,1031,221,10,500
901545,10-03-2026,6248,1024,202,1,100
901546,07-04-2026,6539,1003,217,7,500
901547,07-05-2026,7316,1060,205,4,500
901548,25-05-2026,5079,1031,217,1,0
901549,25-03-2026,5366,1090,210,2,500
901550,15-02-2026,7437,1059,206,3,500
901551,02-01-2026,7366,1052,224,9,100
901552,12-04-2026,6778,1053,223,1,500
901553,04-01-2026,7906,1043,219,9,100
901554,01-05-2026,5496,1099,215,5,1000
901555,01-04-2026,7722,1058,201,1,200
901556,02-04-2026,7982,1006,218,9,100
901557,09-05-2026,6171,1086,209,10,500
901558,07-03-2026,7280,1072,219,3,0
901559,02-06-2026,6773,1058,208,1,50
901560,15-02-2026,6460,1099,217,10,500
901561,20-04-2026,7600,1087,223,8,50
901562,09-04-2026,5350,1008,220,6,1000
901563,04-03-2026,6244,1042,222,5,200
901564,04-02-2026,7760,1045,219,4,0
901565,05-04-2026,6665,1089,206,2,200
901566,03-06-2026,6714,1012,209,10,500
901567,10-02-2026,5156,1034,223,6,100
901568,01-04-2026,7962,1029,210,7,0
901569,31-05-2026,6244,1055,209,10,50
901570,12-01-2026,5990,1091,201,10,0
901571,21-02-2026,5875,1071,222,10,200
901572,24-03-2026,7122,1052,212,1,50
901573,05-04-2026,6213,1093,212,6,50
901574,29-03-2026,7502,1069,216,8,500
901575,09-06-2026,6236,1088,206,2,500
901576,19-02-2026,7002,1088,224,6,500
901577,19-06-2026,6491,1009,216,4,1000
901578,26-03-2026,5028,1084,211,1,100
901579,11-02-2026,6718,1077,209,9,0
901580,28-04-2026,6713,1053,209,9,1000
901581,13-03-2026,7603,1035,210,10,100
901582,09-06-2026,6760,1088,206,7,1000
901583,11-03-2026,5438,1068,214,6,500
901584,07-01-2026,6769,1098,218,7,50
901585,05-03-2026,6589,1042,201,3,500
901586,06-01-2026,7687,1081,203,8,50
901587,13-01-2026,7203,1081,208,4,50
901588,06-04-2026,6797,1010,205,10,200
901589,17-04-2026,5318,1041,209,9,200
901590,02-04-2026,7738,1089,202,2,50
901591,24-01-2026,6224,1057,218,1,100
901592,31-05-2026,5158,1004,200,4,0
901593,14-01-2026,7505,1097,205,6,0
901594,23-03-2026,6950,1087,219,7,500
901595,01-01-2026,7921,1011,218,10,1000
901596,16-04-2026,5173,1008,215,4,1000
901597,13-02-2026,5888,1050,219,5,100
901598,23-01-2026,5117,1092,221,10,200
901599,04-04-2026,5535,1059,212,3,500
901600,21-01-2026,7368,1059,202,5,200
901601,06-06-2026,6287,1033,218,7,0
901602,27-03-2026,7620,1014,216,9,100
901603,25-04-2026,6183,1006,220,2,1000
901604,24-01-2026,7324,1046,208,10,1000
901605,14-02-2026,6086,1058,202,7,200
901606,22-06-2026,7902,1084,209,5,500
901607,29-06-2026,6796,1015,201,4,50
901608,25-06-2026,5164,1083,205,1,1000
901609,26-05-2026,7811,1000,202,9,100
901610,03-01-2026,5567,1096,221,1,100
901611,08-06-2026,7874,1047,211,7,0
901612,13-06-2026,5661,1032,220,5,100
901613,02-02-2026,7600,1062,213,5,100
901614,24-03-2026,6741,1086,219,9,1000
901615,24-04-2026,5700,1048,220,9,50
901616,29-06-2026,6174,1084,215,10,50
901617,10-04-2026,5260,1051,224,8,0
901618,19-06-2026,6860,1076,222,2,100
901619,26-06-2026,7975,1064,213,6,0
901620,13-03-2026,7290,1067,216,4,100
901621,28-02-2026,5634,1010,222,2,1000
901622,30-05-2026,6023,1038,215,1,0
901623,01-02-2026,5918,1053,216,1,50
901624,07-01-2026,5590,1018,204,7,0
901625,19-06-2026,6531,1070,218,8,500
901626,28-06-2026,5395,1069,222,5,200
901627,28-01-2026,6565,1068,212,9,50
901628,29-04-2026,5814,1060,224,10,500
901629,14-05-2026,5424,1016,214,4,100
901630,05-02-2026,5230,1030,215,8,200
901631,19-04-2026,7663,1009,214,1,100
901632,24-02-2026,7245,1078,221,4,0
901633,23-02-2026,6267,1008,218,2,500
901634,05-04-2026,7887,1009,211,2,1000
901635,21-01-2026,5148,1048,215,6,50
901636,11-05-2026,5626,1093,204,8,50
901637,21-01-2026,6586,1068,221,9,500
901638,12-05-2026,5704,1065,222,2,1000
901639,13-03-2026,5088,1089,222,7,200
901640,14-04-2026,7941,1083,217,6,200
901641,06-01-2026,6818,1060,200,4,500
901642,12-05-2026,6394,1034,208,8,50
901643,01-05-2026,6089,1069,203,1,100
901644,14-04-2026,6149,1086,223,5,0
901645,08-02-2026,5268,1019,213,8,100
901646,06-03-2026,7192,1012,200,7,0
901647,07-06-2026,5108,1050,208,4,1000
901648,07-01-2026,5342,1032,206,6,50
901649,30-01-2026,6233,1000,203,3,100
901650,17-05-2026,6891,1091,223,10,0
901651,06-05-2026,5493,1016,212,9,100
901652,11-05-2026,5396,1052,212,6,1000
901653,01-06-2026,6380,1084,219,3,50
901654,12-03-2026,5121,1030,212,10,200
901655,23-06-2026,7953,1093,204,1,100
901656,22-03-2026,7166,1074,203,1,100
901657,22-03-2026,5184,1088,204,4,100
901658,22-02-2026,5567,1059,203,2,500
901659,21-04-2026,7300,1038,209,9,50
901660,12-06-2026,6343,1062,213,8,0
901661,25-04-2026,7290,1010,222,5,1000
901662,06-02-2026,7984,1082,208,8,0
901663,13-03-2026,6034,1048,211,5,500
901664,05-05-2026,6078,1061,218,4,200
901665,27-04-2026,6976,1059,207,6,500
901666,22-05-2026,5895,1054,202,9,500
901667,11-02-2026,7073,1019,201,2,50
901668,11-05-2026,5811,1019,205,5,500
901669,24-01-2026,5882,1072,218,6,0
901670,01-05-2026,7238,1009,208,3,0
901671,26-04-2026,5951,1046,205,3,0
901672,17-04-2026,7273,1033,200,5,0
901673,08-02-2026,7650,1062,208,2,200
901674,06-03-2026,5035,1053,210,7,500
901675,12-04-2026,5081,1005,221,8,100
901676,04-03-2026,7863,1027,202,7,0
901677,25-04-2026,7970,1094,224,6,100
901678,13-04-2026,5578,1036,222,5,200
901679,11-01-2026,5083,1076,223,10,100
901680,04-03-2026,5430,1060,205,5,50
901681,18-01-2026,7235,1056,213,6,500
901682,27-03-2026,6135,1015,223,5,0
901683,06-05-2026,6594,1029,210,4,50
901684,02-03-2026,5175,1012,210,8,100
901685,17-02-2026,7067,1035,215,7,500
901686,12-05-2026,6955,1063,219,1,500
901687,03-06-2026,6867,1098,203,4,1000
901688,17-03-2026,7626,1002,221,6,500
901689,20-03-2026,7390,1072,202,3,100
901690,28-05-2026,6558,1027,214,9,50
901691,25-03-2026,7939,1097,209,4,100
901692,01-01-2026,7350,1019,213,3,1000
901693,10-05-2026,5830,1042,201,2,0
901694,19-05-2026,7198,1011,208,8,200
901695,12-02-2026,5979,1012,209,8,1000
901696,05-04-2026,5357,1067,214,8,0
901697,15-01-2026,5596,1067,208,3,1000
901698,08-06-2026,6984,1013,213,5,200
901699,20-04-2026,7246,1068,207,4,100
901700,31-05-2026,6358,1065,211,10,50
901701,30-04-2026,7834,1006,224,2,100
901702,23-01-2026,6483,1085,216,7,0
901703,06-03-2026,6274,1068,215,10,1000
901704,01-02-2026,7355,1064,222,8,1000
901705,07-03-2026,6149,1025,206,10,0
901706,09-04-2026,7596,1000,207,4,100
901707,03-06-2026,5528,1083,206,4,200
901708,24-06-2026,5152,1035,213,7,200
901709,11-04-2026,6720,1086,205,1,500
901710,21-04-2026,7146,1064,212,3,1000
901711,13-06-2026,7586,1075,224,5,50
901712,26-03-2026,7855,1081,218,1,200
901713,16-04-2026,5333,1085,203,8,100
901714,27-03-2026,6442,1064,223,2,100
901715,26-05-2026,7683,1052,211,6,500
901716,22-05-2026,7636,1087,218,8,500
901717,28-02-2026,5991,1075,202,6,1000
901718,21-02-2026,7612,1000,210,8,500
901719,11-03-2026,5044,1099,215,1,1000
901720,24-05-2026,5490,1035,219,10,500
901721,13-03-2026,5090,1002,203,7,200
901722,10-02-2026,5119,1047,213,9,200
901723,19-04-2026,6615,1097,202,8,0
901724,15-04-2026,6937,1015,205,4,0
901725,06-04-2026,7296,1050,217,9,500
901726,06-04-2026,5101,1063,220,10,500
901727,11-03-2026,5847,1030,221,5,50
901728,01-03-2026,7692,1066,216,4,100
901729,06-04-2026,7373,1025,202,2,1000
901730,12-01-2026,6053,1000,207,5,50
901731,10-03-2026,5533,1070,216,6,200
901732,11-06-2026,6564,1065,215,10,1000
901733,25-04-2026,6788,1059,211,7,0
901734,26-02-2026,7750,1045,203,6,100
901735,11-02-2026,6475,1083,203,3,50
901736,10-05-2026,5986,1043,221,5,1000
901737,20-04-2026,7405,1092,217,10,200
901738,07-05-2026,5674,1045,209,6,0
901739,28-04-2026,7794,1087,202,2,200
901740,22-05-2026,7346,1093,205,5,100
901741,13-06-2026,5862,1045,213,9,500
901742,23-05-2026,5616,1070,206,4,200
901743,07-04-2026,7519,1085,207,4,500
901744,17-04-2026,5706,1006,213,3,1000
901745,21-03-2026,5309,1098,216,1,100
901746,07-01-2026,5065,1016,203,2,200
901747,17-03-2026,5790,1076,207,5,1000
901748,10-02-2026,5121,1048,217,9,1000
901749,15-05-2026,6974,1027,218,10,50
901750,30-04-2026,7595,1069,209,1,0
901751,05-05-2026,7561,1048,202,8,200
901752,01-06-2026,6207,1061,204,8,50
901753,04-03-2026,5232,1042,220,2,50
901754,18-02-2026,7182,1056,217,3,0
901755,19-01-2026,5794,1016,204,9,1000
901756,25-04-2026,7462,1009,218,6,100
901757,19-01-2026,7436,1064,205,8,200
901758,15-04-2026,5923,1099,210,3,200
901759,14-02-2026,7733,1013,217,6,0
901760,18-06-2026,7212,1084,212,9,1000
901761,20-06-2026,7853,1034,205,7,50
901762,06-03-2026,7397,1060,214,4,200
901763,27-05-2026,6068,1021,224,4,500
901764,13-03-2026,5478,1016,217,8,0
901765,13-06-2026,6519,1032,224,9,200
901766,21-02-2026,7880,1063,211,8,100
901767,04-01-2026,7741,1016,218,9,200
901768,11-06-2026,5676,1048,205,4,0
901769,04-04-2026,7107,1029,202,7,500
901770,31-01-2026,6383,1069,223,6,0
901771,06-02-2026,6239,1048,210,1,1000
901772,14-06-2026,5627,1052,223,8,500
901773,29-03-2026,6550,1074,205,5,1000
901774,27-04-2026,6836,1002,204,8,500
901775,23-03-2026,5558,1032,204,10,500
901776,06-01-2026,5308,1083,219,1,1000
901777,16-06-2026,5005,1037,200,3,50
901778,21-05-2026,7713,1083,223,9,50
901779,20-06-2026,7185,1049,205,1,50
901780,05-01-2026,7543,1081,224,5,100
901781,27-04-2026,7369,1032,206,9,50
901782,21-06-2026,5900,1005,220,4,100
901783,25-02-2026,5995,1063,212,4,100
901784,12-02-2026,5838,1003,209,2,1000
901785,28-02-2026,6680,1023,214,6,500
901786,01-05-2026,5654,1086,220,2,200
901787,12-02-2026,7723,1083,211,4,500
901788,29-01-2026,6479,1051,210,2,50
901789,05-03-2026,5052,1093,218,1,500
901790,25-02-2026,7971,1000,220,3,1000
901791,20-04-2026,5352,1090,215,3,500
901792,13-02-2026,5350,1035,215,6,0
901793,25-03-2026,5512,1079,216,2,200
901794,14-04-2026,7419,1090,205,10,1000
901795,02-06-2026,5878,1032,207,6,1000
901796,16-05-2026,6160,1049,208,10,50
901797,11-02-2026,7010,1040,222,2,1000
901798,14-05-2026,6309,1006,218,4,100
901799,22-02-2026,7180,1014,211,8,50
901800,04-01-2026,7952,1033,216,8,100
901801,02-06-2026,7242,1045,216,2,200
901802,22-03-2026,7949,1001,218,8,1000
901803,06-05-2026,6625,1057,208,5,500
901804,04-01-2026,5967,1015,214,7,0
901805,01-04-2026,7777,1021,203,3,1000
901806,16-04-2026,6783,1046,208,6,1000
901807,30-04-2026,7738,1032,214,7,50
901808,03-01-2026,7237,1058,216,5,200
901809,04-03-2026,7724,1055,208,8,1000
901810,16-05-2026,6853,1092,220,6,50
901811,10-02-2026,5686,1091,221,1,100
901812,12-06-2026,6134,1041,213,5,1000
901813,20-04-2026,7494,1011,208,9,1000
901814,02-03-2026,6106,1029,208,9,200
901815,25-03-2026,5403,1007,201,2,50
901816,03-04-2026,5663,1058,201,9,100
901817,15-06-2026,5739,1013,222,10,500
901818,16-06-2026,7178,1070,224,6,100
901819,09-02-2026,6690,1048,220,5,1000
901820,11-06-2026,6400,1088,218,4,200
901821,11-01-2026,6011,1072,220,5,1000
901822,26-04-2026,7445,1030,208,3,500
901823,18-01-2026,6959,1044,212,9,0
901824,04-01-2026,7744,1082,215,5,0
901825,01-05-2026,6642,1079,213,7,200
901826,03-01-2026,5441,1004,209,9,200
901827,31-05-2026,7245,1045,204,10,50
901828,05-01-2026,7208,1064,209,4,0
901829,18-01-2026,7452,1055,209,6,1000
901830,26-04-2026,5505,1082,223,6,1000
901831,10-02-2026,5273,1086,208,8,1000
901832,01-04-2026,6283,1037,215,2,200
901833,04-02-2026,6511,1052,207,8,0
901834,26-05-2026,5569,1015,204,8,50
901835,05-05-2026,7229,1050,209,1,0
901836,21-02-2026,6540,1006,202,1,1000
901837,28-06-2026,6498,1043,208,6,100
901838,04-06-2026,5255,1014,215,2,500
901839,18-01-2026,5666,1043,216,2,200
901840,18-03-2026,6599,1033,223,9,1000
901841,10-04-2026,5207,1052,202,9,1000
901842,24-02-2026,5636,1055,200,4,100
901843,23-05-2026,6296,1032,204,10,500
901844,22-03-2026,7201,1096,213,7,200
901845,07-04-2026,5026,1034,205,5,100
901846,02-01-2026,6127,1097,224,4,100
901847,11-02-2026,7814,1074,222,5,100
901848,25-04-2026,6727,1029,218,4,200
901849,17-01-2026,5730,1078,220,1,0
901850,23-04-2026,5123,1086,215,9,50
901851,13-04-2026,6212,1074,224,2,50
901852,08-05-2026,6118,1069,209,5,500
901853,10-03-2026,5781,1054,200,3,500
901854,26-02-2026,5960,1007,208,1,1000
901855,31-01-2026,5187,1080,202,8,0
901856,25-06-2026,7482,1067,200,7,0
901857,03-03-2026,6709,1018,213,3,1000
901858,22-05-2026,6695,1086,204,8,50
901859,29-05-2026,7233,1096,207,10,100
901860,10-04-2026,7135,1062,211,1,1000
901861,04-05-2026,6254,1077,205,5,50
901862,03-03-2026,7077,1033,209,3,50
901863,07-03-2026,7759,1090,206,1,0
901864,13-02-2026,5644,1061,210,8,100
901865,07-04-2026,5627,1054,203,7,50
901866,03-02-2026,7498,1078,212,5,0
901867,16-02-2026,5674,1048,211,2,1000
901868,29-05-2026,6369,1045,217,6,500
901869,20-03-2026,7767,1080,211,5,200
901870,23-03-2026,5142,1085,211,4,100
901871,05-05-2026,5884,1063,213,4,0
901872,07-01-2026,5928,1025,221,9,0
901873,21-03-2026,5777,1009,201,10,50
901874,03-04-2026,7348,1006,204,2,0
901875,30-05-2026,7130,1087,201,6,500
901876,22-05-2026,7692,1051,211,3,100
901877,07-01-2026,7193,1098,202,6,0
901878,05-06-2026,6363,1010,214,4,100
901879,15-01-2026,5107,1067,212,4,100
901880,28-05-2026,6956,1040,203,2,1000
901881,24-05-2026,6488,1084,215,9,1000
901882,22-03-2026,5220,1092,220,5,1000
901883,07-04-2026,6038,1089,208,3,0
901884,12-05-2026,6784,1065,203,6,500
901885,19-06-2026,7768,1027,210,9,1000
901886,29-04-2026,6364,1099,205,6,0
901887,12-02-2026,5077,1046,220,8,0
901888,19-05-2026,6055,1086,218,6,500
901889,14-03-2026,7885,1017,201,1,500
901890,22-03-2026,7851,1076,215,10,50
901891,29-06-2026,5747,1041,222,3,50
901892,09-05-2026,7305,1025,212,10,50
901893,01-06-2026,5420,1032,207,7,50
901894,27-03-2026,7654,1030,213,3,200
901895,16-04-2026,5876,1081,213,5,200
901896,18-06-2026,5369,1075,218,2,200
901897,01-03-2026,7041,1065,218,4,0
901898,27-04-2026,5104,1084,216,9,500
901899,23-02-2026,7911,1085,202,7,100
901900,07-05-2026,7403,1040,224,3,1000
901901,28-06-2026,6784,1036,211,5,0
901902,03-01-2026,7727,1091,202,9,200
901903,11-06-2026,6243,1052,207,7,0
901904,26-06-2026,7863,1010,200,3,500
901905,11-05-2026,7736,1077,208,2,200
901906,20-03-2026,5965,1087,214,2,100
901907,10-02-2026,7302,1055,200,4,1000
901908,08-02-2026,5102,1032,210,3,1000
901909,08-04-2026,5095,1080,205,3,200
901910,15-05-2026,6556,1094,201,1,500
901911,09-02-2026,6266,1078,224,3,200
901912,17-02-2026,5324,1079,208,1,500
901913,01-06-2026,5842,1045,206,2,500
901914,04-04-2026,6611,1037,215,6,500
901915,12-04-2026,6253,1059,200,1,1000
901916,27-03-2026,6308,1040,217,10,500
901917,30-06-2026,7617,1067,210,1,1000
901918,10-02-2026,5629,1051,209,10,100
901919,28-02-2026,6492,1039,211,7,50
901920,05-01-2026,7752,1031,206,4,200
901921,22-05-2026,5087,1076,208,1,0
901922,26-01-2026,6577,1023,201,9,0
901923,28-02-2026,6919,1002,202,1,0
901924,24-06-2026,6572,1087,207,8,100
901925,26-02-2026,6792,1039,202,4,200
901926,19-06-2026,5303,1076,221,9,50
901927,06-04-2026,7390,1021,215,7,500
901928,16-06-2026,7538,1035,215,9,100
901929,24-02-2026,5216,1014,202,7,500
901930,08-01-2026,6603,1076,223,4,500
901931,18-04-2026,5035,1007,221,8,100
901932,18-05-2026,5329,1058,207,8,1000
901933,24-03-2026,7357,1096,202,2,1000
901934,01-01-2026,7237,1032,213,3,50
901935,18-02-2026,5592,1004,202,10,50
901936,13-01-2026,6915,1075,223,1,0
901937,01-06-2026,6294,1037,221,10,1000
901938,18-02-2026,6887,1098,219,6,200
901939,17-02-2026,5551,1066,205,4,500
901940,04-03-2026,5043,1023,210,4,1000
901941,13-01-2026,5390,1078,200,1,100
901942,28-04-2026,5349,1052,215,5,100
901943,29-06-2026,5841,1083,224,7,500
901944,05-05-2026,7040,1077,206,9,1000
901945,01-06-2026,6068,1035,213,1,0
901946,27-02-2026,7383,1048,215,1,500
901947,09-06-2026,7965,1007,222,1,0
901948,17-04-2026,7198,1031,218,4,50
901949,21-04-2026,5500,1083,209,9,50
901950,17-04-2026,5242,1073,210,5,500
901951,10-06-2026,7645,1082,222,7,100
901952,17-04-2026,7568,1084,218,3,50
901953,22-04-2026,5441,1007,209,3,50
901954,01-06-2026,7338,1022,203,3,500
901955,27-06-2026,6133,1049,217,6,200
901956,22-04-2026,5591,1092,224,4,100
901957,10-05-2026,5862,1042,208,10,0
901958,26-01-2026,6231,1066,204,3,1000
901959,11-06-2026,7476,1028,218,2,50
901960,12-05-2026,7139,1063,224,1,50
901961,07-05-2026,6130,1075,218,4,0
901962,07-05-2026,6418,1085,224,5,200
901963,08-04-2026,7239,1096,211,5,100
901964,09-02-2026,7687,1063,223,8,100
901965,07-01-2026,6218,1067,204,1,200
901966,04-02-2026,7460,1077,205,4,200
901967,16-02-2026,5692,1004,208,8,100
901968,05-06-2026,5762,1053,211,2,1000
901969,03-03-2026,6327,1028,219,8,0
901970,24-03-2026,5338,1023,201,10,100
901971,06-01-2026,7048,1033,216,7,0
901972,25-03-2026,7039,1086,200,7,200
901973,18-01-2026,7684,1064,204,9,0
901974,05-02-2026,6461,1042,202,7,0
901975,02-06-2026,6361,1003,200,6,50
901976,18-06-2026,5200,1051,220,10,500
901977,07-04-2026,7613,1032,206,3,200
901978,07-05-2026,5215,1056,224,1,0
901979,15-01-2026,5738,1034,214,2,0
901980,26-02-2026,5288,1098,219,10,200
901981,02-05-2026,7275,1006,212,8,1000
901982,06-04-2026,6508,1014,214,10,100
901983,31-05-2026,6636,1000,224,5,100
901984,03-03-2026,5342,1050,211,3,50
901985,23-04-2026,7115,1085,207,9,100
901986,19-06-2026,5864,1083,215,3,1000
901987,14-06-2026,6504,1047,211,9,1000
901988,07-04-2026,5478,1096,212,4,0
901989,16-03-2026,5289,1083,211,10,500
901990,10-01-2026,6032,1005,222,8,1000
901991,23-05-2026,7760,1060,216,7,100
901992,12-04-2026,5650,1010,210,8,100
901993,13-01-2026,5756,1084,222,2,500
901994,30-05-2026,5339,1061,214,9,100
901995,16-04-2026,7976,1079,211,5,1000
901996,24-03-2026,7275,1088,210,7,1000
901997,01-03-2026,5451,1080,212,8,0
901998,21-03-2026,7737,1027,206,3,50
901999,25-03-2026,7560,1023,217,5,50
902000,19-05-2026,5074,1060,202,10,0
902001,17-02-2026,6568,1039,223,9,100
902002,02-02-2026,6338,1005,207,7,200
902003,04-05-2026,5315,1067,216,1,0
902004,16-06-2026,5026,1079,201,3,200
902005,13-03-2026,6436,1099,224,7,200
902006,06-05-2026,7100,1091,213,4,500
902007,10-06-2026,7600,1087,201,3,50
902008,25-03-2026,6569,1014,213,2,50
902009,03-05-2026,7535,1060,201,8,100
902010,12-05-2026,7052,1096,218,5,0
902011,20-06-2026,7876,1040,218,4,0
902012,11-05-2026,7212,1015,204,10,50
902013,09-01-2026,7731,1085,209,3,0
902014,17-02-2026,5409,1042,222,9,500
902015,12-04-2026,7770,1051,218,2,1000
902016,09-05-2026,6312,1056,206,2,1000
902017,05-05-2026,7235,1094,211,4,100
902018,15-04-2026,7240,1077,201,3,500
902019,19-02-2026,6411,1071,218,5,50
902020,28-05-2026,5055,1077,207,5,50
902021,07-03-2026,5733,1060,201,4,100
902022,12-06-2026,6344,1029,206,5,0
902023,28-02-2026,7327,1063,205,4,200
902024,07-06-2026,7622,1046,211,5,50
902025,24-05-2026,5368,1009,221,2,200
902026,07-01-2026,6652,1019,210,8,200
902027,21-02-2026,6521,1065,204,10,500
902028,28-02-2026,5881,1057,201,9,50
902029,03-03-2026,5097,1017,218,3,1000
902030,27-01-2026,6542,1087,205,4,100
902031,01-01-2026,5042,1092,210,9,100
902032,25-04-2026,6871,1010,203,4,1000
902033,25-06-2026,5951,1011,221,2,0
902034,09-05-2026,7532,1087,219,1,0
902035,17-05-2026,7867,1038,210,4,100
902036,08-03-2026,5522,1025,221,7,50
902037,16-02-2026,5708,1029,203,1,1000
902038,12-02-2026,6227,1005,209,8,500
902039,20-04-2026,5456,1027,209,6,1000
902040,23-04-2026,5004,1044,210,5,50
902041,07-01-2026,5154,1056,205,3,200
902042,23-04-2026,5192,1085,215,10,500
902043,15-06-2026,6755,1072,208,7,50
902044,04-06-2026,6741,1092,211,6,500
902045,04-04-2026,7914,1049,200,3,0
902046,05-03-2026,7416,1046,207,3,500
902047,02-03-2026,7076,1049,206,5,500
902048,16-01-2026,6401,1031,215,1,1000
902049,16-06-2026,7447,1068,202,9,50
902050,27-03-2026,5511,1097,205,9,50
902051,04-06-2026,6414,1007,203,2,100
902052,10-02-2026,7936,1070,210,3,0
902053,15-06-2026,6795,1024,207,5,50
902054,04-02-2026,7313,1013,221,10,1000
902055,22-01-2026,6342,1096,217,8,1000
902056,17-05-2026,5341,1072,223,6,200
902057,18-01-2026,5124,1001,209,8,500
902058,18-05-2026,6938,1030,202,6,50
902059,07-02-2026,7675,1039,205,4,500
902060,18-01-2026,7625,1061,222,2,500
902061,24-04-2026,5600,1069,213,7,0
902062,07-01-2026,6170,1075,203,3,50
902063,14-04-2026,5907,1041,222,10,200
902064,28-04-2026,6548,1020,204,6,500
902065,16-02-2026,5191,1050,223,9,200
902066,11-03-2026,7003,1056,218,5,200
902067,22-06-2026,7715,1007,209,4,50
902068,13-06-2026,5300,1036,222,5,1000
902069,25-02-2026,5686,1073,209,7,1000
902070,27-06-2026,5545,1024,200,6,100
902071,17-06-2026,7587,1007,217,2,50
902072,28-01-2026,5053,1087,217,6,200
902073,15-04-2026,6292,1010,209,8,1000
902074,13-01-2026,5902,1057,211,10,500
902075,19-04-2026,6883,1022,209,10,200
902076,23-05-2026,6036,1078,204,2,500
902077,27-05-2026,7469,1075,204,1,1000
902078,26-05-2026,7421,1074,205,9,1000
902079,03-03-2026,5850,1057,212,7,500
902080,30-05-2026,5828,1051,214,10,500
902081,26-01-2026,6256,1084,204,9,1000
902082,30-04-2026,6869,1053,224,5,200
902083,08-06-2026,5590,1045,212,10,200
902084,23-01-2026,6703,1033,205,1,0
902085,20-03-2026,6536,1021,209,3,200
902086,24-05-2026,6651,1096,212,6,50
902087,24-05-2026,7686,1005,217,8,500
902088,19-06-2026,5577,1078,203,7,50
902089,08-06-2026,7499,1063,223,4,1000
902090,22-06-2026,5730,1060,223,7,100
902091,07-06-2026,5574,1001,207,2,100
902092,11-04-2026,7849,1024,223,8,500
902093,28-04-2026,5461,1082,204,4,50
902094,17-04-2026,7754,1043,211,10,0
902095,16-02-2026,7552,1058,218,3,50
902096,26-03-2026,5104,1047,213,5,1000
902097,31-03-2026,5201,1010,216,10,100
902098,07-02-2026,5586,1074,216,6,100
902099,27-02-2026,5311,1035,224,7,500
902100,16-03-2026,5981,1087,222,1,50
902101,28-03-2026,5425,1087,216,1,0
902102,23-01-2026,7073,1013,203,7,100
902103,23-06-2026,7800,1077,221,4,1000
902104,11-02-2026,6380,1070,217,6,500
902105,31-01-2026,5322,1055,211,8,100
902106,08-01-2026,7061,1092,212,8,1000
902107,19-06-2026,6884,1001,224,5,500
902108,09-01-2026,7610,1046,212,9,200
902109,10-01-2026,5634,1062,220,1,50
902110,13-02-2026,5626,1019,220,7,0
902111,15-01-2026,6146,1075,214,9,1000
902112,22-05-2026,5843,1095,210,3,200
902113,02-04-2026,7010,1095,216,10,50
902114,16-02-2026,5661,1046,211,2,500
902115,10-02-2026,5729,1012,222,9,200
902116,01-05-2026,6688,1033,218,6,1000
902117,23-05-2026,7914,1093,206,9,1000
902118,26-03-2026,7863,1055,224,10,1000
902119,07-04-2026,7123,1002,201,7,1000
902120,30-05-2026,7289,1018,200,10,100
902121,22-02-2026,7911,1030,223,8,100
902122,17-01-2026,5290,1004,201,10,500
902123,19-05-2026,5366,1066,214,3,0
902124,17-04-2026,7565,1014,205,8,0
902125,22-02-2026,7202,1007,206,4,0
902126,20-03-2026,7896,1065,224,10,100
902127,06-02-2026,5465,1089,206,8,0
902128,25-01-2026,6695,1007,212,9,500
902129,16-06-2026,6762,1087,201,1,100
902130,30-04-2026,6571,1047,218,8,1000
902131,17-01-2026,6341,1034,218,8,1000
902132,03-01-2026,6398,1029,204,10,200
902133,27-02-2026,6522,1033,224,5,200
902134,10-03-2026,7671,1083,213,10,500
902135,01-04-2026,6829,1009,208,3,0
902136,11-05-2026,5282,1044,213,9,500
902137,28-03-2026,7840,1094,222,8,500
902138,26-01-2026,7307,1087,215,5,0
902139,24-04-2026,7129,1070,220,7,200
902140,03-06-2026,5721,1045,222,8,1000
902141,07-03-2026,7660,1001,222,3,200
902142,23-04-2026,6328,1021,220,4,500
902143,16-04-2026,6763,1075,204,4,0
902144,04-04-2026,6932,1017,220,8,500
902145,19-05-2026,7832,1037,223,7,100
902146,26-03-2026,7015,1021,223,4,0
902147,24-01-2026,6733,1025,204,1,500
902148,23-06-2026,6056,1070,219,2,100
902149,21-04-2026,7720,1017,202,1,1000
902150,30-05-2026,7183,1096,204,4,50
902151,30-03-2026,6419,1011,224,5,500
902152,13-06-2026,5553,1022,205,10,1000
902153,09-01-2026,6902,1032,202,8,200
902154,24-01-2026,7337,1030,208,7,1000
902155,24-05-2026,6604,1012,201,6,500
902156,11-03-2026,7287,1043,220,10,1000
902157,13-03-2026,5284,1001,212,7,500
902158,22-04-2026,5884,1096,219,9,1000
902159,24-03-2026,6152,1096,223,1,1000
902160,09-04-2026,6605,1037,217,1,500
902161,06-01-2026,6506,1005,214,9,500
902162,19-01-2026,6056,1000,217,5,200
902163,23-06-2026,5906,1032,206,1,1000
902164,21-04-2026,5705,1049,218,6,500
902165,19-02-2026,5280,1060,200,7,1000
902166,24-04-2026,5990,1037,206,1,1000
902167,05-06-2026,5026,1016,212,8,100
902168,09-02-2026,7642,1037,200,7,100
902169,01-03-2026,7146,1010,220,2,1000
902170,17-05-2026,5425,1043,207,1,1000
902171,23-01-2026,5913,1086,224,10,50
902172,30-03-2026,6278,1024,224,7,500
902173,06-01-2026,7798,1040,222,2,1000
902174,23-04-2026,7023,1088,201,8,0
902175,13-06-2026,6114,1049,211,8,0
902176,21-05-2026,6104,1037,214,8,50
902177,08-04-2026,6371,1005,215,8,500
902178,27-01-2026,5717,1042,201,8,200
902179,13-01-2026,5879,1029,200,4,100
902180,23-04-2026,7371,1055,219,6,0
902181,03-02-2026,5270,1085,224,4,500
902182,08-01-2026,6844,1023,223,5,200
902183,19-03-2026,5642,1097,207,8,50
902184,03-06-2026,7769,1075,210,3,1000
902185,30-04-2026,5831,1053,215,10,0
902186,17-04-2026,7786,1023,220,8,50
902187,30-04-2026,5916,1057,216,9,500
902188,23-04-2026,5903,1077,219,8,200
902189,07-01-2026,5189,1011,209,4,500
902190,28-05-2026,7578,1048,220,5,0
902191,03-05-2026,5976,1025,215,3,200
902192,28-06-2026,7617,1048,208,3,1000
902193,30-04-2026,5502,1016,224,9,100
902194,16-05-2026,5203,1014,214,3,50
902195,21-03-2026,5035,1041,209,1,200
902196,16-05-2026,5476,1065,224,5,200
902197,28-04-2026,5045,1079,203,4,200
902198,07-03-2026,5059,1084,208,6,500
902199,10-06-2026,6719,1035,220,2,1000
902200,30-04-2026,6648,1065,213,1,0
902201,17-04-2026,7588,1037,211,10,200
902202,17-02-2026,7163,1023,223,10,200
902203,13-01-2026,5761,1011,216,10,200
902204,16-04-2026,5835,1063,210,5,500
902205,31-01-2026,5803,1092,205,6,100
902206,28-05-2026,7441,1061,201,2,200
902207,30-05-2026,6078,1044,219,2,500
902208,18-05-2026,6836,1000,206,6,100
902209,22-05-2026,7277,1020,217,7,1000
902210,02-03-2026,5099,1051,218,6,500
902211,06-03-2026,5597,1031,211,8,200
902212,16-04-2026,7396,1015,224,1,200
902213,02-04-2026,7029,1080,220,6,500
902214,13-06-2026,5154,1077,222,10,1000
902215,09-03-2026,5204,1081,223,2,100
902216,23-01-2026,5866,1019,211,9,200
902217,03-05-2026,6452,1005,221,2,50
902218,05-03-2026,5892,1028,214,2,500
902219,08-06-2026,5109,1061,207,10,0
902220,14-06-2026,7984,1037,220,4,200
902221,30-01-2026,6415,1088,205,2,100
902222,18-03-2026,7908,1034,219,1,100
902223,06-03-2026,6932,1020,215,5,0
902224,28-06-2026,6724,1084,211,5,200
902225,26-01-2026,7443,1061,223,2,200
902226,17-03-2026,7497,1050,212,6,1000
902227,01-01-2026,5814,1005,202,6,1000
902228,08-04-2026,5143,1014,219,4,50
902229,04-02-2026,7645,1050,220,9,200
902230,28-01-2026,7189,1059,224,5,500
902231,26-05-2026,5269,1070,205,8,0
902232,06-02-2026,5476,1021,217,9,0
902233,17-06-2026,7621,1003,219,6,0
902234,11-02-2026,5886,1064,200,8,50
902235,06-03-2026,6393,1008,209,5,1000
902236,22-04-2026,6744,1046,214,1,1000
902237,27-02-2026,6193,1000,207,8,1000
902238,14-01-2026,5347,1019,203,9,500
902239,02-04-2026,5096,1093,223,10,1000
902240,08-01-2026,7638,1059,210,6,50
902241,10-02-2026,6391,1059,201,8,100
902242,02-02-2026,6943,1079,211,6,500
902243,03-04-2026,6915,1046,215,1,0
902244,07-02-2026,7162,1090,213,8,200
902245,20-01-2026,7592,1038,214,10,100
902246,29-05-2026,7331,1012,202,9,100
902247,12-04-2026,7506,1011,222,1,500
902248,05-01-2026,7755,1034,224,5,0
902249,19-04-2026,7473,1069,212,10,100
902250,14-06-2026,6783,1091,224,10,100
902251,11-05-2026,6970,1089,214,7,1000
902252,07-01-2026,6533,1021,205,6,1000
902253,02-01-2026,7379,1011,222,2,1000
902254,03-03-2026,6072,1065,221,6,1000
902255,18-02-2026,5735,1042,215,6,100
902256,25-04-2026,6112,1041,222,1,500
902257,16-06-2026,7546,1089,223,10,50
902258,21-03-2026,7130,1003,222,6,500
902259,30-05-2026,7802,1071,214,1,500
902260,13-06-2026,6794,1044,222,5,500
902261,20-01-2026,5438,1021,209,4,1000
902262,22-01-2026,7935,1041,210,5,100
902263,31-01-2026,6686,1013,220,5,100
902264,30-01-2026,6491,1092,213,5,200
902265,28-06-2026,7482,1076,206,5,0
902266,19-02-2026,6115,1047,222,1,200
902267,01-02-2026,7068,1034,217,8,50
902268,21-05-2026,7463,1051,215,2,500
902269,07-01-2026,6212,1028,203,10,200
902270,10-02-2026,6351,1086,201,1,50
902271,28-06-2026,5444,1066,208,4,200
902272,30-04-2026,7913,1079,222,2,50
902273,04-05-2026,5270,1088,217,1,1000
902274,22-06-2026,7958,1031,206,5,100
902275,04-04-2026,7559,1066,204,5,200
902276,20-02-2026,6603,1023,210,5,50
902277,06-02-2026,5321,1066,202,5,500
902278,07-01-2026,7548,1092,210,6,1000
902279,27-06-2026,7875,1010,201,8,50
902280,03-06-2026,5600,1029,217,8,500
902281,03-04-2026,6698,1088,202,7,500
902282,27-02-2026,5441,1069,210,7,0
902283,22-04-2026,6634,1096,215,2,1000
902284,22-01-2026,7524,1032,222,10,500
902285,04-06-2026,6385,1031,203,6,0
902286,25-03-2026,5228,1005,202,7,500
902287,05-04-2026,7019,1004,217,8,0
902288,17-04-2026,5534,1062,216,2,100
902289,29-04-2026,6567,1018,219,8,500
902290,06-03-2026,6000,1096,211,4,1000
902291,04-02-2026,7601,1002,202,2,1000
902292,31-01-2026,7813,1011,223,7,0
902293,06-01-2026,7482,1031,220,9,100
902294,22-02-2026,5439,1004,217,2,0
902295,21-02-2026,7743,1017,210,7,0
902296,29-01-2026,7542,1002,211,2,0
902297,28-05-2026,5613,1059,206,5,500
902298,01-04-2026,6452,1008,206,4,0
902299,12-04-2026,5046,1022,220,5,0
902300,28-05-2026,5293,1060,215,10,500
902301,23-03-2026,5245,1050,224,4,500
902302,05-01-2026,5002,1098,200,10,1000
902303,08-02-2026,7913,1000,203,8,0
902304,10-01-2026,7363,1094,201,4,500
902305,26-02-2026,7799,1082,216,6,100
902306,25-05-2026,5218,1052,224,4,500
902307,15-05-2026,6185,1019,211,4,500
902308,03-06-2026,7838,1007,218,3,0
902309,05-03-2026,5631,1073,217,5,100
902310,01-04-2026,7152,1083,207,7,500
902311,05-03-2026,7668,1046,204,2,500
902312,06-02-2026,7077,1085,220,3,50
902313,18-05-2026,6264,1083,218,4,500
902314,03-05-2026,6676,1056,211,6,500
902315,31-05-2026,7160,1051,201,8,100
902316,18-05-2026,5710,1095,224,3,50
902317,04-06-2026,5313,1038,200,9,50
902318,02-04-2026,5543,1089,200,8,200
902319,05-02-2026,5920,1064,214,4,50
902320,10-03-2026,5369,1091,212,10,1000
902321,03-01-2026,5540,1081,206,1,0
902322,01-05-2026,7516,1037,218,3,500
902323,09-04-2026,7512,1035,216,3,1000
902324,16-04-2026,6650,1035,207,3,100
902325,17-04-2026,6326,1034,206,3,1000
902326,21-04-2026,7228,1002,212,4,200
902327,24-02-2026,5643,1055,206,6,1000
902328,20-02-2026,7181,1032,207,8,0
902329,16-05-2026,6447,1034,200,3,500
902330,03-06-2026,5241,1028,221,9,100
902331,31-01-2026,6482,1062,208,7,100
902332,26-05-2026,5813,1077,202,7,1000
902333,09-04-2026,5329,1044,216,10,200
902334,09-04-2026,5854,1019,223,2,1000
902335,17-02-2026,5779,1017,209,1,500
902336,14-05-2026,5295,1052,202,10,0
902337,09-05-2026,6490,1040,220,8,1000
902338,20-01-2026,6742,1062,222,1,0
902339,07-05-2026,6496,1004,224,8,50
902340,06-03-2026,6709,1014,203,4,500
902341,13-03-2026,6780,1079,212,7,1000
902342,22-03-2026,7160,1062,201,1,500
902343,25-04-2026,6729,1032,211,5,100
902344,03-06-2026,5958,1091,204,9,50
902345,12-03-2026,6232,1004,218,4,100
902346,02-01-2026,5926,1076,221,10,200
902347,24-05-2026,6189,1083,218,4,1000
902348,26-04-2026,7423,1011,202,1,100
902349,03-03-2026,7223,1099,205,2,500
902350,24-01-2026,7800,1038,207,3,500
902351,15-02-2026,7359,1097,211,6,50
902352,01-05-2026,6470,1028,223,3,50
902353,09-05-2026,7868,1031,218,5,1000
902354,23-04-2026,7446,1009,215,1,200
902355,05-05-2026,6903,1013,213,4,0
902356,12-05-2026,5742,1095,223,8,1000
902357,13-01-2026,6320,1012,210,3,200
902358,13-06-2026,5394,1040,212,2,0
902359,15-04-2026,6432,1007,212,10,100
902360,25-05-2026,6797,1053,206,6,500
902361,10-03-2026,6421,1074,222,2,200
902362,07-06-2026,6712,1055,213,5,0
902363,27-01-2026,7163,1015,217,6,1000
902364,29-01-2026,5715,1015,220,3,1000
902365,25-03-2026,6896,1043,223,5,1000
902366,23-04-2026,6371,1021,220,4,50
902367,03-01-2026,5722,1082,218,4,100
902368,08-03-2026,5339,1086,204,4,1000
902369,17-05-2026,7679,1048,218,2,500
902370,23-04-2026,5048,1033,200,7,1000
902371,28-03-2026,7413,1084,204,10,100
902372,15-01-2026,7948,1000,209,9,200
902373,05-03-2026,6432,1014,219,7,500
902374,04-06-2026,7592,1057,200,1,500
902375,03-06-2026,5939,1073,201,3,500
902376,21-01-2026,5136,1055,207,3,0
902377,27-04-2026,7474,1083,213,2,1000
902378,18-06-2026,6366,1060,204,2,1000
902379,07-05-2026,5947,1083,217,9,0
902380,18-06-2026,7690,1026,224,7,1000
902381,07-01-2026,5233,1066,210,3,0
902382,22-04-2026,6551,1073,213,4,200
902383,24-06-2026,6832,1072,216,4,0
902384,30-06-2026,7252,1077,218,10,200
902385,21-02-2026,5637,1037,212,3,50
902386,25-02-2026,7250,1045,213,3,1000
902387,10-04-2026,5809,1043,208,4,200
902388,22-06-2026,7044,1006,200,10,500
902389,18-01-2026,7079,1062,200,10,50
902390,26-04-2026,5606,1074,222,9,200
902391,05-03-2026,6982,1020,215,7,200
902392,18-05-2026,5026,1064,214,6,500
902393,10-01-2026,6761,1014,216,10,1000
902394,08-03-2026,6885,1096,202,7,50
902395,09-03-2026,6144,1009,209,4,500
902396,07-02-2026,6899,1085,222,3,500
902397,07-05-2026,7656,1015,221,8,0
902398,17-03-2026,7015,1002,222,8,500
902399,14-03-2026,5301,1071,201,4,0
902400,04-01-2026,6126,1051,217,8,0
902401,15-04-2026,7162,1014,202,8,0
902402,12-01-2026,5532,1012,203,5,1000
902403,20-05-2026,6591,1041,200,7,100
902404,21-06-2026,7499,1093,207,8,100
902405,02-02-2026,5526,1068,212,9,500
902406,29-01-2026,7243,1066,208,10,50
902407,13-04-2026,6671,1095,219,10,50
902408,16-04-2026,6447,1014,211,6,50
902409,09-06-2026,5849,1037,205,1,0
902410,02-05-2026,6199,1018,203,7,100
902411,17-06-2026,7865,1099,202,8,0
902412,11-01-2026,6243,1001,219,6,100
902413,06-03-2026,7403,1073,203,8,50
902414,07-01-2026,5485,1030,218,1,500
902415,04-04-2026,6235,1011,207,3,50
902416,23-03-2026,6300,1085,214,3,200
902417,04-03-2026,7518,1034,213,10,500
902418,05-02-2026,5398,1092,209,1,200
902419,25-04-2026,7688,1059,205,3,0
902420,23-02-2026,6865,1080,200,7,50
902421,19-03-2026,6932,1073,223,4,1000
902422,29-01-2026,7039,1074,206,8,200
902423,10-04-2026,7637,1020,214,8,100
902424,04-06-2026,5502,1010,208,6,1000
902425,20-04-2026,6756,1000,218,9,1000
902426,09-01-2026,5664,1074,215,2,500
902427,03-05-2026,6480,1048,218,4,1000
902428,05-04-2026,7986,1079,216,5,50
902429,21-02-2026,5863,1003,202,4,500
902430,22-02-2026,7992,1009,204,7,100
902431,23-02-2026,7086,1011,214,8,50
902432,31-03-2026,7213,1015,218,4,500
902433,13-01-2026,7965,1090,205,2,100
902434,25-02-2026,5294,1015,209,5,200
902435,10-06-2026,6452,1075,208,6,500
902436,01-04-2026,6329,1038,202,7,0
902437,23-03-2026,7727,1036,208,8,1000
902438,25-05-2026,6867,1017,219,4,500
902439,28-04-2026,5747,1001,204,10,100
902440,07-04-2026,6826,1074,208,2,50
902441,04-05-2026,7814,1063,223,5,500
902442,21-05-2026,7776,1047,221,10,1000
902443,03-04-2026,7646,1047,204,7,1000
902444,25-03-2026,5610,1021,224,2,1000
902445,19-06-2026,7063,1068,224,8,1000
902446,19-03-2026,7970,1085,216,9,200
902447,26-03-2026,7838,1086,216,4,500
902448,06-04-2026,5898,1077,216,10,1000
902449,17-04-2026,5659,1073,213,2,200
902450,06-01-2026,5968,1047,202,4,200
902451,17-04-2026,7357,1030,223,5,1000
902452,03-01-2026,5548,1085,216,9,100
902453,23-04-2026,6464,1099,213,1,1000
902454,06-06-2026,5905,1009,203,9,100
902455,02-06-2026,7817,1096,221,6,500
902456,08-01-2026,5047,1074,201,10,0
902457,17-05-2026,5625,1019,208,6,500
902458,18-05-2026,7389,1002,200,3,50
902459,22-01-2026,6973,1072,220,3,100
902460,15-03-2026,6779,1026,202,6,1000
902461,24-06-2026,6192,1074,209,7,500
902462,31-05-2026,5275,1099,202,9,200
902463,25-04-2026,5782,1056,221,6,500
902464,04-05-2026,5506,1013,209,5,100
902465,15-06-2026,6346,1038,210,2,50
902466,26-04-2026,7602,1055,207,7,0
902467,15-01-2026,6049,1062,202,2,50
902468,12-06-2026,7465,1029,205,10,1000
902469,08-05-2026,6514,1034,223,1,50
902470,10-03-2026,7624,1031,205,2,1000
902471,02-01-2026,7896,1044,224,2,500
902472,08-05-2026,6995,1024,216,3,50
902473,19-02-2026,7080,1048,221,1,100
902474,24-01-2026,7265,1026,203,1,200
902475,24-05-2026,5445,1047,209,10,100
902476,28-01-2026,7172,1067,212,1,1000
902477,11-02-2026,6854,1000,215,10,0
902478,25-03-2026,5492,1012,202,5,50
902479,03-04-2026,5237,1069,206,10,500
902480,20-06-2026,6290,1000,200,3,200
902481,20-06-2026,7663,1022,201,4,500
902482,26-05-2026,7409,1027,210,2,500
902483,15-04-2026,7722,1020,221,8,1000
902484,27-04-2026,5266,1075,206,1,200
902485,19-01-2026,5336,1058,224,10,0
902486,23-03-2026,7062,1060,211,6,500
902487,12-06-2026,5963,1055,212,9,1000
902488,13-01-2026,7488,1024,205,10,0
902489,20-05-2026,5075,1091,222,5,50
902490,11-05-2026,6328,1008,219,9,100
902491,07-03-2026,5494,1086,206,6,100
902492,15-01-2026,7041,1034,220,8,1000
902493,09-02-2026,6825,1043,220,2,200
902494,27-04-2026,7758,1038,214,5,0
902495,20-01-2026,6495,1050,213,1,100
902496,10-01-2026,7875,1042,210,3,200
902497,25-05-2026,6685,1076,222,5,100
902498,31-03-2026,6345,1028,205,4,500
902499,29-03-2026,6538,1083,220,9,0
902500,19-06-2026,6342,1067,211,1,100
902501,07-06-2026,6566,1095,222,7,50
902502,27-01-2026,5598,1074,214,10,500
902503,08-05-2026,5264,1074,216,9,200
902504,17-03-2026,6991,1029,220,4,200
902505,26-05-2026,5075,1028,205,1,100
902506,07-06-2026,7719,1053,205,3,1000
902507,30-01-2026,5308,1065,204,3,200
902508,17-05-2026,7115,1032,221,8,500
902509,21-04-2026,5238,1005,204,7,1000
902510,02-05-2026,7712,1007,220,8,200
902511,13-03-2026,6181,1081,212,10,50
902512,25-01-2026,5371,1007,203,8,200
902513,28-02-2026,6013,1051,222,6,100
902514,05-05-2026,6148,1034,217,1,100
902515,04-03-2026,7320,1055,209,3,50
902516,12-01-2026,6086,1074,205,8,1000
902517,28-01-2026,7746,1069,210,4,50
902518,17-02-2026,7730,1059,221,8,0
902519,22-01-2026,6192,1009,214,6,100
902520,11-02-2026,6286,1004,216,6,50
902521,21-01-2026,6378,1012,223,9,500
902522,01-04-2026,7390,1004,215,9,200
902523,10-01-2026,5948,1011,214,2,1000
902524,09-03-2026,5103,1045,220,7,1000
902525,11-05-2026,6365,1040,224,7,50
902526,07-04-2026,7328,1035,203,1,50
902527,17-05-2026,6024,1087,215,7,500
902528,11-04-2026,5687,1027,222,7,500
902529,10-03-2026,7964,1039,220,5,50
902530,07-03-2026,5370,1019,209,6,1000
902531,10-02-2026,6782,1080,205,10,200
902532,31-01-2026,6228,1034,216,9,200
902533,26-01-2026,5845,1062,208,9,200
902534,16-05-2026,7127,1069,212,9,0
902535,23-02-2026,5877,1090,216,4,50
902536,23-01-2026,5489,1008,220,9,500
902537,20-05-2026,5347,1050,205,9,0
902538,06-06-2026,7604,1012,200,2,1000
902539,11-04-2026,5888,1044,212,6,200
902540,14-06-2026,7449,1008,209,8,500
902541,21-01-2026,7889,1055,212,5,1000
902542,20-05-2026,6627,1017,218,4,200
902543,17-02-2026,7120,1025,218,8,50
902544,15-06-2026,5610,1026,207,4,1000
902545,01-06-2026,6334,1022,217,6,0
902546,11-02-2026,6881,1052,209,8,0
902547,18-02-2026,7010,1097,206,10,100
902548,24-06-2026,7509,1066,217,7,1000
902549,24-03-2026,7406,1076,212,4,500
902550,03-05-2026,5950,1073,217,9,0
902551,22-02-2026,7019,1070,221,3,500
902552,12-04-2026,5288,1068,213,8,100
902553,17-01-2026,7664,1027,201,10,500
902554,17-04-2026,6201,1098,201,8,50
902555,16-04-2026,5676,1034,214,6,1000
902556,21-03-2026,6651,1098,205,6,0
902557,18-06-2026,6647,1018,200,3,50
902558,28-01-2026,5218,1093,203,4,500
902559,28-02-2026,7844,1078,200,4,0
902560,07-06-2026,6346,1001,212,4,100
902561,22-01-2026,6039,1075,210,2,1000
902562,15-06-2026,6531,1080,210,5,1000
902563,01-05-2026,7166,1003,204,4,200
902564,28-05-2026,7622,1062,204,1,50
902565,01-04-2026,5314,1015,206,8,50
902566,18-02-2026,5771,1006,201,4,1000
902567,16-06-2026,7416,1093,209,1,500
902568,09-05-2026,6336,1016,208,2,1000
902569,26-04-2026,5883,1051,200,10,50
902570,09-02-2026,5140,1052,211,6,200
902571,14-04-2026,6913,1044,201,9,1000
902572,09-04-2026,7562,1012,207,4,0
902573,05-04-2026,6334,1072,216,4,200
902574,19-04-2026,7635,1082,222,10,100
902575,04-02-2026,5748,1072,205,9,0
902576,23-02-2026,7010,1050,205,8,0
902577,27-02-2026,5980,1073,200,4,100
902578,01-06-2026,7992,1017,223,6,500
902579,22-05-2026,5279,1010,222,1,500
902580,05-01-2026,5442,1002,216,2,100
902581,06-03-2026,6776,1097,201,6,200
902582,13-01-2026,5836,1059,212,6,200
902583,27-01-2026,7355,1003,219,8,200
902584,18-05-2026,7622,1093,221,9,1000
902585,26-04-2026,5265,1083,222,2,1000
902586,12-04-2026,7302,1053,204,2,1000
902587,27-01-2026,5960,1018,204,10,500
902588,23-04-2026,6021,1075,224,3,0
902589,28-06-2026,7847,1098,215,6,0
902590,18-01-2026,5792,1058,217,10,200
902591,09-03-2026,5184,1061,215,8,500
902592,11-06-2026,5711,1097,220,9,500
902593,09-05-2026,7150,1031,211,1,200
902594,08-01-2026,6312,1083,206,2,0
902595,05-02-2026,6857,1063,218,3,1000
902596,28-03-2026,5737,1048,215,8,500
902597,03-06-2026,6813,1052,207,9,200
902598,20-01-2026,6171,1002,213,3,0
902599,07-05-2026,5747,1096,202,6,500
902600,15-02-2026,7789,1062,224,7,1000
902601,15-05-2026,5570,1009,215,10,1000
902602,02-05-2026,7226,1089,214,2,0
902603,20-01-2026,6959,1023,221,10,200
902604,26-06-2026,6680,1094,206,9,100
902605,16-06-2026,6565,1069,223,5,500
902606,15-02-2026,5925,1069,209,3,1000
902607,03-02-2026,5051,1000,204,1,100
902608,12-03-2026,6034,1078,201,4,100
902609,28-03-2026,6819,1005,205,2,1000
902610,23-04-2026,6337,1003,213,1,50
902611,17-02-2026,6838,1086,217,7,50
902612,09-05-2026,6734,1077,217,3,100
902613,20-01-2026,7994,1078,204,2,500
902614,22-04-2026,7338,1096,208,2,500
902615,24-04-2026,7193,1085,220,6,500
902616,16-06-2026,6924,1023,211,2,500
902617,14-04-2026,6191,1083,216,5,100
902618,26-04-2026,5488,1020,205,5,200
902619,12-05-2026,7616,1002,202,9,50
902620,10-05-2026,7401,1075,205,1,1000
902621,02-02-2026,5069,1005,222,2,200
902622,08-03-2026,6185,1006,205,9,200
902623,24-04-2026,7193,1091,219,2,50
902624,20-05-2026,5858,1018,202,10,500
902625,05-01-2026,7145,1024,210,9,50
902626,01-03-2026,5578,1022,224,2,100
902627,21-05-2026,7466,1050,214,7,100
902628,15-05-2026,6328,1071,209,10,0
902629,13-04-2026,6681,1039,203,7,500
902630,10-06-2026,5007,1038,208,1,0
902631,15-01-2026,6476,1021,206,8,500
902632,16-06-2026,7208,1034,214,7,100
902633,02-02-2026,5204,1030,208,9,500
902634,15-06-2026,7015,1053,215,7,100
902635,02-04-2026,6232,1076,205,9,50
902636,27-05-2026,5530,1039,201,8,1000
902637,30-05-2026,5684,1049,200,4,50
902638,18-02-2026,6276,1094,224,2,1000
902639,07-06-2026,6971,1053,211,9,100
902640,24-02-2026,6490,1016,221,5,0
902641,10-04-2026,6322,1021,215,3,50
902642,14-01-2026,5343,1098,201,3,100
902643,25-04-2026,7686,1085,223,4,50
902644,06-06-2026,5730,1018,221,5,0
902645,14-06-2026,7251,1084,216,8,100
902646,23-03-2026,7364,1038,217,10,50
902647,13-04-2026,7752,1082,204,8,200
902648,27-06-2026,5540,1006,216,4,0
902649,25-01-2026,5296,1008,207,2,500
902650,12-04-2026,7188,1000,208,5,500
902651,06-04-2026,5755,1070,215,3,200
902652,17-05-2026,5449,1039,223,4,1000
902653,11-04-2026,7101,1015,222,4,1000
902654,06-02-2026,6706,1067,210,9,50
902655,26-06-2026,7674,1099,222,1,50
902656,19-01-2026,7818,1031,200,10,1000
902657,12-05-2026,5131,1049,215,8,0
902658,08-05-2026,6303,1053,223,4,100
902659,02-06-2026,5108,1001,204,3,200
902660,10-05-2026,5256,1057,209,10,100
902661,20-05-2026,7662,1074,208,5,500
902662,13-04-2026,5724,1038,216,2,200
902663,06-03-2026,6116,1033,210,9,50
902664,22-04-2026,5346,1057,201,3,50
902665,25-04-2026,6838,1085,200,8,200
902666,01-01-2026,7311,1046,216,4,500
902667,19-06-2026,7399,1056,200,5,200
902668,27-04-2026,5885,1092,207,3,0
902669,15-01-2026,5568,1003,217,6,200
902670,06-02-2026,7826,1040,222,3,0
902671,17-05-2026,7268,1056,206,1,0
902672,25-06-2026,6986,1054,217,2,500
902673,28-02-2026,6927,1061,215,9,200
902674,04-02-2026,6034,1045,207,1,200
902675,24-02-2026,5566,1053,219,5,200
902676,18-01-2026,5254,1038,212,2,1000
902677,12-04-2026,6457,1055,206,9,200
902678,26-05-2026,7052,1028,220,9,500
902679,05-03-2026,7821,1083,204,2,1000
902680,11-05-2026,6196,1081,208,1,100
902681,27-01-2026,5918,1058,223,7,100
902682,27-02-2026,6973,1062,210,9,500
902683,27-02-2026,5949,1037,206,2,1000
902684,13-05-2026,5922,1078,221,9,100
902685,26-06-2026,5730,1033,222,7,0
902686,19-06-2026,5316,1009,222,9,100
902687,11-04-2026,6739,1011,204,4,500
902688,09-02-2026,6105,1041,213,5,50
902689,21-06-2026,6391,1012,201,5,1000
902690,18-02-2026,7036,1065,213,8,1000
902691,29-03-2026,6465,1039,219,6,0
902692,17-02-2026,6605,1009,219,6,500
902693,24-06-2026,6859,1015,206,3,1000
902694,18-01-2026,5967,1038,213,7,100
902695,21-05-2026,6638,1039,216,5,500
902696,08-04-2026,7771,1030,216,10,100
902697,29-01-2026,6091,1029,207,3,50
902698,09-02-2026,6738,1018,218,1,0
902699,14-06-2026,5392,1047,220,5,500
902700,11-03-2026,6102,1070,224,6,50
902701,11-01-2026,7227,1050,204,2,200
902702,24-05-2026,7615,1025,206,9,0
902703,19-01-2026,7927,1072,210,10,50
902704,01-03-2026,5393,1029,208,9,100
902705,29-05-2026,6881,1068,224,5,1000
902706,07-05-2026,5303,1094,200,10,200
902707,28-03-2026,7138,1014,208,7,0
902708,03-03-2026,5836,1046,214,6,500
902709,23-04-2026,7303,1009,216,10,50
902710,23-05-2026,6348,1016,218,4,200
902711,05-05-2026,5279,1042,203,9,100
902712,18-03-2026,5983,1093,205,7,50
902713,21-05-2026,5034,1088,214,8,0
902714,21-01-2026,7467,1039,216,1,0
902715,14-01-2026,7099,1037,202,3,1000
902716,30-01-2026,6118,1097,216,1,1000
902717,13-03-2026,7295,1076,221,3,500
902718,05-02-2026,7680,1086,202,7,500
902719,01-01-2026,5481,1044,208,5,0
902720,05-03-2026,5367,1022,218,1,500
902721,07-03-2026,6102,1089,224,6,500
902722,27-06-2026,7366,1073,224,9,200
902723,01-03-2026,5760,1068,211,4,1000
902724,07-06-2026,5330,1084,219,3,1000
902725,07-04-2026,6492,1036,215,5,200
902726,18-05-2026,7465,1045,208,5,1000
902727,15-06-2026,6935,1069,215,6,0
902728,16-05-2026,6193,1020,214,5,0
902729,22-06-2026,6796,1090,222,10,500
902730,31-05-2026,7697,1014,204,7,50
902731,28-02-2026,7407,1015,206,8,50
902732,06-01-2026,5133,1036,205,7,0
902733,11-02-2026,5483,1035,204,4,500
902734,23-04-2026,7434,1013,202,10,0
902735,30-05-2026,5887,1009,217,5,200
902736,14-06-2026,5541,1060,209,4,1000
902737,19-05-2026,7045,1026,202,8,50
902738,01-05-2026,6941,1037,203,7,50
902739,12-04-2026,6057,1040,208,6,0
902740,31-05-2026,7356,1044,222,9,0
902741,01-01-2026,6463,1043,209,7,1000
902742,16-06-2026,6080,1039,214,5,1000
902743,08-05-2026,7453,1000,218,10,500
902744,12-06-2026,5858,1008,221,2,100
902745,29-04-2026,6553,1003,206,6,50
902746,05-05-2026,7038,1030,205,10,0
902747,10-05-2026,5318,1026,212,4,500
902748,09-03-2026,5321,1029,215,8,0
902749,02-06-2026,6400,1060,216,1,100
902750,13-02-2026,7901,1074,223,8,200
902751,25-05-2026,7466,1018,220,9,100
902752,14-03-2026,5068,1036,204,3,500
902753,21-01-2026,6569,1019,200,3,0
902754,25-04-2026,7115,1024,212,7,0
902755,28-01-2026,5860,1061,202,2,0
902756,01-01-2026,7612,1091,219,4,100
902757,10-02-2026,7081,1033,203,5,200
902758,22-01-2026,5668,1013,224,3,0
902759,06-01-2026,5358,1022,222,10,100
902760,28-03-2026,6084,1089,203,10,500
902761,21-05-2026,7656,1089,211,6,0
902762,09-03-2026,5983,1069,219,3,1000
902763,02-01-2026,6346,1093,200,8,0
902764,22-06-2026,5120,1017,212,8,100
902765,10-02-2026,6743,1070,217,4,50
902766,30-06-2026,6516,1031,218,2,200
902767,25-06-2026,7390,1039,209,1,1000
902768,06-03-2026,7694,1092,222,3,100
902769,28-03-2026,6612,1068,216,2,0
902770,28-06-2026,6698,1067,220,6,500
902771,21-03-2026,7000,1007,213,8,500
902772,14-05-2026,6988,1075,202,10,100
902773,27-04-2026,7453,1045,206,8,1000
902774,15-05-2026,5720,1047,213,4,100
902775,06-02-2026,7725,1008,206,4,50
902776,30-01-2026,5982,1065,214,6,200
902777,19-06-2026,7913,1011,201,4,500
902778,03-01-2026,6386,1065,211,4,50
902779,13-02-2026,5821,1093,203,5,1000
902780,05-05-2026,6799,1043,221,1,200
902781,28-01-2026,7099,1016,203,3,1000
902782,06-06-2026,5058,1082,223,8,50
902783,27-06-2026,6204,1029,216,3,100
902784,01-04-2026,5223,1070,216,5,50
902785,22-06-2026,6778,1010,218,2,0
902786,28-03-2026,5083,1095,204,3,500
902787,27-01-2026,7451,1071,209,4,200
902788,08-06-2026,7112,1068,203,4,100
902789,01-02-2026,6783,1010,219,5,100
902790,13-02-2026,6600,1067,204,9,50
902791,19-05-2026,7093,1031,219,9,0
902792,10-01-2026,6075,1024,210,7,0
902793,10-06-2026,5690,1070,220,1,0
902794,22-02-2026,7560,1090,212,9,1000
902795,15-03-2026,7358,1083,224,7,200
902796,07-03-2026,7792,1088,205,6,1000
902797,14-02-2026,7335,1095,214,10,0
902798,21-06-2026,6258,1069,216,5,1000
902799,20-03-2026,6185,1003,205,9,1000
902800,13-03-2026,5749,1000,213,10,100
902801,09-04-2026,5220,1007,209,10,500
902802,11-04-2026,5427,1064,217,1,100
902803,14-04-2026,7987,1058,206,10,500
902804,12-02-2026,7487,1006,200,5,50
902805,19-03-2026,5387,1095,217,4,50
902806,07-06-2026,5539,1014,215,6,1000
902807,12-05-2026,5155,1078,204,7,1000
902808,17-05-2026,6704,1019,213,4,50
902809,16-04-2026,7967,1034,208,8,500
902810,01-01-2026,7684,1020,203,9,50
902811,17-02-2026,7660,1080,220,7,1000
902812,15-04-2026,6695,1069,206,5,1000
902813,05-03-2026,6532,1054,219,5,1000
902814,28-03-2026,7283,1018,223,8,100
902815,11-01-2026,6946,1030,202,4,0
902816,08-05-2026,7815,1023,220,3,500
902817,21-06-2026,6298,1085,208,7,200
902818,11-01-2026,6093,1051,212,8,1000
902819,29-03-2026,5956,1066,222,3,0
902820,02-04-2026,5325,1098,216,3,100
902821,23-05-2026,6025,1009,218,1,100
902822,27-06-2026,6763,1003,207,5,200
902823,28-06-2026,5671,1046,201,1,500
902824,11-04-2026,7088,1066,208,7,200
902825,12-06-2026,7036,1084,216,9,200
902826,27-02-2026,7966,1070,203,2,0
902827,28-03-2026,6383,1047,220,10,0
902828,12-03-2026,7541,1054,222,10,100
902829,12-03-2026,6171,1043,202,2,1000
902830,15-06-2026,6961,1017,206,9,200
902831,17-02-2026,6436,1086,201,6,500
902832,10-02-2026,6575,1051,211,5,500
902833,02-04-2026,6483,1014,220,7,0
902834,06-03-2026,5909,1055,206,4,0
902835,24-01-2026,6319,1050,221,3,100
902836,15-04-2026,6908,1032,207,9,100
902837,14-05-2026,7906,1065,219,2,1000
902838,18-01-2026,5850,1005,217,2,1000
902839,08-04-2026,7239,1030,214,5,500
902840,17-03-2026,5973,1084,212,5,50
902841,08-02-2026,6286,1043,217,7,200
902842,08-02-2026,5244,1009,221,6,1000
902843,12-04-2026,6921,1036,212,9,0
902844,16-06-2026,7811,1017,204,1,1000
902845,26-04-2026,5525,1076,211,8,0
902846,15-05-2026,5120,1062,216,6,0
902847,27-02-2026,7785,1097,200,6,50
902848,12-01-2026,6120,1046,211,5,500
902849,26-02-2026,6289,1013,223,2,500
902850,22-01-2026,5958,1090,222,6,100
902851,03-03-2026,6852,1010,214,3,1000
902852,25-03-2026,5120,1055,202,2,50
902853,13-05-2026,5459,1070,204,1,500
902854,02-05-2026,7682,1078,200,6,50
902855,06-02-2026,6221,1090,215,1,500
902856,28-03-2026,6142,1036,205,2,1000
902857,15-01-2026,7436,1047,219,10,500
902858,22-03-2026,7022,1049,211,7,1000
902859,24-04-2026,7978,1040,204,5,200
902860,04-06-2026,5636,1093,201,4,0
902861,29-03-2026,6018,1018,211,8,200
902862,10-05-2026,7694,1042,215,5,50
902863,26-04-2026,7511,1058,221,8,1000
902864,19-03-2026,5234,1030,223,1,1000
902865,03-04-2026,5062,1029,212,8,200
902866,07-04-2026,7130,1061,215,5,0
902867,16-05-2026,5822,1026,224,8,50
902868,30-04-2026,6951,1098,211,2,100
902869,12-06-2026,6504,1060,203,10,1000
902870,16-01-2026,7224,1087,223,8,0
902871,03-03-2026,7671,1046,210,6,0
902872,08-04-2026,5581,1040,200,5,50
902873,24-06-2026,7675,1042,224,9,500
902874,09-05-2026,6573,1000,201,2,1000
902875,23-02-2026,6355,1029,210,3,50
902876,25-05-2026,5113,1077,222,1,50
902877,01-05-2026,7359,1035,200,3,50
902878,17-03-2026,6386,1098,209,1,500
902879,16-05-2026,6772,1051,212,1,100
902880,09-02-2026,7143,1014,200,10,100
902881,13-05-2026,5683,1072,224,2,500
902882,21-03-2026,7348,1026,205,9,1000
902883,04-02-2026,6820,1055,211,8,200
902884,10-03-2026,6263,1059,211,1,200
902885,23-01-2026,7742,1058,220,2,100
902886,19-03-2026,5800,1048,201,4,100
902887,30-06-2026,6504,1062,223,7,100
902888,09-03-2026,5309,1010,205,8,50
902889,26-06-2026,7020,1089,200,4,500
902890,16-06-2026,6085,1018,209,1,200
902891,18-03-2026,6740,1055,224,1,50
902892,02-05-2026,5578,1003,202,8,0
902893,04-04-2026,6847,1045,203,3,1000
902894,16-02-2026,5249,1046,224,8,50
902895,07-02-2026,7059,1085,215,5,0
902896,19-01-2026,7589,1073,205,6,200
902897,08-06-2026,7088,1063,223,5,1000
902898,10-06-2026,6787,1062,223,6,200
902899,24-06-2026,6242,1004,201,2,50
902900,03-03-2026,7113,1027,217,2,500
902901,14-04-2026,7322,1097,205,5,100
902902,27-03-2026,5246,1017,207,3,200
902903,23-02-2026,7555,1030,219,8,1000
902904,09-01-2026,5250,1074,213,7,500
902905,17-01-2026,6498,1006,206,9,0
902906,08-01-2026,6842,1099,217,1,50
902907,15-06-2026,5418,1057,213,5,50
902908,10-03-2026,7400,1074,218,2,200
902909,14-06-2026,6023,1033,201,5,100
902910,16-04-2026,6200,1017,217,9,1000
902911,14-02-2026,5567,1020,224,3,1000
902912,09-01-2026,5363,1074,207,10,0
902913,11-04-2026,6186,1018,224,4,50
902914,29-03-2026,5826,1097,204,9,50
902915,09-05-2026,6770,1060,202,3,200
902916,05-01-2026,5887,1037,201,5,1000
902917,08-03-2026,6047,1065,203,6,50
902918,13-02-2026,6427,1069,216,9,100
902919,23-05-2026,5960,1008,215,1,0
902920,12-04-2026,7719,1099,216,4,200
902921,05-03-2026,6422,1095,216,9,50
902922,11-03-2026,7383,1095,223,2,0
902923,04-01-2026,7671,1002,214,1,100
902924,25-02-2026,7292,1048,202,3,500
902925,26-04-2026,6586,1065,210,8,50
902926,08-06-2026,7681,1024,220,7,500
902927,21-06-2026,7952,1031,219,4,0
902928,20-01-2026,5366,1098,204,10,200
902929,14-04-2026,7510,1024,210,9,500
902930,12-05-2026,6052,1078,216,1,1000
902931,28-01-2026,7410,1022,215,4,100
902932,02-03-2026,5842,1010,204,6,200
902933,21-01-2026,6537,1075,219,5,100
902934,11-06-2026,7654,1079,212,3,500
902935,11-06-2026,6602,1008,203,6,200
902936,04-03-2026,6682,1010,200,8,50
902937,22-03-2026,7651,1047,205,5,100
902938,10-03-2026,6156,1049,207,4,100
902939,09-04-2026,6877,1084,203,5,1000
902940,02-05-2026,5522,1037,213,6,0
902941,06-04-2026,5976,1077,207,10,500
902942,27-06-2026,6343,1027,207,10,200
902943,15-03-2026,7808,1020,202,6,200
902944,23-04-2026,6560,1060,205,5,50
902945,14-05-2026,6090,1067,214,9,1000
902946,25-04-2026,6836,1083,201,6,500
902947,23-03-2026,7183,1047,205,1,1000
902948,29-01-2026,6383,1030,223,9,200
902949,11-04-2026,6564,1016,208,1,500
902950,09-03-2026,6741,1012,223,10,200
902951,19-06-2026,7003,1012,211,6,500
902952,22-02-2026,5140,1057,211,4,500
902953,16-03-2026,5441,1047,200,1,100
902954,19-02-2026,7360,1063,216,5,0
902955,02-03-2026,5323,1088,219,3,200
902956,17-01-2026,7507,1027,212,3,0
902957,25-03-2026,6030,1009,201,3,200
902958,17-05-2026,6767,1042,219,9,1000
902959,17-03-2026,6517,1051,211,3,1000
902960,29-04-2026,6799,1007,224,8,1000
902961,27-02-2026,6165,1023,219,7,0
902962,21-06-2026,7933,1020,208,6,500
902963,04-06-2026,5467,1080,224,9,0
902964,27-01-2026,5333,1072,203,8,0
902965,28-03-2026,7839,1058,212,9,100
902966,02-03-2026,7186,1054,204,7,500
902967,06-03-2026,6013,1073,210,3,1000
902968,08-06-2026,6138,1056,220,5,200
902969,14-06-2026,5822,1001,212,4,200
902970,29-06-2026,5215,1059,201,4,500
902971,03-06-2026,5323,1046,215,3,500
902972,11-06-2026,5249,1069,218,8,100
902973,02-06-2026,5159,1034,201,9,50
902974,26-02-2026,5695,1087,208,1,200
902975,27-01-2026,5707,1018,205,6,1000
902976,26-04-2026,7800,1075,224,7,1000
902977,02-01-2026,6608,1049,207,10,200
902978,06-02-2026,6392,1061,208,7,200
902979,22-01-2026,6324,1034,200,10,1000
902980,26-01-2026,7532,1025,224,10,200
902981,10-02-2026,5597,1086,217,9,200
902982,13-03-2026,5971,1088,205,7,0
902983,02-05-2026,5900,1013,224,10,0
902984,23-05-2026,6973,1092,212,8,1000
902985,09-03-2026,6393,1015,207,9,0
902986,19-04-2026,5527,1058,215,4,1000
902987,20-05-2026,7848,1001,208,4,0
902988,24-04-2026,7680,1074,207,2,50
902989,12-03-2026,6649,1043,212,4,100
902990,04-01-2026,5453,1031,201,3,50
902991,23-05-2026,5425,1042,205,6,200
902992,27-06-2026,7632,1053,211,3,200
902993,19-02-2026,5548,1029,215,6,200
902994,28-05-2026,7345,1022,218,5,100
902995,26-06-2026,5787,1047,215,2,100
902996,24-06-2026,5040,1099,211,6,500
902997,28-02-2026,7806,1032,224,2,500
902998,02-01-2026,7510,1014,204,1,1000
902999,22-03-2026,5309,1064,217,3,100
903000,18-06-2026,5019,1023,212,10,100
903001,17-01-2026,7762,1029,221,4,100
903002,13-03-2026,6453,1056,219,3,0
903003,29-06-2026,6560,1019,202,7,50
903004,11-06-2026,6638,1087,209,8,500
903005,18-05-2026,7905,1082,219,4,0
903006,20-03-2026,7058,1099,214,1,500
903007,23-01-2026,5659,1067,209,10,500
903008,03-06-2026,5846,1012,214,5,50
903009,18-01-2026,5044,1042,204,9,500
903010,03-04-2026,5119,1034,221,9,50
903011,04-06-2026,5850,1097,210,2,500
903012,12-06-2026,5723,1039,217,4,500
903013,15-01-2026,6848,1087,208,10,1000
903014,15-05-2026,6083,1059,206,3,1000
903015,29-04-2026,5239,1037,213,8,500
903016,30-04-2026,6430,1026,219,10,0
903017,19-04-2026,5997,1024,216,3,500
903018,09-03-2026,7753,1079,207,8,100
903019,31-03-2026,5951,1041,217,5,1000
903020,19-03-2026,5251,1052,205,3,100
903021,07-03-2026,5284,1078,210,9,200
903022,14-04-2026,6435,1048,214,2,100
903023,13-04-2026,7217,1043,209,3,1000
903024,09-03-2026,5671,1028,216,5,500
903025,15-04-2026,5418,1036,208,3,200
903026,01-04-2026,7315,1014,202,1,0
903027,09-05-2026,5470,1003,213,10,500
903028,10-06-2026,6604,1017,216,3,200
903029,28-04-2026,7762,1029,200,6,500
903030,26-03-2026,5768,1075,214,9,200
903031,17-05-2026,5250,1047,206,1,100
903032,06-04-2026,7161,1068,213,9,100
903033,08-04-2026,5309,1056,217,5,1000
903034,12-06-2026,5760,1051,207,3,100
903035,23-03-2026,6659,1060,215,3,200
903036,18-06-2026,6393,1039,214,4,0
903037,17-03-2026,6211,1047,211,5,500
903038,26-02-2026,6389,1080,216,2,500
903039,14-02-2026,6775,1029,202,9,0
903040,10-05-2026,5409,1057,207,4,0
903041,08-02-2026,5305,1028,205,5,1000
903042,09-05-2026,5042,1073,213,4,0
903043,17-02-2026,6336,1082,215,4,50
903044,09-05-2026,7957,1026,204,9,50
903045,06-03-2026,7715,1005,205,4,500
903046,18-03-2026,7397,1025,200,9,1000
903047,30-01-2026,5033,1006,220,10,100
903048,06-01-2026,6232,1066,209,5,200
903049,02-05-2026,7446,1003,204,6,500
903050,22-04-2026,6228,1037,215,6,0
903051,10-04-2026,5737,1008,203,4,1000
903052,15-05-2026,6463,1095,211,5,1000
903053,27-03-2026,6378,1041,209,1,1000
903054,05-01-2026,6906,1014,213,6,500
903055,28-06-2026,5897,1008,208,1,1000
903056,13-05-2026,5432,1001,217,3,100
903057,17-02-2026,6847,1022,220,7,100
903058,17-02-2026,5681,1032,205,10,0
903059,25-03-2026,6725,1076,205,6,1000
903060,29-03-2026,5045,1051,217,9,200
903061,31-01-2026,6461,1080,202,10,200
903062,11-05-2026,6568,1098,214,7,1000
903063,22-03-2026,7878,1025,215,7,500
903064,03-04-2026,5217,1044,222,4,0
903065,30-01-2026,7240,1002,220,6,50
903066,28-02-2026,7099,1040,201,4,0
903067,25-02-2026,5744,1070,220,10,500
903068,23-06-2026,7318,1016,223,5,200
903069,07-04-2026,7152,1068,211,8,500
903070,06-06-2026,7868,1091,224,6,0
903071,05-04-2026,7857,1042,219,8,0
903072,20-05-2026,7039,1011,224,8,500
903073,23-03-2026,5783,1066,221,5,1000
903074,26-06-2026,6649,1066,215,8,500
903075,26-04-2026,7803,1085,210,3,200
903076,17-05-2026,7096,1014,206,9,0
903077,20-06-2026,6004,1022,221,1,1000
903078,16-02-2026,7344,1009,218,3,0
903079,19-06-2026,7759,1026,220,9,200
903080,13-04-2026,6209,1097,210,3,100
903081,15-04-2026,5655,1007,218,6,0
903082,02-02-2026,6283,1099,203,1,50
903083,17-02-2026,7811,1062,221,1,0
903084,26-02-2026,5646,1099,219,6,0
903085,09-05-2026,5461,1087,202,6,0
903086,10-01-2026,7589,1099,204,10,500
903087,04-06-2026,5954,1098,201,1,1000
903088,03-05-2026,5689,1052,213,3,0
903089,29-05-2026,7405,1094,208,2,0
903090,25-04-2026,6845,1060,218,9,0
903091,14-02-2026,5112,1028,216,3,0
903092,22-04-2026,7670,1020,218,8,200
903093,03-01-2026,7658,1079,212,7,0
903094,20-02-2026,5861,1097,202,4,1000
903095,20-04-2026,5001,1028,219,8,0
903096,16-01-2026,7474,1070,210,10,100
903097,30-06-2026,6550,1020,221,1,200
903098,02-06-2026,5206,1065,218,10,500
903099,21-02-2026,7150,1015,207,9,50
903100,30-03-2026,5417,1015,210,5,1000
903101,08-04-2026,5258,1048,214,10,200
903102,30-03-2026,5027,1011,203,3,200
903103,06-04-2026,6193,1056,206,1,200
903104,14-05-2026,5974,1078,219,2,50
903105,21-01-2026,7451,1085,217,1,0
903106,06-06-2026,6258,1057,207,7,0
903107,12-06-2026,7552,1005,213,3,500
903108,02-06-2026,7339,1021,207,8,50
903109,24-05-2026,7828,1032,218,8,50
903110,12-05-2026,7903,1027,206,3,50
903111,19-05-2026,6339,1085,213,2,1000
903112,13-06-2026,5656,1022,212,8,0
903113,31-05-2026,6166,1088,205,3,200
903114,15-01-2026,7309,1092,213,3,100
903115,15-03-2026,7891,1097,211,8,1000
903116,17-05-2026,6567,1018,220,9,50
903117,03-01-2026,5634,1020,205,5,100
903118,05-01-2026,7754,1081,212,4,1000
903119,27-06-2026,5767,1076,216,7,0
903120,25-06-2026,6603,1062,222,5,0
903121,13-04-2026,5360,1048,200,8,50
903122,11-06-2026,5323,1004,215,2,200
903123,12-04-2026,5630,1007,208,10,100
903124,16-01-2026,7501,1015,210,4,200
903125,31-05-2026,5259,1099,216,6,1000
903126,09-02-2026,5791,1032,211,10,1000
903127,29-01-2026,6293,1044,221,2,0
903128,19-05-2026,5799,1092,215,2,50
903129,27-04-2026,6436,1009,216,8,1000
903130,29-03-2026,5518,1038,205,10,500
903131,06-04-2026,5712,1013,204,10,0
903132,03-05-2026,6228,1038,214,1,100
903133,19-01-2026,6371,1055,209,2,1000
903134,03-03-2026,7256,1033,222,6,1000
903135,19-02-2026,6405,1059,216,10,200
903136,13-04-2026,6560,1089,213,4,0
903137,27-04-2026,7702,1044,200,10,200
903138,17-02-2026,6895,1042,208,9,500
903139,11-04-2026,6501,1011,203,2,500
903140,26-03-2026,5112,1069,212,4,1000
903141,24-06-2026,5423,1059,218,7,50
903142,04-05-2026,6250,1051,216,7,1000
903143,03-04-2026,6167,1045,210,3,100
903144,30-01-2026,5296,1028,212,6,0
903145,06-03-2026,5586,1013,214,10,50
903146,28-04-2026,7099,1081,220,10,0
903147,18-04-2026,6431,1093,210,10,0
903148,03-02-2026,6457,1008,215,2,100
903149,17-04-2026,6335,1049,217,9,50
903150,12-05-2026,7156,1031,216,4,100
903151,15-06-2026,5201,1071,212,5,1000
903152,10-03-2026,7174,1063,218,2,200
903153,20-01-2026,5325,1084,215,2,200
903154,20-03-2026,5683,1033,207,2,50
903155,21-03-2026,5992,1051,200,5,100
903156,21-06-2026,5113,1059,203,2,100
903157,29-03-2026,6762,1041,207,3,100
903158,15-02-2026,6344,1054,215,8,1000
903159,24-03-2026,5469,1001,205,9,200
903160,18-03-2026,5439,1005,204,5,1000
903161,23-02-2026,6115,1036,213,7,100
903162,26-03-2026,5064,1024,217,8,100
903163,07-01-2026,5113,1000,219,4,200
903164,09-02-2026,7997,1052,223,1,100
903165,01-03-2026,7071,1078,214,3,50
903166,15-06-2026,7575,1066,202,1,200
903167,01-02-2026,5572,1099,212,9,50
903168,24-01-2026,6907,1071,206,6,100
903169,27-06-2026,7468,1092,209,1,500
903170,17-03-2026,5511,1024,212,10,0
903171,21-04-2026,7520,1078,211,5,500
903172,01-03-2026,5304,1025,208,10,1000
903173,13-03-2026,5268,1010,205,9,0
903174,26-06-2026,5338,1025,210,9,50
903175,22-01-2026,5226,1035,222,8,100
903176,29-01-2026,6124,1007,214,7,200
903177,09-03-2026,5372,1095,214,2,0
903178,05-01-2026,5062,1055,223,2,200
903179,23-06-2026,5623,1074,207,9,50
903180,03-01-2026,7484,1097,200,9,100
903181,18-04-2026,7632,1027,220,1,50
903182,13-02-2026,6172,1015,205,5,100
903183,15-06-2026,6058,1013,208,1,200
903184,27-02-2026,7421,1048,215,2,0
903185,14-01-2026,7476,1059,220,8,200
903186,19-04-2026,7885,1019,208,1,100
903187,09-04-2026,5101,1025,215,4,500
903188,25-01-2026,6643,1072,201,6,1000
903189,15-02-2026,7444,1075,205,8,0
903190,02-02-2026,7414,1017,210,10,100
903191,17-02-2026,5736,1073,211,1,0
903192,16-04-2026,7993,1070,207,2,0
903193,28-06-2026,5802,1054,215,3,0
903194,19-06-2026,5351,1083,215,6,500
903195,03-05-2026,5142,1056,221,5,200
903196,10-06-2026,7489,1055,217,2,200
903197,15-04-2026,7394,1089,201,3,1000
903198,03-04-2026,5409,1034,210,5,0
903199,21-02-2026,7927,1098,204,10,50
903200,15-04-2026,6762,1018,210,2,50
903201,26-05-2026,7268,1069,217,6,500
903202,16-04-2026,7879,1045,213,2,500
903203,30-04-2026,7168,1009,202,8,0
903204,27-04-2026,7035,1000,217,10,0
903205,19-03-2026,5136,1063,217,2,500
903206,26-06-2026,5021,1065,207,5,100
903207,22-04-2026,7158,1061,218,6,1000
903208,30-04-2026,6444,1074,206,3,100
903209,08-06-2026,7036,1075,218,4,200
903210,27-02-2026,6943,1039,219,5,100
903211,07-04-2026,6460,1080,202,9,100
903212,14-04-2026,7013,1056,216,10,0
903213,18-02-2026,7779,1046,208,6,500
903214,26-01-2026,6942,1059,216,5,200
903215,24-06-2026,5455,1016,215,1,200
903216,06-04-2026,6001,1096,211,3,500
903217,18-02-2026,6042,1042,217,9,1000
903218,24-01-2026,6571,1072,208,9,500
903219,09-03-2026,5447,1088,224,10,500
903220,22-01-2026,5637,1053,224,6,50
903221,24-03-2026,7484,1046,207,5,0
903222,12-03-2026,5069,1079,206,2,100
903223,29-03-2026,7112,1037,222,3,1000
903224,26-03-2026,6308,1080,215,1,100
903225,18-06-2026,6307,1055,214,10,50
903226,16-06-2026,7012,1020,213,6,500
903227,02-03-2026,5751,1042,204,2,50
903228,02-03-2026,7812,1017,209,2,500
903229,29-06-2026,5474,1047,219,2,200
903230,17-02-2026,5781,1036,205,6,200
903231,28-01-2026,6444,1096,200,10,0
903232,22-01-2026,7059,1015,214,7,200
903233,28-03-2026,7576,1019,213,3,100
903234,20-02-2026,5714,1098,207,4,200
903235,25-01-2026,6122,1076,206,10,0
903236,24-01-2026,5329,1015,200,8,50
903237,04-03-2026,6852,1094,218,2,100
903238,15-01-2026,7365,1098,223,6,200
903239,06-05-2026,6632,1021,201,7,200
903240,07-05-2026,7001,1098,206,10,200
903241,20-05-2026,7249,1075,224,6,200
903242,22-02-2026,7534,1049,212,10,500
903243,17-05-2026,6606,1032,200,2,100
903244,16-02-2026,7178,1007,214,9,200
903245,06-03-2026,5023,1026,221,8,50
903246,28-03-2026,6149,1011,224,2,100
903247,10-06-2026,7141,1081,211,6,500
903248,07-04-2026,7821,1059,211,2,0
903249,03-05-2026,5582,1045,209,3,500
903250,05-01-2026,5477,1078,218,3,500
903251,12-06-2026,5503,1066,222,1,100
903252,02-03-2026,6048,1070,204,5,1000
903253,25-06-2026,5293,1081,201,6,200
903254,05-03-2026,6449,1053,217,10,500
903255,28-01-2026,6131,1026,208,9,500
903256,26-02-2026,5318,1068,201,1,0
903257,18-03-2026,5781,1099,203,6,500
903258,26-04-2026,7821,1092,223,3,500
903259,07-02-2026,5811,1018,224,3,500
903260,26-02-2026,7496,1092,210,4,0
903261,11-01-2026,6485,1035,213,4,100
903262,11-05-2026,6660,1086,211,5,0
903263,02-04-2026,7551,1095,208,9,200
903264,14-01-2026,5962,1083,223,5,50
903265,26-01-2026,6018,1034,205,3,50
903266,08-01-2026,6418,1033,208,3,0
903267,07-05-2026,5137,1078,209,2,500
903268,03-05-2026,7835,1023,217,2,500
903269,25-04-2026,7113,1094,219,3,1000
903270,28-03-2026,7262,1055,219,6,1000
903271,24-04-2026,5564,1001,211,10,0
903272,25-02-2026,6218,1007,209,3,200
903273,26-06-2026,7287,1081,201,5,1000
903274,01-04-2026,6803,1001,204,5,50
903275,14-02-2026,5044,1027,219,1,500
903276,14-03-2026,5807,1081,213,3,0
903277,15-06-2026,6965,1095,220,3,0
903278,28-04-2026,7965,1082,210,5,200
903279,02-04-2026,7326,1060,205,10,50
903280,20-01-2026,6608,1043,203,10,100
903281,29-04-2026,6873,1002,209,1,0
903282,16-01-2026,5107,1003,204,6,1000
903283,15-05-2026,7378,1093,209,5,0
903284,08-01-2026,7461,1011,209,5,0
903285,25-06-2026,6013,1001,216,4,200
903286,07-06-2026,6591,1077,207,8,500
903287,04-03-2026,6125,1024,210,8,100
903288,17-02-2026,7849,1002,214,4,500
903289,04-01-2026,5068,1079,221,2,200
903290,24-04-2026,6048,1064,204,6,500
903291,11-03-2026,7194,1017,222,9,500
903292,23-05-2026,7902,1014,219,8,1000
903293,10-04-2026,6091,1065,214,8,500
903294,15-01-2026,7305,1010,200,6,100
903295,28-02-2026,7882,1099,200,10,50
903296,26-06-2026,5203,1075,214,5,100
903297,16-05-2026,6153,1081,203,7,200
903298,17-02-2026,7575,1053,221,4,500
903299,11-04-2026,5333,1087,200,8,1000
903300,13-06-2026,7065,1004,214,9,50
903301,14-02-2026,5711,1005,215,9,100
903302,26-04-2026,6767,1076,221,9,500
903303,24-03-2026,5122,1093,218,6,50
903304,22-03-2026,5659,1068,206,2,100
903305,13-06-2026,7112,1073,207,1,500
903306,23-03-2026,6057,1005,207,3,100
903307,08-04-2026,7782,1005,202,5,200
903308,01-03-2026,5377,1024,213,2,500
903309,23-04-2026,6536,1024,211,6,1000
903310,29-01-2026,7265,1079,209,10,500
903311,26-06-2026,5113,1014,213,3,200
903312,13-06-2026,7896,1083,209,7,100
903313,04-06-2026,5595,1012,200,4,500
903314,09-05-2026,6915,1036,210,6,200
903315,28-05-2026,6942,1079,209,6,50
903316,09-06-2026,5759,1068,222,2,100
903317,16-01-2026,6511,1000,211,2,50
903318,12-06-2026,7507,1068,210,3,200
903319,17-03-2026,6347,1090,222,1,200
903320,22-05-2026,5576,1066,212,8,200
903321,08-05-2026,7977,1049,203,9,200
903322,14-01-2026,5763,1016,217,9,1000
903323,03-06-2026,7989,1016,218,9,100
903324,29-04-2026,7904,1021,214,10,1000
903325,30-04-2026,7489,1001,218,6,0
903326,15-04-2026,6238,1084,205,3,50
903327,06-01-2026,6839,1003,205,9,0
903328,29-05-2026,7828,1024,202,10,500
903329,06-01-2026,7541,1024,208,2,50
903330,13-04-2026,6967,1051,207,1,50
903331,28-03-2026,5863,1011,207,9,100
903332,26-01-2026,7826,1012,208,6,200
903333,28-03-2026,5912,1013,214,2,200
903334,13-03-2026,5891,1092,205,6,200
903335,03-05-2026,6133,1055,209,9,50
903336,24-04-2026,6139,1073,218,9,0
903337,11-06-2026,7548,1078,221,7,200
903338,13-06-2026,6784,1068,210,7,200
903339,26-06-2026,7928,1055,211,10,200
903340,25-05-2026,7255,1020,212,6,50
903341,27-03-2026,7015,1018,214,10,1000
903342,28-01-2026,5929,1098,205,4,1000
903343,26-03-2026,6143,1000,222,2,500
903344,16-06-2026,7205,1042,207,6,1000
903345,17-02-2026,7394,1035,218,4,50
903346,10-06-2026,7040,1048,203,2,1000
903347,27-02-2026,5170,1030,222,8,50
903348,05-06-2026,7304,1003,214,7,100
903349,02-06-2026,5104,1073,213,9,1000
903350,13-03-2026,7935,1029,206,8,500
903351,16-06-2026,5873,1040,224,3,200
903352,11-04-2026,6776,1066,221,8,1000
903353,30-04-2026,6464,1004,223,7,500
903354,03-06-2026,6097,1097,200,2,500
903355,24-04-2026,6700,1036,214,8,50
903356,20-02-2026,5594,1082,223,2,100
903357,25-01-2026,6700,1029,202,4,0
903358,14-03-2026,5166,1043,213,4,50
903359,07-01-2026,6244,1021,221,3,50
903360,09-02-2026,5998,1082,213,3,500
903361,17-01-2026,7101,1008,223,8,500
903362,07-04-2026,7396,1070,211,2,50
903363,12-05-2026,7726,1067,212,3,50
903364,01-04-2026,6492,1007,215,9,200
903365,03-02-2026,6734,1075,205,8,1000
903366,18-02-2026,7829,1037,223,7,200
903367,17-04-2026,7270,1015,217,3,200
903368,16-05-2026,7885,1037,217,1,0
903369,04-03-2026,5154,1096,217,3,200
903370,27-06-2026,5752,1063,205,4,1000
903371,11-06-2026,6826,1019,206,8,200
903372,12-01-2026,7036,1032,211,6,50
903373,18-04-2026,5115,1002,204,1,50
903374,02-06-2026,5265,1025,215,6,100
903375,03-06-2026,6617,1045,217,1,100
903376,16-01-2026,5402,1003,211,3,200
903377,13-03-2026,5203,1058,221,2,100
903378,27-02-2026,5108,1072,201,9,0
903379,06-01-2026,6181,1084,217,9,1000
903380,19-06-2026,7354,1011,224,10,100
903381,28-06-2026,7745,1075,211,4,50
903382,12-05-2026,7251,1004,217,3,0
903383,06-04-2026,7633,1062,200,5,200
903384,03-06-2026,5734,1033,205,2,50
903385,02-06-2026,6652,1044,208,10,200
903386,07-06-2026,7960,1028,216,8,500
903387,08-01-2026,5840,1057,204,8,1000
903388,03-03-2026,6977,1080,211,3,500
903389,15-05-2026,6617,1066,219,2,50
903390,09-01-2026,6695,1063,224,4,0
903391,07-06-2026,5524,1075,204,5,1000
903392,20-03-2026,6310,1061,220,5,50
903393,07-02-2026,7913,1046,211,2,1000
903394,30-05-2026,7767,1094,220,7,1000
903395,06-04-2026,5643,1047,210,4,0
903396,28-04-2026,7864,1098,214,4,100
903397,12-02-2026,5384,1091,214,10,200
903398,13-01-2026,6948,1003,203,4,100
903399,05-02-2026,7958,1062,220,3,1000
903400,16-06-2026,6778,1014,202,6,1000
903401,08-01-2026,5600,1084,202,3,0
903402,25-01-2026,7208,1057,211,1,100
903403,14-05-2026,7550,1025,212,2,50
903404,31-03-2026,6375,1092,204,2,0
903405,19-04-2026,5113,1073,219,6,100
903406,10-02-2026,5963,1013,224,2,100
903407,31-05-2026,7281,1036,210,6,200
903408,08-02-2026,5641,1016,205,1,1000
903409,11-01-2026,5163,1032,213,9,200
903410,26-06-2026,6719,1031,215,6,0
903411,10-05-2026,5705,1064,204,6,500
903412,05-04-2026,5448,1010,221,10,0
903413,12-06-2026,5085,1063,210,9,0
903414,28-02-2026,7460,1028,215,8,100
903415,09-03-2026,7591,1001,201,1,500
903416,20-06-2026,5597,1014,206,10,50
903417,10-02-2026,5341,1094,208,8,200
903418,20-05-2026,6603,1069,222,7,50
903419,18-01-2026,7084,1089,223,9,100
903420,10-01-2026,6115,1016,202,2,100
903421,08-03-2026,6993,1021,207,6,0
903422,12-01-2026,5416,1093,201,8,500
903423,06-05-2026,6519,1013,219,10,200
903424,16-02-2026,5672,1016,211,2,1000
903425,03-04-2026,7619,1033,218,1,50
903426,03-01-2026,7315,1028,210,7,0
903427,09-05-2026,6144,1081,206,2,50
903428,26-05-2026,5446,1038,211,10,200
903429,30-03-2026,5596,1065,217,6,0
903430,24-01-2026,6103,1045,218,4,200
903431,31-05-2026,6238,1090,221,9,200
903432,29-01-2026,6379,1078,203,8,200
903433,23-05-2026,6356,1088,206,6,0
903434,02-01-2026,6960,1092,213,5,1000
903435,25-03-2026,6183,1056,204,7,500
903436,15-05-2026,7373,1059,210,4,500
903437,09-03-2026,5619,1011,221,9,0
903438,20-05-2026,5001,1067,201,2,1000
903439,04-06-2026,7900,1097,221,2,0
903440,19-01-2026,6717,1009,217,10,100
903441,18-01-2026,5918,1099,224,4,50
903442,23-02-2026,6169,1000,203,8,0
903443,08-06-2026,6709,1003,217,4,100
903444,23-05-2026,7708,1047,211,3,50
903445,28-05-2026,6159,1013,212,5,1000
903446,29-03-2026,5290,1000,216,6,50
903447,20-03-2026,5369,1001,212,7,500
903448,26-02-2026,6502,1021,220,10,50
903449,25-06-2026,5773,1082,221,6,200
903450,03-04-2026,6995,1029,220,6,100
903451,28-03-2026,5659,1006,207,9,500
903452,09-02-2026,7007,1077,207,1,1000
903453,06-01-2026,7350,1061,216,8,200
903454,27-06-2026,5302,1070,209,9,100
903455,10-05-2026,7373,1018,223,9,50
903456,28-02-2026,6493,1087,214,5,100
903457,13-01-2026,7669,1094,200,8,100
903458,25-01-2026,5243,1082,209,7,100
903459,30-03-2026,6975,1050,223,1,500
903460,10-02-2026,7857,1056,222,10,200
903461,09-03-2026,5595,1031,215,9,100
903462,27-03-2026,7754,1072,218,4,100
903463,17-06-2026,5682,1024,220,1,50
903464,16-06-2026,7620,1001,209,1,100
903465,01-02-2026,6739,1007,223,4,50
903466,07-02-2026,7343,1031,214,3,100
903467,16-03-2026,5043,1026,215,6,1000
903468,01-03-2026,5725,1006,223,1,1000
903469,24-04-2026,6751,1066,213,8,50
903470,24-02-2026,5255,1081,207,6,200
903471,23-02-2026,5380,1001,221,5,100
903472,01-05-2026,5781,1077,209,8,200
903473,24-02-2026,7297,1085,213,2,200
903474,21-04-2026,7579,1034,206,9,1000
903475,30-01-2026,5539,1039,203,4,1000
903476,22-03-2026,6484,1076,200,2,200
903477,18-05-2026,5268,1009,221,10,50
903478,01-04-2026,7803,1034,224,8,100
903479,09-04-2026,7414,1043,212,9,0
903480,26-03-2026,7923,1052,213,1,50
903481,09-06-2026,6581,1049,200,5,1000
903482,16-04-2026,6218,1089,204,10,200
903483,13-06-2026,5757,1080,204,5,200
903484,31-05-2026,5166,1044,214,7,0
903485,09-02-2026,5338,1076,211,2,100
903486,15-03-2026,7472,1055,201,6,0
903487,15-04-2026,5763,1033,211,6,100
903488,22-02-2026,7680,1046,210,3,0
903489,05-06-2026,5409,1049,209,2,1000
903490,21-01-2026,7617,1003,204,8,1000
903491,14-03-2026,6935,1094,202,1,1000
903492,11-04-2026,7201,1002,203,10,500
903493,17-02-2026,7831,1097,223,5,200
903494,05-05-2026,6120,1021,204,5,200
903495,02-04-2026,6440,1020,201,5,500
903496,15-02-2026,5538,1098,216,7,1000
903497,26-04-2026,5274,1050,223,9,50
903498,26-06-2026,5030,1005,211,6,1000
903499,19-02-2026,6666,1071,201,1,0
903500,07-02-2026,5342,1092,206,5,100
903501,25-03-2026,7765,1054,219,9,1000
903502,20-05-2026,6918,1077,212,10,100
903503,03-04-2026,5931,1020,201,9,100
903504,22-04-2026,5408,1008,207,10,500
903505,18-04-2026,7286,1074,206,4,50
903506,11-01-2026,7318,1005,224,5,50
903507,27-04-2026,7313,1006,218,7,0
903508,27-06-2026,5723,1000,224,9,1000
903509,10-04-2026,6567,1051,224,2,500
903510,20-06-2026,6269,1025,204,3,200
903511,07-03-2026,7306,1018,214,10,100
903512,15-04-2026,6221,1038,221,3,0
903513,01-03-2026,7569,1002,212,9,500
903514,27-03-2026,7049,1050,205,5,200
903515,16-02-2026,6559,1048,219,7,200
903516,19-06-2026,5657,1023,203,3,200
903517,08-03-2026,6382,1024,220,8,0
903518,12-06-2026,5464,1091,210,5,1000
903519,11-06-2026,7539,1023,200,9,200
903520,15-06-2026,7612,1037,202,6,200
903521,06-04-2026,7831,1006,215,8,0
903522,12-02-2026,7840,1016,200,9,100
903523,10-04-2026,5316,1073,221,10,50
903524,02-03-2026,6966,1043,204,10,100
903525,22-06-2026,6516,1032,209,2,500
903526,26-03-2026,5858,1007,221,8,500
903527,17-05-2026,5319,1068,213,10,200
903528,13-02-2026,5924,1038,206,3,200
903529,29-03-2026,6291,1085,209,5,100
903530,31-03-2026,5497,1094,209,9,50
903531,08-03-2026,5869,1021,215,7,500
903532,12-01-2026,5978,1067,221,5,1000
903533,28-06-2026,6193,1093,211,3,50
903534,06-04-2026,5850,1016,223,2,100
903535,24-02-2026,6449,1055,216,8,500
903536,06-05-2026,5464,1033,201,10,500
903537,17-06-2026,6951,1076,224,6,0
903538,14-06-2026,7029,1027,219,4,1000
903539,16-02-2026,7507,1077,206,2,200
903540,17-06-2026,7782,1026,222,10,1000
903541,01-01-2026,7213,1003,201,10,1000
903542,02-02-2026,5704,1031,217,6,100
903543,11-03-2026,6171,1066,209,7,50
903544,09-03-2026,7240,1047,224,8,0
903545,17-02-2026,7890,1041,221,8,1000
903546,17-03-2026,6636,1061,224,7,50
903547,09-01-2026,5461,1054,209,5,200
903548,28-06-2026,6840,1047,200,5,50
903549,07-04-2026,6231,1052,205,6,50
903550,04-03-2026,6693,1068,211,5,500
903551,04-03-2026,5270,1093,212,8,100
903552,25-03-2026,6928,1041,206,2,50
903553,15-04-2026,6033,1098,217,4,200
903554,11-06-2026,6167,1086,202,2,500
903555,16-05-2026,6371,1063,202,10,100
903556,01-02-2026,7950,1087,202,3,200
903557,23-01-2026,7388,1044,214,10,200
903558,10-01-2026,7038,1084,224,1,1000
903559,11-03-2026,5676,1069,210,6,50
903560,12-06-2026,7018,1098,203,6,0
903561,15-02-2026,5192,1087,207,7,100
903562,21-02-2026,6881,1055,206,6,50
903563,29-06-2026,7343,1004,212,6,0
903564,01-02-2026,7775,1082,206,1,200
903565,30-01-2026,5965,1048,204,10,1000
903566,01-02-2026,5752,1099,219,2,500
903567,12-06-2026,7981,1097,218,2,100
903568,26-02-2026,7275,1031,200,4,50
903569,22-06-2026,7037,1099,206,6,200
903570,04-05-2026,6865,1078,207,2,200
903571,24-01-2026,7220,1046,203,9,1000
903572,03-05-2026,6472,1034,222,4,500
903573,16-03-2026,5216,1002,202,8,100
903574,26-03-2026,7110,1097,211,3,50
903575,12-04-2026,7835,1098,208,10,0
903576,13-03-2026,7084,1020,214,6,0
903577,21-02-2026,7366,1079,207,4,100
903578,20-05-2026,6437,1014,219,5,1000
903579,23-06-2026,7783,1058,224,2,1000
903580,08-05-2026,6159,1098,213,2,500
903581,14-02-2026,5317,1072,216,8,200
903582,14-06-2026,5670,1026,219,10,1000
903583,07-01-2026,6124,1070,221,10,200
903584,29-06-2026,7375,1089,205,3,100
903585,12-02-2026,6648,1008,203,10,50
903586,24-03-2026,5761,1086,203,8,50
903587,25-03-2026,6813,1000,221,1,500
903588,21-02-2026,7938,1067,219,10,200
903589,02-04-2026,7392,1053,218,10,500
903590,27-05-2026,6973,1064,207,8,200
903591,19-03-2026,6295,1081,204,9,500
903592,15-03-2026,7384,1060,202,2,200
903593,24-01-2026,5036,1011,217,2,0
903594,26-02-2026,6156,1057,217,8,1000
903595,29-05-2026,5556,1083,217,5,200
903596,28-02-2026,6668,1091,222,7,50
903597,10-01-2026,5761,1090,202,8,0
903598,16-04-2026,5963,1014,210,4,0
903599,21-02-2026,7597,1042,208,1,500
903600,15-03-2026,6112,1036,201,9,50
903601,13-02-2026,7480,1033,204,10,100
903602,20-01-2026,6615,1076,217,5,200
903603,28-04-2026,7175,1033,222,2,1000
903604,05-06-2026,6669,1051,205,1,500
903605,17-03-2026,5055,1061,200,5,50
903606,17-03-2026,7623,1064,212,7,200
903607,22-03-2026,6588,1033,211,6,1000
903608,08-02-2026,7044,1032,201,8,200
903609,28-06-2026,5875,1009,208,7,500
903610,10-01-2026,6529,1087,203,5,0
903611,01-03-2026,5482,1002,219,7,200
903612,17-01-2026,5070,1084,215,3,50
903613,07-03-2026,6523,1031,223,2,0
903614,29-03-2026,5509,1089,221,1,1000
903615,09-06-2026,7025,1065,214,10,100
903616,16-05-2026,5334,1068,219,8,50
903617,11-06-2026,5117,1005,206,9,50
903618,29-06-2026,6787,1003,211,8,100
903619,28-06-2026,5248,1084,219,4,1000
903620,04-02-2026,6575,1033,223,4,0
903621,02-06-2026,7131,1092,207,9,0
903622,23-02-2026,7783,1090,215,7,1000
903623,19-02-2026,5731,1043,214,5,0
903624,12-06-2026,5548,1010,222,3,200
903625,12-04-2026,6215,1064,218,4,1000
903626,14-06-2026,5791,1073,223,2,500
903627,15-05-2026,6137,1082,205,6,0
903628,11-01-2026,6202,1037,219,10,200
903629,26-01-2026,7412,1047,223,6,500
903630,09-01-2026,7821,1037,222,8,50
903631,13-05-2026,7032,1018,213,5,500
903632,13-05-2026,7781,1042,220,2,50
903633,01-04-2026,5516,1083,212,1,500
903634,10-01-2026,5208,1005,216,8,500
903635,23-01-2026,5074,1074,205,8,0
903636,12-01-2026,7476,1033,223,8,50
903637,06-03-2026,7100,1051,205,5,500
903638,17-02-2026,7272,1057,214,5,1000
903639,09-06-2026,5931,1010,205,2,50
903640,20-05-2026,6366,1047,205,5,500
903641,21-04-2026,6523,1006,215,1,200
903642,14-05-2026,5408,1005,210,7,100
903643,04-05-2026,6588,1020,209,2,500
903644,01-06-2026,7002,1069,211,6,100
903645,18-01-2026,5596,1033,209,5,0
903646,01-06-2026,7390,1044,214,2,100
903647,05-06-2026,7372,1082,208,6,1000
903648,16-01-2026,5107,1046,217,6,0
903649,05-02-2026,5039,1025,213,7,100
903650,20-04-2026,6489,1038,206,6,0
903651,29-04-2026,5760,1000,213,7,100
903652,10-02-2026,5627,1088,215,6,500
903653,23-03-2026,7941,1088,221,8,50
903654,03-02-2026,7765,1061,215,10,500
903655,29-01-2026,7402,1034,214,5,50
903656,03-03-2026,6569,1065,213,3,500
903657,09-06-2026,5741,1016,204,5,100
903658,15-04-2026,6208,1025,203,2,0
903659,14-03-2026,5460,1037,217,4,1000
903660,24-05-2026,6431,1060,217,2,50
903661,26-02-2026,7472,1013,221,3,500
903662,20-02-2026,7990,1038,210,1,500
903663,23-01-2026,5359,1039,204,3,200
903664,18-01-2026,6798,1056,221,3,100
903665,28-03-2026,7568,1041,223,10,0
903666,09-03-2026,7364,1053,223,9,50
903667,14-03-2026,5615,1028,214,6,100
903668,25-06-2026,6159,1055,202,8,0
903669,22-03-2026,7880,1068,205,1,50
903670,11-03-2026,6810,1061,211,4,500
903671,17-05-2026,7019,1014,202,9,1000
903672,21-04-2026,7777,1094,213,4,100
903673,18-05-2026,7766,1072,200,5,100
903674,30-01-2026,6627,1063,212,10,200
903675,25-05-2026,7728,1060,214,5,500
903676,18-06-2026,7977,1060,208,1,100
903677,19-02-2026,5338,1023,208,1,200
903678,07-01-2026,5928,1070,211,8,0
903679,17-05-2026,6409,1011,213,7,0
903680,05-04-2026,6238,1061,209,3,500
903681,15-01-2026,5013,1003,222,2,200
903682,23-01-2026,6557,1075,223,3,100
903683,05-04-2026,7787,1045,209,6,500
903684,26-02-2026,5463,1062,200,6,50
903685,04-02-2026,7502,1025,203,4,0
903686,31-05-2026,6693,1040,217,8,50
903687,01-02-2026,7707,1057,223,5,0
903688,04-01-2026,5425,1068,203,2,200
903689,16-01-2026,7743,1071,219,7,1000
903690,27-02-2026,6967,1095,211,6,200
903691,11-04-2026,7691,1084,215,8,0
903692,01-03-2026,5079,1043,208,9,1000
903693,10-06-2026,7035,1021,208,5,500
903694,22-03-2026,6457,1042,207,4,0
903695,11-03-2026,5855,1009,216,7,1000
903696,24-04-2026,7722,1014,211,1,0
903697,01-03-2026,7453,1001,214,3,50
903698,10-04-2026,6302,1093,212,6,500
903699,04-06-2026,7649,1038,213,8,200
903700,03-03-2026,6243,1074,221,4,200
903701,11-06-2026,6978,1063,201,6,0
903702,27-05-2026,5982,1018,210,9,500
903703,01-05-2026,6797,1067,206,5,50
903704,26-06-2026,6740,1084,211,7,50
903705,18-03-2026,5028,1024,217,4,50
903706,06-06-2026,7524,1008,216,10,500
903707,31-05-2026,6007,1079,206,3,200
903708,08-06-2026,6574,1093,214,10,0
903709,02-04-2026,5177,1052,223,4,100
903710,04-02-2026,7339,1052,201,4,100
903711,04-02-2026,6685,1037,224,5,50
903712,23-06-2026,7220,1009,206,2,50
903713,14-04-2026,5401,1053,221,2,0
903714,16-06-2026,7047,1050,204,4,200
903715,28-03-2026,6402,1083,217,10,100
903716,12-01-2026,6017,1011,206,10,1000
903717,16-05-2026,5664,1078,200,7,500
903718,23-03-2026,7714,1094,222,8,1000
903719,10-01-2026,7421,1032,209,5,200
903720,18-04-2026,7000,1066,213,6,0
903721,28-01-2026,7465,1021,214,10,0
903722,14-06-2026,5359,1079,219,1,1000
903723,12-03-2026,6974,1033,215,10,1000
903724,14-06-2026,6972,1073,216,3,200
903725,01-05-2026,5152,1088,219,9,0
903726,18-02-2026,6950,1071,211,2,1000
903727,11-02-2026,5092,1055,224,10,500
903728,10-05-2026,6842,1028,209,9,0
903729,25-06-2026,7639,1082,209,5,200
903730,03-04-2026,6080,1034,208,4,50
903731,10-02-2026,7884,1029,211,1,0
903732,26-04-2026,6337,1041,210,10,50
903733,19-02-2026,7924,1054,213,6,200
903734,02-05-2026,7588,1062,217,5,500
903735,23-04-2026,7369,1089,204,9,50
903736,30-04-2026,5825,1064,217,3,1000
903737,27-04-2026,5338,1008,213,9,1000
903738,10-01-2026,7841,1002,220,4,0
903739,25-06-2026,6620,1097,214,8,0
903740,02-05-2026,5169,1023,204,8,500
903741,14-05-2026,5280,1085,212,7,1000
903742,14-02-2026,5790,1033,216,3,1000
903743,11-05-2026,7887,1082,213,3,50
903744,29-01-2026,6585,1071,207,1,1000
903745,11-04-2026,6867,1001,215,6,0
903746,07-01-2026,7929,1027,204,7,50
903747,28-05-2026,6868,1053,217,4,500
903748,22-05-2026,6973,1014,206,9,100
903749,07-03-2026,7629,1020,217,2,200
903750,13-06-2026,7478,1070,218,1,200
903751,13-01-2026,5268,1015,212,9,100
903752,18-04-2026,5772,1099,219,8,200
903753,14-05-2026,5549,1078,213,1,50
903754,11-02-2026,5275,1071,205,9,500
903755,10-04-2026,5114,1025,221,9,500
903756,06-01-2026,6449,1012,214,2,200
903757,16-05-2026,7922,1055,202,6,0
903758,05-06-2026,5046,1059,207,6,500
903759,15-03-2026,5717,1094,220,9,50
903760,05-02-2026,5515,1043,210,10,200
903761,03-02-2026,5551,1071,220,10,1000
903762,21-04-2026,7200,1089,201,7,200
903763,18-06-2026,5467,1077,204,2,100
903764,29-01-2026,6013,1025,207,2,50
903765,27-02-2026,7804,1087,211,8,0
903766,07-03-2026,5065,1028,201,10,100
903767,12-01-2026,5557,1036,211,3,50
903768,20-06-2026,7172,1017,203,10,100
903769,17-06-2026,7457,1012,214,7,500
903770,19-03-2026,5380,1050,211,10,0
903771,09-01-2026,7748,1037,210,9,200
903772,04-04-2026,5133,1094,201,10,1000
903773,26-03-2026,5022,1053,219,2,50
903774,12-02-2026,5605,1013,200,1,1000
903775,14-06-2026,5697,1097,223,3,0
903776,01-01-2026,7364,1023,206,8,50
903777,21-05-2026,5869,1087,205,5,200
903778,28-01-2026,7537,1005,212,3,500
903779,19-02-2026,5916,1052,207,3,200
903780,19-04-2026,7903,1079,222,1,50
903781,08-05-2026,7779,1035,205,6,1000
903782,29-01-2026,5213,1055,211,4,500
903783,12-01-2026,5071,1064,218,9,500
903784,07-03-2026,7021,1077,210,4,500
903785,20-03-2026,6989,1067,206,7,500
903786,28-03-2026,7835,1058,203,6,0
903787,05-06-2026,6660,1046,217,10,0
903788,25-05-2026,5130,1022,216,8,500
903789,14-01-2026,5414,1066,205,1,1000
903790,24-01-2026,5529,1060,215,7,100
903791,14-01-2026,6687,1058,216,10,1000
903792,12-02-2026,6817,1009,209,10,1000
903793,28-01-2026,5088,1057,200,3,500
903794,01-02-2026,5417,1025,206,8,0
903795,03-01-2026,5427,1061,211,10,100
903796,03-03-2026,5477,1016,218,7,1000
903797,20-01-2026,5565,1069,200,2,0
903798,23-01-2026,7873,1041,201,6,100
903799,19-01-2026,5955,1063,217,7,200
903800,17-06-2026,5195,1003,207,5,0
903801,18-04-2026,6965,1061,209,4,100
903802,11-02-2026,6175,1067,211,7,50
903803,02-03-2026,5834,1003,203,9,200
903804,25-01-2026,6266,1052,208,1,0
903805,26-05-2026,5072,1082,217,8,1000
903806,15-02-2026,5643,1022,216,1,500
903807,02-04-2026,5465,1087,215,10,100
903808,19-02-2026,5026,1010,220,7,500
903809,29-04-2026,6777,1089,224,9,1000
903810,23-01-2026,5190,1082,204,8,0
903811,10-06-2026,7852,1081,204,4,50
903812,05-04-2026,6944,1090,207,10,200
903813,08-01-2026,5203,1041,210,3,200
903814,18-04-2026,5236,1035,205,7,0
903815,26-04-2026,7104,1049,224,7,200
903816,02-02-2026,6523,1052,204,3,0
903817,22-06-2026,6679,1058,213,5,100
903818,19-03-2026,6927,1072,217,8,50
903819,10-06-2026,7671,1091,220,10,50
903820,08-03-2026,5793,1056,204,1,500
903821,06-06-2026,5873,1090,203,2,200
903822,14-01-2026,5703,1080,209,10,50
903823,30-01-2026,5415,1082,208,8,1000
903824,16-03-2026,6484,1005,212,8,1000
903825,06-04-2026,7291,1048,201,9,500
903826,28-02-2026,6139,1095,204,2,50
903827,31-01-2026,5426,1006,206,1,1000
903828,25-06-2026,7307,1089,212,8,500
903829,18-01-2026,5011,1040,215,10,0
903830,10-04-2026,6257,1092,222,7,0
903831,30-06-2026,6499,1007,220,9,50
903832,14-06-2026,6801,1013,212,8,50
903833,05-06-2026,5121,1033,201,4,500
903834,10-05-2026,6850,1037,216,6,100
903835,02-06-2026,5975,1030,221,1,1000
903836,20-02-2026,5656,1026,209,9,0
903837,07-02-2026,7818,1083,220,4,1000
903838,26-03-2026,7358,1023,211,5,100
903839,22-05-2026,6289,1030,220,10,100
903840,17-04-2026,7200,1090,201,3,200
903841,11-01-2026,5500,1078,204,9,1000
903842,27-03-2026,7318,1008,213,1,200
903843,08-05-2026,6074,1028,202,7,500
903844,15-05-2026,7897,1021,205,1,500
903845,02-05-2026,6296,1030,201,9,50
903846,10-03-2026,5983,1015,206,1,500
903847,04-04-2026,6387,1000,208,8,1000
903848,29-05-2026,5827,1083,201,7,500
903849,29-03-2026,5439,1027,210,5,500
903850,03-06-2026,6455,1036,203,4,500
903851,01-02-2026,7252,1033,209,4,0
903852,06-02-2026,7300,1056,211,10,200
903853,15-04-2026,5415,1091,204,1,0
903854,04-04-2026,7597,1068,207,5,1000
903855,13-04-2026,7999,1011,216,6,200
903856,08-01-2026,5033,1082,223,2,200
903857,03-02-2026,7410,1012,203,3,100
903858,22-02-2026,6755,1029,216,10,200
903859,07-05-2026,5925,1097,224,1,0
903860,25-06-2026,7825,1042,210,1,50
903861,19-03-2026,7999,1084,214,1,200
903862,27-02-2026,7692,1076,204,8,500
903863,16-05-2026,7251,1064,217,1,100
903864,25-03-2026,7950,1040,212,2,100
903865,01-02-2026,7075,1078,212,10,0
903866,28-01-2026,6637,1013,212,9,500
903867,19-04-2026,5714,1020,200,9,50
903868,29-04-2026,6320,1012,223,8,1000
903869,15-04-2026,7684,1039,216,7,200
903870,14-03-2026,7168,1014,215,6,500
903871,03-01-2026,5464,1069,222,9,0
903872,08-04-2026,7892,1043,205,5,0
903873,11-06-2026,7485,1040,219,5,1000
903874,27-05-2026,5445,1061,203,2,50
903875,13-01-2026,6321,1085,204,6,0
903876,04-01-2026,5149,1079,200,5,50
903877,10-05-2026,5715,1049,205,10,200
903878,25-06-2026,6661,1022,206,3,500
903879,13-02-2026,7979,1063,202,9,50
903880,24-02-2026,5284,1024,204,5,1000
903881,11-05-2026,7233,1036,209,10,500
903882,31-05-2026,5564,1054,210,3,200
903883,02-03-2026,5511,1056,223,2,100
903884,01-06-2026,7136,1070,201,4,0
903885,05-04-2026,6046,1046,206,5,200
903886,28-04-2026,6573,1018,206,8,50
903887,10-01-2026,7655,1048,204,6,500
903888,15-06-2026,7735,1004,205,1,100
903889,12-06-2026,5049,1025,219,1,0
903890,06-04-2026,7232,1010,220,8,1000
903891,20-02-2026,5153,1022,214,8,0
903892,26-01-2026,7183,1070,216,7,200
903893,21-02-2026,7750,1006,220,1,1000
903894,01-01-2026,5702,1009,219,1,1000
903895,09-04-2026,7807,1008,201,7,200
903896,26-02-2026,7708,1055,203,3,200
903897,09-05-2026,6474,1045,213,2,50
903898,07-05-2026,6798,1080,223,5,0
903899,19-03-2026,5543,1097,216,1,100
903900,23-05-2026,5929,1001,211,3,200
903901,04-02-2026,7983,1098,203,2,100
903902,23-02-2026,7956,1045,211,4,200
903903,08-02-2026,5437,1025,205,3,50
903904,09-04-2026,6406,1089,221,8,50
903905,22-06-2026,6681,1059,217,6,200
903906,16-05-2026,5003,1044,210,3,200
903907,12-02-2026,5412,1063,221,5,500
903908,31-03-2026,5082,1051,200,3,50
903909,27-01-2026,7953,1014,219,2,500
903910,13-01-2026,7998,1086,214,8,500
903911,26-01-2026,6392,1019,224,10,50
903912,13-05-2026,7780,1036,201,10,0
903913,24-03-2026,7777,1098,204,9,50
903914,07-02-2026,7543,1008,208,5,200
903915,13-03-2026,7394,1081,221,2,1000
903916,11-01-2026,6702,1014,220,6,100
903917,08-05-2026,7915,1039,215,9,1000
903918,07-01-2026,5310,1003,204,9,500
903919,17-04-2026,5375,1011,203,8,200
903920,16-03-2026,7166,1073,221,3,50
903921,12-02-2026,7588,1056,222,1,500
903922,04-02-2026,7973,1055,212,3,100
903923,17-01-2026,5193,1066,213,7,100
903924,16-06-2026,5091,1009,220,5,0
903925,30-04-2026,7920,1015,208,8,100
903926,09-02-2026,5350,1075,217,1,200
903927,26-01-2026,7288,1082,208,9,0
903928,26-03-2026,7681,1096,202,1,0
903929,29-05-2026,6959,1086,224,10,200
903930,08-02-2026,7114,1066,217,3,50
903931,15-01-2026,6051,1033,217,6,1000
903932,05-05-2026,5674,1061,219,2,50
903933,29-03-2026,7725,1099,202,1,500
903934,03-04-2026,6404,1080,217,1,1000
903935,09-06-2026,6787,1015,215,4,500
903936,28-05-2026,6621,1072,214,3,500
903937,16-03-2026,7324,1077,203,4,100
903938,18-03-2026,7993,1050,209,1,1000
903939,03-01-2026,5530,1096,203,3,200
903940,17-04-2026,7207,1048,205,10,0
903941,16-02-2026,5396,1023,208,8,500
903942,20-05-2026,6800,1029,211,8,200
903943,16-05-2026,6018,1093,213,3,0
903944,19-04-2026,6210,1078,222,10,0
903945,06-01-2026,5742,1054,218,7,200
903946,10-05-2026,6286,1072,221,4,0
903947,02-01-2026,6341,1026,216,8,100
903948,13-05-2026,6209,1000,205,1,500
903949,20-02-2026,5619,1024,215,10,200
903950,11-05-2026,6171,1076,201,4,100
903951,12-06-2026,7765,1064,219,6,100
903952,18-04-2026,5200,1079,219,5,200
903953,27-05-2026,5147,1000,204,10,200
903954,15-02-2026,5905,1032,224,10,50
903955,18-06-2026,7573,1034,220,4,100
903956,12-05-2026,5757,1066,214,6,0
903957,23-03-2026,7805,1076,220,5,1000
903958,11-02-2026,7264,1017,217,7,50
903959,02-02-2026,6364,1006,204,3,200
903960,26-06-2026,6799,1091,205,10,200
903961,02-05-2026,6733,1098,222,8,200
903962,18-05-2026,7239,1064,222,9,200
903963,07-06-2026,5223,1003,212,1,50
903964,18-03-2026,6745,1032,222,4,500
903965,21-02-2026,5902,1039,222,9,1000
903966,27-01-2026,5253,1059,221,10,1000
903967,04-02-2026,5730,1078,217,8,500
903968,01-06-2026,5718,1060,206,1,1000
903969,07-04-2026,7458,1013,218,3,500
903970,13-05-2026,6783,1065,200,7,50
903971,21-02-2026,6945,1082,220,4,100
903972,21-03-2026,6929,1026,218,2,1000
903973,09-04-2026,7891,1056,216,4,100
903974,05-06-2026,7214,1034,201,5,50
903975,28-01-2026,7831,1064,213,6,200
903976,03-06-2026,5267,1056,211,1,500
903977,02-05-2026,6933,1032,203,8,100
903978,25-04-2026,5863,1035,211,5,200
903979,19-01-2026,5605,1080,200,3,200
903980,30-03-2026,6842,1026,214,1,500
903981,27-04-2026,6569,1098,217,9,100
903982,23-02-2026,5315,1050,209,3,200
903983,20-01-2026,7875,1061,201,5,100
903984,14-05-2026,5929,1047,223,7,500
903985,13-03-2026,6211,1085,210,4,50
903986,22-03-2026,5278,1093,203,2,50
903987,15-02-2026,7781,1085,214,6,100
903988,07-01-2026,7763,1033,216,5,200
903989,17-01-2026,6064,1070,221,10,500
903990,11-05-2026,6461,1081,214,6,100
903991,26-02-2026,7169,1057,208,7,1000
903992,24-05-2026,6046,1050,221,1,0
903993,23-04-2026,5218,1023,209,8,0
903994,17-06-2026,5551,1050,210,1,50
903995,16-03-2026,7859,1071,217,7,1000
903996,22-02-2026,5352,1023,212,8,500
903997,01-05-2026,7167,1015,223,9,50
903998,28-03-2026,5252,1005,209,1,100
903999,26-05-2026,6868,1071,224,8,100
904000,31-05-2026,5322,1087,222,5,1000
904001,01-02-2026,5504,1094,203,4,500
904002,14-02-2026,5662,1008,210,7,200
904003,04-06-2026,7178,1059,208,2,500
904004,01-04-2026,6704,1042,224,9,100
904005,13-05-2026,5516,1041,217,8,0
904006,13-01-2026,7225,1080,200,4,0
904007,05-04-2026,5703,1055,207,3,0
904008,07-06-2026,5404,1004,213,9,100
904009,10-01-2026,6779,1022,203,7,50
904010,29-04-2026,7630,1000,208,3,50
904011,15-02-2026,5837,1095,213,10,100
904012,05-04-2026,6889,1018,213,10,50
904013,12-03-2026,7979,1063,204,5,500
904014,16-02-2026,5927,1061,204,2,100
904015,20-03-2026,5234,1005,210,5,1000
904016,23-03-2026,6897,1048,218,4,500
904017,03-01-2026,6165,1008,204,1,50
904018,16-02-2026,7623,1067,223,5,100
904019,03-06-2026,5487,1010,208,8,100
904020,19-05-2026,6440,1085,216,7,200
904021,24-02-2026,5044,1007,218,10,200
904022,09-03-2026,7966,1023,216,8,1000
904023,29-05-2026,5296,1019,204,1,200
904024,08-04-2026,6733,1039,202,7,200
904025,26-06-2026,7831,1078,207,2,0
904026,10-01-2026,7118,1068,211,5,500
904027,24-01-2026,6016,1078,201,10,500
904028,06-05-2026,6180,1031,211,1,500
904029,12-05-2026,7796,1030,211,2,500
904030,29-05-2026,5969,1077,218,1,500
904031,30-01-2026,7531,1040,205,9,0
904032,21-04-2026,5017,1098,207,5,500
904033,20-04-2026,7251,1004,210,10,1000
904034,16-03-2026,5926,1059,214,4,50
904035,15-01-2026,5177,1057,215,8,200
904036,25-01-2026,5679,1083,216,4,200
904037,09-06-2026,6479,1069,211,2,100
904038,10-02-2026,7468,1015,200,10,1000
904039,06-04-2026,7886,1091,222,2,50
904040,03-06-2026,6790,1041,203,5,100
904041,12-04-2026,6145,1049,215,2,500
904042,04-01-2026,5813,1019,200,5,0
904043,21-03-2026,7327,1011,203,9,0
904044,25-01-2026,5047,1017,207,9,1000
904045,06-02-2026,5845,1093,205,2,100
904046,15-03-2026,6174,1033,218,1,100
904047,19-02-2026,6072,1022,220,4,50
904048,26-05-2026,6668,1090,206,9,0
904049,07-02-2026,7948,1037,216,5,50
904050,01-01-2026,6601,1024,200,4,1000
904051,04-05-2026,6323,1040,220,2,50
904052,11-04-2026,6138,1038,206,9,200
904053,10-03-2026,6966,1034,213,2,50
904054,14-06-2026,6935,1015,222,7,0
904055,11-06-2026,6383,1043,216,9,50
904056,12-03-2026,5664,1004,207,2,50
904057,17-04-2026,5559,1029,204,6,100
904058,18-06-2026,6569,1065,202,6,100
904059,05-04-2026,6139,1084,202,6,100
904060,14-04-2026,6267,1064,215,1,200
904061,17-05-2026,6901,1052,204,5,50
904062,22-02-2026,5142,1027,220,9,0
904063,28-04-2026,6546,1066,220,5,1000
904064,29-04-2026,5363,1073,221,1,50
904065,15-05-2026,7391,1021,214,6,500
904066,30-05-2026,7042,1004,211,4,200
904067,28-06-2026,6087,1072,207,2,100
904068,25-06-2026,7465,1040,224,8,1000
904069,30-06-2026,6946,1030,219,8,100
904070,21-03-2026,7925,1089,201,10,1000
904071,22-05-2026,6696,1022,215,4,200
904072,18-05-2026,7029,1091,220,7,100
904073,28-06-2026,6524,1024,215,9,100
904074,03-03-2026,5059,1040,220,8,500
904075,25-06-2026,7499,1012,200,3,200
904076,24-01-2026,7018,1076,213,8,500
904077,21-01-2026,6428,1060,209,3,500
904078,22-01-2026,6488,1043,205,4,200
904079,08-01-2026,7929,1068,224,4,500
904080,05-03-2026,7097,1005,205,3,100
904081,15-01-2026,6246,1024,215,2,0
904082,27-02-2026,7297,1039,201,10,0
904083,18-05-2026,6461,1035,208,5,100
904084,03-04-2026,6614,1091,221,6,500
904085,31-05-2026,7799,1048,200,1,200
904086,18-03-2026,7030,1071,214,7,50
904087,15-04-2026,6250,1056,212,3,50
904088,23-05-2026,6370,1043,209,10,100
904089,02-05-2026,7349,1091,222,4,0
904090,21-05-2026,6483,1006,200,6,100
904091,19-04-2026,6461,1055,221,4,50
904092,27-06-2026,7403,1085,224,9,100
904093,28-04-2026,5597,1088,204,5,500
904094,03-04-2026,6151,1091,223,7,0
904095,05-05-2026,7844,1089,222,10,1000
904096,12-03-2026,5622,1088,214,1,50
904097,13-03-2026,5862,1018,205,3,500
904098,19-02-2026,7932,1089,207,4,200
904099,06-04-2026,5703,1019,200,8,500
904100,14-01-2026,5384,1053,213,4,500
904101,29-05-2026,6299,1046,222,3,0
904102,09-04-2026,6665,1094,212,3,50
904103,28-06-2026,6320,1042,212,2,0
904104,07-06-2026,6018,1084,208,10,1000
904105,21-03-2026,5181,1087,210,2,50
904106,08-04-2026,7034,1024,222,2,50
904107,24-05-2026,5807,1076,222,4,500
904108,26-04-2026,7491,1055,205,8,500
904109,29-06-2026,6564,1094,217,6,50
904110,02-01-2026,6139,1096,223,4,100
904111,24-03-2026,6213,1020,223,4,200
904112,08-02-2026,5971,1011,211,5,500
904113,11-01-2026,7562,1088,200,10,100
904114,22-06-2026,5604,1022,205,5,100
904115,10-01-2026,5453,1006,206,3,1000
904116,05-05-2026,6562,1065,208,8,0
904117,09-02-2026,6964,1061,201,5,200
904118,08-01-2026,7343,1034,219,8,200
904119,11-02-2026,5216,1091,213,8,500
904120,28-01-2026,6663,1098,210,4,200
904121,30-05-2026,5049,1027,200,4,500
904122,14-04-2026,7149,1051,217,4,1000
904123,10-03-2026,7850,1009,221,4,1000
904124,04-06-2026,7122,1023,217,8,0
904125,22-05-2026,6888,1035,204,3,50
904126,11-05-2026,7945,1097,219,3,0
904127,08-01-2026,6554,1083,203,8,0
904128,26-06-2026,7955,1026,202,2,1000
904129,01-02-2026,5513,1045,223,4,50
904130,04-03-2026,7873,1064,207,8,50
904131,28-06-2026,6926,1092,214,7,100
904132,08-01-2026,6408,1045,219,9,0
904133,27-04-2026,5577,1076,215,3,0
904134,10-05-2026,6261,1087,214,5,1000
904135,21-04-2026,5654,1004,208,9,1000
904136,12-04-2026,6111,1055,213,5,1000
904137,08-03-2026,6801,1024,201,10,50
904138,06-01-2026,6476,1060,224,6,500
904139,20-04-2026,7993,1073,206,9,500
904140,10-04-2026,5033,1063,207,10,500
904141,15-05-2026,6718,1054,223,6,500
904142,18-02-2026,5130,1022,222,9,0
904143,21-03-2026,5414,1079,207,10,0
904144,08-01-2026,6113,1026,223,7,0
904145,22-06-2026,7348,1068,223,1,500
904146,19-05-2026,5743,1096,211,4,50
904147,11-03-2026,5666,1032,205,1,1000
904148,29-04-2026,6402,1058,202,4,500
904149,24-05-2026,6707,1066,216,9,50
904150,14-02-2026,7554,1010,207,4,50
904151,06-06-2026,5202,1090,204,7,1000
904152,29-06-2026,5247,1080,223,7,200
904153,25-06-2026,7911,1014,223,2,200
904154,12-05-2026,6330,1005,220,9,0
904155,15-05-2026,5621,1042,212,6,50
904156,29-01-2026,5706,1014,208,2,50
904157,26-04-2026,6622,1026,223,10,200
904158,05-03-2026,6826,1006,212,2,50
904159,05-04-2026,5008,1046,205,9,1000
904160,12-04-2026,6152,1059,201,10,50
904161,29-04-2026,5979,1016,218,10,0
904162,20-01-2026,7611,1066,203,7,50
904163,06-04-2026,6336,1086,221,6,500
904164,22-04-2026,6737,1040,202,5,1000
904165,18-04-2026,6027,1001,212,2,1000
904166,09-04-2026,5861,1088,222,5,500
904167,24-03-2026,6960,1026,203,2,200
904168,29-06-2026,7469,1069,221,2,100
904169,17-02-2026,5641,1025,222,10,500
904170,17-03-2026,5928,1008,211,1,50
904171,27-02-2026,7179,1007,201,8,50
904172,21-02-2026,5623,1072,200,2,100
904173,09-05-2026,7255,1076,212,1,1000
904174,22-04-2026,7919,1010,210,3,100
904175,06-05-2026,5800,1005,206,3,50
904176,19-03-2026,7998,1012,209,5,200
904177,28-05-2026,5165,1011,216,4,50
904178,04-02-2026,7190,1068,206,7,50
904179,01-02-2026,7105,1037,218,7,200
904180,15-05-2026,7195,1026,224,3,0
904181,06-01-2026,7026,1030,201,8,0
904182,08-04-2026,6101,1011,218,9,0
904183,05-05-2026,5036,1023,204,2,50
904184,08-01-2026,5988,1058,203,7,0
904185,23-04-2026,7726,1013,205,4,100
904186,01-01-2026,5463,1059,204,2,1000
904187,20-04-2026,6924,1084,207,5,500
904188,30-01-2026,5354,1006,221,9,500
904189,20-02-2026,6308,1042,220,10,200
904190,04-02-2026,6731,1018,222,4,50
904191,18-02-2026,7911,1030,215,6,1000
904192,10-01-2026,5355,1018,205,8,200
904193,10-06-2026,5266,1056,205,2,1000
904194,23-06-2026,6060,1082,204,3,0
904195,22-04-2026,5590,1088,204,2,500
904196,24-06-2026,6185,1061,208,1,50
904197,26-02-2026,5865,1021,211,4,500
904198,16-05-2026,6989,1071,204,2,0
904199,26-06-2026,7710,1038,215,1,100
904200,08-02-2026,7989,1090,224,5,500
904201,02-05-2026,7034,1028,218,4,50
904202,19-04-2026,7012,1061,209,4,1000
904203,02-03-2026,6198,1087,216,8,1000
904204,11-01-2026,7599,1060,208,6,50
904205,19-01-2026,7577,1019,219,4,0
904206,14-01-2026,5018,1043,222,7,500
904207,11-05-2026,6962,1090,216,4,500
904208,19-04-2026,7397,1095,207,5,500
904209,14-06-2026,7749,1010,203,8,1000
904210,06-04-2026,6787,1039,203,7,500
904211,07-05-2026,6909,1084,200,6,100
904212,15-02-2026,7063,1090,201,6,200
904213,30-05-2026,6979,1036,216,10,50
904214,07-01-2026,7898,1069,215,4,500
904215,15-03-2026,6904,1066,223,9,100
904216,19-06-2026,7488,1081,211,4,100
904217,22-05-2026,6246,1037,206,1,200
904218,23-06-2026,7236,1084,213,2,0
904219,11-03-2026,7445,1012,216,3,1000
904220,14-04-2026,5361,1025,210,1,50
904221,24-02-2026,6861,1026,208,3,500
904222,02-02-2026,5740,1009,206,5,1000
904223,30-05-2026,5941,1089,220,5,100
904224,26-02-2026,7333,1006,223,9,200
904225,01-01-2026,5109,1067,205,2,50
904226,02-02-2026,5868,1054,210,7,200
904227,14-05-2026,6455,1031,210,7,500
904228,12-04-2026,7308,1003,223,6,100
904229,09-02-2026,6580,1041,214,4,50
904230,17-04-2026,6193,1068,209,4,100
904231,22-06-2026,7686,1041,220,5,100
904232,13-01-2026,6985,1063,218,5,50
904233,26-01-2026,7351,1081,200,5,100
904234,06-01-2026,7182,1091,221,4,100
904235,22-01-2026,7535,1073,214,5,500
904236,25-05-2026,5245,1062,212,10,1000
904237,04-06-2026,5959,1029,203,6,500
904238,28-05-2026,7280,1069,211,1,500
904239,02-06-2026,5090,1010,222,3,200
904240,08-06-2026,5791,1046,200,4,500
904241,07-03-2026,6278,1001,209,10,200
904242,24-02-2026,7086,1074,218,3,500
904243,11-05-2026,6156,1010,212,3,200
904244,03-04-2026,6210,1076,206,2,500
904245,07-02-2026,5099,1084,218,9,100
904246,05-06-2026,6236,1023,207,10,200
904247,13-03-2026,5931,1015,201,10,200
904248,25-05-2026,6001,1086,221,8,100
904249,04-05-2026,6181,1044,213,4,0
904250,23-02-2026,7607,1003,209,6,1000
904251,08-04-2026,6118,1080,217,3,50
904252,21-03-2026,5884,1054,214,10,1000
904253,10-02-2026,6739,1097,208,10,500
904254,27-02-2026,6650,1015,223,6,50
904255,07-05-2026,6980,1054,216,10,200
904256,04-04-2026,5436,1050,206,6,200
904257,20-06-2026,7221,1024,208,4,500
904258,22-06-2026,6546,1082,219,3,200
904259,13-04-2026,5882,1037,213,10,500
904260,31-05-2026,7117,1067,220,1,50
904261,19-02-2026,6303,1040,215,4,100
904262,31-05-2026,6797,1091,207,2,50
904263,20-06-2026,5952,1095,222,4,200
904264,22-04-2026,5121,1080,221,8,1000
904265,26-04-2026,5574,1041,201,6,500
904266,29-05-2026,5710,1095,202,5,0
904267,06-01-2026,5798,1075,219,4,50
904268,19-05-2026,5243,1023,210,9,50
904269,07-03-2026,7141,1098,205,6,500
904270,17-06-2026,7203,1002,206,4,1000
904271,11-06-2026,6494,1004,214,9,100
904272,05-01-2026,6733,1091,210,3,50
904273,31-03-2026,7202,1091,217,2,500
904274,29-01-2026,5870,1009,209,6,500
904275,29-06-2026,6837,1063,215,8,200
904276,09-03-2026,6649,1091,208,5,500
904277,14-06-2026,6590,1036,220,8,1000
904278,11-02-2026,6732,1083,219,7,50
904279,16-05-2026,5278,1089,220,10,1000
904280,24-06-2026,5563,1042,216,1,100
904281,08-03-2026,6252,1072,207,5,1000
904282,28-04-2026,7352,1074,202,3,500
904283,11-03-2026,5792,1066,215,10,1000
904284,28-05-2026,7715,1055,206,1,100
904285,01-06-2026,7841,1088,209,6,0
904286,03-06-2026,6300,1099,201,6,500
904287,25-01-2026,5239,1047,219,6,100
904288,15-04-2026,5876,1015,208,6,1000
904289,10-02-2026,6365,1050,218,3,200
904290,18-06-2026,7059,1011,203,2,1000
904291,14-02-2026,7520,1045,223,9,100
904292,10-06-2026,7797,1070,218,7,200
904293,20-02-2026,6364,1081,218,3,0
904294,29-06-2026,7216,1045,224,6,500
904295,17-06-2026,5031,1020,201,6,100
904296,19-05-2026,5978,1098,204,6,0
904297,11-05-2026,5748,1031,213,3,0
904298,15-06-2026,6309,1060,205,1,1000
904299,04-05-2026,5542,1015,221,10,0
904300,02-02-2026,6874,1011,221,7,0
904301,22-05-2026,7086,1083,222,10,100
904302,10-02-2026,7221,1055,220,9,0
904303,19-01-2026,7660,1040,206,7,50
904304,08-05-2026,7948,1008,200,3,50
904305,16-02-2026,7937,1095,223,1,500
904306,30-01-2026,5737,1039,215,8,50
904307,08-02-2026,5105,1073,207,5,50
904308,18-06-2026,6153,1018,215,1,50
904309,16-03-2026,6918,1021,213,7,0
904310,08-02-2026,5931,1065,219,5,500
904311,24-02-2026,5852,1094,210,10,1000
904312,13-05-2026,7514,1046,206,6,0
904313,27-02-2026,6048,1045,205,10,50
904314,11-03-2026,7783,1072,203,9,100
904315,13-01-2026,6983,1077,223,5,0
904316,19-05-2026,6977,1011,211,2,200
904317,18-05-2026,7987,1030,209,8,50
904318,04-03-2026,7026,1053,211,5,50
904319,03-01-2026,5052,1008,208,6,100
904320,21-06-2026,6483,1011,214,3,50
904321,01-05-2026,5801,1031,213,4,50
904322,06-01-2026,7080,1091,212,4,50
904323,29-03-2026,6496,1048,211,6,100
904324,26-01-2026,7030,1080,217,10,500
904325,04-05-2026,6812,1023,220,6,100
904326,05-05-2026,6670,1040,216,5,1000
904327,03-02-2026,6850,1062,209,10,50
904328,18-01-2026,6599,1024,211,6,100
904329,20-03-2026,5013,1048,223,10,500
904330,30-03-2026,7411,1086,204,10,200
904331,15-04-2026,6574,1076,209,10,1000
904332,15-01-2026,5956,1006,207,7,100
904333,11-05-2026,5744,1089,200,5,1000
904334,19-06-2026,7424,1053,201,4,1000
904335,26-01-2026,5218,1082,203,2,50
904336,05-05-2026,7283,1086,224,1,500
904337,17-05-2026,6368,1042,204,5,0
904338,07-01-2026,6005,1086,221,2,1000
904339,08-03-2026,5332,1016,207,2,50
904340,06-01-2026,7429,1063,210,4,500
904341,31-03-2026,5579,1031,207,4,200
904342,27-01-2026,6312,1092,223,8,200
904343,06-01-2026,7391,1037,201,4,500
904344,19-03-2026,6836,1039,212,2,0
904345,31-01-2026,5518,1084,200,10,0
904346,19-03-2026,6510,1022,215,6,0
904347,14-04-2026,6733,1041,206,4,200
904348,18-01-2026,5966,1031,218,6,0
904349,02-03-2026,7880,1066,213,3,200
904350,17-02-2026,6596,1041,220,3,50
904351,06-02-2026,5927,1052,210,3,1000
904352,18-03-2026,6583,1010,210,1,100
904353,05-04-2026,5982,1007,201,9,200
904354,28-05-2026,5645,1030,223,4,100
904355,28-02-2026,7080,1001,207,3,200
904356,03-03-2026,7155,1053,223,4,0
904357,23-04-2026,7372,1085,216,10,1000
904358,15-06-2026,6687,1056,207,4,500
904359,12-05-2026,6930,1087,207,7,0
904360,07-05-2026,5963,1066,209,7,0
904361,25-06-2026,7482,1018,204,5,100
904362,23-05-2026,6449,1086,206,2,500
904363,19-03-2026,7342,1099,212,4,0
904364,11-02-2026,6912,1022,219,4,0
904365,07-03-2026,7180,1064,207,2,1000
904366,09-04-2026,6035,1089,211,5,1000
904367,08-03-2026,5163,1048,201,9,500
904368,21-02-2026,5496,1033,221,2,500
904369,20-06-2026,7284,1099,202,5,50
904370,28-05-2026,5329,1095,216,4,200
904371,18-04-2026,6836,1066,217,3,500
904372,11-05-2026,7105,1058,213,8,50
904373,23-06-2026,6837,1025,217,6,0
904374,26-03-2026,6217,1015,212,2,0
904375,01-05-2026,5977,1064,214,6,50
904376,12-01-2026,5791,1023,212,8,500
904377,10-03-2026,6950,1014,208,2,500
904378,01-05-2026,7719,1064,201,8,50
904379,04-01-2026,5894,1075,207,5,500
904380,03-01-2026,6988,1087,215,5,0
904381,20-01-2026,5420,1008,212,1,200
904382,07-03-2026,6913,1070,224,9,0
904383,19-02-2026,7562,1041,207,8,1000
904384,06-01-2026,5860,1011,223,6,200
904385,05-04-2026,6958,1035,220,6,50
904386,09-01-2026,6577,1027,219,7,500
904387,05-06-2026,6768,1052,219,1,100
904388,27-05-2026,6752,1019,219,6,200
904389,25-02-2026,6171,1085,206,5,0
904390,27-04-2026,7455,1056,207,3,50
904391,16-02-2026,6585,1065,216,7,200
904392,27-01-2026,6763,1081,214,8,500
904393,14-02-2026,6683,1049,220,5,1000
904394,03-06-2026,5141,1003,209,6,500
904395,14-04-2026,7316,1024,219,9,200
904396,17-01-2026,7687,1074,218,2,1000
904397,25-01-2026,5406,1046,202,7,50
904398,02-03-2026,5343,1043,211,4,0
904399,13-06-2026,5545,1046,213,8,100
904400,17-03-2026,6620,1037,223,1,200
904401,25-05-2026,6588,1061,215,5,500
904402,07-01-2026,6553,1043,208,3,1000
904403,22-06-2026,6708,1026,214,3,500
904404,27-04-2026,5756,1069,211,5,1000
904405,14-04-2026,6266,1059,220,4,100
904406,27-05-2026,5591,1036,219,1,1000
904407,27-01-2026,6277,1090,216,6,0
904408,28-03-2026,7059,1068,209,2,1000
904409,29-06-2026,7973,1065,224,1,1000
904410,21-03-2026,6326,1063,207,5,1000
904411,10-04-2026,6679,1041,216,3,1000
904412,16-02-2026,6688,1052,212,4,200
904413,14-05-2026,7855,1043,203,4,200
904414,10-03-2026,6522,1006,221,8,500
904415,07-02-2026,5115,1056,205,10,1000
904416,25-03-2026,5485,1072,210,8,50
904417,02-01-2026,5101,1034,212,9,1000
904418,05-01-2026,5250,1000,204,2,100
904419,17-03-2026,6132,1042,201,7,50
904420,29-05-2026,5986,1038,217,7,100
904421,30-05-2026,5631,1018,222,7,200
904422,03-06-2026,7531,1051,224,9,200
904423,27-04-2026,6227,1059,216,10,500
904424,24-06-2026,7792,1082,206,10,50
904425,17-06-2026,5035,1003,224,3,500
904426,20-01-2026,7581,1053,220,1,500
904427,01-02-2026,5543,1047,223,5,500
904428,28-06-2026,5946,1031,221,2,0
904429,19-01-2026,7229,1026,211,9,1000
904430,29-04-2026,5870,1001,219,4,500
904431,13-02-2026,5594,1095,220,8,50
904432,07-02-2026,6463,1006,209,1,0
904433,13-02-2026,6826,1042,220,3,0
904434,16-02-2026,7008,1024,217,3,50
904435,12-06-2026,6744,1003,202,9,50
904436,08-05-2026,7912,1048,218,4,50
904437,13-05-2026,7692,1002,223,9,50
904438,24-01-2026,6861,1079,220,3,0
904439,10-02-2026,6610,1032,214,2,1000
904440,07-06-2026,5174,1012,211,7,0
904441,26-01-2026,7510,1024,212,2,100
904442,19-02-2026,5974,1023,213,3,0
904443,27-01-2026,5164,1002,208,5,0
904444,13-03-2026,6255,1003,205,1,50
904445,21-01-2026,7025,1099,204,1,200
904446,29-01-2026,5380,1017,214,4,100
904447,16-01-2026,7041,1074,223,5,0
904448,14-02-2026,5596,1027,201,2,1000
904449,08-02-2026,6812,1034,203,4,0
904450,17-03-2026,5985,1016,212,8,0
904451,12-05-2026,5913,1032,205,3,200
904452,17-05-2026,7089,1011,203,4,500
904453,28-02-2026,5198,1050,206,1,0
904454,08-02-2026,5134,1073,220,4,1000
904455,21-01-2026,6823,1099,211,1,0
904456,21-02-2026,6892,1024,216,2,0
904457,09-04-2026,7479,1058,222,6,500
904458,13-02-2026,7784,1086,207,9,200
904459,15-03-2026,5122,1038,219,3,100
904460,03-02-2026,6125,1056,212,8,0
904461,16-05-2026,6915,1012,213,6,500
904462,17-03-2026,7752,1051,218,10,200
904463,11-03-2026,6175,1022,216,2,1000
904464,22-06-2026,7398,1015,205,6,50
904465,08-03-2026,6317,1028,220,6,100
904466,15-04-2026,6609,1005,221,1,200
904467,17-03-2026,7318,1069,221,10,200
904468,12-02-2026,6288,1049,208,4,0
904469,27-02-2026,7142,1086,222,2,50
904470,23-01-2026,6216,1073,224,2,50
904471,13-06-2026,7126,1085,203,6,0
904472,20-02-2026,5587,1062,211,7,1000
904473,02-03-2026,5597,1029,205,1,50
904474,17-03-2026,7584,1019,204,5,1000
904475,17-05-2026,7044,1030,203,8,100
904476,07-06-2026,7767,1006,216,7,100
904477,28-02-2026,7537,1023,208,3,500
904478,09-01-2026,5001,1064,217,10,50
904479,27-05-2026,5463,1040,219,4,50
904480,14-03-2026,5195,1073,212,10,50
904481,28-05-2026,6272,1061,223,2,200
904482,30-06-2026,6659,1081,216,9,1000
904483,04-06-2026,5650,1027,217,10,1000
904484,23-04-2026,6507,1019,218,5,500
904485,15-06-2026,6557,1003,201,8,100
904486,07-03-2026,5805,1028,200,7,0
904487,28-04-2026,7549,1047,217,5,500
904488,28-04-2026,7797,1051,222,7,0
904489,29-04-2026,6915,1008,223,6,200
904490,25-03-2026,6627,1063,223,4,200
904491,02-05-2026,7018,1095,220,8,100
904492,06-02-2026,7304,1029,222,2,100
904493,24-04-2026,5173,1074,208,2,500
904494,18-06-2026,5453,1067,222,1,50
904495,07-05-2026,7345,1024,205,7,1000
904496,04-06-2026,5683,1088,216,8,500
904497,13-01-2026,5744,1040,216,7,1000
904498,29-05-2026,5862,1002,204,9,100
904499,18-05-2026,6715,1051,214,2,1000
904500,16-04-2026,7313,1038,213,3,0
904501,06-05-2026,7838,1038,208,3,0
904502,02-04-2026,5798,1001,217,9,1000
904503,24-04-2026,6027,1019,201,7,500
904504,07-03-2026,7691,1047,200,5,0
904505,10-03-2026,7898,1022,207,2,500
904506,19-02-2026,5123,1083,224,6,100
904507,09-05-2026,6432,1041,214,2,0
904508,26-03-2026,5983,1061,219,8,200
904509,04-01-2026,6808,1034,211,10,100
904510,25-05-2026,6267,1080,205,5,0
904511,09-04-2026,5810,1098,209,1,1000
904512,28-04-2026,7353,1040,213,6,0
904513,25-05-2026,7540,1094,221,10,500
904514,12-05-2026,7683,1062,205,3,50
904515,09-04-2026,6486,1034,200,10,100
904516,10-02-2026,5619,1093,219,7,200
904517,07-03-2026,5610,1072,219,4,100
904518,05-05-2026,7477,1041,201,8,0
904519,28-03-2026,6043,1022,223,4,500
904520,18-03-2026,5560,1074,211,2,1000
904521,29-06-2026,7935,1012,201,1,500
904522,07-02-2026,7209,1098,215,10,200
904523,02-03-2026,5732,1011,214,8,1000
904524,20-02-2026,6448,1052,223,1,0
904525,15-01-2026,7208,1045,216,8,200
904526,25-02-2026,5234,1056,218,2,500
904527,20-05-2026,5710,1067,219,6,200
904528,17-04-2026,7909,1015,201,6,200
904529,26-02-2026,5645,1083,211,10,200
904530,23-05-2026,7925,1092,208,6,50
904531,18-01-2026,7352,1027,202,1,50
904532,12-02-2026,6841,1074,215,7,0
904533,13-02-2026,6541,1091,215,5,100
904534,25-01-2026,7849,1009,212,9,200
904535,13-01-2026,7441,1007,200,6,0
904536,10-04-2026,5366,1040,207,5,100
904537,07-01-2026,6756,1057,219,6,500
904538,28-03-2026,6687,1055,212,6,100
904539,28-04-2026,5199,1041,205,1,50
904540,10-03-2026,6977,1067,219,3,0
904541,09-03-2026,6560,1063,209,9,0
904542,04-05-2026,6792,1086,207,1,50
904543,15-01-2026,7012,1089,224,3,100
904544,21-01-2026,6306,1017,210,5,50
904545,08-06-2026,5344,1034,210,2,50
904546,14-03-2026,5042,1011,210,10,1000
904547,06-04-2026,6094,1016,218,3,500
904548,17-06-2026,5568,1034,208,6,0
904549,30-06-2026,6217,1043,203,10,100
904550,08-02-2026,7392,1046,220,3,0
904551,21-06-2026,5430,1062,215,1,50
904552,07-03-2026,7695,1056,217,6,500
904553,17-06-2026,7788,1007,205,5,500
904554,18-01-2026,6350,1087,202,7,1000
904555,13-01-2026,6531,1011,211,6,500
904556,25-06-2026,6872,1000,212,8,1000
904557,26-05-2026,6898,1081,205,5,0
904558,27-02-2026,6020,1043,204,9,0
904559,21-02-2026,5985,1056,211,10,500
904560,11-02-2026,5324,1085,224,8,100
904561,01-01-2026,5299,1017,203,3,200
904562,08-04-2026,6294,1011,221,1,200
904563,30-03-2026,5919,1075,203,4,50
904564,14-03-2026,7423,1095,221,5,1000
904565,24-05-2026,6258,1073,204,5,1000
904566,26-05-2026,5989,1082,218,6,0
904567,28-02-2026,6635,1029,212,10,50
904568,06-03-2026,7746,1040,215,5,100
904569,28-03-2026,7094,1086,205,6,100
904570,06-01-2026,5017,1066,206,4,1000
904571,25-05-2026,5187,1009,211,2,500
904572,01-01-2026,5581,1093,204,7,200
904573,18-02-2026,6919,1066,222,10,500
904574,10-06-2026,6635,1046,205,1,100
904575,23-02-2026,7638,1076,201,10,100
904576,04-02-2026,7146,1026,203,6,50
904577,22-06-2026,5399,1073,208,8,50
904578,20-03-2026,6784,1098,215,7,200
904579,10-06-2026,5609,1075,215,7,500
904580,04-04-2026,7198,1038,213,3,50
904581,06-02-2026,6730,1081,218,6,500
904582,10-05-2026,6924,1088,224,7,1000
904583,15-05-2026,7203,1000,211,4,50
904584,06-01-2026,5282,1077,208,9,50
904585,27-06-2026,7463,1070,217,6,200
904586,29-03-2026,5704,1076,206,5,500
904587,24-05-2026,5725,1050,219,6,200
904588,16-06-2026,6571,1048,210,7,200
904589,30-03-2026,6490,1042,201,10,100
904590,27-02-2026,6406,1070,214,9,500
904591,31-03-2026,6957,1016,202,9,200
904592,07-06-2026,5021,1006,206,3,500
904593,12-01-2026,5190,1075,203,10,1000
904594,10-01-2026,7255,1053,215,6,200
904595,04-01-2026,5475,1069,223,9,100
904596,08-01-2026,6436,1044,220,5,50
904597,20-01-2026,7646,1052,211,1,1000
904598,21-03-2026,6306,1096,214,7,0
904599,06-03-2026,5993,1072,212,8,500
904600,10-05-2026,7037,1058,205,10,50
904601,16-02-2026,7570,1074,203,10,500
904602,09-04-2026,5580,1093,217,8,200
904603,30-06-2026,6986,1057,223,5,0
904604,21-06-2026,6860,1001,208,2,200
904605,12-06-2026,5557,1085,211,3,1000
904606,23-04-2026,7447,1004,212,4,50
904607,25-04-2026,7284,1004,206,9,100
904608,24-02-2026,5992,1078,208,2,500
904609,13-02-2026,5010,1039,212,7,1000
904610,07-04-2026,6578,1051,207,1,0
904611,03-06-2026,5799,1091,215,1,0
904612,25-03-2026,6773,1026,223,2,200
904613,09-01-2026,7875,1020,200,9,500
904614,17-03-2026,5743,1062,203,3,100
904615,22-04-2026,7322,1003,202,7,50
904616,19-03-2026,5539,1088,215,3,500
904617,09-04-2026,6587,1034,220,2,100
904618,28-04-2026,5979,1034,204,9,50
904619,29-03-2026,7037,1084,221,7,50
904620,08-02-2026,7549,1048,213,3,500
904621,09-02-2026,5819,1007,210,7,1000
904622,14-01-2026,5437,1021,214,3,500
904623,17-03-2026,6739,1096,212,3,500
904624,23-03-2026,7307,1057,208,8,200
904625,30-05-2026,7931,1028,200,8,50
904626,24-01-2026,5201,1005,219,9,1000
904627,11-04-2026,7816,1099,212,6,1000
904628,18-06-2026,7845,1032,203,2,1000
904629,24-03-2026,6194,1098,206,4,200
904630,01-05-2026,6262,1075,200,4,200
904631,22-02-2026,5996,1096,210,6,1000
904632,18-06-2026,7935,1088,214,4,200
904633,15-02-2026,7118,1034,217,7,200
904634,25-06-2026,6440,1090,217,7,500
904635,13-02-2026,7697,1044,217,8,500
904636,01-01-2026,5604,1044,216,7,100
904637,09-01-2026,6601,1029,213,8,1000
904638,02-01-2026,7809,1030,211,1,50
904639,06-03-2026,7888,1094,210,7,50
904640,18-02-2026,5489,1030,221,5,200
904641,16-06-2026,6165,1097,216,2,500
904642,03-06-2026,5544,1070,221,3,500
904643,17-03-2026,7368,1040,220,10,50
904644,22-04-2026,6993,1011,212,10,500
904645,14-02-2026,5927,1078,201,6,500
904646,16-06-2026,5778,1050,209,9,50
904647,28-06-2026,5484,1012,218,5,0
904648,01-05-2026,6132,1087,223,8,50
904649,10-05-2026,5017,1016,223,5,0
904650,02-02-2026,5075,1087,223,8,500
904651,29-05-2026,7927,1096,208,2,200
904652,07-05-2026,6327,1038,219,10,50
904653,14-02-2026,6144,1059,202,8,100
904654,31-01-2026,6723,1096,200,7,50
904655,06-05-2026,7210,1052,220,2,200
904656,21-03-2026,6811,1047,216,7,100
904657,14-05-2026,6162,1031,202,2,200
904658,15-01-2026,6809,1052,212,6,200
904659,01-03-2026,6498,1090,208,8,500
904660,16-05-2026,7199,1007,206,10,500
904661,24-06-2026,5040,1042,223,9,0
904662,30-03-2026,6147,1084,214,5,0
904663,28-03-2026,6664,1061,204,4,0
904664,25-05-2026,6616,1058,210,7,1000
904665,26-05-2026,6714,1026,224,10,500
904666,19-02-2026,7842,1079,206,10,500
904667,27-03-2026,5227,1061,202,6,1000
904668,03-01-2026,5404,1061,224,4,0
904669,17-03-2026,5883,1070,223,3,100
904670,09-04-2026,7538,1038,224,3,0
904671,21-04-2026,5237,1047,211,3,0
904672,01-03-2026,7316,1082,218,4,500
904673,11-03-2026,7318,1016,208,7,0
904674,18-05-2026,5826,1043,201,10,200
904675,24-03-2026,7106,1067,217,9,50
904676,22-05-2026,6525,1051,222,5,500
904677,03-02-2026,6845,1063,204,10,100
904678,20-05-2026,5257,1093,216,7,100
904679,15-05-2026,7230,1030,201,5,0
904680,31-01-2026,6705,1006,209,7,200
904681,11-01-2026,7607,1040,206,3,0
904682,07-05-2026,5720,1070,223,1,200
904683,19-02-2026,7982,1058,204,4,100
904684,15-04-2026,6179,1001,215,7,200
904685,01-06-2026,5426,1035,212,7,50
904686,11-04-2026,6900,1081,214,7,500
904687,12-05-2026,5787,1015,220,4,50
904688,11-05-2026,7461,1014,201,10,500
904689,19-05-2026,6373,1050,201,8,1000
904690,15-04-2026,5574,1045,222,9,0
904691,03-03-2026,7230,1093,218,1,500
904692,31-01-2026,5970,1087,208,10,0
904693,14-02-2026,7903,1071,202,10,500
904694,16-04-2026,6523,1085,203,6,200
904695,01-05-2026,6510,1087,215,5,100
904696,05-01-2026,7125,1011,219,10,1000
904697,08-01-2026,7131,1057,210,5,200
904698,01-04-2026,5453,1054,215,1,200
904699,13-05-2026,7034,1064,211,9,50
904700,22-02-2026,7570,1098,211,9,100
904701,24-06-2026,7449,1081,211,6,500
904702,12-04-2026,6625,1016,210,3,500
904703,11-05-2026,5797,1023,223,5,0
904704,06-04-2026,5722,1003,215,1,100
904705,07-04-2026,5095,1060,215,6,100
904706,03-01-2026,7902,1069,219,3,500
904707,15-03-2026,7521,1076,202,1,500
904708,09-06-2026,7461,1016,207,3,500
904709,11-03-2026,5488,1059,214,3,50
904710,17-06-2026,7182,1019,210,10,0
904711,16-03-2026,6517,1091,223,9,0
904712,06-03-2026,6084,1009,211,2,50
904713,27-05-2026,6583,1087,222,8,1000
904714,05-01-2026,6004,1040,210,10,1000
904715,16-05-2026,7833,1075,203,10,50
904716,02-03-2026,5397,1023,200,6,200
904717,22-04-2026,7314,1094,206,4,50
904718,09-01-2026,5698,1048,211,6,100
904719,26-04-2026,5904,1003,224,8,100
904720,10-02-2026,6239,1028,215,7,200
904721,16-06-2026,6255,1085,220,5,500
904722,19-04-2026,7565,1085,222,9,200
904723,07-05-2026,7742,1026,202,3,100
904724,11-06-2026,6608,1053,214,8,1000
904725,17-03-2026,7390,1065,207,2,100
904726,21-04-2026,6361,1064,208,9,0
904727,22-06-2026,6825,1064,215,3,500
904728,10-03-2026,7681,1021,204,10,50
904729,05-02-2026,6739,1033,207,9,100
904730,17-06-2026,5987,1085,220,9,200
904731,07-01-2026,6167,1091,219,2,100
904732,09-03-2026,6727,1082,207,2,200
904733,14-04-2026,7602,1088,216,6,100
904734,12-04-2026,6339,1054,208,4,50
904735,07-04-2026,7535,1001,203,7,100
904736,02-04-2026,6504,1074,203,10,100
904737,27-06-2026,6008,1097,211,9,50
904738,06-05-2026,7398,1033,219,2,200
904739,20-02-2026,6928,1062,216,5,500
904740,26-05-2026,7150,1069,207,1,0
904741,28-01-2026,5042,1056,204,5,500
904742,07-05-2026,7874,1075,215,8,1000
904743,01-04-2026,7648,1073,215,1,500
904744,11-01-2026,6629,1002,214,8,0
904745,20-02-2026,7008,1040,203,8,0
904746,04-05-2026,7532,1046,213,8,1000
904747,03-03-2026,5401,1024,210,8,200
904748,21-01-2026,6692,1092,216,1,500
904749,13-05-2026,5442,1014,207,4,0
904750,21-03-2026,7175,1048,221,8,200
904751,29-03-2026,7408,1079,207,4,500
904752,10-01-2026,6172,1036,220,4,1000
904753,12-04-2026,6105,1038,214,5,500
904754,17-02-2026,6900,1047,219,5,200
904755,27-02-2026,5556,1096,218,5,1000
904756,23-04-2026,5324,1031,204,3,1000
904757,08-02-2026,7724,1083,215,4,1000
904758,24-04-2026,7485,1007,218,1,0
904759,21-02-2026,7625,1002,202,9,0
904760,08-02-2026,5246,1004,211,2,0
904761,28-02-2026,5286,1044,205,3,50
904762,03-02-2026,6666,1004,218,5,200
904763,13-05-2026,7903,1041,217,3,0
904764,05-01-2026,6573,1061,208,6,100
904765,10-03-2026,6997,1081,218,1,1000
904766,16-02-2026,6213,1040,215,8,500
904767,08-06-2026,5259,1076,202,5,200
904768,01-04-2026,5072,1015,221,6,50
904769,01-04-2026,7422,1022,203,10,200
904770,23-03-2026,7096,1086,223,7,200
904771,06-04-2026,7794,1034,215,5,500
904772,04-05-2026,7068,1092,220,10,1000
904773,03-06-2026,5069,1094,212,10,100
904774,27-06-2026,6430,1050,217,5,1000
904775,29-01-2026,6956,1021,224,2,100
904776,20-03-2026,5254,1030,205,8,200
904777,08-05-2026,7181,1026,203,6,500
904778,15-02-2026,5872,1088,224,7,100
904779,01-02-2026,6243,1020,210,5,100
904780,25-06-2026,6262,1068,205,10,200
904781,04-06-2026,6536,1009,221,8,100
904782,10-03-2026,5629,1015,214,4,1000
904783,28-04-2026,5303,1095,219,5,500
904784,11-04-2026,6868,1038,219,1,200
904785,25-04-2026,6765,1064,217,10,100
904786,24-06-2026,5154,1007,220,4,1000
904787,10-03-2026,5437,1053,221,8,100
904788,13-04-2026,6843,1059,210,6,200
904789,25-03-2026,6989,1031,220,3,500
904790,28-05-2026,7221,1088,206,8,100
904791,16-04-2026,5227,1030,200,3,200
904792,17-05-2026,7045,1043,200,7,0
904793,24-05-2026,6786,1040,201,2,50
904794,17-02-2026,6613,1020,223,9,500
904795,10-01-2026,5248,1039,210,4,1000
904796,08-01-2026,7328,1082,205,6,100
904797,13-05-2026,6712,1041,217,2,1000
904798,24-01-2026,7355,1080,205,1,1000
904799,17-06-2026,6335,1037,219,4,1000
904800,06-02-2026,5223,1028,224,8,100
904801,27-01-2026,7177,1000,210,4,100
904802,01-03-2026,7190,1005,204,4,1000
904803,09-05-2026,7777,1075,222,7,100
904804,03-03-2026,5619,1017,212,7,100
904805,09-02-2026,7801,1010,222,6,0
904806,25-04-2026,6149,1075,222,6,50
904807,28-06-2026,5379,1003,212,10,50
904808,04-01-2026,5923,1024,200,6,100
904809,03-06-2026,5751,1015,200,5,200
904810,08-02-2026,7728,1001,202,3,200
904811,21-04-2026,6569,1090,219,3,1000
904812,30-05-2026,6184,1021,202,5,500
904813,06-06-2026,5033,1013,201,10,0
904814,31-01-2026,6519,1010,200,3,100
904815,07-02-2026,7356,1016,222,10,100
904816,24-01-2026,5175,1028,204,10,50
904817,21-03-2026,7651,1072,204,4,0
904818,10-06-2026,6726,1093,221,5,200
904819,18-04-2026,5858,1004,206,6,1000
904820,28-02-2026,7431,1032,217,10,0
904821,15-03-2026,5207,1058,211,10,1000
904822,17-01-2026,5736,1000,204,5,0
904823,06-06-2026,7669,1002,212,3,200
904824,16-04-2026,6040,1017,204,7,200
904825,16-02-2026,7620,1058,214,9,500
904826,22-01-2026,5151,1076,201,9,100
904827,16-06-2026,5827,1089,220,1,200
904828,15-03-2026,7585,1049,200,10,500
904829,20-05-2026,5930,1001,221,8,500
904830,05-04-2026,5298,1055,224,5,1000
904831,17-06-2026,6863,1084,216,6,0
904832,02-01-2026,6197,1087,224,1,200
904833,21-05-2026,7190,1046,208,7,200
904834,03-04-2026,5140,1048,213,3,1000
904835,06-02-2026,5253,1033,209,2,100
904836,03-03-2026,6893,1017,218,1,0
904837,18-06-2026,7467,1048,213,3,500
904838,02-04-2026,5544,1060,220,3,50
904839,29-01-2026,6700,1076,213,1,1000
904840,24-06-2026,6621,1009,215,6,100
904841,27-02-2026,6386,1010,220,7,1000
904842,19-04-2026,7019,1091,200,6,500
904843,12-06-2026,5244,1042,221,8,1000
904844,31-01-2026,5510,1001,211,9,50
904845,22-04-2026,6771,1015,218,3,500
904846,02-05-2026,5307,1057,218,10,500
904847,15-01-2026,6026,1074,202,10,200
904848,20-03-2026,7109,1029,213,3,200
904849,25-01-2026,5575,1086,210,2,0
904850,28-04-2026,5781,1042,219,4,1000
904851,29-01-2026,6216,1003,224,6,200
904852,14-01-2026,7726,1038,212,10,500
904853,11-05-2026,5914,1013,217,3,500
904854,26-06-2026,6543,1009,224,9,500
904855,15-01-2026,6407,1012,200,6,0
904856,13-02-2026,6299,1014,201,4,200
904857,12-04-2026,6183,1070,218,5,200
904858,26-06-2026,7701,1016,210,6,0
904859,07-01-2026,7896,1037,219,10,0
904860,05-01-2026,7847,1095,200,10,0
904861,01-03-2026,7848,1007,202,4,100
904862,31-01-2026,7212,1002,202,7,1000
904863,07-04-2026,5910,1013,212,10,100
904864,25-05-2026,5941,1030,202,5,0
904865,11-06-2026,5822,1029,217,10,500
904866,01-02-2026,7602,1056,223,5,50
904867,04-06-2026,7072,1034,208,2,1000
904868,21-04-2026,6683,1087,204,5,50
904869,05-01-2026,6967,1040,201,1,50
904870,15-01-2026,7682,1032,224,1,0
904871,16-02-2026,6633,1030,212,3,500
904872,05-06-2026,5889,1059,220,10,0
904873,24-05-2026,5905,1024,210,8,500
904874,30-06-2026,6746,1055,217,8,50
904875,31-01-2026,6940,1041,219,10,1000
904876,19-06-2026,6385,1018,207,2,50
904877,28-04-2026,5459,1085,222,8,100
904878,08-06-2026,7528,1090,207,9,200
904879,04-06-2026,7828,1088,223,6,1000
904880,16-06-2026,7167,1004,207,7,0
904881,21-06-2026,6925,1013,205,2,1000
904882,25-06-2026,7951,1053,213,5,200
904883,07-05-2026,5972,1070,205,8,500
904884,25-06-2026,5702,1038,208,7,0
904885,17-01-2026,7352,1016,220,6,1000
904886,24-01-2026,6899,1035,211,8,100
904887,21-02-2026,5033,1032,202,6,50
904888,17-02-2026,6690,1042,203,2,100
904889,29-01-2026,5060,1008,217,5,1000
904890,03-01-2026,5820,1064,204,3,200
904891,21-02-2026,7912,1096,204,2,50
904892,01-06-2026,5517,1098,204,5,200
904893,20-01-2026,6701,1019,209,5,200
904894,03-03-2026,7783,1093,205,5,50
904895,21-04-2026,6584,1055,223,8,0
904896,14-06-2026,7917,1065,207,2,1000
904897,03-04-2026,6571,1085,209,5,1000
904898,19-03-2026,5778,1092,205,9,500
904899,28-01-2026,5874,1014,206,8,0
904900,28-04-2026,5583,1093,222,5,100
904901,18-05-2026,5431,1029,218,9,200
904902,11-06-2026,7097,1091,204,6,500
904903,06-03-2026,5844,1000,216,9,1000
904904,22-01-2026,7941,1098,212,1,50
904905,14-06-2026,7640,1058,223,1,1000
904906,02-02-2026,7623,1010,212,7,200
904907,07-03-2026,6444,1027,221,5,500
904908,03-05-2026,6973,1051,219,9,0
904909,05-04-2026,5751,1049,217,10,0
904910,29-05-2026,7572,1017,223,3,200
904911,02-05-2026,7688,1027,202,10,0
904912,02-04-2026,5880,1022,205,5,1000
904913,08-01-2026,6995,1001,203,4,100
904914,20-04-2026,6509,1080,206,10,200
904915,25-04-2026,5253,1096,209,10,1000
904916,26-03-2026,7937,1042,218,4,1000
904917,25-06-2026,7476,1097,206,3,100
904918,04-01-2026,7531,1060,213,2,200
904919,03-05-2026,6690,1072,217,3,50
904920,22-03-2026,7869,1046,220,9,1000
904921,01-02-2026,6759,1020,223,8,0
904922,12-04-2026,5429,1099,212,3,500
904923,13-02-2026,5838,1031,220,8,100
904924,09-01-2026,7993,1087,219,2,200
904925,13-04-2026,5980,1049,216,4,100
904926,23-06-2026,5863,1044,219,6,200
904927,11-03-2026,5413,1091,217,3,0
904928,08-04-2026,7928,1052,215,6,1000
904929,17-03-2026,5178,1085,213,10,500
904930,09-03-2026,6818,1006,221,8,50
904931,12-03-2026,6936,1048,221,6,500
904932,15-01-2026,5729,1006,214,10,200
904933,25-04-2026,6578,1047,218,4,100
904934,14-06-2026,5176,1076,211,2,50
904935,19-02-2026,7897,1088,223,2,50
904936,12-04-2026,5838,1001,205,3,0
904937,01-06-2026,6467,1057,207,8,50
904938,14-03-2026,6886,1051,223,7,50
904939,28-01-2026,5459,1061,210,9,500
904940,17-04-2026,5918,1048,212,7,50
904941,08-01-2026,7975,1006,205,10,50
904942,09-01-2026,6933,1033,217,9,0
904943,01-02-2026,5979,1010,209,8,500
904944,15-04-2026,6755,1042,213,8,0
904945,20-06-2026,6210,1075,224,6,0
904946,17-06-2026,6186,1063,216,3,500
904947,05-06-2026,7323,1058,207,6,500
904948,30-03-2026,7852,1024,215,3,500
904949,11-03-2026,7937,1075,217,10,1000
904950,18-04-2026,6691,1097,209,9,0
904951,04-03-2026,6391,1005,201,1,500
904952,03-03-2026,6954,1012,206,8,500
904953,12-05-2026,5859,1002,216,3,200
904954,05-03-2026,5206,1088,201,7,100
904955,10-05-2026,6307,1052,213,10,200
904956,07-01-2026,6509,1055,223,10,500
904957,08-06-2026,5555,1046,216,8,1000
904958,21-02-2026,6825,1011,208,8,500
904959,19-06-2026,7100,1016,211,10,1000
904960,06-04-2026,7284,1062,207,6,500
904961,18-01-2026,7004,1050,224,6,500
904962,26-02-2026,7953,1037,205,6,1000
904963,12-06-2026,5271,1056,201,1,1000
904964,01-04-2026,5300,1000,204,7,1000
904965,14-02-2026,6589,1098,210,7,0
904966,30-03-2026,6614,1083,220,9,200
904967,20-06-2026,5181,1068,206,5,1000
904968,19-01-2026,6640,1097,224,10,100
904969,16-01-2026,5797,1035,211,2,500
904970,23-03-2026,5072,1071,216,6,200
904971,17-03-2026,5896,1024,218,10,0
904972,29-06-2026,7004,1041,213,9,0
904973,16-03-2026,5083,1028,205,5,200
904974,23-02-2026,6336,1024,206,9,500
904975,14-03-2026,5087,1009,212,6,1000
904976,02-02-2026,5311,1060,220,7,500
904977,30-01-2026,7476,1023,217,8,500
904978,21-04-2026,5900,1063,206,4,100
904979,02-01-2026,7750,1077,212,8,500
904980,16-02-2026,6676,1056,207,4,0
904981,24-02-2026,6626,1016,218,8,500
904982,29-05-2026,6238,1020,203,8,1000
904983,09-02-2026,7118,1082,202,6,500
904984,25-02-2026,7099,1020,221,7,500
904985,08-01-2026,7512,1071,218,6,1000
904986,04-03-2026,5910,1087,202,10,0
904987,25-05-2026,6104,1024,213,7,1000
904988,25-04-2026,7307,1066,208,1,50
904989,10-05-2026,6686,1055,208,4,50
904990,26-02-2026,7258,1093,210,4,200
904991,23-06-2026,6295,1059,220,7,0
904992,10-03-2026,6665,1006,219,7,50
904993,31-01-2026,7806,1011,222,1,1000
904994,06-01-2026,5622,1066,209,10,100
904995,01-02-2026,5261,1058,222,8,200
904996,12-01-2026,5175,1098,223,9,50
904997,07-06-2026,6591,1036,212,8,0
904998,09-04-2026,6998,1048,207,10,50
904999,22-06-2026,5089,1075,212,7,50
905000,18-06-2026,6883,1017,218,3,1000
905001,12-03-2026,5696,1068,209,6,100
905002,27-06-2026,7526,1065,209,7,50
905003,27-05-2026,6792,1018,220,1,50
905004,12-04-2026,5741,1030,223,4,100
905005,29-04-2026,6068,1084,204,9,100
905006,02-03-2026,7433,1087,209,9,50
905007,01-06-2026,6452,1013,215,1,200
905008,08-06-2026,7488,1050,201,10,1000
905009,10-04-2026,6606,1032,212,3,500
905010,17-05-2026,7872,1063,208,2,200
905011,18-01-2026,6196,1012,210,4,1000
905012,18-02-2026,5463,1088,209,6,100
905013,04-04-2026,5671,1056,222,3,0
905014,18-05-2026,5116,1054,216,10,500
905015,20-03-2026,7935,1022,213,4,100
905016,28-05-2026,7778,1047,210,4,100
905017,19-03-2026,6329,1063,218,8,50
905018,21-01-2026,5950,1046,223,4,0
905019,22-02-2026,7251,1058,217,2,200
905020,09-06-2026,5401,1037,219,9,100
905021,18-03-2026,7269,1020,200,6,50
905022,24-03-2026,5106,1007,215,6,1000
905023,05-03-2026,5074,1087,218,8,0
905024,20-02-2026,7320,1085,205,10,0
905025,04-06-2026,7497,1091,206,3,100
905026,23-05-2026,5617,1014,212,6,500
905027,24-03-2026,7258,1048,206,10,50
905028,16-04-2026,7513,1038,206,6,0
905029,07-04-2026,6415,1057,214,4,50
905030,09-04-2026,5303,1048,200,3,0
905031,02-05-2026,6765,1078,220,6,1000
905032,22-05-2026,6884,1035,202,1,50
905033,04-02-2026,7883,1022,221,8,50
905034,09-01-2026,6747,1054,219,6,0
905035,06-03-2026,7287,1035,211,4,1000
905036,27-05-2026,5051,1036,207,10,0
905037,05-02-2026,5230,1006,208,2,0
905038,10-05-2026,6437,1013,205,4,1000
905039,20-05-2026,5352,1045,217,1,500
905040,05-02-2026,5136,1095,224,2,1000
905041,19-03-2026,6732,1072,211,8,1000
905042,02-04-2026,6213,1051,202,6,500
905043,29-03-2026,7170,1036,204,5,200
905044,02-02-2026,5897,1082,213,8,0
905045,19-01-2026,7943,1049,222,9,100
905046,02-01-2026,6814,1075,221,10,100
905047,04-04-2026,6781,1032,212,2,200
905048,31-05-2026,5270,1016,208,2,1000
905049,18-01-2026,7250,1039,204,5,200
905050,04-06-2026,7192,1056,217,8,200
905051,19-04-2026,7021,1046,220,10,1000
905052,26-01-2026,7835,1030,210,3,500
905053,07-04-2026,6408,1097,223,7,0
905054,01-01-2026,7737,1092,207,10,200
905055,09-06-2026,7508,1041,220,8,0
905056,10-02-2026,7889,1087,222,8,1000
905057,07-02-2026,7833,1007,220,8,500
905058,05-04-2026,5605,1094,211,9,100
905059,09-04-2026,7952,1071,216,9,0
905060,10-03-2026,6896,1011,222,4,50
905061,24-02-2026,6842,1083,203,6,100
905062,14-04-2026,5868,1004,217,7,50
905063,14-06-2026,5026,1018,221,6,1000
905064,08-04-2026,6321,1099,200,10,50
905065,09-03-2026,5824,1002,218,8,500
905066,23-03-2026,7366,1002,217,10,0
905067,28-02-2026,7514,1043,207,10,100
905068,15-03-2026,6749,1006,218,2,1000
905069,28-04-2026,7794,1069,223,4,100
905070,16-03-2026,6760,1056,203,4,1000
905071,19-04-2026,5123,1086,206,3,50
905072,23-02-2026,5931,1094,224,9,500
905073,05-06-2026,5493,1067,213,3,200
905074,04-05-2026,5069,1087,217,3,50
905075,10-04-2026,6563,1072,224,2,50
905076,09-06-2026,5384,1091,210,10,200
905077,22-06-2026,5336,1078,222,9,0
905078,24-05-2026,6452,1080,222,3,1000
905079,25-01-2026,5536,1084,224,1,50
905080,10-04-2026,7508,1041,208,10,1000
905081,24-06-2026,7320,1034,207,3,50
905082,27-02-2026,7318,1097,217,9,100
905083,29-03-2026,7254,1043,203,9,500
905084,07-03-2026,6942,1052,219,3,1000
905085,18-04-2026,6152,1010,210,10,500
905086,23-05-2026,5863,1036,224,1,100
905087,10-06-2026,6380,1000,223,4,50
905088,20-01-2026,6025,1085,211,9,100
905089,10-04-2026,5821,1040,206,9,50
905090,23-02-2026,6667,1021,216,1,200
905091,13-03-2026,6653,1011,217,2,0
905092,01-04-2026,6338,1028,215,6,50
905093,29-04-2026,7401,1090,223,3,200
905094,17-05-2026,5803,1086,223,2,50
905095,22-04-2026,7515,1002,224,8,50
905096,25-06-2026,6027,1054,200,10,50
905097,09-03-2026,7803,1099,217,4,0
905098,24-01-2026,5628,1041,221,5,0
905099,08-05-2026,6082,1059,213,8,100
905100,05-01-2026,6352,1093,218,9,100
905101,01-06-2026,7200,1031,201,2,50
905102,11-04-2026,7984,1088,224,4,1000
905103,16-03-2026,5949,1078,205,8,100
905104,24-01-2026,5964,1019,215,10,50
905105,11-05-2026,5641,1069,206,4,500
905106,28-03-2026,7217,1046,207,5,1000
905107,17-06-2026,5126,1036,213,5,50
905108,31-03-2026,6928,1036,224,4,500
905109,17-06-2026,7984,1018,200,4,1000
905110,30-05-2026,6461,1051,220,4,500
905111,17-02-2026,5833,1053,203,1,0
905112,27-04-2026,5749,1094,216,9,50
905113,29-01-2026,7781,1096,219,5,500
905114,30-06-2026,7330,1076,216,1,0
905115,02-02-2026,6379,1048,203,9,200
905116,07-06-2026,6086,1096,223,8,0
905117,06-06-2026,7913,1006,207,4,500
905118,19-04-2026,6736,1041,201,5,0
905119,10-03-2026,7785,1027,220,5,0
905120,20-04-2026,6327,1090,213,6,500
905121,30-06-2026,5323,1077,201,9,100
905122,24-05-2026,5705,1065,215,3,100
905123,20-04-2026,7268,1063,211,8,500
905124,08-03-2026,5699,1062,202,1,50
905125,04-04-2026,5197,1091,200,6,200
905126,01-06-2026,5377,1037,205,10,0
905127,11-06-2026,5061,1001,213,6,1000
905128,28-06-2026,5802,1050,224,10,50
905129,25-05-2026,7295,1087,223,9,50
905130,22-05-2026,7298,1063,222,7,50
905131,16-05-2026,5940,1064,222,1,100
905132,07-06-2026,7919,1048,215,7,100
905133,18-02-2026,6758,1021,203,8,0
905134,10-02-2026,6891,1010,214,7,200
905135,05-06-2026,7692,1038,217,10,50
905136,23-03-2026,6672,1001,203,8,1000
905137,21-01-2026,6378,1011,223,4,50
905138,01-02-2026,5954,1073,220,7,200
905139,28-04-2026,5145,1011,218,10,1000
905140,29-05-2026,6240,1060,213,3,500
905141,06-03-2026,7378,1059,223,8,50
905142,11-01-2026,7664,1057,221,3,500
905143,08-04-2026,7591,1083,219,5,50
905144,28-01-2026,6356,1075,214,10,100
905145,02-06-2026,7348,1067,208,5,0
905146,14-03-2026,7179,1040,202,7,0
905147,24-05-2026,6701,1039,215,9,0
905148,04-06-2026,6159,1006,217,8,1000
905149,22-04-2026,6961,1069,201,10,200
905150,28-04-2026,7507,1000,218,7,200
905151,01-01-2026,5766,1044,220,8,0
905152,01-03-2026,7289,1087,205,5,100
905153,22-03-2026,5806,1052,219,6,0
905154,10-04-2026,5134,1051,217,4,500
905155,19-04-2026,7420,1070,200,9,50
905156,29-05-2026,5416,1031,206,9,500
905157,12-06-2026,7124,1037,206,5,1000
905158,14-02-2026,7691,1010,204,7,100
905159,04-01-2026,6560,1025,217,1,1000
905160,11-04-2026,5911,1061,203,7,100
905161,15-05-2026,6457,1016,218,2,200
905162,25-05-2026,6495,1031,220,6,500
905163,10-06-2026,6024,1092,216,10,0
905164,17-01-2026,6285,1028,200,3,50
905165,23-06-2026,6817,1019,217,7,1000
905166,13-06-2026,5214,1068,204,7,0
905167,18-02-2026,7316,1001,212,2,0
905168,19-02-2026,7706,1027,208,1,500
905169,16-03-2026,5691,1071,221,6,1000
905170,19-01-2026,7858,1069,204,4,1000
905171,16-06-2026,5639,1089,214,3,50
905172,15-01-2026,5689,1027,214,9,0
905173,20-06-2026,7310,1094,212,6,200
905174,25-04-2026,6989,1092,218,7,500
905175,01-06-2026,6990,1015,209,3,200
905176,18-01-2026,7561,1049,220,2,200
905177,30-05-2026,7051,1010,214,10,100
905178,31-01-2026,5355,1022,219,10,0
905179,01-01-2026,6813,1032,220,6,200
905180,01-01-2026,6542,1049,224,7,500
905181,23-06-2026,5618,1038,211,5,1000
905182,08-05-2026,5417,1082,211,3,1000
905183,12-05-2026,6631,1075,220,3,1000
905184,12-05-2026,7779,1060,211,6,0
905185,26-03-2026,5149,1052,203,3,1000
905186,08-06-2026,7371,1048,217,7,0
905187,28-01-2026,6059,1082,211,7,500
905188,09-04-2026,5352,1003,204,5,100
905189,02-01-2026,6128,1042,200,10,1000
905190,08-04-2026,7621,1083,200,10,500
905191,18-06-2026,6032,1047,205,4,200
905192,21-05-2026,7206,1097,218,2,500
905193,08-02-2026,7612,1078,221,7,500
905194,09-06-2026,6473,1009,204,6,1000
905195,13-01-2026,6956,1007,202,8,1000
905196,16-04-2026,6298,1086,202,5,200
905197,06-02-2026,7671,1099,218,5,200
905198,06-02-2026,6280,1022,218,7,500
905199,24-06-2026,6075,1080,202,5,100
905200,09-01-2026,6439,1043,215,4,0
905201,31-01-2026,5426,1026,223,4,500
905202,02-03-2026,5035,1010,224,5,500
905203,31-01-2026,7073,1048,205,2,500
905204,02-04-2026,7248,1087,222,9,200
905205,07-01-2026,6784,1094,219,8,100
905206,04-06-2026,7306,1073,219,7,0
905207,06-02-2026,7423,1088,216,1,50
905208,19-03-2026,6491,1061,207,10,50
905209,19-05-2026,7436,1039,222,6,1000
905210,15-03-2026,7605,1061,221,2,0
905211,06-05-2026,5522,1042,205,7,1000
905212,18-02-2026,5115,1035,222,2,500
905213,22-05-2026,7264,1092,211,10,0
905214,26-02-2026,7929,1002,206,7,100
905215,30-04-2026,7494,1017,204,6,500
905216,13-06-2026,5596,1067,207,4,50
905217,10-02-2026,6532,1043,223,7,1000
905218,04-04-2026,7095,1032,209,9,50
905219,03-04-2026,6295,1028,223,4,200
905220,19-03-2026,5796,1024,216,6,50
905221,28-05-2026,6601,1011,219,2,100
905222,27-05-2026,7602,1052,201,4,0
905223,30-06-2026,7437,1075,200,2,0
905224,28-02-2026,7480,1098,202,6,100
905225,15-01-2026,7963,1082,213,7,0
905226,29-05-2026,7068,1012,220,10,50
905227,18-05-2026,7640,1074,223,4,50
905228,30-03-2026,7622,1078,217,7,500
905229,08-04-2026,7214,1030,202,7,0
905230,05-06-2026,6606,1079,211,3,200
905231,02-01-2026,6869,1078,210,7,500
905232,10-03-2026,7502,1004,205,2,100
905233,16-02-2026,6792,1000,203,5,0
905234,29-03-2026,7810,1099,218,8,1000
905235,25-02-2026,7064,1053,222,9,500
905236,04-04-2026,7552,1051,209,9,50
905237,20-01-2026,7473,1098,206,9,50
905238,27-01-2026,7323,1023,208,8,100
905239,24-05-2026,5528,1052,211,2,50
905240,01-01-2026,6617,1003,218,8,500
905241,13-02-2026,7973,1036,206,5,500
905242,07-01-2026,7911,1036,215,9,200
905243,20-02-2026,7815,1080,212,4,0
905244,03-01-2026,7645,1079,214,1,100
905245,14-02-2026,7116,1087,216,3,0
905246,10-05-2026,6507,1070,217,6,200
905247,07-05-2026,5359,1034,216,4,1000
905248,01-06-2026,5464,1009,207,2,0
905249,07-05-2026,7009,1058,212,10,1000
905250,26-01-2026,7073,1059,207,5,50
905251,24-04-2026,5489,1067,203,3,500
905252,02-06-2026,5787,1060,219,9,100
905253,20-02-2026,5232,1080,207,3,200
905254,19-04-2026,5220,1004,212,1,200
905255,08-04-2026,5927,1040,217,7,500
905256,22-03-2026,7088,1037,214,1,0
905257,15-05-2026,6826,1095,224,6,500
905258,05-06-2026,7326,1056,224,8,0
905259,06-04-2026,7101,1027,215,8,100
905260,20-06-2026,7614,1026,221,1,0
905261,26-02-2026,5964,1035,201,3,1000
905262,30-05-2026,5074,1017,209,9,50
905263,18-04-2026,6727,1084,207,8,100
905264,13-01-2026,6147,1003,201,3,500
905265,25-05-2026,7253,1044,200,5,50
905266,25-01-2026,6896,1076,224,8,500
905267,21-06-2026,5671,1067,203,8,1000
905268,31-05-2026,5519,1047,221,1,500
905269,18-04-2026,6130,1069,220,7,100
905270,10-04-2026,5038,1084,207,5,200
905271,08-01-2026,5129,1023,219,2,500
905272,13-01-2026,6996,1032,216,3,500
905273,22-04-2026,6790,1072,200,7,500
905274,23-02-2026,6214,1085,206,3,0
905275,28-03-2026,7433,1081,205,4,200
905276,07-02-2026,5412,1027,214,10,200
905277,06-06-2026,5365,1039,202,9,0
905278,07-06-2026,6484,1005,202,9,50
905279,29-01-2026,7505,1096,208,5,50
905280,01-04-2026,6388,1089,217,2,50
905281,16-06-2026,6505,1007,207,3,50
905282,17-02-2026,7804,1009,213,5,200
905283,20-06-2026,7321,1003,223,2,50
905284,05-05-2026,5819,1066,206,5,0
905285,17-05-2026,7880,1028,206,10,50
905286,30-06-2026,7195,1012,209,2,100
905287,04-02-2026,6948,1061,210,1,1000
905288,20-01-2026,7329,1071,218,8,1000
905289,28-05-2026,6971,1012,219,5,0
905290,18-02-2026,6247,1051,219,5,0
905291,25-05-2026,6467,1086,210,10,100
905292,22-03-2026,7038,1002,220,3,50
905293,14-04-2026,6264,1025,210,1,200
905294,22-01-2026,5297,1094,209,4,100
905295,24-03-2026,5981,1046,210,5,100
905296,15-03-2026,7852,1061,215,4,500
905297,24-05-2026,7105,1067,222,6,200
905298,28-01-2026,5983,1083,223,10,200
905299,27-03-2026,7968,1082,219,6,50
905300,03-06-2026,5196,1056,200,6,200
905301,28-04-2026,7680,1043,217,3,1000
905302,08-01-2026,6670,1091,207,8,200
905303,27-03-2026,7973,1057,206,7,100
905304,12-01-2026,7577,1028,211,7,50
905305,11-06-2026,6012,1007,220,8,200
905306,09-02-2026,6085,1071,220,1,200
905307,02-01-2026,6073,1077,221,9,0
905308,23-03-2026,5236,1003,202,3,200
905309,03-04-2026,6242,1082,218,1,500
905310,16-05-2026,5092,1018,204,4,50
905311,12-05-2026,6919,1041,219,9,500
905312,26-03-2026,5061,1077,221,2,50
905313,26-04-2026,5304,1095,203,8,1000
905314,09-03-2026,7227,1033,206,10,200
905315,18-06-2026,7838,1015,213,6,500
905316,29-04-2026,7003,1098,208,8,0
905317,26-01-2026,6987,1073,224,1,500
905318,21-01-2026,7812,1079,222,9,50
905319,17-03-2026,6900,1065,206,2,1000
905320,30-05-2026,7395,1076,205,3,50
905321,09-02-2026,7185,1024,201,6,500
905322,14-06-2026,7133,1096,203,3,500
905323,16-01-2026,7180,1040,221,1,1000
905324,29-03-2026,6711,1053,220,3,1000
905325,02-05-2026,5829,1059,206,3,0
905326,17-03-2026,5773,1024,222,7,50
905327,02-04-2026,6373,1055,222,9,1000
905328,29-03-2026,6908,1061,203,6,1000
905329,22-01-2026,5920,1026,214,2,50
905330,21-03-2026,7213,1093,204,7,200
905331,31-03-2026,5396,1042,212,7,50
905332,19-02-2026,5906,1049,209,6,0
905333,02-04-2026,6542,1064,200,2,50
905334,13-01-2026,6576,1053,212,2,0
905335,31-01-2026,7266,1032,201,9,100
905336,21-06-2026,5390,1044,209,3,1000
905337,04-06-2026,6790,1046,206,10,1000
905338,12-03-2026,7961,1084,203,9,100
905339,24-02-2026,7506,1094,209,5,100
905340,07-03-2026,7258,1048,213,10,1000
905341,15-05-2026,5006,1020,212,2,100
905342,15-05-2026,6071,1008,208,10,50
905343,14-02-2026,5468,1040,223,1,0
905344,12-06-2026,5678,1036,223,2,1000
905345,08-06-2026,7543,1095,203,10,50
905346,17-02-2026,7593,1072,203,7,1000
905347,14-06-2026,5328,1036,201,8,0
905348,28-02-2026,6251,1014,214,1,200
905349,05-05-2026,6488,1012,205,8,500
905350,07-03-2026,7409,1094,214,8,0
905351,26-03-2026,5432,1029,206,10,100
905352,03-05-2026,6664,1017,218,8,500
905353,01-02-2026,6332,1095,214,2,0
905354,01-05-2026,5097,1054,217,3,50
905355,09-02-2026,5698,1066,222,1,500
905356,26-05-2026,7360,1014,218,10,500
905357,05-06-2026,7227,1002,217,10,0
905358,05-02-2026,5122,1064,221,2,50
905359,29-04-2026,5135,1049,214,4,100
905360,27-06-2026,7685,1011,218,5,200
905361,26-02-2026,6366,1061,223,2,50
905362,21-05-2026,5742,1034,212,5,100
905363,24-04-2026,6560,1099,220,1,50
905364,30-01-2026,6668,1068,206,6,0
905365,30-04-2026,5280,1008,222,3,1000
905366,27-06-2026,6942,1004,207,2,0
905367,03-05-2026,7243,1020,218,7,200
905368,09-01-2026,5979,1073,206,2,50
905369,16-05-2026,5741,1098,221,8,1000
905370,29-06-2026,5407,1088,200,4,100
905371,28-04-2026,6984,1050,215,5,500
905372,15-01-2026,6454,1004,206,4,500
905373,16-01-2026,7639,1004,222,4,100
905374,16-03-2026,7237,1048,206,3,100
905375,26-06-2026,6940,1064,207,4,1000
905376,23-02-2026,6760,1065,221,8,0
905377,15-03-2026,7151,1049,213,6,50
905378,22-02-2026,5812,1058,210,7,0
905379,11-04-2026,5731,1041,211,4,0
905380,15-06-2026,5493,1014,206,8,200
905381,14-04-2026,5023,1022,214,9,500
905382,12-03-2026,5183,1098,218,7,200
905383,04-03-2026,5942,1010,207,6,1000
905384,07-01-2026,6303,1049,214,2,50
905385,20-01-2026,5643,1023,222,7,100
905386,28-05-2026,5568,1026,200,7,200
905387,13-03-2026,5307,1040,214,5,200
905388,15-06-2026,5399,1047,206,9,100
905389,20-05-2026,6630,1069,203,1,1000
905390,11-01-2026,5292,1069,205,8,0
905391,10-02-2026,5893,1077,219,5,0
905392,30-05-2026,6947,1033,223,10,50
905393,24-02-2026,7773,1066,215,4,50
905394,11-02-2026,7943,1041,200,6,0
905395,19-03-2026,5101,1089,203,10,1000
905396,15-03-2026,7883,1035,222,1,0
905397,22-05-2026,6405,1017,205,8,100
905398,10-06-2026,6571,1064,215,9,200
905399,27-06-2026,7761,1005,205,9,50
905400,22-03-2026,5570,1084,224,10,500
905401,16-05-2026,7693,1000,210,1,100
905402,21-03-2026,7634,1079,203,6,200
905403,20-05-2026,7134,1067,215,6,200
905404,30-03-2026,5448,1045,214,9,100
905405,21-03-2026,6783,1051,224,10,50
905406,15-06-2026,5084,1002,220,10,500
905407,09-03-2026,7235,1030,204,8,100
905408,04-02-2026,7875,1038,206,1,0
905409,14-04-2026,7042,1036,223,6,50
905410,29-06-2026,5966,1040,210,1,1000
905411,22-03-2026,7084,1000,207,5,200
905412,26-05-2026,6349,1005,213,8,0
905413,29-06-2026,6589,1030,206,5,100
905414,05-03-2026,5885,1069,224,8,1000
905415,17-02-2026,6208,1051,213,6,200
905416,07-03-2026,6368,1066,211,1,0
905417,22-03-2026,7715,1010,223,9,0
905418,20-01-2026,7066,1005,217,6,0
905419,23-05-2026,5908,1056,213,2,50
905420,11-06-2026,7015,1090,221,4,50
905421,24-04-2026,5661,1051,219,1,200
905422,30-05-2026,5688,1087,204,10,0
905423,07-04-2026,6402,1083,210,1,100
905424,28-05-2026,7492,1073,211,3,0
905425,08-06-2026,7394,1008,220,10,50
905426,10-06-2026,6353,1054,213,3,0
905427,13-06-2026,6388,1014,224,6,0
905428,01-03-2026,6792,1069,203,6,0
905429,05-04-2026,6455,1056,219,1,0
905430,13-02-2026,7818,1073,208,5,100
905431,10-01-2026,5230,1038,215,4,1000
905432,27-04-2026,7246,1033,209,10,1000
905433,13-05-2026,5420,1003,224,7,200
905434,03-04-2026,5201,1003,205,7,50
905435,12-01-2026,5382,1092,209,9,200
905436,20-05-2026,6881,1083,215,4,0
905437,11-02-2026,6480,1064,217,3,1000
905438,17-05-2026,6969,1097,212,10,0
905439,24-01-2026,7519,1007,214,5,200
905440,26-05-2026,6010,1066,222,8,200
905441,04-02-2026,6755,1043,216,4,200
905442,30-06-2026,6374,1040,204,6,50
905443,05-03-2026,5576,1045,222,6,200
905444,16-06-2026,6967,1013,216,1,200
905445,02-04-2026,5172,1097,210,5,1000
905446,08-05-2026,7181,1036,208,4,50
905447,25-04-2026,6818,1036,215,7,200
905448,19-04-2026,5127,1084,200,6,200
905449,12-05-2026,6648,1090,210,3,500
905450,27-06-2026,7772,1097,216,6,500
905451,09-04-2026,6583,1009,204,6,1000
905452,23-04-2026,6150,1037,204,7,50
905453,13-02-2026,7970,1016,200,6,100
905454,11-05-2026,5878,1048,223,2,100
905455,17-05-2026,6451,1097,208,9,1000
905456,27-03-2026,7263,1069,201,1,100
905457,18-02-2026,5273,1083,212,3,200
905458,07-02-2026,5204,1098,220,6,1000
905459,18-02-2026,5124,1010,200,2,500
905460,19-02-2026,6169,1085,206,5,200
905461,27-02-2026,5634,1053,218,8,200
905462,15-03-2026,6289,1018,216,8,500
905463,06-04-2026,6805,1056,200,10,0
905464,30-01-2026,7805,1002,221,10,500
905465,11-01-2026,7482,1026,219,3,50
905466,18-06-2026,6172,1042,223,3,1000
905467,04-02-2026,6470,1071,215,8,100
905468,07-06-2026,6844,1070,220,8,1000
905469,20-03-2026,6313,1069,219,1,0
905470,20-03-2026,5581,1077,204,5,500
905471,15-03-2026,6931,1088,203,9,50
905472,15-01-2026,5127,1067,212,5,100
905473,25-06-2026,5633,1009,206,4,500
905474,30-01-2026,7491,1028,212,1,200
905475,15-02-2026,7354,1088,224,8,0
905476,27-02-2026,7272,1074,218,6,500
905477,28-02-2026,7899,1052,221,3,100
905478,16-05-2026,6230,1064,206,7,0
905479,27-06-2026,5101,1099,203,8,500
905480,22-01-2026,7484,1055,200,1,100
905481,05-03-2026,6762,1064,205,9,100
905482,27-01-2026,7080,1088,215,1,1000
905483,21-03-2026,7246,1072,204,4,1000
905484,11-06-2026,7818,1063,205,9,50
905485,26-03-2026,5670,1087,212,3,1000
905486,25-04-2026,7513,1025,216,9,1000
905487,04-04-2026,6643,1026,200,5,500
905488,05-04-2026,7189,1046,202,6,50
905489,25-03-2026,6151,1064,220,6,1000
905490,22-03-2026,6374,1020,206,7,500
905491,11-02-2026,5033,1049,215,7,200
905492,18-05-2026,6911,1055,220,10,100
905493,20-06-2026,6189,1027,212,7,500
905494,23-01-2026,5268,1079,201,7,50
905495,26-04-2026,7375,1026,202,8,1000
905496,05-06-2026,7964,1062,207,3,0
905497,16-04-2026,7579,1068,208,1,500
905498,22-05-2026,7071,1074,208,8,1000
905499,18-05-2026,6443,1034,211,5,50
905500,21-04-2026,6333,1046,211,9,100
905501,14-06-2026,6103,1038,209,8,50
905502,21-06-2026,7293,1012,215,4,0
905503,07-01-2026,5927,1074,210,2,50
905504,11-06-2026,6732,1067,203,4,500
905505,04-04-2026,7706,1011,209,10,100
905506,16-02-2026,6958,1077,219,3,200
905507,23-01-2026,5261,1012,220,2,50
905508,14-06-2026,7305,1049,200,2,500
905509,24-04-2026,7725,1075,221,8,50
905510,25-04-2026,7526,1082,213,5,1000
905511,25-02-2026,6469,1060,224,5,0
905512,05-05-2026,6984,1080,204,9,200
905513,02-02-2026,5263,1083,216,10,500
905514,02-04-2026,5382,1010,210,9,1000
905515,31-03-2026,6296,1055,215,9,1000
905516,12-04-2026,5138,1012,218,4,0
905517,24-04-2026,6782,1002,206,1,500
905518,05-02-2026,6035,1074,209,5,100
905519,01-01-2026,7671,1033,200,7,500
905520,22-01-2026,6842,1036,202,1,500
905521,03-04-2026,5970,1047,219,9,500
905522,27-06-2026,5560,1077,203,5,200
905523,28-05-2026,6726,1046,201,10,500
905524,03-02-2026,7849,1026,215,9,500
905525,06-02-2026,5428,1061,218,4,100
905526,30-03-2026,5954,1062,216,5,1000
905527,22-06-2026,6625,1099,202,4,50
905528,25-06-2026,6738,1035,208,6,50
905529,12-02-2026,6347,1005,201,9,500
905530,31-05-2026,7954,1032,214,8,1000
905531,29-01-2026,6940,1027,215,1,1000
905532,26-03-2026,5914,1029,214,9,0
905533,13-02-2026,7647,1000,211,6,100
905534,22-04-2026,7310,1092,220,6,1000
905535,09-04-2026,6863,1001,221,2,1000
905536,04-02-2026,7221,1083,202,1,0
905537,11-02-2026,7387,1006,220,7,1000
905538,23-01-2026,7320,1025,221,3,50
905539,02-05-2026,7861,1055,222,4,1000
905540,13-06-2026,6171,1031,202,5,1000
905541,17-01-2026,7922,1009,217,2,200
905542,13-04-2026,7943,1072,213,2,0
905543,12-03-2026,5156,1096,211,3,100
905544,03-06-2026,6155,1020,212,8,0
905545,30-01-2026,7035,1038,200,6,0
905546,22-01-2026,5424,1087,218,9,0
905547,27-04-2026,5063,1005,218,9,0
905548,12-02-2026,7517,1095,209,6,1000
905549,03-03-2026,6574,1042,208,4,50
905550,25-04-2026,7101,1035,213,9,0
905551,08-01-2026,7202,1044,220,4,50
905552,26-04-2026,5661,1058,200,6,50
905553,14-03-2026,5243,1049,200,4,100
905554,14-02-2026,5370,1042,208,4,50
905555,19-06-2026,5641,1050,211,7,100
905556,15-04-2026,6268,1057,203,8,500
905557,05-02-2026,6728,1086,201,9,100
905558,21-04-2026,5846,1007,201,4,200
905559,11-01-2026,5351,1099,208,4,100
905560,16-02-2026,5648,1071,219,9,100
905561,24-03-2026,7273,1036,218,1,100
905562,08-03-2026,7093,1000,209,3,50
905563,15-06-2026,6331,1097,212,5,50
905564,16-04-2026,7103,1028,212,10,100
905565,18-02-2026,7917,1032,213,4,1000
905566,30-05-2026,5509,1077,200,3,0
905567,22-02-2026,5610,1002,203,5,100
905568,10-03-2026,6197,1062,224,2,50
905569,12-03-2026,5746,1088,213,4,0
905570,17-05-2026,5835,1032,205,8,0
905571,23-02-2026,6104,1063,210,10,500
905572,18-04-2026,5909,1061,224,10,50
905573,23-04-2026,5972,1014,209,3,0
905574,21-05-2026,6525,1002,203,3,0
905575,19-03-2026,7663,1006,206,5,500
905576,12-05-2026,7457,1081,224,9,50
905577,23-01-2026,6533,1028,219,10,500
905578,26-05-2026,5850,1067,205,3,200
905579,21-02-2026,7210,1035,202,4,50
905580,23-06-2026,6426,1055,201,8,1000
905581,02-01-2026,5457,1058,202,7,1000
905582,01-04-2026,5119,1044,206,4,100
905583,23-01-2026,6212,1052,202,3,200
905584,30-01-2026,5247,1085,200,8,0
905585,19-02-2026,7557,1059,214,4,1000
905586,18-06-2026,6416,1069,214,4,100
905587,21-01-2026,6792,1006,207,5,1000
905588,20-02-2026,5084,1079,205,1,500
905589,09-04-2026,6107,1096,221,3,0
905590,17-04-2026,6929,1076,221,1,0
905591,22-01-2026,5929,1038,212,7,50
905592,14-04-2026,7788,1055,218,5,1000
905593,06-02-2026,5884,1054,211,2,1000
905594,11-05-2026,5668,1027,206,8,200
905595,22-03-2026,7772,1056,205,1,50
905596,18-04-2026,5771,1083,220,5,1000
905597,26-06-2026,6865,1071,201,2,1000
905598,23-03-2026,7322,1086,215,8,50
905599,15-01-2026,6205,1060,207,3,500
905600,27-04-2026,5599,1066,201,1,200
905601,02-06-2026,5783,1094,203,4,100
905602,16-05-2026,6188,1090,204,6,1000
905603,17-02-2026,6694,1084,204,1,50
905604,02-05-2026,7899,1009,217,9,0
905605,02-04-2026,6782,1092,206,7,500
905606,20-05-2026,7624,1019,218,1,500
905607,01-05-2026,5786,1048,216,7,200
905608,24-04-2026,6608,1043,211,8,0
905609,27-01-2026,7178,1059,210,9,50
905610,29-01-2026,6761,1015,205,9,0
905611,28-04-2026,7214,1045,205,2,200
905612,03-03-2026,7120,1077,215,8,200
905613,13-06-2026,6488,1061,208,6,1000
905614,14-03-2026,6310,1017,222,10,500
905615,22-06-2026,7781,1044,223,8,100
905616,10-03-2026,7052,1092,204,8,200
905617,31-03-2026,7631,1047,203,8,0
905618,01-06-2026,5261,1041,206,7,50
905619,20-01-2026,6815,1028,208,7,50
905620,01-01-2026,5051,1071,219,1,1000
905621,19-05-2026,5665,1005,206,10,50
905622,29-01-2026,6040,1016,206,5,0
905623,11-03-2026,7178,1082,217,8,0
905624,17-01-2026,7412,1072,222,1,50
905625,18-06-2026,6932,1069,219,1,1000
905626,10-05-2026,7025,1021,224,5,500
905627,31-03-2026,6768,1024,211,5,100
905628,28-01-2026,5004,1069,214,6,200
905629,18-05-2026,6633,1046,210,1,500
905630,05-05-2026,5969,1096,200,8,50
905631,21-02-2026,5151,1058,224,9,200
905632,19-06-2026,7790,1096,209,3,500
905633,15-04-2026,7816,1097,202,9,1000
905634,21-02-2026,5687,1035,222,8,200
905635,23-02-2026,6896,1097,203,1,100
905636,13-06-2026,5168,1021,219,7,0
905637,30-01-2026,7784,1040,209,6,200
905638,20-01-2026,5205,1098,217,4,0
905639,26-05-2026,6661,1070,213,9,50
905640,05-04-2026,5430,1082,216,7,0
905641,26-01-2026,6296,1095,221,1,1000
905642,24-03-2026,7528,1015,215,7,1000
905643,27-05-2026,5019,1074,207,2,1000
905644,25-06-2026,5351,1016,205,8,0
905645,21-06-2026,5378,1049,213,5,100
905646,31-05-2026,6019,1021,204,1,0
905647,02-01-2026,7638,1038,206,4,200
905648,28-04-2026,6288,1059,211,3,50
905649,09-03-2026,5236,1092,221,6,50
905650,30-03-2026,5283,1077,210,2,200
905651,28-02-2026,5081,1090,208,6,50
905652,28-06-2026,5146,1041,205,7,50
905653,12-04-2026,7061,1011,201,8,0
905654,25-03-2026,7229,1068,215,4,500
905655,16-01-2026,7314,1034,214,9,500
905656,01-06-2026,7979,1017,221,2,50
905657,26-05-2026,6227,1075,218,1,0
905658,10-04-2026,6262,1034,206,5,500
905659,04-05-2026,5933,1026,208,10,0
905660,16-04-2026,7979,1083,210,8,200
905661,17-03-2026,5799,1013,203,4,200
905662,05-03-2026,7202,1097,201,6,1000
905663,18-04-2026,5794,1068,205,5,50
905664,24-01-2026,5257,1005,217,8,500
905665,14-04-2026,6115,1078,211,2,200
905666,18-01-2026,5864,1031,201,4,100
905667,09-01-2026,5415,1059,212,3,50
905668,07-02-2026,6556,1017,224,4,1000
905669,09-05-2026,5382,1046,208,8,200
905670,15-05-2026,6152,1008,209,7,500
905671,20-06-2026,7953,1095,208,10,500
905672,03-03-2026,5013,1063,216,4,50
905673,25-06-2026,5291,1044,216,7,100
905674,10-05-2026,7605,1003,223,8,0
905675,09-04-2026,6953,1007,215,6,500
905676,28-06-2026,5701,1025,219,6,0
905677,25-06-2026,7526,1081,209,3,100
905678,14-05-2026,7166,1045,223,4,50
905679,09-03-2026,6148,1049,220,8,50
905680,12-02-2026,6093,1050,209,7,200
905681,18-03-2026,7806,1058,213,2,1000
905682,15-05-2026,7422,1066,214,3,50
905683,12-01-2026,5054,1057,210,1,50
905684,27-01-2026,7978,1079,201,3,0
905685,05-03-2026,6042,1084,208,6,50
905686,20-01-2026,6289,1074,222,4,100
905687,03-02-2026,7629,1091,221,5,100
905688,08-02-2026,6774,1031,221,7,50
905689,18-04-2026,7575,1043,222,9,100
905690,21-02-2026,7146,1034,221,3,200
905691,04-02-2026,6564,1019,213,9,50
905692,13-06-2026,5599,1077,202,7,0
905693,09-03-2026,7100,1024,206,8,1000
905694,17-06-2026,7475,1052,212,5,50
905695,10-05-2026,7006,1011,200,8,1000
905696,15-02-2026,7177,1033,202,9,100
905697,19-02-2026,5981,1052,202,7,1000
905698,30-01-2026,5847,1041,219,9,50
905699,12-03-2026,5743,1060,213,7,500
905700,19-03-2026,5812,1049,221,10,50
905701,15-02-2026,5562,1055,210,2,500
905702,21-03-2026,5642,1039,209,4,0
905703,11-04-2026,6605,1003,201,3,0
905704,11-02-2026,6995,1027,220,10,50
905705,18-03-2026,6365,1016,203,8,200
905706,19-01-2026,6635,1069,219,2,0
905707,03-04-2026,6459,1015,221,3,100
905708,23-06-2026,5456,1045,201,5,50
905709,05-03-2026,5863,1047,216,4,100
905710,04-05-2026,7748,1036,214,4,50
905711,21-05-2026,6199,1013,217,8,100
905712,15-03-2026,6219,1064,209,8,50
905713,16-06-2026,7474,1026,205,1,1000
905714,17-03-2026,6539,1057,208,8,100
905715,04-06-2026,5243,1037,213,3,200
905716,01-06-2026,5219,1061,220,7,100
905717,22-02-2026,6267,1050,216,5,0
905718,13-04-2026,6932,1093,201,1,1000
905719,19-06-2026,5084,1088,203,2,200
905720,23-04-2026,7471,1018,215,10,100
905721,10-06-2026,6975,1069,217,8,0
905722,28-01-2026,7631,1058,214,8,500
905723,24-03-2026,5641,1013,224,5,500
905724,24-01-2026,6699,1092,220,8,500
905725,13-03-2026,6112,1096,221,7,50
905726,03-06-2026,6440,1089,216,7,50
905727,13-02-2026,5249,1044,206,1,1000
905728,21-03-2026,5254,1090,214,2,200
905729,23-05-2026,6284,1041,220,7,50
905730,10-06-2026,6847,1090,214,9,200
905731,12-01-2026,7757,1000,220,3,500
905732,20-03-2026,7027,1049,215,3,200
905733,09-03-2026,6354,1065,205,7,500
905734,05-06-2026,7513,1052,204,7,500
905735,30-01-2026,7089,1052,210,3,500
905736,21-03-2026,7435,1019,218,4,200
905737,31-01-2026,7250,1052,220,5,500
905738,17-06-2026,5914,1085,224,7,0
905739,03-01-2026,5061,1041,206,2,1000
905740,08-06-2026,5659,1089,217,4,100
905741,02-05-2026,5553,1077,213,9,0
905742,17-04-2026,6380,1046,222,3,100
905743,10-01-2026,7839,1047,220,4,50
905744,17-05-2026,7175,1025,208,1,1000
905745,29-03-2026,7808,1083,218,1,100
905746,25-02-2026,5792,1003,209,5,0
905747,06-02-2026,6360,1056,207,4,1000
905748,04-01-2026,6131,1001,207,7,500
905749,30-01-2026,7439,1051,209,2,500
905750,09-03-2026,5333,1092,202,4,200
905751,03-01-2026,7633,1004,208,2,1000
905752,16-03-2026,5932,1041,220,9,0
905753,14-06-2026,6442,1098,202,6,1000
905754,31-03-2026,7082,1037,201,10,500
905755,31-03-2026,5940,1011,222,2,200
905756,23-05-2026,5635,1064,205,7,50
905757,03-06-2026,6533,1086,209,10,200
905758,24-03-2026,5383,1079,223,7,50
905759,23-04-2026,6186,1094,219,4,1000
905760,17-03-2026,5520,1040,216,2,1000
905761,16-05-2026,5297,1059,218,5,0
905762,02-02-2026,7819,1067,219,9,100
905763,20-02-2026,5683,1013,212,4,0
905764,14-03-2026,7799,1052,206,3,50
905765,30-06-2026,6217,1000,213,4,1000
905766,16-05-2026,6649,1075,209,4,200
905767,18-03-2026,7232,1038,223,2,50
905768,09-06-2026,6154,1064,213,7,1000
905769,26-06-2026,5379,1099,203,6,50
905770,26-06-2026,5709,1046,202,9,100
905771,15-04-2026,5162,1067,218,6,500
905772,10-05-2026,7488,1026,209,3,200
905773,17-02-2026,6319,1062,222,2,100
905774,07-02-2026,6748,1014,201,3,200
905775,15-06-2026,7861,1019,212,9,100
905776,08-02-2026,6726,1028,212,9,200
905777,30-01-2026,7107,1056,202,1,1000
905778,30-05-2026,6864,1067,211,8,1000
905779,02-04-2026,6028,1024,216,3,500
905780,24-05-2026,5803,1078,221,9,0
905781,05-06-2026,7391,1034,221,3,100
905782,19-04-2026,7033,1089,215,9,100
905783,30-03-2026,7637,1004,201,4,200
905784,15-05-2026,5205,1065,216,1,0
905785,22-06-2026,6877,1039,204,7,1000
905786,06-06-2026,5388,1018,221,5,200
905787,22-06-2026,5812,1087,207,1,50
905788,20-02-2026,7754,1026,224,5,1000
905789,05-02-2026,6408,1093,218,3,100
905790,01-04-2026,6178,1014,224,6,50
905791,16-01-2026,6347,1000,215,7,1000
905792,18-01-2026,6787,1017,210,6,200
905793,01-06-2026,5003,1054,219,10,50
905794,22-06-2026,6945,1024,209,8,100
905795,05-05-2026,6840,1086,210,4,500
905796,08-04-2026,6801,1034,208,2,50
905797,22-02-2026,5948,1085,201,9,1000
905798,21-02-2026,5572,1004,215,2,100
905799,05-04-2026,7655,1058,204,8,0
905800,02-03-2026,6606,1024,200,1,200
905801,25-06-2026,6559,1058,215,1,50
905802,09-01-2026,7366,1027,200,10,500
905803,09-06-2026,5349,1043,212,10,1000
905804,09-06-2026,5284,1040,207,6,50
905805,25-04-2026,5830,1064,213,9,100
905806,23-03-2026,5782,1033,221,4,50
905807,26-06-2026,5879,1087,200,2,0
905808,23-04-2026,5231,1075,217,4,100
905809,07-02-2026,5450,1079,224,7,200
905810,10-06-2026,6550,1072,214,7,50
905811,28-04-2026,7369,1094,205,9,500
905812,09-06-2026,6493,1047,218,4,500
905813,12-03-2026,7719,1011,216,8,1000
905814,15-02-2026,7706,1015,222,8,200
905815,27-02-2026,6738,1074,213,10,100
905816,25-06-2026,6580,1002,205,6,1000
905817,29-05-2026,6058,1077,201,2,500
905818,14-02-2026,5410,1022,221,2,200
905819,22-04-2026,7880,1092,222,4,500
905820,01-02-2026,6312,1003,200,3,100
905821,10-05-2026,6551,1039,220,8,1000
905822,10-01-2026,6834,1072,215,1,50
905823,01-05-2026,5932,1095,212,4,200
905824,01-06-2026,6369,1008,202,3,500
905825,13-05-2026,6389,1020,213,3,0
905826,17-04-2026,5512,1058,205,6,0
905827,17-01-2026,6199,1008,216,4,100
905828,25-01-2026,5750,1013,213,6,1000
905829,19-03-2026,5603,1012,222,4,50
905830,08-05-2026,7845,1082,204,6,100
905831,21-06-2026,6158,1019,206,8,500
905832,18-06-2026,6548,1089,219,3,100
905833,25-03-2026,5526,1044,224,5,50
905834,13-05-2026,7665,1048,221,2,100
905835,02-02-2026,5705,1060,206,8,0
905836,11-02-2026,6115,1057,217,9,50
905837,16-03-2026,6772,1021,220,7,0
905838,31-03-2026,7374,1036,220,4,500
905839,10-03-2026,6178,1049,201,1,1000
905840,11-05-2026,6428,1055,218,4,0
905841,21-04-2026,6940,1055,203,3,100
905842,21-04-2026,6113,1054,218,10,0
905843,16-06-2026,5666,1058,215,1,1000
905844,23-06-2026,7835,1017,207,10,1000
905845,31-05-2026,7356,1045,206,1,1000
905846,25-02-2026,7626,1024,209,10,1000
905847,07-03-2026,6543,1044,200,3,500
905848,27-02-2026,6051,1099,215,6,100
905849,23-04-2026,7996,1068,222,6,500
905850,09-03-2026,6688,1029,203,8,100
905851,29-01-2026,6220,1015,217,1,200
905852,01-01-2026,7489,1013,201,4,100
905853,24-04-2026,7076,1049,211,9,500
905854,28-04-2026,7576,1068,215,9,0
905855,24-06-2026,7640,1094,214,5,50
905856,28-05-2026,7548,1036,210,8,100
905857,05-06-2026,7738,1082,204,7,100
905858,07-05-2026,6725,1033,210,2,0
905859,15-05-2026,5804,1079,223,5,500
905860,09-01-2026,7386,1032,221,8,100
905861,21-02-2026,5168,1059,214,9,100
905862,28-03-2026,7693,1070,208,6,50
905863,18-04-2026,7342,1008,215,5,1000
905864,22-01-2026,5926,1039,203,6,0
905865,25-02-2026,5382,1093,219,10,50
905866,05-03-2026,7011,1045,215,8,50
905867,29-05-2026,5539,1088,222,4,200
905868,12-06-2026,7891,1088,216,2,1000
905869,07-01-2026,7657,1068,209,2,1000
905870,12-01-2026,5336,1011,215,6,100
905871,24-02-2026,7052,1028,218,1,100
905872,13-05-2026,7296,1092,214,6,50
905873,10-03-2026,7663,1007,202,8,100
905874,03-04-2026,5785,1028,215,1,100
905875,01-01-2026,5017,1097,205,4,500
905876,08-06-2026,7388,1077,214,9,500
905877,06-06-2026,5694,1044,208,4,1000
905878,13-02-2026,6140,1072,204,10,1000
905879,29-03-2026,5969,1095,205,2,100
905880,28-02-2026,5904,1038,219,1,1000
905881,07-06-2026,7752,1044,204,7,100
905882,24-01-2026,5432,1065,210,4,500
905883,02-03-2026,5490,1033,207,4,0
905884,25-04-2026,5831,1068,211,2,100
905885,08-04-2026,6368,1072,216,8,100
905886,25-01-2026,6848,1020,201,9,50
905887,10-05-2026,6096,1014,204,7,500
905888,08-06-2026,5814,1024,205,1,200
905889,23-05-2026,7716,1006,211,1,200
905890,24-02-2026,5255,1010,209,3,500
905891,21-05-2026,7066,1099,223,3,500
905892,22-01-2026,7570,1047,210,7,100
905893,26-01-2026,7191,1008,221,7,200
905894,09-01-2026,5251,1098,201,2,50
905895,26-02-2026,6716,1081,211,7,50
905896,10-03-2026,6648,1024,220,10,0
905897,29-04-2026,7599,1069,201,5,0
905898,28-03-2026,5231,1053,221,9,500
905899,13-02-2026,6828,1095,214,6,1000
905900,11-05-2026,6770,1027,216,7,1000
905901,11-01-2026,6337,1080,205,5,100
905902,15-03-2026,7385,1011,209,1,1000
905903,01-04-2026,5892,1023,201,6,50
905904,17-04-2026,7416,1037,209,10,200
905905,05-03-2026,5950,1076,219,7,200
905906,27-05-2026,6427,1046,214,2,1000
905907,15-05-2026,7031,1008,206,5,500
905908,12-05-2026,5241,1024,205,10,50
905909,13-06-2026,5006,1091,218,1,200
905910,02-05-2026,6003,1038,205,2,50
905911,03-02-2026,6236,1098,218,1,50
905912,08-05-2026,5392,1003,209,6,0
905913,31-03-2026,5867,1096,221,1,1000
905914,29-04-2026,5301,1081,219,2,1000
905915,04-05-2026,7941,1048,218,6,500
905916,08-02-2026,7966,1010,222,6,500
905917,23-03-2026,5073,1015,215,9,500
905918,13-02-2026,7620,1047,212,3,100
905919,18-03-2026,5513,1008,215,4,0
905920,17-01-2026,7083,1055,206,1,200
905921,06-01-2026,6838,1012,203,1,100
905922,08-06-2026,6131,1014,203,3,200
905923,24-03-2026,6955,1008,214,1,100
905924,30-04-2026,5618,1054,214,8,0
905925,15-02-2026,6899,1001,217,5,0
905926,14-05-2026,5087,1056,217,4,0
905927,23-01-2026,5065,1082,222,8,0
905928,17-05-2026,6231,1052,207,7,200
905929,30-05-2026,7671,1048,216,5,100
905930,23-06-2026,6349,1094,208,7,200
905931,15-04-2026,6326,1089,217,8,100
905932,02-06-2026,5151,1075,214,9,500
905933,27-01-2026,6929,1010,213,2,1000
905934,15-03-2026,7660,1026,203,10,100
905935,07-05-2026,7359,1066,201,3,100
905936,09-03-2026,7628,1003,222,9,1000
905937,27-04-2026,5727,1029,223,10,0
905938,15-03-2026,5302,1003,211,9,100
905939,18-06-2026,6897,1090,214,6,100
905940,03-02-2026,6565,1054,209,1,500
905941,24-04-2026,6062,1062,211,4,50
905942,14-05-2026,5670,1099,201,3,500
905943,11-06-2026,7150,1004,219,1,100
905944,19-01-2026,6534,1045,222,7,100
905945,08-06-2026,5557,1021,219,10,1000
905946,23-05-2026,6004,1044,205,4,500
905947,27-05-2026,5015,1039,204,9,0
905948,03-03-2026,5704,1021,220,4,1000
905949,02-01-2026,5554,1043,210,10,0
905950,17-02-2026,7482,1092,210,2,1000
905951,11-05-2026,7020,1071,201,4,100
905952,11-03-2026,7231,1014,208,1,1000
905953,12-03-2026,7957,1021,223,6,0
905954,11-03-2026,6567,1045,223,2,1000
905955,10-05-2026,7841,1075,209,2,50
905956,28-06-2026,6941,1044,203,9,100
905957,06-05-2026,7766,1072,216,9,100
905958,29-06-2026,6627,1067,223,3,0
905959,15-01-2026,6320,1089,216,2,0
905960,25-03-2026,7241,1031,207,2,500
905961,22-03-2026,6023,1028,208,2,1000
905962,24-02-2026,5793,1054,211,5,500
905963,15-01-2026,5576,1008,205,10,100
905964,12-06-2026,5012,1089,207,1,50
905965,29-03-2026,7596,1031,200,1,200
905966,17-03-2026,5030,1032,224,7,1000
905967,08-03-2026,6916,1029,220,10,1000
905968,13-01-2026,5833,1017,213,4,1000
905969,21-03-2026,7808,1017,217,9,500
905970,24-06-2026,7605,1087,220,6,100
905971,16-04-2026,7752,1001,224,9,50
905972,10-06-2026,5779,1006,203,1,100
905973,28-06-2026,6281,1037,202,2,50
905974,16-04-2026,5878,1048,215,1,0
905975,05-01-2026,7921,1069,203,4,50
905976,06-01-2026,7474,1058,202,6,50
905977,14-05-2026,6830,1081,215,3,100
905978,04-01-2026,6592,1095,219,3,200
905979,14-06-2026,6878,1020,218,2,500
905980,23-01-2026,6509,1017,203,2,100
905981,16-06-2026,6126,1001,220,2,200
905982,04-04-2026,6743,1051,215,1,200
905983,08-06-2026,6393,1062,213,2,50
905984,25-02-2026,5242,1083,220,9,500
905985,17-03-2026,5527,1048,205,8,500
905986,22-02-2026,6334,1039,205,2,200
905987,11-03-2026,5174,1037,224,9,0
905988,21-06-2026,6374,1046,212,7,100
905989,25-01-2026,7445,1036,209,2,1000
905990,13-04-2026,7665,1053,205,9,50
905991,16-02-2026,6834,1095,219,7,500
905992,08-02-2026,7766,1017,218,10,500
905993,26-05-2026,7728,1099,203,1,50
905994,01-05-2026,7207,1045,221,9,500
905995,19-06-2026,5474,1007,204,2,100
905996,26-04-2026,7651,1029,203,8,0
905997,25-06-2026,6110,1080,224,9,0
905998,25-02-2026,7628,1077,220,1,50
905999,17-04-2026,7298,1001,219,10,100
906000,27-06-2026,5325,1086,222,6,0
906001,22-03-2026,5537,1078,217,7,0
906002,19-03-2026,7670,1068,200,1,1000
906003,12-01-2026,5139,1011,218,4,0
906004,09-05-2026,5262,1013,215,2,500
906005,23-05-2026,7171,1052,214,3,50
906006,04-01-2026,5397,1073,224,6,100
906007,31-05-2026,6903,1045,201,3,0
906008,21-06-2026,6689,1027,217,3,200
906009,12-03-2026,5491,1033,217,9,100
906010,06-04-2026,5842,1090,221,2,200
906011,17-04-2026,5804,1095,224,7,0
906012,25-06-2026,5644,1010,221,2,0
906013,12-05-2026,5896,1052,215,7,1000
906014,05-03-2026,6589,1000,201,5,200
906015,18-06-2026,7950,1020,218,4,0
906016,16-05-2026,5079,1047,210,5,0
906017,09-05-2026,7660,1026,200,6,1000
906018,19-05-2026,6079,1087,204,7,0
906019,30-06-2026,7789,1027,208,1,0
906020,19-03-2026,5566,1072,207,8,100
906021,11-02-2026,5034,1075,216,9,200
906022,20-02-2026,7606,1098,202,8,0
906023,13-01-2026,6738,1063,209,8,1000
906024,28-03-2026,7720,1054,204,2,100
906025,29-01-2026,7304,1063,219,10,50
906026,21-03-2026,6389,1064,205,9,100
906027,27-03-2026,7327,1085,210,6,500
906028,02-06-2026,6569,1013,200,1,500
906029,04-03-2026,5211,1005,216,8,500
906030,19-04-2026,5077,1013,212,10,100
906031,29-04-2026,5621,1091,215,4,500
906032,29-06-2026,7149,1059,203,2,1000
906033,18-02-2026,7364,1004,224,1,0
906034,24-05-2026,7157,1079,210,7,200
906035,19-01-2026,6611,1059,211,2,500
906036,21-04-2026,7891,1093,217,6,200
906037,28-02-2026,6528,1020,214,5,0
906038,13-06-2026,7270,1053,209,8,0
906039,21-06-2026,6972,1050,217,10,200
906040,04-06-2026,5691,1084,214,2,1000
906041,16-02-2026,5286,1066,202,7,0
906042,17-03-2026,5695,1080,218,1,50
906043,27-05-2026,6657,1022,210,5,50
906044,23-01-2026,5807,1087,214,10,100
906045,17-04-2026,5922,1019,216,6,100
906046,18-02-2026,6516,1080,211,9,500
906047,22-05-2026,6556,1017,207,9,50
906048,13-02-2026,7215,1031,213,3,500
906049,09-06-2026,5203,1094,212,10,100
906050,05-03-2026,7621,1055,204,3,1000
906051,01-03-2026,7058,1093,203,9,100
906052,15-02-2026,6385,1088,215,1,200
906053,29-04-2026,6277,1078,200,6,50
906054,11-02-2026,6385,1020,202,4,50
906055,30-01-2026,5086,1086,204,3,1000
906056,14-06-2026,5891,1006,200,10,0
906057,17-06-2026,5170,1025,205,8,0
906058,24-02-2026,7374,1097,220,4,50
906059,07-06-2026,5128,1020,220,3,50
906060,14-02-2026,6795,1029,210,10,200
906061,27-01-2026,7583,1062,202,10,1000
906062,01-06-2026,7697,1014,224,4,0
906063,09-01-2026,6155,1053,215,3,1000
906064,25-01-2026,6161,1087,211,4,500
906065,18-02-2026,7709,1029,206,10,50
906066,09-04-2026,6910,1015,209,8,0
906067,29-06-2026,7968,1059,214,9,500
906068,26-06-2026,6932,1012,217,6,500
906069,05-02-2026,7847,1034,210,10,1000
906070,06-06-2026,6440,1083,219,1,50
906071,27-01-2026,5036,1038,222,4,500
906072,27-06-2026,5290,1013,210,8,50
906073,29-01-2026,5253,1061,222,8,0
906074,19-04-2026,7291,1084,218,5,200
906075,26-05-2026,6488,1058,211,8,1000
906076,08-06-2026,6538,1058,204,1,50
906077,15-03-2026,5452,1077,218,9,0
906078,02-05-2026,6799,1089,206,5,0
906079,04-01-2026,5705,1068,208,10,200
906080,15-05-2026,7281,1051,224,3,50
906081,10-01-2026,7412,1010,215,6,0
906082,25-04-2026,5393,1042,218,6,200
906083,21-01-2026,6006,1000,210,2,50
906084,11-03-2026,5815,1089,205,5,0
906085,15-03-2026,6401,1024,212,7,200
906086,06-04-2026,6305,1024,219,8,200
906087,11-06-2026,7000,1084,222,8,200
906088,18-04-2026,7550,1078,217,10,100
906089,06-04-2026,5538,1088,219,10,500
906090,02-04-2026,7389,1077,209,10,50
906091,13-04-2026,7381,1026,207,2,1000
906092,11-02-2026,5820,1002,201,4,500
906093,02-06-2026,7756,1038,211,2,200
906094,20-03-2026,7091,1068,205,3,1000
906095,25-02-2026,6349,1052,202,3,500
906096,19-02-2026,6182,1001,206,7,50
906097,09-04-2026,6976,1071,214,10,0
906098,12-03-2026,5349,1054,224,8,0
906099,25-05-2026,5604,1056,211,10,500
906100,01-05-2026,5407,1051,200,6,0
906101,24-06-2026,5068,1097,207,5,50
906102,12-03-2026,6075,1026,215,6,100
906103,24-04-2026,7051,1073,204,7,50
906104,13-04-2026,7438,1011,214,3,200
906105,11-05-2026,6419,1072,219,9,50
906106,17-03-2026,7800,1072,206,4,500
906107,18-03-2026,6677,1073,221,4,1000
906108,29-03-2026,7575,1032,215,1,50
906109,09-02-2026,6778,1028,202,1,0
906110,26-06-2026,6726,1066,204,5,0
906111,04-01-2026,5700,1015,205,8,100
906112,22-06-2026,6079,1035,206,4,50
906113,21-03-2026,7019,1028,211,7,50
906114,22-01-2026,7103,1061,200,3,500
906115,04-05-2026,5634,1081,213,7,1000
906116,04-04-2026,5141,1063,214,9,100
906117,27-06-2026,6076,1091,210,2,1000
906118,26-06-2026,7684,1070,210,8,50
906119,07-01-2026,6863,1076,202,9,1000
906120,01-02-2026,5814,1019,223,6,1000
906121,15-05-2026,7977,1078,208,3,500
906122,05-06-2026,5382,1079,218,1,0
906123,25-01-2026,7159,1029,205,6,200
906124,29-03-2026,6771,1052,203,3,0
906125,29-06-2026,7963,1046,211,10,500
906126,13-06-2026,5229,1040,203,3,50
906127,13-05-2026,7684,1086,218,7,1000
906128,06-06-2026,5104,1081,219,10,200
906129,24-04-2026,5817,1028,205,5,200
906130,26-01-2026,7044,1013,206,2,50
906131,04-01-2026,6899,1067,217,8,1000
906132,05-06-2026,6983,1012,208,10,500
906133,07-06-2026,5208,1098,218,1,100
906134,09-04-2026,7852,1054,203,1,100
906135,04-05-2026,5847,1015,205,8,100
906136,11-05-2026,7239,1053,200,4,200
906137,07-05-2026,5424,1066,215,9,1000
906138,15-03-2026,7963,1015,212,6,200
906139,02-01-2026,5506,1059,210,6,1000
906140,14-02-2026,5299,1084,222,9,50
906141,20-04-2026,7478,1096,224,1,500
906142,16-01-2026,7063,1077,213,2,500
906143,30-04-2026,6924,1082,217,4,0
906144,22-05-2026,5604,1067,207,4,1000
906145,19-02-2026,7388,1054,202,7,1000
906146,27-04-2026,6630,1031,210,6,500
906147,15-06-2026,5288,1094,205,7,200
906148,04-03-2026,6193,1037,214,1,200
906149,23-01-2026,5971,1068,208,8,50
906150,10-02-2026,6104,1033,213,4,100
906151,31-01-2026,6026,1049,200,2,0
906152,21-05-2026,6934,1032,220,4,1000
906153,21-06-2026,7445,1040,220,8,100
906154,29-03-2026,5490,1035,213,3,200
906155,02-05-2026,5945,1024,218,5,1000
906156,29-04-2026,6759,1077,220,7,200
906157,21-02-2026,7434,1087,221,9,500
906158,10-03-2026,6127,1015,222,5,100
906159,14-02-2026,6974,1019,211,2,0
906160,12-05-2026,7919,1060,221,6,200
906161,12-03-2026,6118,1056,222,5,0
906162,28-06-2026,6330,1012,222,4,100
906163,11-01-2026,5439,1071,213,2,200
906164,19-06-2026,6537,1011,208,7,100
906165,25-02-2026,7239,1060,208,9,1000
906166,26-04-2026,5944,1059,224,1,0
906167,01-06-2026,6956,1020,222,3,50
906168,21-05-2026,6884,1048,215,3,200
906169,04-04-2026,7421,1082,220,3,1000
906170,21-02-2026,6772,1029,216,4,1000
906171,02-05-2026,6386,1030,223,4,500
906172,26-01-2026,7672,1014,219,1,200
906173,28-01-2026,6862,1086,209,4,50
906174,12-04-2026,5085,1075,210,8,200
906175,17-06-2026,6676,1049,224,10,0
906176,11-05-2026,6020,1037,212,8,200
906177,23-06-2026,7492,1093,203,5,0
906178,28-03-2026,7143,1077,203,10,100
906179,11-05-2026,6436,1014,211,9,500
906180,11-04-2026,7373,1011,214,7,500
906181,14-04-2026,6280,1096,205,7,500
906182,06-02-2026,6310,1066,214,7,0
906183,28-02-2026,6066,1056,219,10,500
906184,13-01-2026,5532,1096,214,2,50
906185,21-03-2026,5233,1040,208,2,1000
906186,07-01-2026,7289,1090,209,8,100
906187,01-05-2026,6144,1046,208,1,0
906188,29-01-2026,6027,1027,200,2,500
906189,23-01-2026,5206,1033,204,6,1000
906190,09-03-2026,5255,1082,219,6,50
906191,28-06-2026,5783,1087,221,2,100
906192,01-05-2026,6161,1011,214,7,100
906193,01-04-2026,5187,1062,213,8,0
906194,04-01-2026,5994,1016,211,3,0
906195,19-02-2026,7792,1014,212,6,200
906196,09-06-2026,6122,1065,219,10,50
906197,07-01-2026,7466,1034,200,5,50
906198,24-02-2026,6974,1005,217,7,1000
906199,04-03-2026,7136,1073,201,7,100
906200,19-01-2026,7723,1022,220,3,50
906201,05-06-2026,6774,1055,216,3,500
906202,07-01-2026,5628,1095,223,2,100
906203,20-06-2026,7065,1098,221,8,500
906204,07-05-2026,5604,1001,215,1,100
906205,08-01-2026,5199,1080,208,7,100
906206,11-02-2026,7551,1004,223,3,1000
906207,18-04-2026,6824,1084,207,9,0
906208,29-04-2026,6059,1021,202,9,100
906209,20-04-2026,6237,1077,220,4,0
906210,27-04-2026,6912,1075,222,1,0
906211,14-02-2026,6953,1023,210,2,200
906212,21-02-2026,7204,1009,213,10,500
906213,18-06-2026,5289,1018,220,6,50
906214,15-04-2026,5324,1005,204,5,200
906215,15-02-2026,6680,1051,214,3,0
906216,08-01-2026,5445,1083,217,4,1000
906217,15-05-2026,5067,1044,223,7,200
906218,22-02-2026,6015,1034,220,7,100
906219,09-02-2026,5966,1007,218,1,1000
906220,25-06-2026,7168,1019,223,5,200
906221,13-06-2026,7388,1079,224,8,100
906222,01-05-2026,5131,1025,202,9,100
906223,08-02-2026,6449,1087,218,3,500
906224,03-02-2026,5089,1000,215,10,0
906225,04-02-2026,5702,1035,203,4,1000
906226,03-02-2026,6375,1039,202,3,0
906227,01-02-2026,5575,1035,206,6,500
906228,03-04-2026,6168,1027,206,6,50
906229,20-02-2026,5140,1038,217,7,1000
906230,23-01-2026,6865,1030,208,1,500
906231,08-05-2026,6438,1035,200,3,100
906232,02-04-2026,7450,1015,212,9,100
906233,18-02-2026,5258,1040,201,1,1000
906234,01-04-2026,5598,1077,201,10,200
906235,22-06-2026,5453,1006,217,1,50
906236,13-01-2026,7010,1047,219,5,100
906237,01-02-2026,5004,1046,222,7,200
906238,07-01-2026,7623,1077,202,6,100
906239,21-03-2026,7491,1041,203,1,200
906240,08-04-2026,6042,1024,213,9,0
906241,10-04-2026,6569,1062,209,8,50
906242,04-05-2026,7437,1035,200,6,100
906243,23-06-2026,7384,1043,222,2,1000
906244,09-02-2026,7384,1095,217,8,200
906245,12-01-2026,5821,1028,209,8,1000
906246,16-04-2026,7612,1040,208,3,50
906247,22-03-2026,5587,1065,220,8,1000
906248,20-05-2026,6969,1071,202,5,0
906249,19-02-2026,7240,1063,206,9,0
906250,19-06-2026,5311,1067,209,1,1000
906251,09-04-2026,7987,1056,223,8,500
906252,06-05-2026,5035,1030,213,6,0
906253,25-01-2026,6452,1003,217,10,200
906254,17-04-2026,5960,1085,208,8,500
906255,08-05-2026,7777,1033,205,10,100
906256,20-06-2026,5959,1091,201,10,1000
906257,18-04-2026,7993,1069,207,7,500
906258,31-03-2026,7669,1068,213,2,0
906259,15-01-2026,5265,1059,205,7,200
906260,18-01-2026,5625,1097,212,7,100
906261,09-06-2026,6752,1061,204,10,500
906262,12-06-2026,7465,1059,206,2,100
906263,25-02-2026,7117,1069,210,8,0
906264,02-04-2026,5219,1083,203,2,100
906265,13-03-2026,7930,1023,201,9,50
906266,08-05-2026,5271,1004,205,4,0
906267,17-04-2026,6564,1064,211,2,50
906268,24-04-2026,5468,1027,210,6,0
906269,15-06-2026,7093,1058,213,8,0
906270,20-01-2026,7058,1027,208,8,100
906271,25-04-2026,7545,1090,217,1,0
906272,17-01-2026,7455,1053,205,8,1000
906273,08-06-2026,7748,1075,211,3,200
906274,22-06-2026,5851,1023,216,3,1000
906275,04-05-2026,7034,1028,207,10,200
906276,02-02-2026,7507,1095,204,1,200
906277,25-04-2026,7935,1037,210,3,100
906278,28-06-2026,5571,1054,216,8,500
906279,07-01-2026,7075,1064,222,1,1000
906280,05-03-2026,7813,1024,202,2,200
906281,28-02-2026,6588,1057,204,7,100
906282,23-02-2026,5169,1010,219,2,1000
906283,17-04-2026,6191,1075,208,7,500
906284,15-04-2026,5558,1066,223,2,500
906285,24-02-2026,5841,1008,209,7,200
906286,21-03-2026,6242,1068,219,4,200
906287,26-05-2026,7511,1000,222,10,100
906288,12-05-2026,6200,1072,204,5,200
906289,15-06-2026,5488,1008,203,10,1000
906290,28-05-2026,6594,1049,205,2,1000
906291,07-04-2026,6548,1066,202,3,200
906292,02-05-2026,6469,1096,212,9,0
906293,14-01-2026,6928,1005,204,4,200
906294,04-06-2026,6793,1035,208,8,0
906295,20-01-2026,7079,1055,209,2,100
906296,14-04-2026,6654,1062,224,6,100
906297,04-01-2026,6849,1083,206,9,200
906298,01-03-2026,7670,1096,221,7,500
906299,27-05-2026,7252,1024,215,1,200
906300,07-05-2026,6618,1041,206,4,0
906301,19-01-2026,7746,1030,219,6,500
906302,03-01-2026,6015,1096,207,1,0
906303,10-05-2026,5672,1032,222,2,100
906304,12-06-2026,5786,1028,208,4,50
906305,30-05-2026,5974,1048,207,3,100
906306,22-06-2026,7569,1067,224,1,50
906307,15-01-2026,5793,1080,218,9,100
906308,02-03-2026,5716,1073,220,9,50
906309,23-01-2026,6135,1038,200,2,500
906310,31-01-2026,5044,1039,204,4,200
906311,18-05-2026,7697,1006,206,8,200
906312,28-04-2026,7752,1095,222,10,100
906313,17-04-2026,5051,1079,206,10,500
906314,12-01-2026,6678,1092,220,3,50
906315,19-06-2026,7238,1082,212,2,100
906316,14-04-2026,5638,1000,216,7,100
906317,23-03-2026,5346,1056,206,6,100
906318,24-04-2026,7505,1056,211,5,50
906319,24-05-2026,5778,1022,221,6,50
906320,05-02-2026,5228,1036,201,7,50
906321,30-06-2026,6268,1038,213,9,50
906322,25-03-2026,5478,1099,200,9,100
906323,13-01-2026,7198,1039,216,2,50
906324,11-06-2026,6169,1024,211,7,0
906325,02-03-2026,6699,1038,210,9,500
906326,28-05-2026,7859,1019,211,2,50
906327,23-05-2026,7428,1025,217,9,100
906328,03-06-2026,6155,1076,212,9,50
906329,03-06-2026,5187,1052,219,3,1000
906330,09-06-2026,7499,1065,212,1,50
906331,29-03-2026,7692,1043,201,3,500
906332,28-01-2026,7437,1070,211,7,50
906333,04-05-2026,6481,1089,204,6,200
906334,07-06-2026,7846,1094,213,7,100
906335,29-05-2026,5548,1093,212,5,1000
906336,31-03-2026,5083,1080,211,5,100
906337,11-03-2026,7050,1079,212,1,200
906338,01-04-2026,6716,1011,223,5,1000
906339,30-06-2026,7721,1082,211,9,50
906340,19-02-2026,5898,1015,219,2,0
906341,28-01-2026,7631,1038,215,5,1000
906342,14-03-2026,6073,1021,217,8,0
906343,05-05-2026,6509,1029,203,6,50
906344,06-01-2026,7301,1037,216,2,0
906345,17-03-2026,5245,1081,212,9,1000
906346,15-01-2026,7072,1019,218,5,200
906347,07-04-2026,6021,1072,217,10,1000
906348,10-01-2026,5513,1024,209,1,100
906349,02-03-2026,7165,1027,204,5,200
906350,08-04-2026,6365,1048,208,9,0
906351,20-05-2026,5480,1064,213,4,50
906352,22-04-2026,6979,1051,203,2,1000
906353,08-05-2026,5859,1020,205,3,100
906354,23-03-2026,7963,1095,213,7,200
906355,31-03-2026,5335,1036,206,6,500
906356,09-01-2026,6912,1081,216,2,500
906357,01-05-2026,6702,1056,204,5,50
906358,10-03-2026,7399,1076,215,6,50
906359,11-02-2026,5474,1030,203,4,0
906360,03-01-2026,6802,1028,211,6,200
906361,22-01-2026,7360,1092,219,10,1000
906362,12-02-2026,7898,1006,209,5,1000
906363,30-06-2026,7651,1004,202,7,0
906364,17-04-2026,6841,1065,208,6,50
906365,18-02-2026,7267,1027,219,2,0
906366,24-05-2026,6822,1064,218,10,0
906367,09-02-2026,5755,1040,222,3,200
906368,01-01-2026,5254,1062,214,2,200
906369,30-04-2026,7159,1056,221,5,100
906370,09-01-2026,7260,1085,204,5,50
906371,06-05-2026,7592,1009,207,2,200
906372,20-06-2026,7198,1049,202,10,100
906373,04-01-2026,7353,1096,222,4,1000
906374,02-04-2026,5383,1056,208,3,1000
906375,17-03-2026,7508,1015,219,7,100
906376,05-02-2026,7955,1083,205,9,50
906377,12-06-2026,6488,1040,215,6,1000
906378,06-01-2026,7961,1018,213,1,200
906379,07-04-2026,5684,1056,223,8,200
906380,24-01-2026,5214,1021,204,5,1000
906381,21-03-2026,7446,1007,215,10,200
906382,14-06-2026,6477,1086,202,10,0
906383,12-03-2026,5202,1041,214,10,500
906384,07-03-2026,6676,1060,211,4,200
906385,16-06-2026,6046,1037,209,1,200
906386,18-04-2026,5360,1026,222,3,200
906387,21-02-2026,7822,1085,213,10,500
906388,09-03-2026,6199,1076,216,9,1000
906389,05-02-2026,5101,1022,200,10,100
906390,04-03-2026,5119,1078,213,8,1000
906391,11-06-2026,5767,1005,219,9,1000
906392,20-02-2026,5321,1063,215,7,500
906393,05-03-2026,7992,1012,212,2,100
906394,18-01-2026,6257,1004,221,9,50
906395,28-02-2026,5356,1093,212,1,1000
906396,22-03-2026,5642,1044,212,10,0
906397,05-04-2026,7569,1050,207,1,100
906398,02-02-2026,7132,1097,215,1,1000
906399,18-05-2026,5509,1035,200,9,1000
906400,31-01-2026,6410,1001,213,4,1000
906401,26-01-2026,7165,1047,204,8,100
906402,09-06-2026,6878,1040,203,7,50
906403,27-05-2026,7158,1024,213,2,200
906404,06-06-2026,5856,1017,211,8,1000
906405,31-03-2026,6704,1070,204,4,0
906406,10-06-2026,5219,1089,210,3,1000
906407,26-02-2026,5515,1017,210,1,200
906408,06-05-2026,7917,1044,205,7,0
906409,19-05-2026,5272,1031,205,3,0
906410,08-02-2026,7026,1007,207,2,0
906411,23-01-2026,6869,1069,216,3,100
906412,11-01-2026,6575,1054,213,5,100
906413,10-03-2026,5416,1038,206,4,200
906414,05-03-2026,5891,1027,212,4,1000
906415,08-03-2026,6438,1092,215,7,500
906416,15-06-2026,5830,1059,218,7,100
906417,18-04-2026,6526,1085,217,2,500
906418,12-02-2026,5549,1044,215,8,0
906419,05-06-2026,7578,1067,212,7,100
906420,27-03-2026,6969,1024,217,5,100
906421,26-01-2026,6826,1060,219,6,0
906422,21-03-2026,6215,1099,208,5,50
906423,26-02-2026,6253,1052,208,10,50
906424,14-06-2026,5687,1068,202,6,200
906425,21-02-2026,6263,1086,213,10,50
906426,21-02-2026,6677,1051,205,7,200
906427,25-02-2026,7312,1020,216,6,200
906428,04-04-2026,6949,1085,203,2,200
906429,10-06-2026,5789,1062,212,1,200
906430,13-01-2026,6850,1009,208,10,500
906431,28-01-2026,6130,1070,213,4,0
906432,20-06-2026,6408,1053,205,10,0
906433,26-05-2026,6941,1077,206,3,50
906434,29-05-2026,7800,1028,218,5,1000
906435,01-01-2026,6676,1059,203,6,200
906436,27-03-2026,6093,1001,215,10,0
906437,24-01-2026,6432,1050,214,3,200
906438,22-04-2026,6042,1012,219,9,200
906439,16-03-2026,6929,1002,211,3,0
906440,06-01-2026,5461,1090,217,4,50
906441,09-04-2026,7357,1018,211,6,200
906442,25-01-2026,6376,1017,221,1,500
906443,25-06-2026,7300,1060,221,4,500
906444,09-01-2026,7959,1030,204,7,50
906445,11-06-2026,6938,1093,222,3,200
906446,05-04-2026,7497,1029,208,7,500
906447,18-02-2026,6865,1097,215,8,200
906448,31-05-2026,6483,1001,223,8,500
906449,02-05-2026,5551,1004,213,10,200
906450,17-04-2026,5599,1037,204,7,100
906451,12-04-2026,6147,1078,219,3,50
906452,25-03-2026,7296,1098,210,7,500
906453,01-05-2026,6054,1054,209,3,50
906454,02-05-2026,7605,1096,221,10,0
906455,19-05-2026,7394,1090,212,7,100
906456,18-01-2026,7617,1042,209,4,0
906457,27-05-2026,7943,1052,209,5,500
906458,18-02-2026,7566,1026,220,4,50
906459,04-03-2026,5771,1001,222,5,1000
906460,20-06-2026,5014,1045,223,4,50
906461,13-02-2026,6448,1079,218,9,100
906462,16-05-2026,7651,1009,202,3,1000
906463,04-06-2026,7296,1045,209,7,50
906464,24-06-2026,7130,1027,210,5,0
906465,20-02-2026,5426,1040,217,10,100
906466,11-05-2026,5576,1017,200,2,100
906467,29-03-2026,5494,1068,224,10,200
906468,15-06-2026,5341,1040,221,3,1000
906469,27-03-2026,7249,1024,217,7,1000
906470,25-01-2026,5954,1046,206,2,200
906471,16-03-2026,5961,1091,212,4,50
906472,27-04-2026,6006,1050,218,3,500
906473,08-01-2026,7159,1055,219,7,500
906474,21-06-2026,6895,1009,215,5,100
906475,27-03-2026,7905,1099,203,2,100
906476,23-03-2026,7166,1016,200,9,1000
906477,20-02-2026,5883,1097,204,8,1000
906478,12-01-2026,7300,1090,224,10,500
906479,14-06-2026,6029,1041,201,4,0
906480,13-02-2026,7662,1095,220,9,50
906481,02-02-2026,7030,1042,216,6,1000
906482,24-01-2026,7213,1067,223,5,100
906483,07-02-2026,5789,1049,208,10,1000
906484,01-05-2026,5524,1034,217,3,100
906485,01-06-2026,5806,1047,213,1,100
906486,25-04-2026,7405,1003,209,8,500
906487,18-04-2026,7176,1004,216,3,500
906488,11-06-2026,6578,1042,208,8,0
906489,16-05-2026,6342,1016,209,9,200
906490,13-06-2026,7811,1088,224,9,1000
906491,26-04-2026,6414,1076,213,2,0
906492,05-02-2026,5172,1009,211,5,0
906493,05-06-2026,5246,1010,220,2,200
906494,29-04-2026,5983,1039,204,8,1000
906495,02-02-2026,7603,1045,222,4,50
906496,28-03-2026,7590,1092,212,6,1000
906497,09-04-2026,6619,1044,218,6,50
906498,04-05-2026,7354,1027,213,4,1000
906499,16-04-2026,5744,1045,220,5,50
906500,28-06-2026,7717,1051,208,6,100
906501,17-02-2026,6233,1088,201,2,1000
906502,17-01-2026,6700,1078,205,4,1000
906503,28-06-2026,6561,1008,211,4,1000
906504,19-04-2026,7149,1064,209,2,50
906505,04-06-2026,5369,1066,218,7,100
906506,03-01-2026,7612,1013,222,4,100
906507,13-02-2026,5059,1072,209,10,100
906508,04-03-2026,7614,1047,220,4,50
906509,21-06-2026,6293,1018,217,7,1000
906510,27-06-2026,5056,1047,218,7,0
906511,06-06-2026,7162,1074,209,9,500
906512,20-03-2026,6447,1083,215,9,1000
906513,30-01-2026,7226,1025,203,3,1000
906514,16-02-2026,6504,1063,217,3,1000
906515,20-01-2026,7567,1064,208,6,1000
906516,14-04-2026,5725,1035,207,3,500
906517,13-02-2026,5807,1006,223,8,1000
906518,08-01-2026,6437,1088,208,10,200
906519,01-06-2026,5803,1035,221,8,0
906520,05-03-2026,6357,1044,208,6,100
906521,10-03-2026,5655,1043,222,3,100
906522,08-05-2026,5922,1037,212,7,500
906523,11-04-2026,6864,1055,213,5,500
906524,05-01-2026,5132,1042,218,5,500
906525,27-06-2026,7318,1053,209,2,1000
906526,24-06-2026,6232,1001,200,9,200
906527,30-01-2026,6652,1007,206,4,500
906528,24-04-2026,7935,1016,213,6,100
906529,24-04-2026,5329,1019,223,5,500
906530,26-02-2026,7561,1074,210,9,1000
906531,13-01-2026,7837,1091,220,8,100
906532,09-06-2026,5422,1051,222,2,200
906533,08-01-2026,7304,1078,200,6,200
906534,24-04-2026,7193,1056,213,6,500
906535,31-01-2026,7794,1064,209,7,1000
906536,23-02-2026,6911,1086,202,2,100
906537,04-06-2026,6205,1062,216,5,100
906538,25-04-2026,7375,1031,215,9,1000
906539,21-01-2026,5094,1009,216,7,100
906540,11-04-2026,6529,1000,220,4,200
906541,10-04-2026,7210,1076,220,10,200
906542,24-04-2026,6696,1099,200,9,100
906543,12-03-2026,7376,1004,215,9,500
906544,07-03-2026,5951,1067,220,1,100
906545,09-04-2026,7419,1090,214,6,100
906546,14-03-2026,7506,1076,203,10,1000
906547,21-01-2026,6597,1088,200,5,1000
906548,09-02-2026,7269,1009,224,5,500
906549,29-01-2026,7719,1066,216,5,1000
906550,14-01-2026,7712,1003,202,4,100
906551,05-03-2026,7012,1061,216,6,50
906552,21-02-2026,7039,1048,204,2,200
906553,28-05-2026,7602,1057,214,5,500
906554,28-06-2026,5377,1018,218,6,50
906555,20-04-2026,7885,1098,201,8,0
906556,09-03-2026,7839,1026,211,8,200
906557,02-01-2026,7617,1032,207,4,200
906558,30-06-2026,6454,1066,204,2,50
906559,15-05-2026,7201,1030,200,3,500
906560,19-01-2026,7023,1084,218,3,500
906561,24-03-2026,5196,1047,209,9,50
906562,02-05-2026,5180,1039,212,5,200
906563,14-02-2026,7156,1019,201,4,100
906564,28-03-2026,7188,1020,204,1,200
906565,10-06-2026,7404,1078,208,5,50
906566,08-05-2026,5359,1054,214,1,0
906567,17-02-2026,7448,1098,209,4,200
906568,18-04-2026,5414,1024,216,3,200
906569,04-04-2026,6537,1070,210,9,500
906570,07-02-2026,7002,1044,211,6,50
906571,22-01-2026,7541,1058,213,5,50
906572,05-02-2026,5003,1045,213,2,500
906573,05-02-2026,6137,1067,218,9,500
906574,10-06-2026,5450,1014,204,5,0
906575,16-05-2026,5521,1079,211,9,500
906576,05-04-2026,6675,1016,222,3,1000
906577,29-01-2026,6334,1050,212,5,50
906578,09-05-2026,7913,1088,207,7,50
906579,13-03-2026,5282,1004,210,8,500
906580,03-03-2026,7935,1043,223,4,100
906581,22-05-2026,7782,1068,201,9,0
906582,13-01-2026,7716,1008,222,9,0
906583,01-01-2026,7584,1009,201,2,200
906584,04-04-2026,5709,1028,213,2,50
906585,18-03-2026,5775,1066,211,7,0
906586,08-05-2026,6216,1016,204,6,0
906587,31-01-2026,7142,1009,213,1,0
906588,26-06-2026,7011,1067,216,1,100
906589,22-05-2026,5662,1089,204,10,1000
906590,13-03-2026,5019,1064,222,1,0
906591,10-06-2026,7875,1006,223,6,50
906592,02-03-2026,7611,1006,223,5,1000
906593,01-03-2026,7807,1070,222,7,50
906594,12-04-2026,7658,1066,220,9,1000
906595,27-04-2026,5571,1079,212,9,200
906596,01-05-2026,5445,1087,206,4,1000
906597,28-01-2026,6395,1086,218,1,0
906598,22-02-2026,6410,1028,222,8,0
906599,21-03-2026,7928,1008,208,10,200
906600,13-03-2026,6788,1062,206,6,100
906601,11-02-2026,7295,1094,205,7,200
906602,26-01-2026,5157,1014,204,6,500
906603,25-02-2026,5842,1081,218,6,100
906604,20-01-2026,6658,1098,214,2,1000
906605,30-04-2026,6043,1068,219,3,50
906606,27-04-2026,5669,1046,210,7,50
906607,23-06-2026,5017,1071,216,6,1000
906608,14-04-2026,6788,1087,208,10,1000
906609,24-04-2026,5050,1041,222,7,500
906610,08-01-2026,6074,1007,209,10,200
906611,25-05-2026,6793,1016,210,4,500
906612,04-01-2026,6358,1036,222,1,50
906613,20-04-2026,5948,1084,217,6,100
906614,14-06-2026,6721,1014,210,3,100
906615,01-03-2026,5568,1025,207,7,200
906616,30-05-2026,6207,1073,210,5,0
906617,28-06-2026,6534,1034,205,4,100
906618,12-05-2026,6068,1037,217,9,0
906619,08-06-2026,6254,1023,217,5,200
906620,18-01-2026,5453,1052,207,2,1000
906621,26-02-2026,6358,1046,217,1,0
906622,05-02-2026,7558,1097,214,6,0
906623,26-02-2026,7059,1021,212,6,100
906624,20-06-2026,5385,1002,219,7,500
906625,04-05-2026,5667,1010,212,5,1000
906626,25-05-2026,7448,1060,210,6,1000
906627,16-06-2026,5281,1083,215,7,500
906628,08-06-2026,6992,1057,210,3,200
906629,20-02-2026,6344,1011,216,4,1000
906630,08-04-2026,6245,1065,206,4,200
906631,04-05-2026,6135,1038,207,7,500
906632,27-01-2026,7450,1090,210,2,50
906633,25-04-2026,7455,1058,223,4,100
906634,07-06-2026,6660,1035,208,9,50
906635,25-06-2026,7920,1030,202,5,0
906636,20-04-2026,6093,1066,200,2,50
906637,23-03-2026,7225,1072,222,1,100
906638,05-01-2026,5035,1095,206,6,200
906639,07-01-2026,6539,1047,212,8,1000
906640,23-05-2026,6610,1090,206,2,200
906641,03-03-2026,5976,1069,211,3,500
906642,20-02-2026,5191,1019,218,6,0
906643,22-02-2026,7914,1016,211,3,50
906644,05-04-2026,5069,1077,212,3,1000
906645,27-01-2026,7538,1037,210,3,200
906646,06-04-2026,5106,1069,218,10,500
906647,03-04-2026,7762,1098,205,7,100
906648,16-02-2026,6995,1003,203,7,1000
906649,06-01-2026,6891,1041,222,3,0
906650,23-02-2026,7400,1067,219,4,1000
906651,08-05-2026,6911,1036,204,10,1000
906652,04-05-2026,6525,1045,216,2,1000
906653,21-05-2026,6210,1077,213,5,100
906654,09-05-2026,7367,1040,206,8,200
906655,24-04-2026,6239,1065,218,4,1000
906656,12-01-2026,7728,1024,216,9,100
906657,30-06-2026,6665,1028,216,3,100
906658,20-05-2026,6566,1037,214,2,0
906659,22-03-2026,5674,1026,219,6,100
906660,18-04-2026,7569,1023,214,5,1000
906661,02-03-2026,6343,1003,203,10,100
906662,05-05-2026,5704,1081,218,2,500
906663,29-06-2026,5212,1017,219,7,50
906664,10-04-2026,6596,1058,209,8,1000
906665,15-04-2026,6582,1029,207,7,50
906666,07-01-2026,7184,1030,221,7,50
906667,04-01-2026,7589,1044,210,4,50
906668,23-06-2026,6681,1086,214,3,0
906669,03-02-2026,6865,1075,207,9,0
906670,17-03-2026,5983,1027,202,4,100
906671,04-03-2026,6349,1023,216,8,500
906672,18-04-2026,6690,1022,213,1,0
906673,05-03-2026,6040,1086,209,6,1000
906674,31-05-2026,5779,1008,217,6,0
906675,08-01-2026,6961,1006,208,5,200
906676,22-05-2026,6249,1073,203,10,50
906677,12-02-2026,5304,1094,221,4,0
906678,21-05-2026,7687,1032,207,2,0
906679,26-04-2026,7839,1013,210,5,50
906680,20-02-2026,7423,1090,202,10,500
906681,13-05-2026,5608,1060,213,6,500
906682,01-04-2026,6686,1095,215,2,0
906683,12-03-2026,6777,1028,215,3,500
906684,03-03-2026,5187,1088,202,9,500
906685,10-03-2026,7144,1010,223,10,100
906686,22-06-2026,7273,1055,200,7,1000
906687,28-03-2026,5859,1087,224,3,50
906688,29-01-2026,5225,1095,201,4,500
906689,02-06-2026,6098,1004,205,4,100
906690,24-06-2026,6168,1078,219,5,500
906691,28-06-2026,7346,1000,200,7,100
906692,11-01-2026,5773,1033,215,8,0
906693,04-03-2026,6799,1052,217,6,100
906694,10-02-2026,7476,1078,219,10,50
906695,24-01-2026,7810,1070,222,1,500
906696,20-04-2026,7022,1053,202,5,500
906697,08-06-2026,7612,1092,217,9,50
906698,13-03-2026,7456,1097,208,7,100
906699,29-03-2026,5680,1039,220,4,200
906700,15-06-2026,6761,1046,209,7,500
906701,14-03-2026,5653,1018,203,6,0
906702,28-03-2026,7911,1092,209,9,0
906703,10-04-2026,7848,1025,214,10,200
906704,20-04-2026,7491,1022,202,8,200
906705,29-01-2026,6310,1089,206,2,100
906706,29-04-2026,7143,1097,212,2,50
906707,06-04-2026,5202,1075,222,6,50
906708,13-05-2026,7226,1070,205,6,100
906709,13-05-2026,6488,1009,204,8,1000
906710,09-02-2026,7482,1059,224,5,1000
906711,14-06-2026,5046,1011,214,6,0
906712,20-02-2026,6200,1036,201,5,0
906713,02-06-2026,6095,1000,203,8,100
906714,01-01-2026,5179,1023,223,2,100
906715,18-03-2026,5646,1029,205,3,0
906716,30-06-2026,6814,1083,216,6,0
906717,07-03-2026,6246,1006,213,4,200
906718,30-04-2026,5013,1025,208,2,1000
906719,16-01-2026,6029,1058,201,2,50
906720,16-01-2026,5343,1045,208,10,500
906721,12-06-2026,5396,1002,204,3,200
906722,19-03-2026,7759,1067,221,10,50
906723,26-04-2026,7836,1022,221,4,100
906724,27-01-2026,5010,1054,220,9,100
906725,22-05-2026,6259,1056,219,4,50
906726,15-06-2026,6855,1009,208,5,50
906727,21-05-2026,6788,1098,217,2,50
906728,10-03-2026,6102,1090,219,8,100
906729,23-03-2026,5035,1049,217,8,100
906730,19-03-2026,5626,1047,206,5,0
906731,28-03-2026,6095,1081,221,3,500
906732,24-02-2026,7855,1093,206,3,0
906733,23-03-2026,7665,1093,203,1,1000
906734,10-02-2026,6373,1029,206,8,100
906735,12-05-2026,6268,1011,211,10,50
906736,03-03-2026,6858,1053,214,5,200
906737,25-01-2026,7537,1011,200,6,200
906738,05-03-2026,6862,1060,222,7,50
906739,17-04-2026,6667,1022,209,4,500
906740,26-02-2026,7265,1031,209,3,100
906741,19-03-2026,5649,1061,222,1,100
906742,29-04-2026,7249,1031,204,7,0
906743,04-04-2026,6214,1003,208,2,100
906744,01-06-2026,6116,1046,213,3,100
906745,16-04-2026,5008,1074,206,5,100
906746,24-01-2026,5179,1042,212,5,500
906747,05-03-2026,7837,1024,216,4,200
906748,10-04-2026,7852,1068,217,4,100
906749,29-03-2026,5112,1087,210,8,50
906750,21-03-2026,6775,1059,200,9,0
906751,21-02-2026,5921,1008,219,4,500
906752,13-03-2026,6473,1095,212,10,100
906753,26-01-2026,7301,1020,205,8,1000
906754,27-01-2026,7138,1054,215,5,500
906755,09-01-2026,5966,1002,208,9,50
906756,18-04-2026,7293,1040,212,4,50
906757,09-06-2026,7542,1029,222,2,200
906758,19-02-2026,5496,1051,220,5,1000
906759,15-04-2026,6004,1064,200,5,1000
906760,22-02-2026,6474,1047,211,7,500
906761,05-06-2026,6136,1021,205,4,500
906762,08-01-2026,5037,1004,201,3,50
906763,07-01-2026,7420,1072,223,3,500
906764,05-06-2026,6355,1006,206,3,0
906765,19-02-2026,6025,1010,203,3,200
906766,26-06-2026,7325,1023,206,5,0
906767,05-05-2026,7057,1077,209,8,1000
906768,18-06-2026,5509,1030,223,10,200
906769,15-02-2026,7512,1033,204,3,200
906770,24-01-2026,7243,1064,218,3,200
906771,04-02-2026,6039,1081,223,6,200
906772,24-02-2026,7289,1054,211,5,200
906773,25-03-2026,6137,1086,218,2,50
906774,17-05-2026,7955,1037,208,5,50
906775,17-05-2026,5592,1082,222,7,100
906776,22-02-2026,7643,1089,222,8,0
906777,10-01-2026,7441,1090,204,4,200
906778,02-05-2026,6332,1062,200,9,50
906779,03-06-2026,6343,1099,201,1,1000
906780,21-02-2026,5006,1037,223,1,200
906781,04-06-2026,7098,1009,217,3,50
906782,27-02-2026,6032,1088,212,3,500
906783,26-02-2026,5673,1073,218,5,0
906784,16-05-2026,7727,1016,212,3,50
906785,12-03-2026,5810,1025,210,2,200
906786,03-06-2026,5146,1079,210,2,100
906787,19-03-2026,6776,1070,203,9,0
906788,02-02-2026,5780,1022,218,1,200
906789,16-05-2026,5867,1036,215,7,1000
906790,20-04-2026,6207,1053,200,5,50
906791,27-03-2026,5645,1015,203,4,1000
906792,19-03-2026,6971,1003,212,3,500
906793,23-02-2026,6168,1014,200,2,200
906794,25-02-2026,5671,1014,201,4,50
906795,29-06-2026,7828,1049,223,1,0
906796,29-05-2026,7397,1033,213,1,500
906797,22-04-2026,5733,1017,209,9,200
906798,25-03-2026,5902,1022,222,1,0
906799,12-05-2026,7421,1084,213,10,1000
906800,24-02-2026,6859,1026,212,7,0
906801,19-04-2026,7590,1040,223,9,1000
906802,05-02-2026,6656,1044,222,4,100
906803,28-02-2026,6665,1047,220,4,0
906804,07-04-2026,5078,1055,210,7,200
906805,04-06-2026,6550,1093,202,5,50
906806,18-03-2026,7213,1070,214,4,100
906807,26-01-2026,5026,1056,223,9,200
906808,18-01-2026,6038,1013,202,4,50
906809,17-06-2026,6153,1025,200,3,0
906810,10-03-2026,5158,1046,208,4,0
906811,16-06-2026,6676,1092,211,4,200
906812,22-01-2026,6670,1005,205,10,1000
906813,22-05-2026,6380,1038,214,1,1000
906814,14-01-2026,6361,1095,221,2,50
906815,23-02-2026,7954,1090,208,8,0
906816,02-05-2026,7018,1073,203,2,0
906817,13-01-2026,7494,1040,208,7,200
906818,06-02-2026,6717,1001,216,5,200
906819,06-04-2026,7962,1014,207,1,500
906820,26-06-2026,7971,1093,216,4,100
906821,04-05-2026,6696,1077,214,4,50
906822,28-04-2026,5550,1006,222,3,50
906823,03-01-2026,7741,1043,210,5,50
906824,01-05-2026,7407,1068,203,3,50
906825,27-03-2026,7880,1017,210,5,100
906826,27-05-2026,6371,1010,210,6,50
906827,03-06-2026,5183,1076,200,4,1000
906828,18-06-2026,5857,1061,216,3,0
906829,13-02-2026,6680,1053,216,8,200
906830,26-03-2026,5240,1002,213,4,1000
906831,11-01-2026,5363,1008,214,9,50
906832,01-05-2026,6304,1054,217,5,100
906833,25-05-2026,7217,1017,206,3,200
906834,20-04-2026,6810,1024,215,6,500
906835,04-04-2026,6226,1044,213,2,0
906836,02-02-2026,7594,1036,213,6,500
906837,19-01-2026,7352,1060,204,4,100
906838,13-05-2026,7688,1048,221,10,100
906839,12-02-2026,5581,1066,217,8,0
906840,05-05-2026,7229,1045,206,10,500
906841,21-05-2026,5773,1060,206,6,500
906842,31-05-2026,6505,1003,211,2,50
906843,07-01-2026,7360,1086,218,9,100
906844,05-02-2026,6668,1054,212,2,0
906845,11-01-2026,6639,1045,219,10,0
906846,03-06-2026,6565,1030,210,2,200
906847,23-05-2026,5689,1003,223,8,100
906848,29-05-2026,5704,1006,220,2,200
906849,11-04-2026,5118,1060,221,1,100
906850,25-03-2026,7101,1035,209,4,200
906851,21-02-2026,5971,1032,204,2,50
906852,17-05-2026,7363,1066,212,2,1000
906853,05-02-2026,5156,1026,203,10,200
906854,10-01-2026,7100,1098,219,10,500
906855,01-04-2026,5198,1026,212,3,500
906856,01-01-2026,6410,1001,200,1,1000
906857,05-02-2026,7292,1005,216,6,1000
906858,29-04-2026,7877,1080,224,9,50
906859,06-04-2026,6486,1049,221,10,500
906860,28-03-2026,5442,1088,206,6,0
906861,15-03-2026,6642,1022,206,7,200
906862,26-01-2026,5791,1062,211,5,200
906863,13-02-2026,7684,1007,209,3,1000
906864,05-06-2026,7188,1006,223,9,0
906865,04-06-2026,7374,1059,203,6,0
906866,02-02-2026,5182,1021,216,2,500
906867,08-03-2026,6476,1069,209,8,50
906868,25-06-2026,6621,1003,204,5,200
906869,18-01-2026,7179,1022,205,4,0
906870,01-04-2026,6171,1037,201,3,1000
906871,10-06-2026,7288,1024,211,3,500
906872,11-06-2026,6852,1024,213,9,0
906873,25-01-2026,6951,1012,216,10,500
906874,09-03-2026,6794,1042,201,1,100
906875,15-02-2026,7449,1001,213,10,200
906876,05-03-2026,6186,1017,202,2,1000
906877,26-03-2026,7799,1082,206,2,50
906878,28-02-2026,5211,1004,221,4,200
906879,01-06-2026,5500,1054,214,4,100
906880,15-05-2026,6359,1078,222,4,100
906881,24-02-2026,6203,1059,208,9,50
906882,05-01-2026,5751,1069,206,3,50
906883,23-02-2026,6559,1064,216,1,50
906884,13-02-2026,5066,1065,216,8,100
906885,19-03-2026,7986,1009,217,3,1000
906886,11-06-2026,7335,1061,211,10,0
906887,06-03-2026,6353,1019,214,9,1000
906888,26-01-2026,6776,1058,224,6,100
906889,05-05-2026,6903,1004,204,10,0
906890,24-03-2026,6648,1014,203,9,0
906891,03-03-2026,7349,1080,220,9,100
906892,24-06-2026,7941,1076,200,10,200
906893,17-06-2026,7577,1089,210,9,0
906894,02-03-2026,5706,1032,201,4,0
906895,26-05-2026,6126,1005,210,2,500
906896,10-04-2026,5878,1018,203,9,50
906897,24-03-2026,5808,1069,203,4,100
906898,06-02-2026,7189,1029,224,6,1000
906899,09-01-2026,6918,1004,218,1,0
906900,15-04-2026,5824,1055,208,8,0
906901,14-06-2026,7893,1092,206,5,200
906902,21-06-2026,7128,1026,214,5,500
906903,27-06-2026,7267,1077,219,3,100
906904,30-03-2026,7338,1040,208,7,0
906905,03-04-2026,5724,1070,212,3,500
906906,04-01-2026,7798,1044,224,8,200
906907,18-02-2026,7842,1062,208,3,50
906908,16-06-2026,7220,1016,215,3,200
906909,14-04-2026,7495,1046,223,8,200
906910,01-02-2026,5211,1030,211,1,500
906911,20-03-2026,5042,1061,210,6,1000
906912,11-06-2026,6448,1008,214,10,50
906913,20-05-2026,5200,1026,201,7,500
906914,14-06-2026,5002,1003,207,2,100
906915,24-05-2026,6880,1042,223,1,0
906916,30-05-2026,5284,1032,222,9,100
906917,17-04-2026,6595,1039,203,4,500
906918,25-03-2026,5813,1057,220,6,50
906919,28-04-2026,6719,1001,224,8,0
906920,10-02-2026,6666,1098,205,10,500
906921,14-05-2026,7873,1053,207,9,50
906922,11-02-2026,6595,1090,223,4,500
906923,20-03-2026,7800,1009,220,5,0
906924,03-04-2026,5269,1039,216,9,1000
906925,15-03-2026,5298,1096,202,4,100
906926,08-02-2026,7413,1089,223,5,1000
906927,30-04-2026,6851,1073,222,3,500
906928,04-01-2026,6231,1012,202,9,200
906929,30-06-2026,6175,1050,203,1,50
906930,14-04-2026,5974,1072,215,10,500
906931,11-06-2026,7156,1000,212,2,1000
906932,27-06-2026,5641,1056,211,9,200
906933,01-06-2026,6281,1022,219,2,200
906934,09-04-2026,6324,1092,200,8,1000
906935,18-05-2026,7815,1027,220,3,50
906936,14-05-2026,6616,1071,206,2,50
906937,14-04-2026,6712,1051,212,9,1000
906938,03-05-2026,6058,1076,209,6,0
906939,24-01-2026,6935,1011,200,1,100
906940,14-03-2026,7734,1072,214,5,200
906941,21-05-2026,6451,1010,216,6,200
906942,23-06-2026,6882,1093,219,4,100
906943,16-06-2026,6016,1016,224,4,0
906944,28-03-2026,6218,1041,218,5,500
906945,28-06-2026,5311,1073,224,3,50
906946,26-02-2026,6424,1059,209,2,0
906947,17-05-2026,6084,1048,207,8,50
906948,25-02-2026,5544,1006,213,4,500
906949,17-04-2026,5679,1047,215,5,0
906950,19-03-2026,7676,1083,217,4,1000
906951,27-05-2026,6284,1041,200,1,500
906952,19-06-2026,6251,1014,219,9,1000
906953,30-03-2026,6172,1091,210,2,50
906954,06-05-2026,7964,1034,202,6,200
906955,04-04-2026,7158,1073,216,3,1000
906956,02-03-2026,7179,1033,212,4,1000
906957,22-04-2026,5616,1009,216,3,500
906958,25-06-2026,5682,1024,222,9,500
906959,01-04-2026,6408,1035,203,5,100
906960,01-04-2026,7504,1065,208,1,500
906961,12-04-2026,7832,1039,204,2,500
906962,02-05-2026,7009,1096,204,7,0
906963,06-05-2026,7942,1038,215,9,50
906964,03-01-2026,5230,1084,206,1,100
906965,20-03-2026,6149,1080,208,7,50
906966,11-05-2026,7419,1017,220,10,500
906967,28-04-2026,7476,1063,201,8,200
906968,14-05-2026,7283,1099,208,8,1000
906969,23-01-2026,6804,1013,212,1,50
906970,03-04-2026,5014,1067,222,2,50
906971,01-05-2026,6302,1079,211,7,200
906972,07-05-2026,7413,1085,218,1,200
906973,29-06-2026,5744,1073,202,3,50
906974,12-03-2026,6327,1013,207,7,1000
906975,01-06-2026,5687,1099,202,6,50
906976,21-05-2026,7498,1035,208,4,1000
906977,05-05-2026,7305,1003,208,2,200
906978,03-03-2026,6865,1096,212,7,500
906979,09-02-2026,7686,1057,206,8,50
906980,16-05-2026,6581,1001,223,7,1000
906981,23-06-2026,5736,1000,216,7,100
906982,02-01-2026,5037,1040,223,2,200
906983,21-06-2026,6356,1039,216,9,0
906984,30-04-2026,6084,1014,201,10,0
906985,11-04-2026,7016,1040,205,8,100
906986,05-01-2026,7711,1092,222,10,100
906987,18-03-2026,7458,1098,204,2,0
906988,07-03-2026,7932,1015,211,6,50
906989,14-01-2026,6248,1046,210,5,1000
906990,11-01-2026,7015,1095,200,3,0
906991,30-05-2026,6378,1057,222,7,100
906992,28-05-2026,6021,1072,210,6,100
906993,17-06-2026,6819,1087,212,7,50
906994,14-03-2026,5798,1056,220,5,500
906995,17-02-2026,7833,1038,210,1,50
906996,22-03-2026,5645,1018,202,6,50
906997,14-02-2026,5670,1042,215,9,0
906998,14-05-2026,5643,1015,221,8,0
906999,18-05-2026,6531,1083,219,10,500
907000,23-01-2026,7150,1022,205,8,100
907001,06-05-2026,5417,1048,211,3,0
907002,03-05-2026,7785,1037,215,5,1000
907003,12-01-2026,7885,1039,218,7,100
907004,07-05-2026,7799,1008,222,1,1000
907005,04-05-2026,6918,1029,210,2,500
907006,28-02-2026,7380,1099,223,6,200
907007,03-01-2026,5014,1075,212,7,0
907008,07-04-2026,5573,1087,202,2,200
907009,15-01-2026,5957,1041,221,1,500
907010,09-06-2026,6316,1030,203,9,100
907011,28-01-2026,7929,1053,207,4,1000
907012,05-06-2026,7761,1045,210,5,0
907013,19-04-2026,6242,1070,212,10,500
907014,30-05-2026,5859,1029,211,5,200
907015,16-01-2026,5907,1046,219,10,200
907016,25-05-2026,6505,1097,211,9,50
907017,04-04-2026,6613,1033,218,10,500
907018,18-02-2026,6162,1069,200,4,1000
907019,01-05-2026,7064,1020,215,9,500
907020,03-05-2026,7174,1017,219,5,200
907021,01-01-2026,7350,1099,219,2,100
907022,25-01-2026,5549,1015,205,7,100
907023,07-06-2026,6541,1005,210,1,100
907024,05-06-2026,5901,1037,224,9,500
907025,11-01-2026,7531,1004,223,7,500
907026,19-05-2026,7871,1046,222,6,50
907027,09-05-2026,7122,1024,200,4,500
907028,18-05-2026,7703,1089,210,7,100
907029,16-04-2026,5671,1042,221,4,0
907030,21-04-2026,5830,1041,217,10,1000
907031,20-03-2026,6167,1055,216,7,1000
907032,12-01-2026,6364,1040,220,7,0
907033,07-01-2026,7063,1066,222,1,200
907034,20-03-2026,7449,1000,222,9,100
907035,03-01-2026,7440,1061,218,1,500
907036,26-05-2026,6280,1074,215,10,1000
907037,15-06-2026,7856,1037,212,9,1000
907038,07-02-2026,6704,1066,214,8,100
907039,28-05-2026,7722,1048,207,3,1000
907040,02-03-2026,6054,1038,214,5,100
907041,07-04-2026,7988,1052,216,6,0
907042,24-05-2026,6528,1019,221,10,1000
907043,16-05-2026,6941,1090,214,8,200
907044,08-06-2026,5613,1005,215,7,1000
907045,13-05-2026,7235,1078,222,1,200
907046,27-02-2026,7285,1078,223,8,1000
907047,10-06-2026,7288,1000,212,3,0
907048,02-01-2026,6401,1089,206,2,50
907049,28-05-2026,7087,1029,221,1,50
907050,05-03-2026,7669,1069,208,2,100
907051,09-01-2026,6330,1094,221,8,200
907052,30-01-2026,7929,1000,212,4,500
907053,02-04-2026,7832,1060,216,4,1000
907054,08-01-2026,7713,1078,215,1,50
907055,11-01-2026,7064,1053,200,1,1000
907056,28-03-2026,5739,1089,215,1,200
907057,14-02-2026,5337,1068,205,3,200
907058,17-01-2026,5660,1064,200,3,1000
907059,13-01-2026,7897,1002,201,4,0
907060,14-01-2026,5044,1015,212,1,500
907061,17-05-2026,5119,1043,200,7,500
907062,31-01-2026,6982,1014,207,2,0
907063,09-02-2026,6351,1081,219,1,50
907064,21-01-2026,7315,1003,206,3,200
907065,22-06-2026,7896,1012,200,6,1000
907066,02-03-2026,7558,1070,219,10,500
907067,10-06-2026,7894,1099,224,3,200
907068,09-06-2026,5877,1085,200,1,50
907069,02-01-2026,6888,1062,206,8,0
907070,09-02-2026,6935,1076,224,3,200
907071,28-04-2026,6698,1041,223,7,1000
907072,15-01-2026,7139,1065,200,4,1000
907073,08-02-2026,6224,1088,223,10,50
907074,17-04-2026,7636,1006,209,3,500
907075,15-01-2026,6897,1010,208,9,100
907076,13-04-2026,6595,1095,203,10,0
907077,12-04-2026,6791,1029,219,1,1000
907078,11-01-2026,5610,1004,203,4,100
907079,12-04-2026,7488,1007,210,9,0
907080,10-06-2026,5458,1002,204,9,100
907081,11-01-2026,7539,1003,204,9,1000
907082,08-03-2026,5025,1014,205,6,50
907083,16-04-2026,7728,1026,223,7,1000
907084,15-03-2026,6228,1087,210,1,200
907085,30-06-2026,5845,1013,213,4,100
907086,05-01-2026,5532,1055,211,1,50
907087,10-05-2026,6499,1099,208,5,1000
907088,11-02-2026,5829,1032,215,10,0
907089,19-03-2026,5052,1080,220,8,200
907090,22-01-2026,7304,1032,202,5,0
907091,04-06-2026,5776,1011,202,6,0
907092,22-03-2026,5354,1072,201,5,100
907093,03-04-2026,5457,1011,205,7,50
907094,05-02-2026,6252,1050,219,3,0
907095,04-04-2026,7010,1071,207,1,50
907096,04-03-2026,7899,1063,207,7,0
907097,27-01-2026,5263,1020,213,6,1000
907098,16-02-2026,7610,1053,201,9,100
907099,28-01-2026,5939,1035,201,10,0
907100,20-01-2026,5082,1048,219,8,1000
907101,03-06-2026,5783,1060,213,6,100
907102,17-01-2026,5132,1097,214,10,1000
907103,11-05-2026,5023,1016,224,5,200
907104,10-04-2026,6072,1095,205,4,0
907105,27-04-2026,7511,1024,204,10,0
907106,08-03-2026,7124,1077,214,8,50
907107,22-04-2026,6347,1058,206,9,50
907108,15-06-2026,7990,1041,224,6,500
907109,22-04-2026,7599,1013,222,5,0
907110,20-05-2026,7914,1028,211,5,50
907111,04-06-2026,6968,1074,218,6,50
907112,07-03-2026,6859,1034,223,10,1000
907113,17-02-2026,7034,1077,206,8,500
907114,12-05-2026,7273,1029,211,3,100
907115,20-04-2026,7263,1027,218,5,100
907116,02-01-2026,6370,1083,219,5,500
907117,09-04-2026,7040,1099,218,2,200
907118,28-04-2026,7438,1080,205,2,100
907119,22-02-2026,6525,1043,221,4,50
907120,25-06-2026,7211,1004,203,3,100
907121,08-04-2026,6937,1022,215,3,1000
907122,21-01-2026,6740,1089,200,2,100
907123,04-02-2026,6113,1051,204,10,500
907124,25-05-2026,5413,1019,200,2,1000
907125,25-05-2026,6240,1056,223,10,100
907126,04-06-2026,7635,1015,203,10,1000
907127,16-03-2026,6319,1009,206,9,100
907128,13-03-2026,6394,1010,206,6,200
907129,08-03-2026,5746,1016,222,2,200
907130,29-01-2026,6659,1014,218,1,50
907131,23-04-2026,6939,1080,213,9,1000
907132,15-05-2026,5235,1040,200,2,200
907133,22-01-2026,5103,1005,211,5,500
907134,24-05-2026,5955,1099,216,8,50
907135,12-03-2026,5551,1005,204,7,0
907136,04-05-2026,5463,1049,213,8,1000
907137,22-06-2026,7234,1084,217,1,200
907138,05-05-2026,5030,1077,218,3,1000
907139,09-02-2026,6519,1005,200,3,1000
907140,28-06-2026,7858,1060,212,7,500
907141,20-03-2026,5164,1085,202,4,500
907142,20-01-2026,7881,1067,209,4,100
907143,05-01-2026,6941,1070,213,6,200
907144,29-05-2026,7925,1068,219,9,100
907145,24-06-2026,5637,1070,220,2,500
907146,13-04-2026,5809,1086,221,9,200
907147,17-06-2026,6047,1033,217,4,500
907148,15-06-2026,7987,1008,202,5,500
907149,27-03-2026,6068,1071,218,7,1000
907150,28-01-2026,6184,1039,219,2,200
907151,02-03-2026,5764,1060,220,7,0
907152,04-04-2026,7676,1023,202,2,200
907153,04-04-2026,6795,1096,218,5,0
907154,12-03-2026,6902,1055,219,9,500
907155,19-04-2026,5713,1055,211,3,0
907156,24-03-2026,7013,1039,212,4,50
907157,03-06-2026,7888,1030,217,7,500
907158,16-04-2026,7381,1066,211,6,200
907159,01-05-2026,5421,1084,214,5,1000
907160,06-04-2026,5491,1091,222,8,1000
907161,03-04-2026,5809,1036,211,8,200
907162,09-05-2026,6626,1052,206,7,500
907163,05-05-2026,6142,1034,217,5,0
907164,15-01-2026,5709,1053,208,5,0
907165,20-01-2026,5037,1012,207,7,200
907166,03-06-2026,5858,1032,220,6,100
907167,13-06-2026,6974,1010,219,6,500
907168,27-04-2026,6599,1023,203,4,100
907169,14-05-2026,6618,1087,207,2,1000
907170,13-04-2026,6378,1013,208,1,0
907171,14-06-2026,7815,1025,204,10,0
907172,03-04-2026,7070,1011,206,9,500
907173,30-05-2026,6212,1012,210,10,50
907174,27-03-2026,7821,1058,209,9,1000
907175,20-05-2026,7731,1053,219,1,100
907176,19-02-2026,7582,1052,219,2,100
907177,06-03-2026,7892,1007,219,2,500
907178,07-06-2026,6603,1012,204,8,200
907179,07-06-2026,7078,1087,209,6,0
907180,13-03-2026,6174,1031,211,3,100
907181,09-03-2026,6164,1018,219,7,500
907182,13-05-2026,7409,1029,203,10,0
907183,15-06-2026,5059,1047,202,7,500
907184,24-05-2026,7120,1016,221,8,200
907185,20-02-2026,6022,1012,221,4,50
907186,18-05-2026,5819,1091,201,6,200
907187,26-03-2026,6660,1090,218,4,1000
907188,14-05-2026,5631,1023,207,9,50
907189,21-06-2026,5265,1059,207,5,1000
907190,02-03-2026,7483,1004,207,10,50
907191,22-06-2026,6908,1008,224,4,1000
907192,25-02-2026,5813,1060,221,7,0
907193,10-01-2026,6793,1005,219,3,50
907194,07-02-2026,6875,1028,212,4,0
907195,05-06-2026,5925,1051,211,10,1000
907196,04-05-2026,6601,1030,201,8,200
907197,11-03-2026,7588,1059,207,7,500
907198,03-03-2026,6143,1019,203,7,50
907199,18-04-2026,6328,1097,218,1,500
907200,27-05-2026,6588,1089,221,1,100
907201,27-06-2026,7053,1037,220,10,500
907202,24-06-2026,5871,1059,220,3,1000
907203,20-03-2026,7709,1037,202,9,500
907204,04-03-2026,6199,1076,213,2,0
907205,17-03-2026,7266,1002,216,10,50
907206,05-03-2026,7658,1047,215,6,100
907207,27-06-2026,7752,1037,210,7,50
907208,07-04-2026,7031,1013,204,3,1000
907209,21-04-2026,7902,1030,210,1,1000
907210,17-01-2026,7760,1076,203,8,1000
907211,07-06-2026,6049,1021,213,10,100
907212,31-05-2026,7198,1056,221,2,500
907213,21-05-2026,7520,1088,202,4,100
907214,27-03-2026,5720,1018,218,7,50
907215,24-01-2026,7213,1098,213,1,100
907216,22-05-2026,5883,1003,201,8,50
907217,17-06-2026,7807,1049,212,6,100
907218,13-02-2026,5182,1012,208,3,500
907219,22-06-2026,7213,1068,217,5,50
907220,10-05-2026,7831,1087,203,10,1000
907221,16-02-2026,7988,1084,223,9,100
907222,18-01-2026,6073,1080,216,1,50
907223,05-02-2026,5740,1026,205,8,100
907224,02-04-2026,6713,1019,217,8,0
907225,15-01-2026,7575,1026,206,1,100
907226,18-04-2026,5507,1095,221,5,50
907227,31-05-2026,5887,1014,213,3,200
907228,30-03-2026,5990,1064,216,2,0
907229,03-05-2026,7882,1025,221,3,50
907230,22-02-2026,5854,1005,224,7,100
907231,06-06-2026,7743,1049,211,1,200
907232,06-01-2026,5230,1088,207,7,100
907233,28-04-2026,6792,1093,217,9,100
907234,19-02-2026,5644,1021,218,2,1000
907235,03-05-2026,6337,1033,217,3,0
907236,06-01-2026,7898,1094,224,6,100
907237,01-03-2026,5733,1001,207,3,100
907238,19-05-2026,5993,1067,221,7,200
907239,08-01-2026,7710,1030,213,4,1000
907240,07-06-2026,7728,1059,220,6,100
907241,05-04-2026,7047,1064,212,9,500
907242,24-03-2026,7672,1007,209,1,100
907243,14-03-2026,6873,1097,224,5,50
907244,09-04-2026,5589,1039,217,9,200
907245,27-02-2026,7540,1036,224,1,500
907246,08-02-2026,7745,1053,222,10,50
907247,28-01-2026,7541,1053,209,4,0
907248,17-03-2026,5362,1094,205,9,500
907249,28-06-2026,5333,1028,205,6,100
907250,15-05-2026,7290,1046,214,3,0
907251,04-02-2026,7846,1070,220,1,200
907252,19-03-2026,5448,1029,217,8,100
907253,15-06-2026,7962,1059,217,3,1000
907254,26-02-2026,7678,1050,200,2,500
907255,17-01-2026,6101,1062,221,6,1000
907256,04-03-2026,7748,1059,215,4,100
907257,02-06-2026,7037,1001,211,8,1000
907258,01-06-2026,5543,1053,203,8,500
907259,05-05-2026,5634,1001,223,9,50
907260,25-05-2026,5839,1031,212,5,0
907261,09-02-2026,5941,1020,203,9,500
907262,12-01-2026,7108,1049,221,6,0
907263,11-01-2026,7496,1084,223,7,500
907264,12-03-2026,6895,1075,208,3,500
907265,27-04-2026,6196,1000,216,8,0
907266,21-05-2026,5309,1056,223,6,1000
907267,28-01-2026,5458,1085,223,10,50
907268,28-04-2026,6004,1072,224,4,1000
907269,28-01-2026,5084,1054,215,5,1000
907270,24-03-2026,5323,1075,200,10,0
907271,27-05-2026,6399,1082,210,6,50
907272,02-06-2026,6694,1020,203,5,500
907273,08-01-2026,5322,1093,222,3,50
907274,28-05-2026,6643,1036,213,5,500
907275,11-03-2026,7786,1087,213,5,1000
907276,18-01-2026,5898,1047,221,1,50
907277,04-06-2026,6226,1007,204,9,1000
907278,16-03-2026,6528,1047,201,7,1000
907279,18-02-2026,7528,1026,222,10,100
907280,20-01-2026,5867,1022,221,3,50
907281,08-02-2026,6468,1000,214,7,100
907282,05-01-2026,6246,1081,217,9,1000
907283,12-03-2026,5812,1069,202,3,50
907284,14-05-2026,7600,1054,202,7,1000
907285,14-02-2026,5235,1040,216,8,0
907286,19-03-2026,5074,1078,209,7,500
907287,01-02-2026,6318,1059,214,1,50
907288,28-05-2026,6455,1079,224,3,200
907289,05-01-2026,5634,1094,206,7,500
907290,11-01-2026,7834,1055,213,6,50
907291,02-02-2026,7307,1043,200,4,100
907292,28-03-2026,5049,1037,220,2,200
907293,26-02-2026,7502,1005,218,3,0
907294,22-06-2026,5740,1079,208,10,500
907295,18-04-2026,7267,1018,222,2,500
907296,21-05-2026,5152,1061,208,9,1000
907297,04-02-2026,5875,1024,215,3,0
907298,06-06-2026,6426,1036,207,5,500
907299,02-06-2026,5729,1002,207,9,1000
907300,16-02-2026,7216,1041,212,2,50
907301,19-02-2026,7154,1083,206,6,50
907302,02-05-2026,7613,1001,214,6,100
907303,08-04-2026,6448,1060,224,5,50
907304,29-05-2026,6036,1024,222,10,0
907305,11-04-2026,7520,1069,200,8,200
907306,05-06-2026,6598,1088,214,3,500
907307,20-02-2026,5746,1087,201,10,1000
907308,03-04-2026,7982,1079,208,2,0
907309,14-05-2026,7648,1064,200,9,50
907310,11-01-2026,7412,1063,214,4,500
907311,14-01-2026,5057,1034,222,4,200
907312,29-04-2026,7228,1091,208,1,1000
907313,13-05-2026,5342,1066,217,7,100
907314,04-02-2026,5932,1097,204,8,200
907315,03-05-2026,7367,1009,212,10,0
907316,12-05-2026,5891,1071,205,2,1000
907317,19-02-2026,7257,1037,206,7,1000
907318,02-06-2026,5232,1072,207,4,1000
907319,25-05-2026,6554,1080,216,4,1000
907320,16-02-2026,6905,1042,216,4,50
907321,14-03-2026,5285,1013,209,8,500
907322,22-02-2026,5294,1068,211,6,200
907323,19-05-2026,6321,1033,208,7,0
907324,23-06-2026,7365,1068,213,3,500
907325,15-05-2026,6856,1056,207,3,50
907326,15-05-2026,7253,1045,216,8,0
907327,02-04-2026,5425,1012,222,10,50
907328,23-01-2026,5133,1091,215,10,200
907329,03-04-2026,5557,1096,211,3,1000
907330,19-03-2026,5740,1030,200,9,200
907331,08-04-2026,6508,1087,211,1,100
907332,26-04-2026,7534,1078,219,3,100
907333,03-03-2026,7544,1053,207,3,50
907334,20-04-2026,5565,1081,201,6,100
907335,15-02-2026,6479,1084,202,7,200
907336,27-04-2026,6536,1097,212,10,0
907337,03-06-2026,6614,1041,209,9,50
907338,08-06-2026,5259,1053,207,10,500
907339,25-06-2026,5343,1031,209,8,500
907340,18-01-2026,5915,1062,203,10,100
907341,20-06-2026,7873,1076,200,10,0
907342,26-04-2026,6914,1015,222,8,100
907343,12-04-2026,7931,1081,212,7,1000
907344,03-01-2026,7687,1025,215,4,200
907345,22-05-2026,5555,1001,221,8,50
907346,01-02-2026,6113,1074,221,4,200
907347,23-06-2026,7106,1066,201,10,500
907348,11-04-2026,5977,1051,215,9,1000
907349,30-04-2026,5253,1037,201,10,100
907350,24-02-2026,7769,1016,215,2,50
907351,26-05-2026,7581,1086,213,7,100
907352,08-05-2026,7121,1048,217,2,200
907353,18-05-2026,7272,1049,200,10,200
907354,02-04-2026,5817,1042,209,1,50
907355,04-02-2026,5277,1007,201,3,500
907356,02-06-2026,6223,1038,222,6,100
907357,10-01-2026,7200,1088,219,2,100
907358,23-06-2026,7274,1039,206,9,200
907359,29-04-2026,5856,1099,209,9,200
907360,06-06-2026,6603,1001,207,10,500
907361,01-01-2026,6661,1042,224,2,200
907362,28-05-2026,7165,1050,212,1,1000
907363,04-03-2026,6966,1085,212,3,50
907364,17-06-2026,5413,1072,204,2,0
907365,07-01-2026,7758,1039,212,10,500
907366,12-06-2026,5959,1034,214,7,0
907367,07-05-2026,6412,1018,213,4,50
907368,11-05-2026,7574,1052,214,5,100
907369,08-02-2026,7465,1074,223,7,0
907370,22-01-2026,6098,1094,202,2,1000
907371,02-01-2026,7448,1014,208,6,1000
907372,29-05-2026,7030,1095,212,2,0
907373,12-02-2026,7396,1078,214,7,50
907374,19-01-2026,7911,1072,209,2,500
907375,04-02-2026,5676,1096,218,3,500
907376,05-03-2026,6949,1066,208,7,200
907377,23-06-2026,5334,1066,212,9,1000
907378,17-03-2026,5566,1061,215,6,200
907379,13-04-2026,6417,1037,216,7,500
907380,20-04-2026,7727,1075,223,2,0
907381,02-03-2026,6324,1066,221,3,50
907382,29-03-2026,7778,1023,204,10,50
907383,11-01-2026,6253,1097,208,10,500
907384,21-05-2026,6989,1060,222,9,1000
907385,05-01-2026,7573,1069,210,2,50
907386,02-02-2026,7095,1021,201,10,50
907387,26-02-2026,5688,1056,223,1,100
907388,03-05-2026,7812,1033,203,6,100
907389,12-01-2026,7723,1031,205,3,200
907390,04-05-2026,5279,1044,217,3,100
907391,26-02-2026,5458,1066,215,1,50
907392,16-06-2026,5600,1021,220,4,50
907393,20-03-2026,7006,1069,207,3,200
907394,06-05-2026,7607,1098,214,5,200
907395,09-05-2026,6489,1057,200,3,500
907396,13-02-2026,6061,1091,211,4,1000
907397,26-04-2026,6853,1051,208,4,50
907398,21-05-2026,5292,1062,214,5,50
907399,20-01-2026,7224,1043,218,5,200
907400,27-04-2026,6064,1046,218,2,500
907401,01-05-2026,6379,1054,209,1,500
907402,23-05-2026,7805,1027,205,7,500
907403,28-04-2026,5435,1080,207,2,500
907404,06-06-2026,6569,1088,204,3,50
907405,09-06-2026,7038,1080,200,7,500
907406,23-03-2026,7912,1098,221,6,0
907407,20-06-2026,6376,1035,210,3,100
907408,09-04-2026,6320,1040,200,10,200
907409,22-06-2026,6341,1038,224,8,500
907410,11-01-2026,6051,1016,200,8,200
907411,08-03-2026,6630,1001,219,8,50
907412,09-03-2026,7557,1073,210,6,100
907413,17-01-2026,7823,1054,222,4,0
907414,23-04-2026,7467,1057,206,3,200
907415,23-05-2026,5123,1064,203,1,500
907416,07-06-2026,6949,1061,218,5,1000
907417,29-03-2026,5602,1097,220,7,1000
907418,06-03-2026,6491,1004,223,10,50
907419,19-05-2026,6261,1095,217,8,200
907420,24-05-2026,6052,1058,208,9,50
907421,16-02-2026,7900,1032,224,3,200
907422,02-06-2026,5787,1048,224,1,0
907423,03-01-2026,5912,1041,221,4,100
907424,05-06-2026,6870,1096,208,6,0
907425,25-01-2026,7210,1063,208,7,50
907426,12-05-2026,6785,1060,202,7,500
907427,25-03-2026,5792,1029,220,3,1000
907428,13-02-2026,5217,1058,210,2,1000
907429,09-01-2026,7325,1005,206,5,100
907430,12-06-2026,5327,1081,217,6,500
907431,23-01-2026,7568,1066,217,6,100
907432,18-03-2026,5652,1040,213,1,50
907433,03-01-2026,5689,1099,219,5,500
907434,25-01-2026,7216,1047,214,6,1000
907435,21-01-2026,7264,1074,206,1,50
907436,03-04-2026,7217,1038,205,3,50
907437,10-01-2026,5599,1022,222,6,100
907438,01-06-2026,5964,1042,206,8,1000
907439,07-02-2026,7680,1010,222,6,500
907440,17-05-2026,6462,1003,215,8,1000
907441,16-05-2026,5459,1041,206,5,50
907442,31-01-2026,5807,1065,216,7,100
907443,04-03-2026,6900,1044,223,5,200
907444,06-05-2026,7267,1075,212,2,1000
907445,28-02-2026,6101,1060,224,8,200
907446,16-03-2026,6883,1083,200,8,1000
907447,04-01-2026,6628,1034,204,3,100
907448,22-06-2026,6504,1007,223,10,100
907449,31-05-2026,7960,1009,214,10,500
907450,02-02-2026,6856,1097,218,6,500
907451,25-03-2026,5001,1015,214,7,0
907452,29-03-2026,5724,1050,218,6,0
907453,31-03-2026,6261,1050,204,1,1000
907454,21-01-2026,6852,1060,201,1,0
907455,29-01-2026,6890,1035,217,9,200
907456,17-06-2026,5616,1036,204,10,0
907457,12-06-2026,7736,1046,213,2,500
907458,21-02-2026,7104,1022,220,2,1000
907459,26-06-2026,6651,1052,205,8,0
907460,22-03-2026,7785,1010,207,6,50
907461,08-03-2026,6424,1077,202,4,1000
907462,09-02-2026,5907,1088,202,3,0
907463,09-05-2026,6978,1021,211,1,0
907464,16-04-2026,7154,1026,206,10,1000
907465,13-02-2026,7482,1044,204,3,200
907466,15-03-2026,5736,1003,201,9,100
907467,10-05-2026,6096,1035,220,8,1000
907468,03-04-2026,7540,1028,203,4,100
907469,25-01-2026,7263,1027,216,7,0
907470,03-01-2026,7132,1018,219,10,0
907471,18-04-2026,5468,1038,214,7,200
907472,14-06-2026,6368,1042,213,5,500
907473,29-03-2026,5862,1048,211,10,200
907474,07-06-2026,6961,1018,212,6,1000
907475,20-02-2026,7292,1091,207,10,500
907476,29-05-2026,6047,1010,218,1,50
907477,29-05-2026,5628,1028,211,9,500
907478,04-04-2026,5498,1048,208,2,500
907479,13-05-2026,6079,1077,215,2,1000
907480,18-02-2026,7255,1086,202,5,200
907481,30-01-2026,7858,1029,211,5,100
907482,01-03-2026,7452,1066,204,1,0
907483,17-02-2026,7003,1050,200,5,200
907484,17-01-2026,6716,1088,208,1,100
907485,26-01-2026,5921,1095,220,5,0
907486,02-06-2026,7722,1099,205,6,500
907487,20-03-2026,5343,1049,222,3,0
907488,04-04-2026,5346,1089,215,1,1000
907489,25-02-2026,7547,1074,209,10,500
907490,04-06-2026,7520,1008,200,5,200
907491,03-06-2026,6192,1069,217,8,100
907492,03-03-2026,7665,1084,216,2,500
907493,28-02-2026,6827,1032,213,8,50
907494,27-04-2026,6893,1072,208,1,1000
907495,12-05-2026,7334,1087,208,10,0
907496,22-04-2026,5831,1038,212,6,0
907497,05-03-2026,6129,1032,207,10,50
907498,04-03-2026,7591,1053,217,3,100
907499,17-04-2026,6933,1013,218,10,1000
907500,14-02-2026,7385,1087,212,7,1000
907501,26-05-2026,7321,1005,210,9,0
907502,06-06-2026,5992,1009,216,1,100
907503,17-05-2026,7556,1095,207,3,500
907504,03-05-2026,5627,1066,202,4,500
907505,11-01-2026,6251,1011,221,10,0
907506,01-01-2026,5110,1076,220,2,500
907507,01-05-2026,7157,1011,202,2,100
907508,08-06-2026,6168,1085,201,7,100
907509,04-06-2026,6671,1063,204,6,500
907510,31-05-2026,7724,1047,210,8,200
907511,22-04-2026,6534,1036,203,9,200
907512,26-06-2026,7745,1028,223,2,0
907513,31-05-2026,5656,1094,223,9,1000
907514,13-02-2026,7075,1015,203,1,500
907515,14-03-2026,7677,1065,203,7,200
907516,28-06-2026,6725,1068,212,8,50
907517,11-03-2026,7975,1010,204,6,500
907518,26-06-2026,5487,1050,221,1,100
907519,21-03-2026,7872,1001,218,7,500
907520,14-03-2026,6271,1035,209,1,50
907521,27-01-2026,5895,1063,211,3,50
907522,16-01-2026,7559,1065,221,3,100
907523,11-05-2026,6079,1092,214,1,50
907524,10-03-2026,7894,1004,204,7,500
907525,08-03-2026,5043,1078,221,9,50
907526,30-01-2026,6679,1046,208,5,200
907527,05-02-2026,6714,1031,219,2,1000
907528,08-06-2026,6990,1021,204,4,1000
907529,21-04-2026,7281,1070,217,2,0
907530,19-03-2026,7434,1074,223,9,50
907531,04-05-2026,6912,1015,203,6,500
907532,17-01-2026,6722,1043,204,6,500
907533,04-03-2026,7560,1087,219,6,500
907534,28-01-2026,5831,1048,217,4,0
907535,03-04-2026,5856,1084,209,3,0
907536,08-01-2026,6754,1061,207,10,500
907537,23-04-2026,6619,1061,217,8,200
907538,15-01-2026,5186,1016,214,7,0
907539,06-05-2026,6402,1082,220,9,0
907540,09-03-2026,6175,1036,224,4,500
907541,09-04-2026,7929,1081,209,5,1000
907542,25-04-2026,5181,1050,204,8,0
907543,18-06-2026,7739,1057,214,6,100
907544,16-02-2026,6246,1048,208,10,0
907545,18-03-2026,5762,1001,206,9,1000
907546,10-05-2026,5061,1000,208,3,100
907547,05-04-2026,5662,1094,223,8,200
907548,03-04-2026,7919,1064,204,6,200
907549,14-03-2026,6456,1047,215,1,200
907550,22-06-2026,6054,1086,220,8,50
907551,23-01-2026,7585,1039,201,7,200
907552,01-05-2026,7309,1073,208,5,200
907553,19-04-2026,6394,1057,220,8,100
907554,22-06-2026,5654,1032,222,8,50
907555,04-05-2026,5198,1040,206,2,50
907556,23-01-2026,7606,1060,205,6,100
907557,25-02-2026,5160,1059,208,1,100
907558,16-04-2026,5387,1081,208,10,200
907559,06-03-2026,7179,1036,205,10,100
907560,25-05-2026,6161,1021,219,10,100
907561,28-06-2026,5329,1045,204,4,500
907562,28-02-2026,5432,1093,223,8,0
907563,29-06-2026,5818,1079,201,2,500
907564,27-01-2026,5255,1005,217,1,200
907565,06-05-2026,7590,1022,222,5,1000
907566,21-02-2026,6010,1093,203,4,500
907567,05-01-2026,5703,1086,223,5,100
907568,16-02-2026,7570,1076,204,6,50
907569,23-05-2026,7701,1016,208,1,50
907570,02-03-2026,5257,1008,210,7,1000
907571,24-04-2026,7818,1044,214,5,500
907572,22-02-2026,6547,1061,209,9,50
907573,02-01-2026,6666,1005,215,4,200
907574,12-04-2026,7337,1061,217,3,100
907575,25-05-2026,5446,1000,201,4,200
907576,14-02-2026,7370,1062,214,6,500
907577,26-04-2026,6088,1056,216,8,100
907578,31-01-2026,5551,1090,201,7,0
907579,30-05-2026,5482,1018,212,6,0
907580,18-04-2026,7177,1062,208,4,100
907581,28-04-2026,5861,1019,208,5,100
907582,21-05-2026,6665,1081,214,10,500
907583,17-03-2026,5185,1046,220,9,1000
907584,04-02-2026,7818,1043,202,2,200
907585,17-04-2026,7806,1091,220,6,100
907586,11-01-2026,6950,1080,212,2,100
907587,05-03-2026,7761,1037,217,1,0
907588,28-01-2026,6881,1042,206,7,200
907589,09-04-2026,6926,1069,215,1,50
907590,03-06-2026,5965,1091,221,3,500
907591,15-05-2026,6109,1074,206,1,100
907592,06-06-2026,6240,1066,222,10,100
907593,03-04-2026,7035,1058,205,6,500
907594,28-01-2026,7080,1088,201,7,1000
907595,09-03-2026,5394,1050,208,9,1000
907596,17-03-2026,7926,1089,202,8,50
907597,14-04-2026,5065,1060,219,8,1000
907598,09-02-2026,5563,1086,201,5,0
907599,13-05-2026,6275,1023,200,6,50
907600,21-01-2026,5957,1014,215,5,1000
907601,08-05-2026,5911,1022,205,10,100
907602,14-02-2026,6336,1067,222,3,0
907603,03-04-2026,6725,1002,209,9,50
907604,20-01-2026,5896,1013,215,8,200
907605,12-05-2026,7796,1012,208,4,200
907606,25-06-2026,7350,1068,221,9,1000
907607,05-06-2026,5986,1083,219,2,100
907608,13-04-2026,5389,1043,224,4,200
907609,14-02-2026,6315,1062,200,9,500
907610,17-01-2026,7995,1081,223,5,500
907611,16-03-2026,7548,1064,216,9,0
907612,09-03-2026,5851,1041,205,2,50
907613,10-06-2026,5808,1001,203,8,1000
907614,03-04-2026,5880,1072,208,9,1000
907615,07-01-2026,7905,1029,214,10,0
907616,23-03-2026,5879,1058,217,2,0
907617,29-01-2026,7820,1018,210,6,1000
907618,18-03-2026,5251,1074,206,5,0
907619,06-01-2026,5962,1083,216,1,500
907620,09-03-2026,6106,1049,224,3,50
907621,09-02-2026,7413,1076,204,3,200
907622,11-05-2026,5121,1045,206,4,100
907623,04-05-2026,5662,1020,217,4,0
907624,29-06-2026,6602,1049,206,10,200
907625,31-05-2026,5145,1002,205,10,500
907626,01-03-2026,5427,1030,216,1,0
907627,06-04-2026,6711,1094,203,9,50
907628,12-01-2026,7421,1042,201,5,200
907629,09-03-2026,7381,1026,200,9,0
907630,06-03-2026,5794,1092,200,5,50
907631,07-05-2026,7352,1026,223,6,200
907632,08-03-2026,5053,1058,208,4,50
907633,30-03-2026,7175,1028,213,4,1000
907634,27-04-2026,5918,1018,208,8,0
907635,18-06-2026,5282,1056,213,5,50
907636,16-04-2026,5460,1034,215,10,1000
907637,10-02-2026,7879,1080,221,2,100
907638,23-02-2026,6647,1073,214,7,50
907639,13-05-2026,5613,1001,203,7,1000
907640,18-06-2026,6841,1018,200,5,50
907641,09-04-2026,6411,1012,209,8,100
907642,11-01-2026,5330,1053,200,9,500
907643,20-04-2026,7802,1022,206,7,1000
907644,17-06-2026,7451,1093,213,8,100
907645,08-03-2026,7436,1014,210,1,100
907646,31-03-2026,5199,1071,218,3,200
907647,07-01-2026,5729,1039,213,6,500
907648,24-05-2026,7509,1068,210,5,500
907649,26-03-2026,7308,1046,218,1,200
907650,05-06-2026,5770,1011,215,8,50
907651,21-03-2026,6963,1030,200,1,100
907652,25-03-2026,7857,1030,218,10,100
907653,13-03-2026,6864,1088,223,5,200
907654,01-06-2026,7460,1045,202,5,500
907655,26-02-2026,6694,1023,220,1,1000
907656,29-06-2026,7257,1058,205,10,500
907657,18-04-2026,5515,1004,216,8,1000
907658,08-05-2026,7685,1003,202,3,50
907659,29-06-2026,6110,1051,207,7,1000
907660,24-06-2026,6275,1043,224,9,100
907661,27-05-2026,6175,1050,214,9,500
907662,14-03-2026,7064,1093,218,6,500
907663,08-04-2026,7744,1004,221,6,200
907664,28-01-2026,7897,1095,204,3,100
907665,15-04-2026,5788,1056,224,5,500
907666,07-03-2026,7797,1016,200,5,200
907667,13-03-2026,7590,1064,207,10,100
907668,08-04-2026,5004,1036,217,3,0
907669,26-05-2026,5678,1008,221,4,50
907670,02-03-2026,5507,1054,210,10,100
907671,24-02-2026,6661,1034,222,2,50
907672,09-01-2026,6937,1066,221,9,0
907673,21-05-2026,7578,1054,206,8,0
907674,13-04-2026,6646,1089,219,5,200
907675,14-04-2026,6740,1006,213,8,100
907676,12-06-2026,5669,1015,208,10,500
907677,01-03-2026,5661,1091,217,10,200
907678,29-06-2026,7589,1007,217,3,100
907679,09-03-2026,7826,1055,222,2,500
907680,08-04-2026,5458,1099,204,9,1000
907681,08-04-2026,7257,1083,214,3,0
907682,29-03-2026,5867,1041,212,4,0
907683,25-05-2026,7856,1045,217,4,500
907684,23-04-2026,7171,1023,213,5,100
907685,12-05-2026,7916,1071,219,3,50
907686,16-04-2026,7413,1034,210,1,0
907687,03-06-2026,7871,1031,209,1,500
907688,27-04-2026,7252,1061,213,9,500
907689,14-02-2026,7926,1019,220,2,1000
907690,13-04-2026,6223,1015,210,7,200
907691,29-01-2026,7134,1000,208,8,50
907692,29-01-2026,5757,1022,220,8,1000
907693,24-03-2026,6252,1013,215,3,0
907694,25-01-2026,6412,1036,204,9,0
907695,15-05-2026,7970,1065,208,4,500
907696,01-05-2026,6233,1049,201,5,0
907697,29-04-2026,5364,1097,207,6,0
907698,15-03-2026,5002,1054,211,3,0
907699,29-06-2026,7858,1079,221,9,50
907700,17-06-2026,5007,1042,215,4,50
907701,17-05-2026,5146,1022,215,6,0
907702,24-03-2026,6260,1022,212,6,200
907703,13-06-2026,6295,1040,206,5,100
907704,08-05-2026,7527,1043,204,8,0
907705,11-05-2026,5846,1094,210,8,100
907706,04-04-2026,5538,1006,211,9,1000
907707,26-05-2026,6069,1010,216,7,100
907708,24-04-2026,6024,1047,207,7,200
907709,21-04-2026,7326,1044,206,7,100
907710,26-02-2026,6892,1070,220,2,200
907711,08-06-2026,6331,1084,215,10,100
907712,27-05-2026,5792,1094,220,2,0
907713,26-06-2026,5388,1040,206,6,100
907714,26-06-2026,7800,1092,205,9,500
907715,26-06-2026,6269,1064,202,3,500
907716,22-05-2026,6539,1099,216,7,100
907717,22-01-2026,5612,1049,218,4,50
907718,23-02-2026,7702,1053,214,5,0
907719,03-02-2026,6033,1067,209,4,0
907720,18-04-2026,5125,1007,211,3,500
907721,10-05-2026,5096,1050,217,4,50
907722,10-02-2026,5114,1042,215,4,100
907723,02-05-2026,6185,1046,204,9,0
907724,21-03-2026,5735,1073,208,6,100
907725,05-03-2026,7985,1018,205,7,200
907726,04-04-2026,7884,1016,203,4,1000
907727,03-03-2026,6113,1043,220,3,200
907728,11-02-2026,6471,1096,209,3,1000
907729,11-04-2026,6774,1056,203,7,500
907730,26-03-2026,5848,1011,224,2,50
907731,18-06-2026,6501,1044,215,10,1000
907732,01-05-2026,5016,1017,200,8,50
907733,15-03-2026,5753,1054,201,2,100
907734,13-01-2026,5090,1048,207,9,1000
907735,10-01-2026,5190,1078,216,6,1000
907736,02-05-2026,7278,1076,201,4,1000
907737,09-04-2026,6508,1058,201,5,50
907738,21-06-2026,6000,1007,219,9,100
907739,04-06-2026,7570,1001,201,10,0
907740,22-02-2026,7792,1049,217,6,0
907741,05-01-2026,6510,1091,207,4,500
907742,12-02-2026,5857,1086,209,8,200
907743,14-04-2026,7050,1077,220,8,0
907744,12-06-2026,5461,1016,201,3,500
907745,02-03-2026,7127,1058,208,7,200
907746,17-04-2026,7732,1098,224,2,50
907747,27-01-2026,6913,1069,208,9,1000
907748,09-01-2026,7100,1079,209,4,200
907749,23-01-2026,7266,1030,216,6,200
907750,31-03-2026,7700,1022,210,2,100
907751,07-02-2026,6573,1047,222,8,50
907752,04-05-2026,7444,1013,216,8,200
907753,29-04-2026,7219,1020,200,4,100
907754,02-05-2026,7506,1067,210,4,0
907755,24-06-2026,7381,1009,203,1,100
907756,22-04-2026,6571,1041,221,9,500
907757,17-05-2026,5078,1065,211,9,0
907758,27-01-2026,7898,1063,203,1,50
907759,28-06-2026,5669,1048,203,10,0
907760,01-04-2026,6540,1029,221,8,200
907761,04-03-2026,5850,1077,207,5,0
907762,27-03-2026,5008,1012,212,10,500
907763,09-03-2026,5467,1050,219,7,50
907764,27-02-2026,6572,1019,219,6,50
907765,21-05-2026,7275,1006,224,10,200
907766,16-05-2026,7215,1090,215,2,500
907767,16-06-2026,6861,1082,210,4,0
907768,28-02-2026,6036,1043,206,2,1000
907769,29-03-2026,6502,1032,223,1,50
907770,15-01-2026,7062,1083,215,8,1000
907771,22-01-2026,5000,1088,209,7,500
907772,12-06-2026,5927,1054,206,8,100
907773,25-06-2026,5591,1092,213,6,50
907774,08-06-2026,6978,1083,209,10,0
907775,16-02-2026,6662,1065,204,5,0
907776,13-01-2026,7835,1043,205,10,500
907777,08-03-2026,7274,1011,202,3,100
907778,19-02-2026,6448,1006,207,10,50
907779,02-02-2026,7594,1057,220,4,1000
907780,21-06-2026,7914,1067,206,10,200
907781,08-06-2026,6518,1062,205,8,1000
907782,11-01-2026,5370,1034,214,5,0
907783,26-03-2026,5472,1019,212,4,200
907784,28-04-2026,6184,1069,205,2,1000
907785,19-04-2026,5631,1091,219,1,1000
907786,24-01-2026,6218,1033,217,3,50
907787,19-03-2026,7394,1034,203,8,50
907788,04-06-2026,5963,1055,212,7,0
907789,27-05-2026,7387,1030,218,4,0
907790,29-05-2026,7296,1016,204,3,50
907791,09-06-2026,6577,1045,219,10,50
907792,14-01-2026,6158,1077,219,2,50
907793,07-02-2026,7965,1023,223,8,0
907794,27-03-2026,5933,1046,208,7,500
907795,17-04-2026,7192,1022,222,5,50
907796,09-04-2026,5869,1009,211,8,0
907797,10-05-2026,5231,1045,217,4,0
907798,11-06-2026,7646,1067,205,5,50
907799,22-06-2026,5304,1096,223,2,0
907800,01-05-2026,6103,1011,215,10,0
907801,23-01-2026,5920,1026,211,2,200
907802,07-02-2026,7263,1082,207,3,500
907803,15-03-2026,6961,1062,217,8,500
907804,11-05-2026,5835,1080,224,1,50
907805,03-01-2026,6458,1036,203,7,0
907806,14-06-2026,7668,1020,201,2,500
907807,07-06-2026,7239,1085,210,5,0
907808,11-03-2026,7854,1095,222,7,500
907809,30-01-2026,6021,1038,217,3,1000
907810,19-02-2026,6126,1039,222,1,50
907811,02-02-2026,6818,1073,215,4,1000
907812,07-04-2026,7437,1095,223,10,0
907813,03-02-2026,7637,1086,219,4,200
907814,25-05-2026,7573,1032,214,6,200
907815,20-03-2026,7806,1015,201,7,50
907816,03-02-2026,7083,1017,201,9,50
907817,20-02-2026,6093,1020,202,10,1000
907818,10-05-2026,5684,1067,209,9,1000
907819,28-01-2026,7858,1024,204,3,200
907820,24-01-2026,7258,1005,202,2,500
907821,14-06-2026,5953,1008,221,4,500
907822,18-04-2026,5752,1032,205,9,100
907823,02-03-2026,7727,1048,210,7,1000
907824,20-01-2026,7459,1029,201,9,100
907825,23-04-2026,6836,1021,209,7,50
907826,18-01-2026,7142,1094,202,10,1000
907827,16-01-2026,6658,1016,211,4,50
907828,09-01-2026,6791,1095,210,2,0
907829,01-01-2026,6937,1016,218,8,200
907830,29-04-2026,6623,1050,221,6,500
907831,17-01-2026,5261,1060,210,10,0
907832,01-05-2026,7869,1090,203,2,0
907833,08-03-2026,6163,1083,209,6,200
907834,22-02-2026,5512,1027,223,10,500
907835,17-06-2026,6324,1040,207,9,100
907836,09-01-2026,6837,1052,209,10,500
907837,23-01-2026,7495,1044,200,10,50
907838,21-02-2026,6046,1007,222,2,200
907839,09-01-2026,5674,1051,213,1,100
907840,22-05-2026,6787,1093,206,10,0
907841,04-02-2026,7821,1016,223,7,100
907842,06-01-2026,5560,1019,210,5,50
907843,14-03-2026,7930,1030,219,10,1000
907844,31-01-2026,6449,1060,224,5,100
907845,17-03-2026,5270,1033,211,7,200
907846,18-02-2026,6759,1081,224,9,0
907847,16-02-2026,6306,1000,219,4,200
907848,27-04-2026,7419,1086,208,3,200
907849,29-06-2026,7991,1084,208,10,1000
907850,17-01-2026,6858,1046,222,8,0
907851,01-06-2026,6686,1056,205,1,0
907852,22-01-2026,6323,1027,219,6,1000
907853,27-06-2026,6264,1011,223,1,0
907854,15-02-2026,7452,1085,217,10,500
907855,12-04-2026,5928,1001,214,2,1000
907856,02-05-2026,6230,1099,221,4,100
907857,09-06-2026,6260,1076,202,4,200
907858,21-03-2026,7631,1086,214,10,100
907859,30-04-2026,6200,1099,200,6,200
907860,06-02-2026,7624,1016,206,8,0
907861,21-05-2026,6350,1061,207,1,100
907862,05-03-2026,6576,1020,218,1,100
907863,22-06-2026,6309,1032,221,9,100
907864,22-03-2026,7242,1053,215,8,0
907865,10-02-2026,6271,1026,214,7,50
907866,11-04-2026,5050,1048,212,6,50
907867,10-04-2026,7960,1092,205,9,500
907868,13-02-2026,5335,1011,216,7,1000
907869,12-05-2026,5312,1057,217,4,500
907870,01-03-2026,7722,1077,218,8,50
907871,05-02-2026,5074,1071,213,3,1000
907872,25-03-2026,6195,1074,217,9,100
907873,18-04-2026,7229,1070,215,8,500
907874,19-06-2026,5581,1095,216,10,1000
907875,01-05-2026,7350,1074,224,2,200
907876,06-01-2026,5707,1033,201,8,1000
907877,17-03-2026,7221,1088,223,4,1000
907878,27-01-2026,6291,1090,203,3,100
907879,23-02-2026,7884,1097,215,6,0
907880,31-05-2026,6806,1029,214,4,100
907881,28-03-2026,5954,1040,216,4,200
907882,30-06-2026,7278,1041,218,3,200
907883,13-03-2026,6848,1089,214,1,50
907884,29-05-2026,5343,1049,217,10,500
907885,09-02-2026,5926,1064,203,4,200
907886,06-01-2026,6450,1003,211,10,50
907887,18-06-2026,6617,1057,214,10,0
907888,03-01-2026,7825,1096,214,7,1000
907889,03-04-2026,5143,1029,204,7,1000
907890,29-05-2026,5543,1036,216,6,100
907891,20-06-2026,7688,1007,206,2,50
907892,16-02-2026,5869,1084,210,5,50
907893,14-01-2026,5144,1018,215,9,100
907894,14-02-2026,6101,1013,221,9,500
907895,14-01-2026,7132,1034,200,5,100
907896,25-03-2026,5694,1015,218,9,500
907897,02-04-2026,6166,1086,223,3,1000
907898,28-04-2026,5075,1063,219,10,50
907899,15-03-2026,5706,1037,205,9,500
907900,09-01-2026,5219,1074,213,9,200
907901,05-06-2026,7303,1030,218,7,1000
907902,01-04-2026,6229,1047,208,5,50
907903,29-06-2026,5012,1097,212,7,500
907904,19-03-2026,7423,1054,210,9,100
907905,29-03-2026,6120,1014,215,10,200
907906,20-06-2026,7195,1080,211,7,1000
907907,27-06-2026,5056,1009,221,10,200
907908,30-01-2026,6276,1061,202,7,100
907909,02-04-2026,6846,1056,211,7,200
907910,06-02-2026,6840,1013,202,9,0
907911,28-05-2026,5866,1094,222,1,1000
907912,14-06-2026,6068,1065,214,9,1000
907913,22-04-2026,7468,1058,212,6,50
907914,06-01-2026,6838,1020,206,9,500
907915,16-02-2026,6066,1049,214,1,0
907916,21-03-2026,7033,1099,220,6,500
907917,18-01-2026,5248,1020,203,2,100
907918,16-01-2026,7476,1055,224,9,0
907919,03-05-2026,7073,1055,218,6,1000
907920,25-04-2026,7323,1013,211,4,0
907921,28-06-2026,5266,1014,224,10,200
907922,02-03-2026,6098,1005,205,10,0
907923,12-02-2026,5068,1006,219,1,200
907924,21-02-2026,5932,1082,222,8,1000
907925,27-01-2026,6200,1002,222,6,1000
907926,07-02-2026,5491,1038,216,4,200
907927,18-03-2026,7897,1068,201,10,200
907928,17-04-2026,6591,1010,203,3,1000
907929,20-05-2026,6552,1078,201,4,100
907930,28-06-2026,6219,1030,211,10,200
907931,19-05-2026,6077,1027,213,4,100
907932,21-04-2026,6166,1074,206,7,1000
907933,06-03-2026,7874,1058,208,7,200
907934,31-03-2026,7520,1067,211,5,50
907935,17-01-2026,7152,1000,214,4,200
907936,30-01-2026,7129,1051,206,7,500
907937,28-04-2026,7841,1026,209,4,200
907938,17-02-2026,5033,1068,207,5,100
907939,20-01-2026,7475,1074,209,7,100
907940,26-06-2026,5322,1039,215,9,50
907941,14-06-2026,5179,1024,205,8,1000
907942,06-06-2026,7910,1015,215,2,0
907943,21-01-2026,7095,1003,215,8,200
907944,03-01-2026,6854,1007,201,9,200
907945,07-04-2026,5245,1025,224,8,200
907946,24-04-2026,6962,1061,219,5,50
907947,27-05-2026,5018,1071,222,9,200
907948,28-06-2026,6851,1025,212,10,500
907949,08-01-2026,5912,1075,208,8,1000
907950,19-06-2026,7429,1081,224,2,1000
907951,14-04-2026,6497,1086,212,7,1000
907952,19-06-2026,7207,1054,219,4,200
907953,05-04-2026,5152,1047,223,10,1000
907954,06-05-2026,5945,1002,203,8,100
907955,10-01-2026,6565,1071,212,2,0
907956,24-02-2026,7888,1024,205,4,50
907957,19-06-2026,7952,1084,211,2,0
907958,24-04-2026,5023,1083,220,2,100
907959,30-04-2026,6278,1027,200,6,100
907960,14-03-2026,6065,1002,203,1,50
907961,02-01-2026,6325,1072,218,1,0
907962,16-04-2026,6668,1099,201,8,50
907963,01-02-2026,5805,1054,216,8,1000
907964,27-03-2026,7582,1046,206,1,50
907965,27-05-2026,6080,1088,215,5,100
907966,22-01-2026,6566,1079,203,10,500
907967,17-02-2026,7845,1024,210,10,100
907968,03-01-2026,5482,1066,206,10,1000
907969,21-03-2026,5843,1092,200,3,0
907970,15-02-2026,7791,1085,207,5,1000
907971,01-06-2026,6729,1022,202,8,200
907972,04-06-2026,6268,1078,223,1,500
907973,26-06-2026,6920,1014,210,6,50
907974,20-04-2026,5271,1025,209,8,200
907975,17-03-2026,7254,1078,221,3,1000
907976,18-03-2026,6487,1033,220,2,200
907977,14-06-2026,5529,1017,223,2,0
907978,21-06-2026,6918,1023,212,9,1000
907979,17-04-2026,7963,1095,213,5,0
907980,26-02-2026,5011,1054,210,7,200
907981,29-01-2026,6165,1000,207,8,100
907982,16-06-2026,6517,1004,204,5,500
907983,26-01-2026,7502,1029,204,1,100
907984,30-05-2026,7868,1056,222,3,1000
907985,17-04-2026,7418,1028,203,8,0
907986,09-04-2026,6578,1010,205,1,500
907987,14-03-2026,7115,1001,205,8,0
907988,02-04-2026,5696,1038,214,2,0
907989,27-04-2026,6819,1051,204,6,500
907990,22-06-2026,5286,1005,211,8,50
907991,18-02-2026,6509,1045,212,5,0
907992,16-06-2026,7378,1033,210,1,500
907993,11-01-2026,5470,1079,205,5,50
907994,17-03-2026,6036,1083,217,8,1000
907995,17-05-2026,5260,1060,219,10,200
907996,25-06-2026,5303,1016,202,1,200
907997,01-04-2026,6708,1079,222,5,1000
907998,17-04-2026,7640,1060,216,10,1000
907999,13-06-2026,7810,1071,208,7,50
908000,17-05-2026,5775,1070,220,3,50
908001,10-03-2026,5021,1071,213,8,50
908002,24-04-2026,5286,1040,206,1,500
908003,17-06-2026,7698,1046,204,9,50
908004,28-01-2026,5723,1099,220,4,50
908005,30-01-2026,5187,1025,206,9,500
908006,10-04-2026,7528,1018,220,9,500
908007,20-06-2026,6770,1073,205,1,100
908008,20-04-2026,5572,1088,216,1,1000
908009,02-05-2026,5714,1002,202,1,100
908010,17-06-2026,6952,1015,200,7,1000
908011,19-03-2026,5714,1098,208,9,1000
908012,06-01-2026,6785,1085,222,3,1000
908013,12-01-2026,6634,1067,215,7,200
908014,22-02-2026,7243,1053,202,7,100
908015,11-06-2026,7511,1092,223,6,500
908016,06-05-2026,5095,1051,200,2,50
908017,01-05-2026,5411,1098,219,5,0
908018,11-03-2026,7477,1069,203,6,50
908019,22-01-2026,5926,1098,221,4,100
908020,22-06-2026,6163,1027,223,10,50
908021,13-01-2026,6334,1031,206,10,100
908022,25-05-2026,5689,1062,202,4,1000
908023,11-03-2026,5499,1030,223,8,1000
908024,13-06-2026,5670,1087,205,8,0
908025,19-03-2026,6660,1002,220,8,500
908026,21-05-2026,5385,1016,201,8,0
908027,20-05-2026,6869,1074,201,10,100
908028,18-01-2026,7603,1055,201,5,0
908029,13-05-2026,7853,1069,222,8,1000
908030,24-05-2026,5559,1063,201,1,100
908031,02-04-2026,7975,1085,210,2,200
908032,14-02-2026,5792,1067,204,8,200
908033,10-03-2026,6759,1081,210,6,1000
908034,02-01-2026,7681,1081,216,7,500
908035,02-02-2026,5214,1084,218,10,100
908036,06-03-2026,7459,1079,205,6,500
908037,23-01-2026,5204,1017,207,9,0
908038,13-04-2026,7032,1085,217,2,50
908039,08-04-2026,5199,1021,207,4,500
908040,26-03-2026,5877,1067,218,9,1000
908041,25-06-2026,5963,1066,201,4,50
908042,29-05-2026,7775,1014,218,3,500
908043,04-06-2026,7943,1066,224,2,500
908044,11-05-2026,6068,1011,218,2,200
908045,24-05-2026,7209,1020,201,3,200
908046,09-04-2026,7475,1094,210,8,1000
908047,19-04-2026,5138,1006,224,9,1000
908048,03-03-2026,6348,1054,221,3,0
908049,25-03-2026,6010,1027,222,7,500
908050,09-04-2026,6263,1062,213,9,50
908051,02-01-2026,5413,1085,216,8,500
908052,24-02-2026,7185,1016,203,9,1000
908053,30-05-2026,6578,1047,221,9,50
908054,03-05-2026,6238,1030,223,5,1000
908055,31-03-2026,5354,1018,210,8,100
908056,03-03-2026,5598,1081,222,1,1000
908057,15-05-2026,5890,1027,207,2,0
908058,11-05-2026,5352,1050,208,10,0
908059,11-01-2026,7346,1020,202,10,500
908060,02-06-2026,7798,1066,203,2,100
908061,25-01-2026,7479,1062,215,2,0
908062,11-02-2026,6043,1035,218,1,1000
908063,23-04-2026,6558,1044,207,1,50
908064,10-01-2026,6737,1097,220,9,500
908065,19-05-2026,6272,1068,223,6,100
908066,22-03-2026,7544,1054,202,7,200
908067,13-02-2026,5224,1056,202,7,50
908068,21-02-2026,5271,1094,209,8,50
908069,11-01-2026,7317,1001,212,9,500
908070,22-01-2026,7486,1047,223,7,200
908071,02-06-2026,5033,1079,208,6,100
908072,02-01-2026,5949,1034,212,7,100
908073,23-05-2026,5362,1034,216,2,50
908074,20-02-2026,5485,1098,208,6,0
908075,19-06-2026,5007,1004,203,5,500
908076,30-01-2026,7142,1081,216,3,1000
908077,12-01-2026,7685,1091,219,4,50
908078,19-04-2026,6228,1004,218,4,200
908079,20-04-2026,6250,1014,217,8,1000
908080,02-01-2026,5942,1080,221,8,200
908081,25-03-2026,6100,1021,206,5,100
908082,01-06-2026,7252,1068,209,7,50
908083,02-01-2026,5614,1043,222,8,1000
908084,25-03-2026,5982,1049,203,1,50
908085,23-03-2026,6727,1080,213,9,0
908086,26-05-2026,6080,1025,205,9,1000
908087,18-03-2026,5844,1033,222,2,100
908088,30-06-2026,6513,1046,210,4,100
908089,24-03-2026,7147,1052,221,9,100
908090,10-06-2026,6678,1078,220,3,200
908091,04-01-2026,5882,1059,204,1,50
908092,16-06-2026,5052,1013,212,10,100
908093,17-03-2026,5001,1043,207,5,100
908094,08-01-2026,7876,1066,224,2,200
908095,02-02-2026,5410,1071,211,8,100
908096,20-01-2026,5877,1012,214,2,1000
908097,15-05-2026,7128,1093,217,6,50
908098,05-05-2026,5036,1015,213,7,100
908099,04-02-2026,6972,1028,222,4,0
908100,14-05-2026,7288,1027,221,1,50
908101,07-02-2026,7608,1011,224,6,500
908102,24-05-2026,7043,1073,211,4,100
908103,16-04-2026,5325,1092,207,4,200
908104,29-05-2026,5154,1063,212,8,0
908105,17-03-2026,6251,1080,210,10,500
908106,21-04-2026,7252,1061,224,3,100
908107,14-04-2026,7911,1005,206,5,100
908108,20-03-2026,7978,1030,223,1,1000
908109,20-04-2026,7015,1087,205,6,100
908110,12-03-2026,6956,1015,203,7,0
908111,25-05-2026,6968,1079,201,7,0
908112,01-01-2026,5374,1082,214,6,1000
908113,22-05-2026,7035,1093,201,4,0
908114,17-06-2026,6359,1047,215,10,100
908115,15-01-2026,7279,1026,207,10,0
908116,27-05-2026,6373,1069,221,7,1000
908117,23-06-2026,5758,1018,215,4,0
908118,14-06-2026,5277,1011,216,1,50
908119,30-01-2026,6156,1052,217,3,100
908120,25-05-2026,7709,1090,221,10,0
908121,30-01-2026,6920,1075,206,6,50
908122,12-06-2026,7096,1004,221,3,200
908123,21-06-2026,6041,1090,211,1,500
908124,03-02-2026,7246,1067,208,5,100
908125,01-02-2026,5142,1025,203,9,500
908126,18-01-2026,6986,1096,208,4,50
908127,10-05-2026,7481,1016,213,1,50
908128,06-04-2026,5245,1041,216,6,50
908129,29-04-2026,5049,1091,202,2,500
908130,01-02-2026,6073,1006,220,10,200
908131,10-05-2026,5574,1092,219,5,100
908132,27-05-2026,6590,1011,211,3,50
908133,18-02-2026,7458,1029,222,1,500
908134,19-03-2026,5737,1037,216,6,500
908135,18-02-2026,7812,1043,214,2,500
908136,02-06-2026,5396,1089,215,7,0
908137,01-03-2026,6706,1051,219,1,1000
908138,06-06-2026,7391,1046,211,3,50
908139,13-01-2026,5109,1077,214,2,100
908140,29-01-2026,6285,1083,202,7,1000
908141,19-06-2026,5621,1019,202,8,0
908142,23-04-2026,7978,1057,216,9,500
908143,02-01-2026,7491,1061,202,4,200
908144,10-06-2026,5213,1019,222,1,50
908145,20-03-2026,6881,1010,214,10,100
908146,20-05-2026,6430,1070,209,3,0
908147,17-01-2026,6532,1003,203,9,200
908148,27-02-2026,6926,1099,211,6,50
908149,07-06-2026,5874,1061,214,8,100
908150,18-06-2026,5310,1026,223,7,100
908151,26-06-2026,7210,1093,212,1,50
908152,09-04-2026,7262,1068,224,7,200
908153,08-01-2026,6441,1054,220,2,100
908154,14-01-2026,6135,1040,222,10,200
908155,29-03-2026,5951,1047,208,5,0
908156,14-05-2026,7183,1067,216,7,50
908157,05-05-2026,7853,1023,221,8,500
908158,18-02-2026,7032,1053,216,8,500
908159,11-03-2026,5308,1021,211,10,1000
908160,24-04-2026,7542,1053,203,2,200
908161,11-03-2026,7734,1035,213,5,50
908162,21-06-2026,6762,1090,214,10,100
908163,08-01-2026,6487,1066,221,3,50
908164,12-03-2026,6962,1057,200,6,200
908165,04-05-2026,5569,1090,211,3,1000
908166,25-03-2026,5272,1008,208,10,500
908167,21-02-2026,5021,1087,214,5,500
908168,18-04-2026,6571,1036,206,2,100
908169,04-04-2026,5158,1099,211,9,50
908170,12-02-2026,6167,1096,201,4,50
908171,05-01-2026,7567,1080,220,1,100
908172,11-01-2026,7365,1032,220,10,0
908173,07-03-2026,5141,1042,205,10,0
908174,19-04-2026,6259,1071,211,2,200
908175,10-03-2026,7393,1058,203,2,100
908176,17-04-2026,5529,1003,217,4,100
908177,03-06-2026,5385,1055,206,7,0
908178,10-06-2026,7439,1065,211,8,1000
908179,13-04-2026,5425,1066,219,10,500
908180,20-05-2026,6222,1098,204,1,1000
908181,17-01-2026,5220,1073,214,6,500
908182,15-05-2026,5233,1057,207,5,200
908183,29-01-2026,6819,1003,211,6,50
908184,18-02-2026,6652,1026,223,4,50
908185,22-06-2026,5800,1060,201,2,200
908186,07-02-2026,6488,1077,219,10,500
908187,21-03-2026,7939,1061,205,9,50
908188,20-03-2026,5631,1015,211,3,1000
908189,17-02-2026,6834,1061,218,7,1000
908190,27-03-2026,5498,1083,213,4,1000
908191,03-05-2026,6504,1047,217,10,200
908192,23-03-2026,5453,1007,207,8,1000
908193,09-03-2026,7689,1063,211,2,0
908194,06-05-2026,6811,1006,215,1,500
908195,28-02-2026,5899,1060,215,3,500
908196,22-02-2026,6522,1023,206,9,500
908197,19-01-2026,7421,1033,220,1,1000
908198,25-02-2026,6987,1066,207,10,1000
908199,30-03-2026,6518,1063,223,2,0
908200,08-01-2026,6150,1058,201,6,200
908201,10-02-2026,7773,1039,210,5,1000
908202,30-06-2026,5564,1051,202,8,50
908203,22-02-2026,6669,1067,218,2,500
908204,02-02-2026,6468,1025,206,5,0
908205,04-01-2026,7994,1085,204,3,50
908206,07-03-2026,6833,1092,224,9,50
908207,17-04-2026,7163,1034,206,9,100
908208,13-01-2026,5423,1050,224,2,500
908209,12-04-2026,5323,1002,212,5,50
908210,07-01-2026,6141,1099,201,9,200
908211,17-06-2026,7191,1090,204,3,500
908212,22-04-2026,6009,1052,212,1,200
908213,08-04-2026,5684,1060,224,8,500
908214,19-05-2026,5897,1090,207,5,50
908215,01-02-2026,7896,1002,203,2,100
908216,15-01-2026,6662,1006,210,3,500
908217,25-01-2026,5263,1081,224,4,50
908218,13-05-2026,7244,1013,200,1,1000
908219,19-06-2026,7238,1052,211,10,1000
908220,03-06-2026,7784,1035,218,3,100
908221,14-02-2026,5992,1069,212,9,100
908222,25-05-2026,6276,1038,210,1,100
908223,04-01-2026,6809,1075,219,7,500
908224,26-01-2026,5096,1048,215,6,200
908225,11-04-2026,7772,1024,200,1,100
908226,12-02-2026,5061,1069,201,9,200
908227,12-05-2026,7968,1010,212,6,500
908228,30-04-2026,5038,1074,215,8,200
908229,06-02-2026,7557,1020,216,10,50
908230,19-06-2026,7230,1082,201,8,500
908231,25-05-2026,7442,1095,207,5,100
908232,14-01-2026,7493,1067,205,1,100
908233,23-03-2026,7412,1028,208,6,200
908234,23-02-2026,7894,1058,224,3,100
908235,04-04-2026,7500,1034,210,8,500
908236,16-05-2026,5333,1092,203,1,0
908237,13-03-2026,7769,1076,207,6,0
908238,21-03-2026,6016,1076,215,3,0
908239,25-01-2026,5375,1082,216,3,50
908240,08-06-2026,7558,1053,208,2,500
908241,07-06-2026,6100,1022,213,3,100
908242,20-05-2026,5005,1059,202,5,200
908243,11-05-2026,5083,1034,206,4,0
908244,22-01-2026,7958,1015,205,1,200
908245,29-04-2026,5730,1083,209,4,500
908246,07-02-2026,7600,1021,200,8,500
908247,25-01-2026,7774,1051,208,6,1000
908248,17-01-2026,5134,1036,206,7,200
908249,12-03-2026,6330,1066,206,9,1000
908250,04-05-2026,5285,1056,211,10,0
908251,15-02-2026,5382,1049,222,3,50
908252,20-02-2026,5333,1013,222,8,500
908253,07-03-2026,5766,1080,214,6,1000
908254,01-05-2026,6313,1062,219,1,100
908255,02-01-2026,5585,1028,207,4,500
908256,19-05-2026,5253,1090,220,3,0
908257,23-06-2026,7230,1003,218,6,50
908258,17-04-2026,5269,1030,214,1,1000
908259,14-05-2026,7256,1031,202,8,50
908260,18-03-2026,5434,1013,207,9,200
908261,24-02-2026,7287,1039,214,9,500
908262,10-03-2026,5398,1047,203,4,0
908263,20-01-2026,6815,1042,216,3,500
908264,19-04-2026,7312,1029,217,9,1000
908265,21-03-2026,7017,1021,200,8,500
908266,31-05-2026,6040,1028,203,4,1000
908267,30-01-2026,7026,1055,221,9,200
908268,14-03-2026,7182,1054,221,7,200
908269,09-02-2026,7838,1048,203,8,500
908270,12-02-2026,5427,1096,203,8,200
908271,22-02-2026,7156,1049,201,6,200
908272,18-05-2026,5019,1040,219,5,200
908273,16-06-2026,7124,1039,211,9,200
908274,28-02-2026,7685,1017,222,7,0
908275,28-04-2026,7667,1029,200,2,1000
908276,23-02-2026,7733,1015,215,7,0
908277,07-05-2026,5542,1059,211,4,200
908278,07-01-2026,5684,1039,201,9,500
908279,13-01-2026,5407,1079,210,7,1000
908280,21-02-2026,5910,1027,212,10,500
908281,19-02-2026,7868,1024,203,5,0
908282,19-04-2026,6339,1003,205,10,50
908283,14-06-2026,7319,1063,216,10,100
908284,29-04-2026,6316,1007,207,6,1000
908285,28-06-2026,7313,1025,221,1,200
908286,07-03-2026,5123,1035,222,9,500
908287,29-05-2026,7516,1019,222,2,50
908288,24-02-2026,6380,1011,224,7,200
908289,07-02-2026,6813,1030,212,1,1000
908290,03-05-2026,7213,1061,209,1,1000
908291,27-02-2026,7877,1057,202,3,100
908292,11-04-2026,5911,1054,217,2,500
908293,14-05-2026,6148,1074,217,4,200
908294,16-04-2026,7027,1047,221,6,50
908295,09-06-2026,6708,1006,205,6,200
908296,26-02-2026,7309,1061,217,1,100
908297,24-05-2026,6239,1031,219,2,200
908298,17-04-2026,7682,1095,200,4,500
908299,27-03-2026,7091,1021,215,6,200
908300,13-02-2026,6657,1030,215,3,100
908301,01-06-2026,6505,1025,202,4,500
908302,19-03-2026,5723,1080,215,4,0
908303,19-02-2026,6493,1056,213,3,50
908304,09-05-2026,5667,1010,213,4,1000
908305,02-05-2026,6078,1093,202,10,50
908306,01-05-2026,5309,1081,204,4,50
908307,24-01-2026,5459,1087,209,5,1000
908308,05-06-2026,7839,1048,201,9,0
908309,20-06-2026,5064,1009,204,10,0
908310,04-06-2026,6815,1049,211,5,50
908311,29-03-2026,6141,1080,205,9,500
908312,26-06-2026,7156,1028,217,6,500
908313,02-04-2026,5442,1042,212,8,100
908314,08-06-2026,7738,1036,201,9,1000
908315,17-06-2026,7763,1083,216,2,200
908316,24-03-2026,7897,1090,211,7,500
908317,23-04-2026,7165,1073,201,5,50
908318,19-04-2026,5593,1000,206,9,500
908319,13-03-2026,6186,1086,222,7,500
908320,03-05-2026,7508,1070,204,6,50
908321,02-03-2026,7915,1071,204,2,200
908322,10-03-2026,7399,1004,210,3,0
908323,03-03-2026,5235,1055,203,9,1000
908324,22-06-2026,7352,1010,224,9,200
908325,11-02-2026,5662,1070,203,7,50
908326,10-06-2026,7697,1044,221,4,500
908327,18-05-2026,5236,1029,215,9,200
908328,10-02-2026,7580,1084,218,5,100
908329,13-04-2026,7363,1056,217,2,50
908330,22-04-2026,7486,1065,204,7,500
908331,20-04-2026,5951,1037,222,1,200
908332,20-02-2026,7443,1003,217,4,100
908333,03-03-2026,6620,1054,212,5,200
908334,10-04-2026,5027,1028,221,1,50
908335,28-02-2026,7199,1072,204,8,200
908336,11-03-2026,6886,1005,208,8,1000
908337,20-05-2026,7264,1057,220,7,200
908338,23-05-2026,7884,1086,221,8,50
908339,02-01-2026,6710,1052,205,2,500
908340,29-03-2026,7059,1018,208,2,200
908341,12-06-2026,6301,1026,218,7,50
908342,28-06-2026,6571,1091,216,3,0
908343,02-04-2026,6133,1042,206,4,500
908344,24-04-2026,7687,1094,206,8,100
908345,14-01-2026,7530,1019,212,10,200
908346,26-06-2026,6439,1019,214,8,100
908347,25-01-2026,5834,1028,218,6,200
908348,18-02-2026,5683,1091,221,1,500
908349,13-01-2026,5243,1091,216,6,100
908350,21-04-2026,6053,1021,202,8,200
908351,29-05-2026,6247,1018,204,10,0
908352,26-05-2026,6903,1085,202,7,100
908353,05-06-2026,7953,1045,203,10,200
908354,18-02-2026,7487,1036,204,2,50
908355,08-06-2026,5397,1042,208,10,500
908356,01-05-2026,7905,1013,211,5,1000
908357,07-02-2026,7976,1031,200,5,100
908358,11-01-2026,7080,1094,210,8,1000
908359,12-06-2026,5154,1040,221,9,100
908360,03-05-2026,6480,1006,218,8,50
908361,18-05-2026,5395,1005,205,1,200
908362,06-04-2026,5106,1030,218,8,1000
908363,10-06-2026,5932,1038,224,8,100
908364,18-04-2026,7767,1010,207,5,0
908365,17-06-2026,5569,1061,203,9,200
908366,23-05-2026,6680,1050,222,5,1000
908367,22-04-2026,7478,1059,201,9,50
908368,21-03-2026,7301,1094,209,10,500
908369,29-05-2026,6571,1022,203,3,50
908370,19-05-2026,6905,1020,206,1,1000
908371,08-03-2026,6265,1070,213,8,50
908372,27-06-2026,5521,1052,209,6,500
908373,27-03-2026,7915,1031,204,10,0
908374,28-01-2026,6829,1008,214,10,0
908375,02-04-2026,6810,1008,207,5,100
908376,24-04-2026,6394,1015,224,9,1000
908377,18-03-2026,6936,1003,217,10,500
908378,29-04-2026,5930,1056,222,6,100
908379,25-05-2026,7084,1086,221,5,0
908380,22-04-2026,5381,1033,215,5,200
908381,30-05-2026,6828,1085,207,2,50
908382,06-03-2026,6167,1016,203,6,50
908383,11-06-2026,5103,1039,207,6,50
908384,11-04-2026,6279,1086,216,6,1000
908385,09-05-2026,5899,1055,201,1,1000
908386,31-05-2026,5354,1040,205,10,50
908387,25-04-2026,5004,1099,210,2,0
908388,11-01-2026,5442,1042,205,6,0
908389,27-03-2026,5734,1062,205,6,1000
908390,25-01-2026,5816,1021,217,3,0
908391,26-05-2026,7667,1043,201,1,0
908392,05-02-2026,5197,1062,201,5,50
908393,15-04-2026,6523,1027,222,2,200
908394,31-03-2026,6174,1036,218,5,200
908395,18-05-2026,5753,1000,202,4,0
908396,21-03-2026,6460,1024,216,9,50
908397,25-05-2026,6629,1063,208,10,0
908398,25-03-2026,6965,1051,217,1,200
908399,15-01-2026,5650,1043,204,10,100
908400,03-05-2026,5053,1012,219,3,50
908401,20-01-2026,6985,1083,211,1,200
908402,24-04-2026,5876,1006,205,7,500
908403,29-04-2026,6612,1048,208,8,0
908404,12-03-2026,5058,1077,210,2,0
908405,28-03-2026,5579,1025,212,9,1000
908406,17-01-2026,7284,1044,210,8,200
908407,05-03-2026,6566,1009,215,4,500
908408,23-01-2026,6351,1004,218,5,100
908409,28-05-2026,5014,1040,210,10,1000
908410,31-03-2026,5379,1096,220,1,200
908411,08-03-2026,7479,1067,224,6,0
908412,07-03-2026,7038,1074,221,10,100
908413,14-02-2026,6865,1026,200,4,100
908414,04-05-2026,6429,1072,217,4,100
908415,01-06-2026,5472,1062,203,8,0
908416,15-03-2026,7161,1050,222,3,200
908417,23-05-2026,6688,1095,210,3,200
908418,22-04-2026,7863,1040,209,10,50
908419,26-06-2026,5548,1004,211,6,0
908420,02-06-2026,7097,1072,200,4,0
908421,25-06-2026,5416,1076,211,5,0
908422,12-02-2026,5533,1077,221,3,50
908423,26-03-2026,5290,1003,202,7,0
908424,11-06-2026,5034,1028,204,8,50
908425,24-01-2026,7676,1030,208,8,500
908426,11-03-2026,5897,1082,204,10,50
908427,08-02-2026,6770,1058,204,7,1000
908428,02-06-2026,5191,1066,216,1,50
908429,25-03-2026,7811,1061,201,2,50
908430,03-02-2026,6825,1004,224,9,200
908431,08-03-2026,7083,1011,203,6,100
908432,17-06-2026,7608,1061,206,6,200
908433,04-01-2026,7615,1077,200,3,50
908434,25-03-2026,5560,1048,203,10,100
908435,15-04-2026,7817,1053,220,4,1000
908436,10-06-2026,5782,1037,207,2,200
908437,21-01-2026,6811,1062,215,3,50
908438,23-04-2026,5735,1006,221,8,100
908439,09-05-2026,7261,1033,216,2,50
908440,17-04-2026,6584,1075,205,2,200
908441,05-03-2026,7835,1081,202,4,1000
908442,05-02-2026,6743,1073,204,10,1000
908443,10-02-2026,5272,1039,218,9,200
908444,27-02-2026,5153,1023,200,6,0
908445,20-02-2026,7612,1002,219,5,0
908446,20-02-2026,7817,1043,216,8,0
908447,30-05-2026,7049,1054,213,10,0
908448,01-04-2026,5725,1066,211,2,1000
908449,23-04-2026,5084,1090,203,10,50
908450,17-06-2026,7670,1080,223,3,100
908451,24-03-2026,5915,1075,201,9,500
908452,15-05-2026,7117,1076,212,1,50
908453,08-04-2026,7917,1053,219,6,200
908454,07-04-2026,7137,1028,221,2,50
908455,04-06-2026,5368,1078,212,8,200
908456,22-02-2026,7748,1009,224,10,50
908457,10-06-2026,5494,1085,223,8,50
908458,28-06-2026,5821,1026,215,1,500
908459,05-06-2026,7392,1099,202,5,200
908460,09-02-2026,6669,1018,209,7,50
908461,04-03-2026,5253,1090,205,1,200
908462,06-03-2026,5062,1085,207,8,100
908463,13-05-2026,5992,1079,209,1,0
908464,20-02-2026,6082,1028,201,4,100
908465,26-01-2026,7677,1053,208,10,1000
908466,18-04-2026,6250,1001,208,8,0
908467,02-01-2026,7347,1023,201,6,500
908468,26-02-2026,5184,1034,207,10,1000
908469,12-06-2026,7338,1026,218,4,0
908470,24-01-2026,7203,1053,203,8,200
908471,02-02-2026,7140,1079,218,9,0
908472,28-01-2026,6036,1052,207,7,50
908473,22-02-2026,5691,1057,221,9,100
908474,01-06-2026,5030,1096,200,9,200
908475,16-05-2026,7884,1093,206,3,0
908476,07-05-2026,7506,1005,207,2,1000
908477,16-03-2026,6617,1075,207,7,500
908478,11-01-2026,7097,1048,220,2,0
908479,11-03-2026,7170,1085,204,3,100
908480,28-02-2026,5654,1090,222,8,200
908481,07-02-2026,6629,1010,203,2,100
908482,12-02-2026,5232,1065,219,7,200
908483,21-01-2026,6146,1003,205,6,1000
908484,02-04-2026,7670,1013,224,4,100
908485,27-01-2026,6387,1087,216,7,500
908486,14-05-2026,6045,1024,202,8,0
908487,31-01-2026,6646,1005,203,4,200
908488,15-06-2026,6616,1059,204,5,500
908489,20-03-2026,6271,1004,206,2,200
908490,10-01-2026,7692,1000,224,1,50
908491,04-06-2026,6375,1079,212,5,500
908492,01-06-2026,7211,1045,215,10,50
908493,26-06-2026,6021,1011,211,6,0
908494,29-04-2026,6026,1078,212,8,50
908495,13-04-2026,7816,1093,204,10,0
908496,08-03-2026,5314,1093,209,1,200
908497,03-01-2026,6041,1064,203,2,0
908498,24-03-2026,5066,1059,219,4,100
908499,07-05-2026,7742,1055,216,3,1000
908500,15-04-2026,7404,1076,209,4,1000
908501,05-04-2026,5447,1035,205,1,500
908502,15-02-2026,5722,1060,212,10,100
908503,24-02-2026,5239,1029,213,6,500
908504,04-05-2026,7964,1006,216,7,1000
908505,03-01-2026,7704,1004,218,5,100
908506,10-06-2026,7876,1037,210,8,1000
908507,29-04-2026,7068,1013,212,1,50
908508,15-06-2026,5469,1074,203,6,0
908509,10-05-2026,6772,1034,218,6,200
908510,15-02-2026,6014,1065,223,8,500
908511,19-04-2026,5693,1076,201,2,1000
908512,21-03-2026,5024,1001,204,10,200
908513,06-05-2026,6049,1089,214,5,100
908514,26-06-2026,7486,1021,216,6,500
908515,28-04-2026,5412,1095,210,8,0
908516,09-05-2026,6904,1057,209,2,500
908517,10-06-2026,7382,1028,201,8,50
908518,02-02-2026,6853,1098,217,1,0
908519,01-01-2026,6009,1019,203,3,100
908520,24-03-2026,6889,1070,214,3,100
908521,09-04-2026,7459,1060,218,2,200
908522,16-01-2026,7637,1021,219,9,100
908523,16-05-2026,6444,1006,207,8,200
908524,03-04-2026,5662,1073,204,7,100
908525,26-06-2026,6878,1044,200,4,0
908526,05-04-2026,7164,1002,214,3,100
908527,12-03-2026,7165,1067,213,7,50
908528,21-03-2026,5163,1077,218,8,1000
908529,04-05-2026,7889,1035,206,5,1000
908530,14-02-2026,6531,1094,217,8,1000
908531,18-04-2026,6378,1006,204,3,100
908532,09-03-2026,5673,1033,203,8,100
908533,03-04-2026,5935,1046,203,5,200
908534,26-01-2026,7584,1083,200,9,1000
908535,20-01-2026,5256,1072,220,2,50
908536,13-02-2026,7161,1072,224,1,1000
908537,25-06-2026,7830,1037,224,6,100
908538,17-04-2026,7477,1033,212,9,100
908539,03-06-2026,7133,1071,206,8,50
908540,13-01-2026,5395,1006,211,9,200
908541,21-06-2026,7844,1048,217,8,1000
908542,27-04-2026,7702,1015,218,8,1000
908543,14-01-2026,6140,1011,214,3,200
908544,29-04-2026,5008,1002,211,10,50
908545,15-03-2026,6058,1066,208,6,50
908546,27-02-2026,5657,1062,221,3,100
908547,14-04-2026,6309,1049,203,9,100
908548,22-04-2026,7426,1002,207,5,50
908549,18-06-2026,7081,1093,208,3,1000
908550,08-05-2026,5443,1071,212,5,50
908551,07-03-2026,7812,1068,200,3,50
908552,12-06-2026,5102,1088,210,9,0
908553,28-04-2026,5955,1086,223,7,50
908554,14-02-2026,6707,1012,215,3,200
908555,15-02-2026,7709,1094,203,7,500
908556,19-02-2026,5407,1067,200,10,0
908557,15-02-2026,7385,1082,213,8,500
908558,22-05-2026,6999,1053,223,5,200
908559,15-01-2026,5919,1069,204,3,1000
908560,24-01-2026,6794,1064,204,2,50
908561,02-01-2026,7553,1016,221,4,1000
908562,01-02-2026,5157,1090,209,7,1000
908563,25-05-2026,6245,1041,216,8,0
908564,11-04-2026,7056,1015,208,2,200
908565,15-05-2026,7383,1096,213,8,50
908566,28-02-2026,5547,1055,202,4,0
908567,11-05-2026,5601,1064,208,7,500
908568,03-06-2026,7345,1070,214,2,50
908569,08-01-2026,5325,1040,223,8,100
908570,13-03-2026,7731,1093,201,2,0
908571,22-02-2026,5416,1093,213,5,100
908572,22-04-2026,6463,1077,218,7,1000
908573,24-01-2026,7681,1063,205,5,100
908574,16-02-2026,7615,1036,211,2,200
908575,21-02-2026,5215,1092,206,1,50
908576,28-01-2026,5353,1073,200,4,50
908577,03-02-2026,5172,1047,210,1,1000
908578,24-01-2026,6328,1009,204,7,1000
908579,24-01-2026,7049,1069,217,8,200
908580,11-02-2026,6340,1061,210,4,0
908581,16-02-2026,5893,1047,203,4,50
908582,06-02-2026,7809,1042,222,2,0
908583,23-04-2026,6417,1029,217,2,500
908584,03-04-2026,7115,1088,224,3,0
908585,14-06-2026,6365,1060,219,9,200
908586,26-01-2026,6627,1081,207,3,0
908587,11-02-2026,5791,1007,209,10,1000
908588,05-01-2026,5316,1032,221,9,500
908589,10-05-2026,5849,1089,202,5,500
908590,28-03-2026,5437,1073,208,9,200
908591,04-04-2026,7952,1058,201,10,100
908592,21-06-2026,6869,1048,206,8,200
908593,23-03-2026,6326,1069,213,6,100
908594,23-02-2026,5834,1002,217,8,100
908595,24-01-2026,5176,1024,201,8,200
908596,13-02-2026,7136,1036,216,2,0
908597,26-06-2026,5258,1007,214,1,100
908598,28-01-2026,6608,1021,219,9,100
908599,15-04-2026,5489,1098,203,8,1000
908600,09-01-2026,6985,1019,211,1,0
908601,01-01-2026,7741,1081,202,7,1000
908602,19-01-2026,7355,1083,212,10,1000
908603,28-06-2026,7673,1090,217,5,100
908604,14-06-2026,6457,1096,209,3,500
908605,28-05-2026,7069,1047,201,1,50
908606,02-02-2026,5409,1044,202,6,200
908607,21-06-2026,6470,1074,221,9,100
908608,11-06-2026,7749,1092,203,9,500
908609,08-01-2026,7189,1014,217,4,500
908610,24-02-2026,7251,1068,224,3,0
908611,19-06-2026,5688,1041,218,9,1000
908612,17-05-2026,6827,1012,210,9,0
908613,01-04-2026,6297,1038,205,7,0
908614,25-04-2026,6814,1067,200,5,100
908615,19-01-2026,5582,1040,200,2,50
908616,16-05-2026,6004,1049,207,7,0
908617,13-06-2026,5651,1089,211,5,50
908618,11-03-2026,7097,1036,223,3,100
908619,08-01-2026,6320,1009,200,2,100
908620,10-02-2026,5469,1026,201,5,100
908621,30-05-2026,5525,1032,213,1,1000
908622,23-04-2026,5798,1093,210,3,100
908623,09-06-2026,5323,1061,202,8,1000
908624,28-01-2026,5908,1051,202,5,1000
908625,18-06-2026,6606,1022,204,1,200
908626,02-01-2026,7858,1053,208,1,1000
908627,22-06-2026,7340,1034,214,6,200
908628,20-04-2026,5637,1043,213,3,0
908629,28-03-2026,5419,1006,218,9,50
908630,21-02-2026,6083,1004,212,2,100
908631,21-04-2026,5435,1019,208,2,0
908632,05-05-2026,5690,1045,207,9,1000
908633,09-04-2026,7793,1077,215,4,0
908634,15-05-2026,7826,1073,203,9,100
908635,25-02-2026,6622,1043,204,8,50
908636,05-05-2026,5994,1034,220,4,50
908637,17-04-2026,6450,1078,208,5,500
908638,24-03-2026,7524,1029,215,9,50
908639,19-03-2026,6122,1007,224,3,0
908640,21-03-2026,5214,1055,221,6,500
908641,04-03-2026,6109,1042,223,2,100
908642,31-03-2026,7734,1083,208,9,1000
908643,10-05-2026,5653,1031,202,9,0
908644,10-01-2026,7986,1018,213,5,0
908645,07-02-2026,5183,1062,216,4,200
908646,09-01-2026,6457,1098,221,3,100
908647,22-05-2026,6447,1063,214,3,500
908648,17-06-2026,7159,1094,211,6,0
908649,12-06-2026,7883,1028,221,1,100
908650,29-05-2026,7155,1056,213,9,0
908651,07-05-2026,5519,1047,201,10,0
908652,19-01-2026,7420,1068,210,4,100
908653,13-03-2026,5983,1087,220,10,50
908654,09-03-2026,7854,1072,214,3,0
908655,01-01-2026,5956,1079,216,10,200
908656,24-03-2026,7433,1082,224,9,500
908657,18-06-2026,6242,1093,224,3,500
908658,15-03-2026,7193,1061,212,9,1000
908659,22-06-2026,5701,1062,213,5,0
908660,27-02-2026,7057,1035,202,7,200
908661,24-01-2026,5721,1027,201,5,200
908662,27-03-2026,6799,1090,215,10,1000
908663,03-01-2026,6924,1025,216,9,1000
908664,09-01-2026,6413,1024,216,7,100
908665,08-03-2026,6742,1057,216,10,500
908666,12-05-2026,5934,1000,200,8,50
908667,15-02-2026,7752,1061,202,1,500
908668,12-02-2026,6294,1025,211,1,200
908669,19-02-2026,6222,1032,221,5,50
908670,23-05-2026,6839,1057,222,9,200
908671,06-01-2026,7700,1030,201,10,50
908672,12-06-2026,6007,1042,206,10,1000
908673,05-05-2026,5768,1023,201,2,1000
908674,21-03-2026,6957,1075,216,9,0
908675,29-04-2026,6621,1083,215,6,100
908676,14-01-2026,7022,1086,223,6,0
908677,02-01-2026,6586,1067,209,1,100
908678,25-01-2026,7135,1079,209,2,500
908679,29-06-2026,5177,1028,224,9,0
908680,02-01-2026,5877,1057,218,3,1000
908681,28-04-2026,7852,1094,220,10,200
908682,16-03-2026,6004,1089,222,9,0
908683,19-03-2026,5175,1048,206,7,0
908684,28-05-2026,7828,1015,206,4,500
908685,15-03-2026,6303,1023,211,2,1000
908686,24-05-2026,5934,1040,221,2,1000
908687,27-01-2026,7787,1082,220,7,0
908688,17-05-2026,6569,1005,224,1,0
908689,25-01-2026,5103,1041,204,2,50
908690,11-02-2026,5884,1042,200,3,50
908691,01-04-2026,7704,1084,201,3,50
908692,01-02-2026,5794,1092,208,5,0
908693,09-06-2026,5671,1056,221,7,200
908694,26-04-2026,7809,1075,214,2,1000
908695,14-06-2026,7182,1000,220,6,200
908696,15-04-2026,7199,1062,212,2,500
908697,09-05-2026,5475,1004,211,3,50
908698,16-04-2026,7350,1002,215,6,1000
908699,03-04-2026,5579,1016,203,5,200
908700,17-04-2026,7603,1004,204,9,1000
908701,06-03-2026,7844,1072,209,1,0
908702,13-05-2026,6273,1018,212,4,1000
908703,01-01-2026,7791,1038,217,5,1000
908704,30-03-2026,6678,1066,208,5,100
908705,02-04-2026,6438,1080,206,5,200
908706,26-01-2026,6193,1088,223,4,1000
908707,21-02-2026,5808,1082,220,10,0
908708,20-02-2026,5851,1003,213,8,200
908709,08-05-2026,7793,1075,200,3,1000
908710,07-02-2026,7932,1029,206,3,500
908711,19-01-2026,5046,1021,218,7,500
908712,20-04-2026,6501,1093,205,10,200
908713,09-05-2026,5540,1043,217,3,1000
908714,02-01-2026,5677,1006,206,3,1000
908715,17-01-2026,5731,1042,203,5,100
908716,29-01-2026,7035,1013,207,10,200
908717,29-05-2026,7487,1064,215,8,200
908718,25-03-2026,7612,1038,222,2,1000
908719,15-01-2026,5254,1026,216,10,0
908720,22-02-2026,6555,1063,216,8,200
908721,30-04-2026,6960,1020,222,2,50
908722,06-03-2026,7820,1095,203,1,50
908723,06-02-2026,5592,1011,202,2,200
908724,28-01-2026,7186,1006,222,4,50
908725,12-06-2026,7542,1032,209,9,500
908726,22-04-2026,7553,1099,205,1,0
908727,12-02-2026,5892,1059,212,10,500
908728,10-01-2026,7100,1080,216,1,100
908729,11-06-2026,6028,1087,218,6,1000
908730,07-03-2026,7919,1018,224,4,1000
908731,01-01-2026,7369,1055,201,7,0
908732,10-04-2026,6364,1030,208,2,50
908733,22-04-2026,5824,1017,210,9,50
908734,02-04-2026,7852,1059,222,7,0
908735,01-01-2026,6212,1033,219,2,100
908736,03-02-2026,5370,1098,211,5,100
908737,21-04-2026,6296,1069,206,6,1000
908738,10-04-2026,6423,1009,206,1,500
908739,22-01-2026,5380,1050,222,1,50
908740,08-06-2026,5128,1063,222,4,200
908741,05-06-2026,5192,1014,220,7,100
908742,04-06-2026,7017,1028,200,5,50
908743,29-06-2026,6291,1047,201,5,100
908744,21-01-2026,5501,1052,216,7,200
908745,22-03-2026,6658,1084,202,1,1000
908746,28-04-2026,5395,1006,222,6,200
908747,15-02-2026,6882,1043,213,10,0
908748,21-04-2026,5975,1065,211,3,50
908749,14-06-2026,6989,1035,208,8,50
908750,07-02-2026,6739,1073,205,8,1000
908751,02-06-2026,7065,1079,214,5,100
908752,06-02-2026,6884,1074,218,2,100
908753,23-06-2026,5693,1020,208,8,500
908754,08-03-2026,5929,1004,210,6,1000
908755,14-05-2026,6932,1011,222,4,50
908756,13-01-2026,6642,1020,221,1,500
908757,03-06-2026,6822,1052,206,4,0
908758,22-03-2026,7703,1093,212,1,1000
908759,19-02-2026,7227,1084,203,9,500
908760,06-04-2026,7841,1060,208,1,500
908761,26-04-2026,7255,1027,206,8,100
908762,29-05-2026,6444,1027,217,7,0
908763,05-03-2026,6981,1004,209,2,50
908764,09-06-2026,7066,1094,208,10,500
908765,29-05-2026,7654,1000,207,4,0
908766,18-01-2026,7067,1017,216,9,0
908767,12-04-2026,5513,1029,222,10,100
908768,30-03-2026,7088,1075,203,5,1000
908769,01-03-2026,5811,1043,210,7,200
908770,21-01-2026,6116,1026,206,10,500
908771,03-04-2026,7275,1044,201,6,50
908772,17-03-2026,7167,1059,209,5,1000
908773,02-02-2026,7067,1066,209,5,500
908774,19-01-2026,5113,1066,219,2,0
908775,28-06-2026,5477,1011,204,2,1000
908776,19-06-2026,5507,1090,207,2,500
908777,26-01-2026,5973,1015,213,4,500
908778,08-03-2026,7177,1046,217,2,1000
908779,22-01-2026,5522,1077,215,8,500
908780,30-04-2026,5455,1022,220,10,50
908781,30-06-2026,7819,1075,206,2,100
908782,16-06-2026,5656,1032,206,4,100
908783,16-03-2026,7190,1007,203,8,1000
908784,09-03-2026,5590,1065,202,9,1000
908785,14-04-2026,6165,1036,204,5,0
908786,16-02-2026,6656,1081,224,10,200
908787,30-03-2026,5606,1044,216,6,0
908788,02-06-2026,6367,1090,213,8,100
908789,23-02-2026,5775,1011,222,10,200
908790,18-04-2026,5445,1025,205,3,100
908791,28-03-2026,7722,1070,204,4,1000
908792,03-04-2026,6552,1019,204,10,0
908793,29-06-2026,6300,1026,206,2,50
908794,06-02-2026,7040,1063,215,9,100
908795,15-01-2026,6648,1032,206,9,500
908796,09-04-2026,6465,1035,208,7,50
908797,24-05-2026,5720,1091,218,7,500
908798,25-01-2026,7494,1080,212,8,200
908799,18-01-2026,6052,1095,217,2,1000
908800,16-04-2026,5826,1002,216,9,50
908801,27-01-2026,5882,1089,217,9,200
908802,13-05-2026,5658,1095,224,7,0
908803,16-04-2026,7783,1060,219,6,50
908804,25-03-2026,7487,1054,220,6,50
908805,21-03-2026,6633,1064,217,2,500
908806,03-01-2026,6329,1059,213,5,100
908807,20-01-2026,6571,1092,202,6,100
908808,23-03-2026,6273,1077,212,1,500
908809,18-05-2026,7220,1072,216,7,200
908810,12-01-2026,7802,1028,216,7,500
908811,14-02-2026,5764,1051,222,2,500
908812,30-01-2026,5705,1074,206,7,1000
908813,08-04-2026,5341,1078,211,5,0
908814,19-01-2026,6346,1097,205,6,100
908815,07-06-2026,5586,1021,203,1,200
908816,05-05-2026,6997,1090,217,8,200
908817,17-04-2026,5992,1094,204,9,500
908818,26-06-2026,6375,1051,212,1,0
908819,15-02-2026,7010,1083,202,6,500
908820,01-04-2026,6709,1050,217,6,500
908821,09-03-2026,7877,1002,212,6,100
908822,21-05-2026,6493,1098,219,3,200
908823,05-01-2026,6106,1088,213,1,1000
908824,28-06-2026,6261,1052,212,5,0
908825,28-05-2026,6607,1016,208,9,0
908826,06-02-2026,5019,1025,218,4,1000
908827,04-06-2026,6702,1068,220,5,0
908828,18-02-2026,7478,1070,208,6,500
908829,14-03-2026,7565,1089,207,2,50
908830,31-01-2026,6440,1079,215,9,500
908831,16-03-2026,5170,1076,218,4,100
908832,31-03-2026,6106,1025,217,3,1000
908833,26-04-2026,6340,1041,205,3,1000
908834,03-04-2026,7318,1027,218,7,200
908835,18-06-2026,7009,1080,210,9,50
908836,06-02-2026,6230,1020,214,7,200
908837,01-03-2026,7053,1098,217,7,100
908838,28-01-2026,6991,1046,211,2,50
908839,24-02-2026,5485,1010,218,9,200
908840,25-02-2026,7935,1039,203,7,0
908841,17-05-2026,6866,1062,219,9,500
908842,10-06-2026,7181,1050,224,9,500
908843,03-03-2026,5860,1016,221,10,500
908844,21-06-2026,7069,1083,205,3,100
908845,26-06-2026,5165,1002,201,9,1000
908846,05-06-2026,7632,1082,212,10,0
908847,20-03-2026,7926,1036,223,3,50
908848,29-03-2026,6543,1070,211,10,100
908849,24-06-2026,6912,1054,204,4,200
908850,29-04-2026,5196,1005,222,4,0
908851,05-03-2026,5904,1092,208,4,0
908852,04-01-2026,6644,1026,213,6,500
908853,27-03-2026,7280,1039,208,4,500
908854,21-06-2026,5764,1087,206,5,200
908855,23-06-2026,7912,1047,204,10,500
908856,14-02-2026,6328,1029,210,8,50
908857,27-01-2026,7175,1011,200,5,200
908858,28-02-2026,7824,1015,200,5,200
908859,03-04-2026,6280,1052,200,7,1000
908860,18-05-2026,5017,1061,220,8,0
908861,14-02-2026,6485,1065,217,10,1000
908862,30-06-2026,5666,1076,204,4,100
908863,30-06-2026,7192,1001,202,8,0
908864,29-04-2026,6541,1068,224,10,1000
908865,16-05-2026,7421,1076,212,10,0
908866,23-06-2026,6552,1097,204,1,500
908867,14-01-2026,6817,1051,221,3,50
908868,20-06-2026,5741,1092,209,3,1000
908869,07-04-2026,6934,1030,224,1,500
908870,02-01-2026,6788,1061,212,2,500
908871,25-06-2026,7788,1014,214,10,0
908872,05-05-2026,6414,1066,219,7,50
908873,19-06-2026,6055,1097,212,3,200
908874,29-03-2026,7473,1034,224,3,0
908875,05-05-2026,7750,1046,209,3,100
908876,04-05-2026,6546,1059,220,2,1000
908877,25-04-2026,5080,1034,224,8,1000
908878,06-03-2026,5443,1065,220,3,50
908879,07-02-2026,7568,1034,204,1,200
908880,05-04-2026,6011,1072,221,6,500
908881,18-04-2026,5923,1011,217,10,100
908882,19-05-2026,6303,1066,206,5,200
908883,24-06-2026,7752,1046,203,10,500
908884,25-01-2026,6537,1074,205,2,0
908885,19-05-2026,6405,1031,201,10,100
908886,14-02-2026,7090,1011,218,7,500
908887,22-02-2026,6127,1091,206,5,0
908888,24-01-2026,5487,1088,220,3,200
908889,25-03-2026,5982,1017,203,9,0
908890,22-02-2026,7836,1061,217,4,200
908891,23-05-2026,7493,1013,202,7,100
908892,14-06-2026,6642,1001,207,10,200
908893,28-01-2026,7082,1051,209,9,1000
908894,20-05-2026,7332,1072,217,8,50
908895,10-01-2026,5065,1010,222,1,200
908896,07-06-2026,5136,1026,200,6,0
908897,10-04-2026,6616,1052,220,9,200
908898,11-03-2026,7025,1065,204,1,1000
908899,08-02-2026,6422,1033,201,2,200
908900,22-04-2026,5169,1077,220,6,0
908901,13-05-2026,5602,1010,220,1,500
908902,31-05-2026,6396,1022,206,2,1000
908903,31-03-2026,7491,1021,215,4,100
908904,06-05-2026,5077,1013,224,9,500
908905,17-06-2026,6700,1066,211,8,0
908906,17-06-2026,5151,1041,224,6,0
908907,03-01-2026,5932,1076,205,8,0
908908,23-02-2026,6808,1023,221,2,1000
908909,02-05-2026,6446,1093,217,4,0
908910,25-04-2026,7011,1017,201,9,1000
908911,27-04-2026,7704,1004,221,10,100
908912,12-02-2026,6339,1060,212,2,0
908913,18-01-2026,7084,1089,205,2,0
908914,05-03-2026,6240,1035,224,10,50
908915,12-03-2026,6634,1073,204,3,50
908916,21-04-2026,6684,1081,222,2,500
908917,04-01-2026,5297,1002,203,7,200
908918,10-04-2026,7861,1041,212,2,0
908919,18-01-2026,6489,1065,201,2,0
908920,23-05-2026,7100,1093,200,10,50
908921,06-06-2026,6286,1027,219,2,50
908922,05-05-2026,5424,1095,222,6,50
908923,16-01-2026,5573,1073,203,2,500
908924,14-05-2026,5957,1017,204,10,500
908925,24-01-2026,6187,1072,200,4,200
908926,13-06-2026,6251,1033,204,10,200
908927,01-04-2026,6326,1091,217,4,0
908928,06-06-2026,6802,1081,204,10,500
908929,20-03-2026,6776,1054,216,9,1000
908930,03-01-2026,6871,1024,204,4,100
908931,04-05-2026,7264,1058,201,6,100
908932,19-01-2026,5719,1095,200,8,1000
908933,10-01-2026,7906,1046,219,6,500
908934,07-01-2026,6122,1003,223,9,1000
908935,09-05-2026,7249,1099,213,4,50
908936,13-05-2026,5639,1090,216,3,0
908937,07-04-2026,6746,1051,220,2,200
908938,09-03-2026,7732,1085,201,7,100
908939,28-06-2026,5742,1087,221,3,1000
908940,26-04-2026,5014,1075,207,2,500
908941,07-04-2026,6391,1066,221,10,500
908942,03-02-2026,5770,1056,211,3,500
908943,31-03-2026,7514,1022,200,6,500
908944,12-05-2026,7224,1040,206,3,0
908945,30-04-2026,7909,1046,201,10,0
908946,04-05-2026,7096,1024,203,6,0
908947,21-04-2026,6478,1049,217,2,500
908948,22-03-2026,7445,1044,224,1,0
908949,09-03-2026,7824,1014,201,4,200
908950,15-05-2026,7862,1059,221,2,50
908951,24-05-2026,5422,1044,208,1,200
908952,17-04-2026,5943,1056,223,2,500
908953,05-04-2026,6328,1024,224,4,50
908954,04-01-2026,6071,1098,202,2,1000
908955,12-06-2026,5758,1008,209,6,200
908956,12-03-2026,6987,1032,202,7,500
908957,19-03-2026,7571,1076,203,8,200
908958,02-01-2026,7660,1018,200,10,500
908959,20-05-2026,5989,1051,203,1,200
908960,07-06-2026,7684,1055,204,4,100
908961,18-01-2026,6544,1096,222,9,50
908962,17-05-2026,5532,1044,209,4,100
908963,28-06-2026,7594,1051,217,3,50
908964,03-04-2026,5674,1079,224,3,500
908965,29-01-2026,6494,1090,224,4,200
908966,18-02-2026,5895,1082,222,3,500
908967,23-04-2026,7705,1058,201,8,50
908968,23-04-2026,7563,1000,201,7,0
908969,30-04-2026,5706,1027,218,9,0
908970,18-04-2026,5593,1042,213,2,1000
908971,13-05-2026,7244,1060,224,9,100
908972,22-01-2026,6424,1007,214,7,500
908973,28-01-2026,5114,1006,211,6,500
908974,23-05-2026,6285,1014,219,6,500
908975,21-06-2026,5063,1098,221,8,1000
908976,06-02-2026,5427,1070,210,3,0
908977,21-06-2026,7814,1059,218,7,0
908978,30-05-2026,7124,1022,214,9,100
908979,22-05-2026,5580,1001,218,6,0
908980,18-06-2026,5879,1032,211,1,1000
908981,23-05-2026,5689,1034,224,1,0
908982,20-05-2026,6518,1084,224,8,200
908983,07-04-2026,5272,1052,215,9,200
908984,01-06-2026,6720,1016,220,7,0
908985,23-03-2026,5005,1039,203,1,0
908986,09-01-2026,5293,1044,223,9,50
908987,04-04-2026,5136,1007,211,9,50
908988,15-03-2026,5957,1031,224,9,1000
908989,30-05-2026,7960,1058,204,1,0
908990,23-04-2026,7676,1082,212,10,100
908991,12-04-2026,6799,1065,215,4,500
908992,03-06-2026,6384,1053,212,6,500
908993,02-05-2026,7593,1059,216,10,100
908994,25-04-2026,7723,1072,206,10,0
908995,02-05-2026,5146,1005,207,6,50
908996,26-04-2026,5687,1007,224,1,200
908997,13-01-2026,5700,1026,202,6,1000
908998,23-02-2026,7449,1069,206,9,100
908999,09-05-2026,6891,1019,204,2,0
909000,20-06-2026,6944,1021,222,7,1000
909001,30-05-2026,7201,1069,224,1,500
909002,24-02-2026,5420,1042,212,1,0
909003,15-06-2026,7480,1093,207,7,0
909004,27-05-2026,6478,1002,223,1,50
909005,12-02-2026,5054,1073,220,3,500
909006,14-06-2026,5932,1095,222,5,50
909007,09-02-2026,7670,1079,204,3,500
909008,06-03-2026,7196,1077,213,2,100
909009,01-05-2026,5685,1078,202,5,50
909010,05-02-2026,7108,1004,202,4,500
909011,01-06-2026,6795,1041,201,2,0
909012,10-01-2026,5431,1016,200,5,50
909013,23-01-2026,7760,1049,211,1,200
909014,08-01-2026,7167,1069,206,9,0
909015,08-06-2026,5614,1088,223,4,50
909016,07-04-2026,5633,1053,204,5,0
909017,11-01-2026,5781,1038,206,6,0
909018,15-02-2026,7623,1070,216,5,100
909019,14-01-2026,6525,1041,209,2,200
909020,20-04-2026,6591,1094,224,5,100
909021,24-02-2026,7662,1007,202,8,0
909022,17-06-2026,6839,1033,216,9,0
909023,30-03-2026,6636,1014,218,9,50
909024,09-05-2026,7298,1090,219,4,50
909025,06-01-2026,7188,1030,205,9,1000
909026,04-05-2026,7148,1023,216,2,0
909027,24-03-2026,5599,1013,221,6,1000
909028,14-02-2026,5092,1096,201,10,50
909029,19-04-2026,5165,1082,203,4,50
909030,28-03-2026,5739,1077,223,9,50
909031,12-05-2026,5427,1018,224,3,1000
909032,04-02-2026,6240,1077,207,6,50
909033,27-03-2026,6686,1089,219,6,50
909034,19-03-2026,6412,1046,221,8,100
909035,14-01-2026,6434,1068,214,5,50
909036,31-03-2026,7611,1081,224,9,50
909037,27-02-2026,6954,1069,215,8,1000
909038,17-06-2026,5770,1022,222,8,100
909039,16-04-2026,7362,1036,215,3,200
909040,26-05-2026,5317,1080,201,4,200
909041,22-05-2026,7795,1030,210,4,0
909042,23-04-2026,7247,1039,212,5,1000
909043,15-05-2026,6169,1076,206,3,0
909044,06-04-2026,5557,1006,222,4,50
909045,11-02-2026,5961,1043,222,6,500
909046,16-03-2026,5402,1091,212,4,500
909047,01-04-2026,5067,1092,215,4,0
909048,24-05-2026,7896,1002,200,8,0
909049,14-06-2026,5543,1015,202,1,0
909050,11-02-2026,5712,1044,216,4,0
909051,16-06-2026,7995,1098,216,3,1000
909052,14-03-2026,6907,1004,202,6,100
909053,15-01-2026,5590,1062,218,2,0
909054,16-03-2026,7537,1051,204,6,1000
909055,02-04-2026,7726,1001,209,3,1000
909056,09-05-2026,7200,1030,213,10,0
909057,29-05-2026,6051,1052,210,2,50
909058,22-06-2026,6867,1082,208,5,200
909059,17-02-2026,5088,1076,221,1,50
909060,03-06-2026,5162,1004,202,8,0
909061,28-02-2026,7622,1054,217,7,0
909062,09-04-2026,5446,1014,221,4,0
909063,18-04-2026,7208,1021,222,1,1000
909064,01-05-2026,6875,1080,224,4,50
909065,07-05-2026,5512,1017,210,3,500
909066,12-03-2026,5791,1074,224,5,0
909067,02-04-2026,6579,1088,212,1,50
909068,03-03-2026,6855,1093,206,10,0
909069,27-05-2026,6985,1095,220,9,0
909070,20-06-2026,5752,1079,206,1,1000
909071,26-05-2026,5097,1082,210,8,200
909072,02-06-2026,7680,1059,214,10,100
909073,23-02-2026,5669,1011,218,8,500
909074,22-05-2026,7323,1034,224,3,0
909075,27-02-2026,5823,1059,213,5,0
909076,14-04-2026,6808,1058,209,3,0
909077,17-05-2026,6479,1067,210,4,0
909078,23-03-2026,5347,1086,206,3,200
909079,16-05-2026,6424,1024,205,6,50
909080,28-05-2026,6325,1037,216,5,500
909081,16-01-2026,5501,1032,202,9,500
909082,14-04-2026,5196,1018,203,5,500
909083,19-01-2026,7296,1059,218,3,0
909084,21-05-2026,5206,1057,217,8,100
909085,20-06-2026,6322,1043,212,3,500
909086,01-04-2026,5308,1079,218,9,50
909087,09-04-2026,5907,1068,219,10,1000
909088,21-06-2026,7583,1048,221,3,100
909089,28-03-2026,6438,1062,217,7,1000
909090,25-04-2026,6251,1037,215,3,200
909091,26-01-2026,5184,1006,214,2,1000
909092,08-06-2026,7122,1044,208,10,100
909093,04-05-2026,7092,1014,221,5,200
909094,17-05-2026,7216,1097,215,10,100
909095,21-01-2026,5519,1095,207,1,1000
909096,15-05-2026,6439,1057,214,6,100
909097,07-06-2026,6146,1080,212,2,50
909098,04-03-2026,6513,1018,217,6,50
909099,30-01-2026,5065,1038,218,9,500
909100,12-03-2026,6166,1095,216,10,200
909101,05-02-2026,6752,1057,216,2,200
909102,19-01-2026,7742,1059,201,1,200
909103,27-05-2026,6933,1064,224,8,50
909104,03-05-2026,7412,1040,202,2,100
909105,23-03-2026,5821,1077,222,1,1000
909106,09-03-2026,6005,1028,215,6,50
909107,13-01-2026,7408,1003,211,4,1000
909108,02-01-2026,5213,1034,203,3,100
909109,28-04-2026,5754,1046,210,2,1000
909110,16-02-2026,7402,1021,201,3,100
909111,19-01-2026,5179,1074,224,10,500
909112,24-05-2026,6808,1096,211,3,200
909113,31-03-2026,6542,1030,217,9,100
909114,03-03-2026,5552,1078,220,9,200
909115,11-01-2026,6608,1067,215,4,1000
909116,12-01-2026,6317,1028,204,1,200
909117,08-04-2026,5182,1026,214,10,500
909118,02-06-2026,7235,1042,221,6,0
909119,10-02-2026,6232,1065,207,8,1000
909120,07-01-2026,7206,1026,219,1,1000
909121,07-04-2026,7148,1035,213,2,500
909122,08-04-2026,5221,1098,223,10,0
909123,01-02-2026,5179,1041,215,7,500
909124,16-06-2026,5370,1094,212,1,50
909125,08-05-2026,7617,1010,215,9,500
909126,26-05-2026,6131,1056,221,5,200
909127,16-04-2026,7052,1012,221,6,1000
909128,09-04-2026,6632,1019,203,6,500
909129,22-04-2026,7674,1088,202,8,1000
909130,30-03-2026,7832,1026,208,4,0
909131,25-06-2026,6954,1097,205,3,1000
909132,18-01-2026,6921,1081,220,9,1000
909133,23-04-2026,6111,1052,223,8,0
909134,13-03-2026,7053,1098,222,5,0
909135,11-04-2026,5457,1066,204,6,50
909136,29-04-2026,5325,1009,202,4,1000
909137,28-03-2026,7766,1092,217,2,0
909138,18-02-2026,6505,1029,220,1,200
909139,02-05-2026,7085,1057,216,6,0
909140,18-06-2026,6337,1017,222,10,50
909141,15-03-2026,5972,1048,217,10,100
909142,04-01-2026,6857,1073,203,3,500
909143,22-05-2026,7281,1019,207,7,50
909144,06-03-2026,6232,1003,219,9,0
909145,12-05-2026,6533,1080,209,4,500
909146,05-03-2026,5991,1085,212,6,1000
909147,21-04-2026,6974,1094,216,2,1000
909148,21-06-2026,5249,1046,206,7,0
909149,03-04-2026,5004,1086,211,10,1000
909150,13-05-2026,7167,1023,202,2,1000
909151,12-04-2026,6993,1078,223,7,100
909152,31-03-2026,5664,1036,217,5,50
909153,13-01-2026,7694,1029,209,5,0
909154,04-04-2026,7509,1077,218,3,50
909155,02-02-2026,5890,1099,224,3,200
909156,30-06-2026,5145,1073,214,8,1000
909157,25-01-2026,5162,1010,207,2,200
909158,28-03-2026,6198,1096,219,8,100
909159,28-01-2026,6745,1077,212,1,0
909160,11-02-2026,6890,1014,218,3,1000
909161,05-06-2026,6778,1061,223,9,1000
909162,06-03-2026,7186,1098,222,5,500
909163,29-06-2026,5709,1008,224,10,50
909164,15-01-2026,6998,1011,207,6,500
909165,15-02-2026,5504,1066,218,3,0
909166,17-05-2026,5082,1051,222,10,200
909167,31-05-2026,6686,1001,224,6,200
909168,23-05-2026,7716,1080,217,5,100
909169,17-04-2026,6979,1092,200,6,50
909170,07-01-2026,7417,1071,205,7,50
909171,13-06-2026,5705,1043,205,1,500
909172,23-06-2026,7141,1053,205,1,100
909173,19-05-2026,7320,1037,208,7,0
909174,15-04-2026,7818,1002,200,8,500
909175,13-03-2026,5561,1004,210,7,1000
909176,09-04-2026,6784,1025,220,10,500
909177,26-01-2026,7816,1010,200,9,200
909178,16-02-2026,7492,1061,208,2,0
909179,31-01-2026,7957,1034,202,1,200
909180,25-03-2026,5326,1058,215,10,50
909181,01-02-2026,6186,1010,219,7,100
909182,06-01-2026,5062,1015,222,9,200
909183,09-06-2026,6281,1017,215,1,100
909184,21-03-2026,5631,1030,205,10,100
909185,07-01-2026,6142,1083,218,9,50
909186,04-02-2026,5998,1066,204,8,0
909187,11-05-2026,5432,1037,202,7,200
909188,09-04-2026,5925,1066,202,1,500
909189,18-05-2026,5287,1072,221,6,0
909190,07-06-2026,6351,1055,217,5,500
909191,25-04-2026,6970,1046,210,5,1000
909192,12-06-2026,6313,1076,212,3,200
909193,24-05-2026,5370,1034,208,5,0
909194,02-04-2026,7754,1021,214,8,50
909195,19-02-2026,5066,1074,205,10,200
909196,22-04-2026,7580,1023,222,2,50
909197,01-03-2026,6651,1028,224,2,100
909198,24-04-2026,6884,1057,216,9,200
909199,01-02-2026,5140,1024,219,3,0
909200,29-03-2026,5570,1083,216,7,50
909201,02-03-2026,6447,1071,209,5,0
909202,08-04-2026,5730,1097,217,2,1000
909203,27-02-2026,7897,1033,202,6,1000
909204,08-06-2026,6482,1001,200,10,200
909205,24-03-2026,7321,1049,217,2,0
909206,27-01-2026,6110,1004,209,7,50
909207,14-03-2026,5076,1031,222,9,200
909208,18-01-2026,6177,1021,224,6,100
909209,19-04-2026,7709,1030,217,6,500
909210,18-02-2026,5372,1090,219,5,200
909211,15-02-2026,5949,1059,223,1,500
909212,09-03-2026,5705,1043,203,7,200
909213,13-01-2026,7275,1073,202,1,50
909214,16-04-2026,5106,1025,217,9,0
909215,07-03-2026,5663,1011,210,8,500
909216,19-05-2026,5956,1069,207,10,100
909217,04-03-2026,7105,1042,205,6,100
909218,25-01-2026,6472,1052,218,4,50
909219,12-02-2026,6210,1050,219,4,100
909220,21-04-2026,6556,1078,208,5,500
909221,23-02-2026,6099,1094,217,6,200
909222,12-06-2026,5038,1005,208,9,50
909223,30-05-2026,7922,1076,205,6,200
909224,18-03-2026,5265,1019,208,1,500
909225,24-01-2026,5923,1043,215,8,0
909226,30-04-2026,7914,1082,217,9,1000
909227,02-04-2026,5261,1084,200,1,1000
909228,31-01-2026,7739,1016,211,7,1000
909229,10-03-2026,7575,1051,216,5,0
909230,28-04-2026,5100,1059,218,5,100
909231,07-02-2026,6511,1078,223,10,50
909232,03-04-2026,7329,1028,218,4,200
909233,02-01-2026,5006,1059,205,5,200
909234,23-02-2026,7563,1046,219,8,0
909235,20-01-2026,6843,1094,207,1,0
909236,08-03-2026,7031,1052,223,9,200
909237,26-01-2026,5282,1017,201,8,100
909238,12-02-2026,5952,1005,224,6,1000
909239,27-05-2026,7009,1080,213,5,500
909240,15-01-2026,5494,1046,214,5,1000
909241,23-06-2026,5771,1056,215,10,200
909242,10-03-2026,7244,1090,203,5,1000
909243,09-02-2026,7033,1078,223,10,500
909244,13-06-2026,6747,1077,217,3,500
909245,02-01-2026,7821,1047,206,2,200
909246,22-04-2026,6817,1056,203,6,0
909247,23-05-2026,5981,1029,204,9,0
909248,03-01-2026,6186,1047,213,7,0
909249,29-06-2026,5041,1097,214,7,50
909250,07-03-2026,7333,1003,206,5,200
909251,01-05-2026,5712,1065,218,5,50
909252,22-03-2026,7656,1072,217,2,1000
909253,26-03-2026,6028,1075,204,2,100
909254,30-06-2026,6467,1041,206,5,100
909255,17-02-2026,7373,1011,213,8,1000
909256,11-03-2026,7287,1011,216,10,50
909257,20-06-2026,7629,1092,210,3,0
909258,19-01-2026,5328,1011,205,8,200
909259,20-03-2026,5579,1043,222,4,0
909260,08-03-2026,7457,1000,220,4,200
909261,18-06-2026,5676,1035,212,9,50
909262,07-01-2026,7175,1056,222,8,1000
909263,12-06-2026,7603,1069,219,6,1000
909264,26-05-2026,5931,1016,222,8,1000
909265,01-02-2026,5662,1033,216,1,100
909266,28-03-2026,5204,1093,218,5,200
909267,22-03-2026,7236,1069,224,2,1000
909268,13-03-2026,6511,1059,223,5,100
909269,05-05-2026,5679,1069,221,3,500
909270,15-06-2026,6037,1079,223,4,500
909271,18-06-2026,6188,1008,221,1,200
909272,21-04-2026,7005,1059,213,1,0
909273,16-02-2026,7554,1037,216,1,0
909274,26-06-2026,6518,1008,224,1,200
909275,30-05-2026,6368,1079,214,1,1000
909276,02-03-2026,7778,1032,216,2,100
909277,23-01-2026,6759,1032,223,9,200
909278,21-01-2026,6747,1026,219,1,1000
909279,02-05-2026,7553,1090,200,9,200
909280,08-03-2026,5847,1063,224,8,50
909281,21-01-2026,7719,1044,203,8,500
909282,03-01-2026,5763,1073,209,4,50
909283,05-06-2026,5422,1045,212,2,1000
909284,03-04-2026,5477,1016,217,7,0
909285,29-04-2026,6236,1015,208,8,0
909286,26-02-2026,6452,1038,217,1,100
909287,08-06-2026,7798,1077,222,4,1000
909288,14-05-2026,5673,1029,209,3,200
909289,22-05-2026,6498,1020,223,8,50
909290,21-05-2026,7492,1068,219,7,50
909291,16-03-2026,6116,1000,206,9,500
909292,10-06-2026,7693,1020,209,8,50
909293,28-04-2026,7229,1021,203,5,50
909294,01-05-2026,7453,1057,214,5,50
909295,16-01-2026,5379,1098,204,9,500
909296,02-05-2026,6476,1025,211,3,1000
909297,24-01-2026,7738,1037,205,4,0
909298,12-04-2026,7355,1003,215,10,100
909299,05-01-2026,5679,1004,223,4,1000
909300,09-04-2026,5222,1062,218,1,1000
909301,11-03-2026,6954,1059,202,7,1000
909302,23-03-2026,6662,1044,221,3,50
909303,02-06-2026,5159,1070,201,2,1000
909304,15-02-2026,5639,1088,221,4,200
909305,29-04-2026,7178,1070,221,8,100
909306,19-02-2026,5341,1075,221,6,1000
909307,25-04-2026,7037,1008,205,6,500
909308,13-01-2026,6171,1033,205,10,100
909309,22-01-2026,5819,1079,217,3,1000
909310,12-04-2026,6528,1069,217,6,1000
909311,26-04-2026,6751,1079,209,9,1000
909312,30-04-2026,5097,1082,209,9,50
909313,29-04-2026,5621,1082,208,3,50
909314,11-05-2026,5031,1020,224,1,0
909315,11-01-2026,6268,1050,208,8,500
909316,02-04-2026,5878,1038,200,8,0
909317,18-06-2026,5569,1025,217,5,1000
909318,05-01-2026,6290,1069,210,10,100
909319,20-01-2026,5350,1079,213,7,0
909320,11-06-2026,6886,1037,200,8,1000
909321,15-05-2026,6623,1075,201,3,1000
909322,08-05-2026,5305,1091,209,5,50
909323,04-01-2026,6338,1072,220,4,200
909324,14-03-2026,6391,1035,201,10,100
909325,18-05-2026,6705,1047,200,6,0
909326,17-04-2026,7389,1059,210,2,50
909327,03-01-2026,6641,1047,221,9,50
909328,02-05-2026,7029,1038,207,7,200
909329,22-06-2026,5624,1063,214,2,50
909330,20-05-2026,5292,1070,206,7,500
909331,03-01-2026,5060,1068,216,1,50
909332,18-02-2026,7029,1006,211,5,50
909333,19-03-2026,5901,1041,223,1,200
909334,29-06-2026,7192,1060,209,1,500
909335,02-06-2026,5761,1047,206,4,0
909336,24-02-2026,7678,1024,209,2,1000
909337,16-04-2026,5375,1049,202,8,100
909338,26-02-2026,6016,1026,209,4,200
909339,11-04-2026,6790,1052,202,9,50
909340,28-05-2026,6527,1095,209,4,1000
909341,08-02-2026,6138,1090,208,4,200
909342,27-02-2026,6999,1067,220,5,0
909343,29-04-2026,7791,1070,210,5,1000
909344,11-06-2026,7536,1014,200,8,0
909345,27-01-2026,7280,1077,214,1,500
909346,07-05-2026,6316,1092,215,4,500
909347,03-06-2026,7456,1080,214,7,50
909348,03-01-2026,6214,1028,203,10,50
909349,24-05-2026,7733,1050,205,4,50
909350,21-01-2026,7009,1070,215,4,50
909351,07-06-2026,6639,1001,216,3,500
909352,18-05-2026,6668,1025,216,1,50
909353,30-03-2026,7036,1037,224,10,0
909354,05-03-2026,5347,1056,206,10,100
909355,04-05-2026,6861,1033,208,3,0
909356,15-06-2026,5181,1084,214,9,100
909357,13-04-2026,7072,1081,202,6,100
909358,12-06-2026,5325,1024,222,4,50
909359,07-05-2026,7721,1011,221,4,500
909360,28-02-2026,5892,1011,205,3,100
909361,10-02-2026,5758,1005,213,8,1000
909362,27-02-2026,5798,1054,224,10,500
909363,25-01-2026,7527,1083,220,1,100
909364,02-04-2026,7704,1031,224,9,0
909365,14-01-2026,6586,1012,219,2,200
909366,04-06-2026,6236,1019,224,4,0
909367,30-06-2026,6414,1091,221,1,500
909368,22-05-2026,7346,1040,219,8,500
909369,20-01-2026,6750,1016,208,1,1000
909370,16-04-2026,7508,1032,211,8,100
909371,30-04-2026,5643,1088,212,10,1000
909372,25-05-2026,7209,1091,206,7,0
909373,22-01-2026,6805,1073,206,6,50
909374,11-05-2026,7340,1071,220,9,50
909375,14-04-2026,5977,1029,219,3,500
909376,04-01-2026,5433,1002,202,5,50
909377,08-05-2026,5627,1020,206,7,50
909378,20-01-2026,7706,1080,208,7,500
909379,10-06-2026,5038,1066,202,5,500
909380,15-02-2026,6397,1074,201,10,200
909381,25-02-2026,5306,1006,218,1,1000
909382,08-06-2026,7677,1016,219,5,0
909383,15-05-2026,6109,1003,209,3,50
909384,14-03-2026,5678,1004,220,7,0
909385,19-03-2026,5402,1030,211,8,100
909386,19-05-2026,5324,1029,213,1,0
909387,23-04-2026,7177,1046,202,2,500
909388,04-02-2026,6313,1049,205,6,500
909389,24-01-2026,5235,1096,211,9,200
909390,27-06-2026,7935,1078,219,8,200
909391,22-06-2026,7798,1002,223,3,50
909392,23-03-2026,5342,1066,216,10,1000
909393,14-01-2026,7885,1096,208,5,500
909394,11-03-2026,6382,1099,201,2,100
909395,14-02-2026,6237,1030,209,3,0
909396,20-05-2026,7220,1020,200,7,50
909397,11-04-2026,5443,1005,205,8,100
909398,01-05-2026,7244,1003,205,3,500
909399,14-02-2026,6421,1015,214,1,1000
909400,07-05-2026,6541,1049,203,10,200
909401,23-04-2026,6787,1039,210,2,1000
909402,09-01-2026,6928,1087,215,1,200
909403,28-04-2026,5108,1038,205,7,0
909404,03-04-2026,5427,1082,201,7,0
909405,19-03-2026,5383,1000,208,7,200
909406,15-05-2026,7950,1043,205,6,1000
909407,21-06-2026,5645,1094,205,10,0
909408,13-06-2026,5275,1029,205,9,500
909409,11-05-2026,7120,1007,207,6,200
909410,19-03-2026,7692,1021,217,8,0
909411,22-05-2026,6737,1022,216,9,1000
909412,27-03-2026,5966,1014,207,10,50
909413,08-01-2026,6069,1077,215,9,1000
909414,12-06-2026,5084,1040,212,3,200
909415,27-05-2026,6659,1094,203,6,200
909416,01-06-2026,5125,1064,200,1,1000
909417,11-02-2026,7763,1032,223,2,200
909418,30-01-2026,5249,1031,206,5,200
909419,10-01-2026,6394,1037,207,10,100
909420,23-01-2026,7733,1012,213,9,50
909421,07-01-2026,6000,1026,209,5,50
909422,31-01-2026,6011,1049,210,9,0
909423,26-06-2026,5469,1046,208,4,100
909424,04-02-2026,6923,1061,214,8,50
909425,09-02-2026,6171,1024,200,5,200
909426,19-04-2026,6938,1045,200,4,50
909427,09-01-2026,6740,1015,216,10,100
909428,03-04-2026,6281,1044,224,7,0
909429,31-05-2026,5902,1072,206,7,1000
909430,13-05-2026,5981,1026,210,4,100
909431,22-04-2026,5034,1083,209,9,500
909432,08-04-2026,7780,1039,218,3,200
909433,06-06-2026,6331,1031,201,1,1000
909434,22-04-2026,5539,1000,206,7,50
909435,05-03-2026,5413,1041,208,9,200
909436,30-03-2026,6872,1024,213,10,500
909437,15-06-2026,5584,1074,206,3,0
909438,17-04-2026,5390,1041,214,2,500
909439,18-05-2026,5925,1039,210,6,0
909440,05-02-2026,5590,1081,207,3,500
909441,23-05-2026,7953,1094,224,9,0
909442,22-06-2026,5465,1061,218,8,100
909443,01-02-2026,5624,1030,214,8,1000
909444,07-01-2026,7219,1058,224,9,50
909445,30-05-2026,6976,1056,215,2,50
909446,05-05-2026,6454,1064,200,8,200
909447,23-04-2026,6390,1003,206,2,50
909448,25-03-2026,6335,1018,209,6,500
909449,20-03-2026,7859,1016,208,5,100
909450,21-04-2026,6783,1060,221,1,0
909451,10-05-2026,6863,1068,207,2,0
909452,24-05-2026,7184,1023,210,2,1000
909453,04-04-2026,7861,1077,200,2,50
909454,06-01-2026,7454,1070,221,4,100
909455,19-05-2026,7010,1049,215,1,200
909456,09-05-2026,5004,1043,217,4,100
909457,26-02-2026,6826,1002,212,7,0
909458,22-02-2026,5871,1085,212,9,50
909459,08-02-2026,6390,1042,221,7,50
909460,11-02-2026,5747,1046,208,4,50
909461,25-05-2026,7939,1069,223,8,50
909462,12-05-2026,6608,1023,213,3,200
909463,02-06-2026,7942,1011,224,7,50
909464,14-05-2026,7817,1067,218,10,0
909465,28-02-2026,6370,1040,214,3,500
909466,15-02-2026,5859,1006,221,2,0
909467,27-01-2026,7389,1077,200,6,100
909468,29-05-2026,6315,1001,220,8,0
909469,17-04-2026,7203,1084,216,2,50
909470,04-06-2026,6942,1036,204,10,500
909471,27-03-2026,6745,1013,204,8,200
909472,30-06-2026,7687,1028,219,8,0
909473,26-02-2026,6075,1067,219,6,0
909474,27-03-2026,6428,1084,207,10,1000
909475,06-04-2026,6801,1011,218,10,200
909476,23-01-2026,5061,1037,214,9,500
909477,30-05-2026,7653,1010,204,7,500
909478,28-06-2026,5362,1026,209,1,500
909479,09-06-2026,7138,1038,202,1,500
909480,31-01-2026,5508,1002,212,8,200
909481,15-01-2026,7712,1022,223,2,500
909482,13-01-2026,6968,1043,222,2,500
909483,18-03-2026,7623,1039,224,3,100
909484,12-03-2026,6405,1067,215,4,500
909485,31-01-2026,7527,1066,203,10,1000
909486,25-03-2026,6146,1041,207,7,0
909487,10-02-2026,6534,1002,218,3,0
909488,17-01-2026,7107,1090,214,4,0
909489,12-04-2026,5629,1016,216,5,100
909490,26-06-2026,7002,1053,200,9,500
909491,26-05-2026,7010,1004,201,9,100
909492,25-06-2026,5136,1095,208,8,500
909493,03-06-2026,7819,1058,218,2,500
909494,02-02-2026,7102,1010,200,10,100
909495,28-01-2026,5778,1023,202,6,200
909496,28-02-2026,5551,1039,208,3,0
909497,17-06-2026,5459,1066,220,8,50
909498,14-01-2026,6114,1031,208,6,200
909499,28-04-2026,6048,1067,206,5,1000
909500,17-04-2026,6059,1021,215,4,200
909501,04-01-2026,5554,1058,221,3,0
909502,06-03-2026,7053,1048,201,7,500
909503,16-05-2026,7048,1077,212,4,200
909504,06-05-2026,5011,1020,210,7,50
909505,17-02-2026,5256,1025,224,10,0
909506,25-03-2026,7230,1020,207,9,50
909507,03-01-2026,5800,1079,202,8,50
909508,03-03-2026,5092,1014,216,3,50
909509,25-04-2026,5284,1007,224,3,100
909510,01-01-2026,6012,1049,220,1,500
909511,31-03-2026,7254,1074,218,10,200
909512,25-06-2026,5433,1001,211,3,0
909513,01-06-2026,7020,1085,216,6,0
909514,19-04-2026,7850,1036,209,5,100
909515,25-01-2026,6471,1065,207,6,50
909516,16-06-2026,5768,1073,200,6,500
909517,27-03-2026,6014,1016,218,8,1000
909518,03-02-2026,5471,1083,217,3,500
909519,27-06-2026,6756,1011,215,2,50
909520,19-05-2026,6658,1086,218,9,50
909521,08-03-2026,7279,1026,214,9,500
909522,14-06-2026,5890,1031,200,7,200
909523,30-06-2026,5474,1080,220,3,0
909524,06-02-2026,7554,1071,222,7,200
909525,17-03-2026,5192,1077,201,3,100
909526,10-01-2026,7409,1029,204,1,50
909527,21-06-2026,5010,1051,217,9,1000
909528,27-04-2026,7214,1083,201,2,500
909529,06-04-2026,6140,1004,206,8,50
909530,13-02-2026,5410,1045,202,7,50
909531,28-05-2026,5910,1053,218,9,50
909532,26-06-2026,5777,1023,219,6,0
909533,01-02-2026,7033,1065,207,2,1000
909534,20-05-2026,7318,1054,200,3,50
909535,30-04-2026,6001,1058,224,5,1000
909536,22-02-2026,7160,1058,216,3,100
909537,05-02-2026,6680,1005,203,9,200
909538,07-06-2026,5202,1050,203,10,1000
909539,28-04-2026,5308,1051,202,3,0
909540,02-04-2026,7108,1074,210,4,100
909541,04-05-2026,7573,1004,203,3,1000
909542,08-06-2026,5051,1093,201,1,500
909543,23-02-2026,5290,1087,219,9,50
909544,09-04-2026,6876,1094,218,8,100
909545,07-02-2026,7725,1059,206,1,1000
909546,06-03-2026,6891,1029,216,9,200
909547,17-03-2026,7088,1021,210,4,0
909548,30-03-2026,7006,1074,209,7,50
909549,10-03-2026,6425,1067,215,7,500
909550,05-03-2026,7181,1016,201,5,200
909551,22-04-2026,5906,1078,217,2,100
909552,03-01-2026,7927,1003,213,10,200
909553,31-05-2026,5801,1065,216,9,100
909554,25-02-2026,7161,1046,200,8,100
909555,11-04-2026,6167,1099,207,6,0
909556,08-03-2026,7615,1047,203,1,50
909557,10-03-2026,6511,1066,216,10,200
909558,21-05-2026,5221,1003,201,10,500
909559,12-02-2026,7946,1023,207,7,500
909560,31-03-2026,6431,1058,215,2,500
909561,15-01-2026,5668,1066,224,5,500
909562,12-02-2026,5948,1007,212,10,500
909563,23-02-2026,6946,1046,203,7,50
909564,01-05-2026,7175,1040,205,2,500
909565,13-06-2026,6356,1044,218,1,200
909566,29-03-2026,6814,1050,210,3,0
909567,19-06-2026,6621,1093,208,10,50
909568,13-05-2026,7059,1031,214,2,100
909569,30-05-2026,5875,1008,218,6,100
909570,04-02-2026,6784,1073,218,1,0
909571,05-04-2026,5462,1036,223,1,50
909572,07-01-2026,7279,1050,209,10,0
909573,04-04-2026,7946,1035,207,1,100
909574,30-03-2026,5090,1009,207,7,200
909575,15-03-2026,6785,1008,206,7,500
909576,04-05-2026,7629,1076,214,5,50
909577,28-04-2026,7297,1028,216,6,500
909578,02-01-2026,7632,1064,205,10,100
909579,06-05-2026,5833,1011,209,7,500
909580,08-02-2026,7482,1090,207,3,0
909581,18-05-2026,7390,1010,221,7,200
909582,11-01-2026,5633,1098,221,7,500
909583,08-04-2026,5522,1045,206,6,1000
909584,17-02-2026,5554,1076,223,6,1000
909585,06-06-2026,6689,1057,205,4,200
909586,17-04-2026,5119,1034,222,8,500
909587,12-02-2026,6523,1010,203,9,500
909588,21-01-2026,6092,1097,215,4,0
909589,11-05-2026,5870,1067,209,2,100
909590,31-05-2026,5814,1090,204,9,50
909591,20-06-2026,5121,1000,213,2,1000
909592,29-03-2026,5182,1014,213,1,500
909593,02-06-2026,5594,1064,213,4,0
909594,22-01-2026,7573,1063,210,3,0
909595,01-01-2026,7884,1018,217,7,50
909596,27-05-2026,6090,1000,216,7,100
909597,13-04-2026,6852,1082,216,6,100
909598,29-01-2026,6063,1078,204,6,200
909599,07-03-2026,5942,1050,218,6,0
909600,14-06-2026,6066,1052,209,2,50
909601,09-02-2026,5934,1067,214,1,500
909602,01-04-2026,5513,1005,205,5,500
909603,09-04-2026,6357,1028,209,4,50
909604,07-04-2026,7867,1011,205,2,0
909605,12-05-2026,7949,1069,219,7,50
909606,02-04-2026,7432,1098,203,2,500
909607,05-03-2026,5335,1038,213,3,0
909608,28-04-2026,7475,1074,213,10,1000
909609,01-01-2026,7623,1046,218,6,1000
909610,09-04-2026,5889,1052,224,6,200
909611,16-01-2026,6666,1079,219,3,100
909612,01-06-2026,7982,1017,213,1,50
909613,24-05-2026,6087,1044,209,7,100
909614,13-01-2026,5810,1030,222,3,500
909615,28-04-2026,6816,1058,207,10,50
909616,09-05-2026,7027,1000,212,8,100
909617,12-05-2026,7763,1035,202,5,500
909618,01-06-2026,7346,1038,224,3,100
909619,17-04-2026,5179,1084,221,10,1000
909620,14-03-2026,6902,1006,222,2,1000
909621,26-05-2026,5316,1013,206,1,1000
909622,17-02-2026,5767,1067,224,9,500
909623,16-04-2026,7763,1098,201,1,200
909624,07-02-2026,5204,1038,217,6,50
909625,15-05-2026,5191,1077,224,7,200
909626,16-03-2026,5006,1052,206,5,50
909627,13-02-2026,6526,1015,208,9,0
909628,03-01-2026,7502,1053,209,7,1000
909629,31-01-2026,6374,1064,218,2,0
909630,18-01-2026,6140,1028,210,8,100
909631,03-03-2026,5582,1052,224,7,50
909632,23-03-2026,7116,1081,218,9,100
909633,15-06-2026,5237,1084,201,2,1000
909634,16-01-2026,5575,1030,206,9,100
909635,21-01-2026,7657,1045,210,7,100
909636,09-01-2026,7446,1065,210,5,0
909637,10-03-2026,7718,1011,202,2,0
909638,26-06-2026,7511,1071,222,1,50
909639,28-04-2026,6656,1065,222,9,500
909640,13-05-2026,7023,1096,213,1,500
909641,04-06-2026,5904,1043,201,3,50
909642,22-05-2026,5700,1053,222,10,50
909643,24-04-2026,5215,1011,223,4,500
909644,03-04-2026,6926,1013,204,5,0
909645,22-04-2026,6412,1073,200,3,500
909646,06-02-2026,7999,1081,220,9,500
909647,08-06-2026,5653,1003,218,7,1000
909648,25-06-2026,7598,1069,211,1,50
909649,25-03-2026,5792,1073,202,8,100
909650,26-05-2026,7234,1065,221,7,100
909651,25-04-2026,6944,1042,214,2,100
909652,19-01-2026,5645,1069,200,1,500
909653,05-01-2026,6882,1022,209,3,500
909654,27-04-2026,7700,1062,214,6,200
909655,26-06-2026,7917,1006,200,6,0
909656,23-06-2026,6226,1090,217,9,200
909657,28-02-2026,6370,1078,224,3,200
909658,25-05-2026,5581,1081,209,7,500
909659,18-01-2026,5933,1032,205,1,1000
909660,28-01-2026,7206,1089,202,6,1000
909661,04-04-2026,6856,1015,209,5,1000
909662,14-03-2026,5602,1064,223,7,500
909663,27-02-2026,5807,1000,200,2,500
909664,08-01-2026,6104,1061,204,10,1000
909665,23-02-2026,6182,1048,200,5,500
909666,16-01-2026,5776,1042,218,7,200
909667,10-03-2026,6611,1043,208,4,50
909668,30-01-2026,6057,1020,212,8,500
909669,25-06-2026,6561,1060,209,1,0
909670,06-02-2026,5561,1083,212,7,500
909671,14-03-2026,7758,1069,219,10,100
909672,09-03-2026,7769,1052,203,1,50
909673,28-05-2026,5111,1020,201,6,0
909674,24-02-2026,7106,1020,207,7,1000
909675,14-03-2026,6345,1071,215,3,200
909676,21-03-2026,7926,1090,220,5,1000
909677,28-02-2026,5963,1032,207,7,500
909678,24-06-2026,6021,1013,208,3,100
909679,29-05-2026,5572,1053,216,3,500
909680,16-01-2026,7810,1077,217,10,100
909681,21-06-2026,6610,1040,217,10,0
909682,12-04-2026,6548,1001,204,6,500
909683,16-03-2026,5259,1049,220,5,0
909684,24-04-2026,6181,1078,220,8,50
909685,29-03-2026,7366,1015,213,7,1000
909686,09-04-2026,5898,1098,220,8,0
909687,04-05-2026,5610,1033,203,1,50
909688,19-05-2026,7173,1042,211,1,1000
909689,22-04-2026,7105,1086,210,3,100
909690,01-01-2026,6662,1037,223,7,1000
909691,25-06-2026,5790,1005,223,7,50
909692,25-06-2026,5011,1064,211,6,50
909693,26-01-2026,6765,1087,218,10,1000
909694,07-03-2026,5826,1041,209,10,0
909695,19-05-2026,7841,1092,201,6,1000
909696,07-03-2026,6027,1054,224,8,100
909697,09-01-2026,6890,1064,216,10,200
909698,28-05-2026,5509,1083,201,1,100
909699,19-03-2026,5326,1052,217,1,1000
909700,21-02-2026,6838,1069,205,5,200
909701,14-01-2026,6854,1098,224,4,50
909702,26-02-2026,5227,1010,205,7,500
909703,05-03-2026,6654,1065,202,9,200
909704,15-02-2026,6990,1085,216,1,500
909705,14-02-2026,7745,1013,210,5,100
909706,06-05-2026,5066,1037,204,2,500
909707,14-05-2026,7332,1094,224,4,1000
909708,06-01-2026,6535,1051,209,5,50
909709,25-06-2026,6787,1084,214,5,50
909710,23-03-2026,5805,1056,213,2,100
909711,13-04-2026,6077,1056,217,5,200
909712,04-06-2026,5959,1029,214,9,200
909713,13-06-2026,6542,1083,217,5,100
909714,18-04-2026,6425,1006,204,5,500
909715,07-03-2026,6431,1094,213,10,0
909716,08-04-2026,5197,1015,218,8,1000
909717,07-03-2026,6972,1048,211,6,100
909718,10-03-2026,6746,1066,207,8,50
909719,04-04-2026,7631,1060,210,8,200
909720,25-05-2026,6309,1055,206,5,1000
909721,30-05-2026,6183,1069,222,6,1000
909722,14-04-2026,7804,1013,215,6,1000
909723,16-03-2026,6933,1012,222,1,500
909724,31-01-2026,7044,1083,216,1,0
909725,09-04-2026,7952,1005,201,3,500
909726,28-01-2026,6359,1058,219,1,500
909727,15-05-2026,5247,1021,224,8,50
909728,07-02-2026,7598,1010,217,5,200
909729,23-02-2026,6245,1088,207,7,50
909730,13-02-2026,7679,1050,207,2,500
909731,01-03-2026,5170,1069,209,10,500
909732,20-05-2026,6005,1072,219,4,100
909733,26-02-2026,6802,1048,213,9,200
909734,24-02-2026,7766,1003,201,10,0
909735,08-01-2026,6915,1000,218,2,500
909736,03-02-2026,6112,1003,214,8,50
909737,29-03-2026,7104,1025,205,2,500
909738,02-04-2026,5602,1038,214,10,200
909739,11-05-2026,5054,1097,209,3,50
909740,24-04-2026,7825,1025,209,5,50
909741,23-03-2026,5310,1070,208,4,0
909742,24-05-2026,7147,1067,224,5,200
909743,16-04-2026,6816,1092,219,10,1000
909744,16-05-2026,5268,1016,209,10,100
909745,06-04-2026,5030,1063,220,1,100
909746,29-05-2026,5157,1009,220,8,1000
909747,11-01-2026,5806,1043,223,2,100
909748,28-01-2026,5155,1020,214,3,500
909749,09-02-2026,7170,1013,204,3,0
909750,01-05-2026,6248,1089,204,8,50
909751,11-01-2026,6880,1013,211,9,0
909752,21-05-2026,7628,1040,212,3,500
909753,26-01-2026,5086,1068,203,5,100
909754,24-04-2026,7244,1010,201,5,200
909755,21-06-2026,7279,1040,207,1,500
909756,10-04-2026,5746,1015,216,6,0
909757,04-02-2026,6412,1001,213,1,0
909758,04-06-2026,7763,1034,217,5,1000
909759,22-01-2026,6458,1031,214,4,100
909760,01-04-2026,6547,1048,217,8,1000
909761,12-02-2026,5548,1039,203,8,50
909762,09-02-2026,6436,1004,211,10,100
909763,16-01-2026,7814,1012,202,8,50
909764,02-06-2026,7845,1070,215,3,50
909765,12-05-2026,5436,1040,222,7,50
909766,27-01-2026,6929,1013,209,5,0
909767,12-04-2026,7358,1059,210,2,100
909768,30-06-2026,5240,1056,217,2,200
909769,11-06-2026,6185,1010,220,4,100
909770,13-05-2026,7757,1045,212,1,50
909771,10-03-2026,6294,1010,215,8,0
909772,20-06-2026,5626,1098,207,6,500
909773,19-05-2026,6549,1079,207,6,0
909774,01-01-2026,6756,1066,207,6,100
909775,09-04-2026,5441,1072,207,6,500
909776,29-04-2026,7620,1028,222,3,500
909777,07-02-2026,5535,1098,208,8,50
909778,14-06-2026,6480,1090,203,2,0
909779,10-04-2026,5829,1087,221,2,1000
909780,28-06-2026,7810,1066,217,7,0
909781,17-03-2026,7470,1048,214,8,200
909782,27-02-2026,5546,1078,209,8,1000
909783,21-01-2026,5602,1055,224,3,500
909784,19-01-2026,6016,1093,216,3,100
909785,09-05-2026,5146,1024,201,6,0
909786,23-05-2026,6543,1037,216,8,500
909787,05-03-2026,5690,1027,200,6,200
909788,13-04-2026,5061,1050,201,9,1000
909789,21-02-2026,7669,1032,221,10,0
909790,27-06-2026,6682,1053,201,8,500
909791,26-02-2026,7928,1042,203,1,0
909792,17-06-2026,7224,1059,214,5,100
909793,12-03-2026,7370,1040,204,4,0
909794,04-03-2026,7445,1023,209,10,50
909795,19-01-2026,6421,1077,223,5,1000
909796,28-03-2026,5596,1027,201,4,500
909797,10-04-2026,6090,1008,217,6,100
909798,09-03-2026,5828,1091,219,10,500
909799,10-02-2026,5542,1045,222,8,1000
909800,31-05-2026,6102,1091,211,9,500
909801,16-01-2026,7533,1024,221,2,1000
909802,23-03-2026,7338,1074,221,8,50
909803,06-02-2026,5177,1004,223,10,0
909804,04-04-2026,5232,1075,219,3,200
909805,25-05-2026,6729,1059,224,2,0
909806,24-06-2026,6260,1047,215,8,0
909807,24-01-2026,5501,1094,216,7,0
909808,29-05-2026,6991,1064,223,1,200
909809,21-04-2026,6046,1058,222,1,1000
909810,03-06-2026,5760,1029,204,5,200
909811,30-03-2026,7416,1042,212,3,50
909812,16-05-2026,7138,1090,200,1,0
909813,16-06-2026,5892,1051,219,9,200
909814,11-04-2026,5634,1018,218,9,200
909815,08-01-2026,5595,1033,206,3,1000
909816,20-02-2026,5216,1046,206,1,50
909817,25-01-2026,7687,1058,206,2,200
909818,15-02-2026,5416,1045,203,5,200
909819,11-04-2026,7734,1063,217,2,100
909820,24-01-2026,6154,1082,207,8,1000
909821,27-05-2026,5882,1006,202,6,200
909822,11-05-2026,7775,1006,209,8,100
909823,12-02-2026,7269,1020,224,9,1000
909824,06-04-2026,6504,1009,216,7,100
909825,22-03-2026,7993,1007,220,6,1000
909826,01-06-2026,6313,1041,210,9,200
909827,23-04-2026,6001,1074,213,6,500
909828,15-03-2026,7636,1047,201,5,0
909829,01-02-2026,5322,1068,204,6,100
909830,02-02-2026,7119,1057,212,2,0
909831,29-03-2026,5253,1074,221,2,50
909832,23-06-2026,5492,1044,215,2,500
909833,17-03-2026,7330,1015,211,5,100
909834,18-06-2026,5054,1046,212,7,100
909835,08-04-2026,7937,1016,222,6,100
909836,26-01-2026,7401,1055,218,4,500
909837,29-01-2026,7729,1076,208,9,200
909838,04-02-2026,5602,1000,214,3,50
909839,10-01-2026,6660,1025,221,5,100
909840,07-04-2026,6110,1054,202,9,500
909841,26-02-2026,6401,1050,224,1,100
909842,08-06-2026,6462,1067,209,1,100
909843,26-05-2026,5915,1000,207,8,500
909844,16-01-2026,6463,1041,220,5,100
909845,17-06-2026,7835,1041,214,6,50
909846,29-05-2026,6909,1041,203,4,500
909847,01-04-2026,5432,1009,215,9,100
909848,21-02-2026,6462,1079,213,1,1000
909849,14-06-2026,5579,1043,203,2,0
909850,12-06-2026,7143,1081,221,4,500
909851,27-04-2026,7458,1095,224,7,200
909852,17-04-2026,6813,1052,224,10,1000
909853,31-03-2026,5683,1083,211,9,200
909854,04-01-2026,6236,1042,208,2,200
909855,29-04-2026,7218,1033,212,10,100
909856,23-02-2026,6351,1073,207,8,500
909857,18-05-2026,6862,1026,211,9,500
909858,21-05-2026,7225,1001,205,5,200
909859,01-03-2026,7689,1007,204,1,50
909860,05-06-2026,7784,1002,224,8,1000
909861,01-03-2026,5318,1063,212,2,50
909862,22-03-2026,6710,1068,205,7,50
909863,29-03-2026,7295,1037,207,7,500
909864,09-03-2026,5637,1014,208,9,500
909865,13-01-2026,7904,1090,217,5,100
909866,10-04-2026,7340,1028,200,7,100
909867,11-05-2026,6815,1031,214,8,0
909868,21-05-2026,7869,1094,202,1,200
909869,14-01-2026,7386,1063,219,8,50
909870,25-01-2026,7285,1044,221,4,500
909871,27-02-2026,6134,1059,204,4,100
909872,12-03-2026,7020,1034,201,9,500
909873,14-03-2026,7949,1063,224,8,50
909874,20-05-2026,7214,1046,218,3,100
909875,10-06-2026,6169,1075,223,10,0
909876,30-05-2026,5028,1002,222,9,100
909877,30-06-2026,5193,1061,207,2,1000
909878,22-01-2026,6689,1074,213,8,1000
909879,09-05-2026,5014,1017,221,7,200
909880,14-01-2026,6685,1002,213,4,100
909881,10-04-2026,7574,1087,210,8,200
909882,20-05-2026,7839,1051,217,4,100
909883,23-04-2026,6344,1064,205,10,50
909884,02-03-2026,5264,1080,217,6,200
909885,05-03-2026,6965,1080,205,6,200
909886,23-01-2026,5042,1041,215,10,1000
909887,02-03-2026,5668,1029,206,8,200
909888,20-06-2026,6650,1026,211,1,50
909889,06-05-2026,7758,1047,212,4,50
909890,29-04-2026,7291,1049,211,6,500
909891,29-05-2026,6631,1079,210,9,1000
909892,21-04-2026,6124,1079,200,10,0
909893,21-05-2026,5506,1026,216,7,200
909894,12-06-2026,5500,1012,216,1,500
909895,10-04-2026,7428,1035,210,3,0
909896,16-04-2026,6299,1006,200,7,200
909897,04-04-2026,5000,1060,215,7,0
909898,21-05-2026,6960,1034,207,9,0
909899,20-04-2026,6887,1083,222,2,500
909900,28-01-2026,6656,1050,214,9,100
909901,24-02-2026,5344,1080,224,10,0
909902,13-03-2026,7972,1093,201,6,1000
909903,14-06-2026,7654,1025,222,2,50
909904,09-03-2026,5901,1076,204,8,100
909905,22-05-2026,5096,1003,217,5,100
909906,13-01-2026,5550,1096,201,3,500
909907,01-02-2026,7123,1021,220,2,100
909908,19-02-2026,7077,1043,218,5,0
909909,12-06-2026,6562,1015,205,2,500
909910,10-06-2026,6587,1019,223,4,50
909911,27-05-2026,7728,1080,217,1,0
909912,11-02-2026,7640,1048,202,2,500
909913,15-06-2026,7135,1096,207,9,50
909914,15-03-2026,6178,1062,210,3,200
909915,27-06-2026,7959,1010,206,6,1000
909916,26-03-2026,7271,1098,220,2,0
909917,29-04-2026,6154,1080,217,6,500
909918,16-05-2026,7971,1038,224,4,1000
909919,30-01-2026,7451,1044,223,7,500
909920,05-04-2026,7268,1047,215,9,50
909921,30-05-2026,5261,1064,224,2,1000
909922,05-02-2026,6804,1043,221,3,500
909923,02-03-2026,5656,1078,218,1,1000
909924,18-06-2026,6184,1036,205,9,500
909925,03-05-2026,7483,1088,223,8,50
909926,14-01-2026,6461,1000,222,1,50
909927,08-05-2026,6922,1035,220,1,500
909928,21-05-2026,5406,1065,217,3,1000
909929,14-03-2026,7578,1094,205,7,200
909930,20-04-2026,5049,1049,210,7,50
909931,22-03-2026,7284,1078,223,3,1000
909932,22-03-2026,5660,1005,211,8,200
909933,04-02-2026,6793,1042,212,9,500
909934,25-03-2026,5575,1030,205,5,1000
909935,07-05-2026,5703,1091,210,1,1000
909936,05-05-2026,5088,1055,204,8,1000
909937,30-01-2026,6437,1075,218,1,50
909938,11-06-2026,5264,1090,202,5,500
909939,25-02-2026,7746,1076,203,4,500
909940,21-01-2026,6192,1067,224,6,50
909941,22-03-2026,7940,1081,223,2,500
909942,27-04-2026,7340,1072,204,8,200
909943,26-06-2026,7178,1010,202,2,50
909944,02-03-2026,5908,1032,221,7,100
909945,03-03-2026,7913,1056,201,1,200
909946,09-04-2026,6619,1098,215,2,200
909947,08-02-2026,7218,1006,215,9,100
909948,06-01-2026,6551,1014,223,5,200
909949,16-04-2026,5124,1069,222,8,500
909950,23-03-2026,7898,1076,217,5,0
909951,17-03-2026,7116,1043,202,3,0
909952,23-01-2026,5608,1081,209,5,0
909953,01-03-2026,6821,1052,224,7,200
909954,25-02-2026,5108,1010,224,3,50
909955,05-01-2026,7117,1038,204,5,50
909956,01-02-2026,5290,1061,214,3,100
909957,25-06-2026,5388,1066,220,10,100
909958,20-05-2026,6200,1071,203,5,0
909959,17-02-2026,6150,1071,200,5,100
909960,30-04-2026,5869,1091,216,4,50
909961,16-06-2026,7354,1042,208,1,1000
909962,11-04-2026,7047,1082,218,1,1000
909963,08-02-2026,7084,1053,217,6,500
909964,20-02-2026,5705,1043,223,1,200
909965,07-05-2026,7324,1053,206,6,200
909966,17-06-2026,7301,1000,204,5,500
909967,18-05-2026,5364,1091,200,4,100
909968,05-04-2026,6838,1012,219,1,1000
909969,31-05-2026,7308,1071,212,6,100
909970,08-06-2026,5750,1054,202,5,0
909971,25-02-2026,5259,1008,207,7,1000
909972,03-01-2026,6102,1037,210,1,100
909973,12-02-2026,6401,1070,213,8,50
909974,09-05-2026,7037,1000,203,2,200
909975,09-02-2026,5086,1074,224,6,1000
909976,04-04-2026,6255,1058,205,5,0
909977,09-05-2026,7837,1000,200,10,1000
909978,07-05-2026,5485,1085,206,10,50
909979,11-06-2026,7313,1097,205,10,1000
909980,01-04-2026,7849,1045,216,10,200
909981,29-01-2026,5898,1038,224,2,100
909982,05-05-2026,6492,1082,210,3,200
909983,04-06-2026,6296,1027,219,5,200
909984,15-03-2026,7384,1099,214,5,0
909985,11-05-2026,6187,1051,213,5,100
909986,23-05-2026,5667,1080,219,3,0
909987,02-03-2026,5095,1098,208,2,0
909988,24-04-2026,6696,1044,220,2,50
909989,09-02-2026,5893,1037,213,4,100
909990,08-06-2026,6995,1043,201,2,0
909991,28-01-2026,5045,1027,217,8,0
909992,24-01-2026,5540,1044,212,2,500
909993,24-01-2026,6975,1035,208,3,50
909994,01-04-2026,7622,1074,216,8,1000
909995,15-03-2026,7638,1059,210,7,0
909996,26-02-2026,5370,1073,219,6,0
909997,27-04-2026,7032,1041,221,10,500
909998,29-05-2026,7317,1091,209,3,0
909999,11-01-2026,6925,1011,212,9,1000
