InteractionID,CustomerID,CustomerName,City,Industry,SalesRep,LeadSource,InteractionDate,OpportunityValue,Status,ContactMethod,SatisfactionScore
1,CUST1001,Jordan Marquez,Bangalore,Manufacturing,Anjali Rao,Advertisement,02-01-2026,75301.66,Lost,Phone,7
2,CUST1002,Arthur Durham,Chennai,IT,Anjali Rao,Event,09-12-2025,33119.13,Lost,Meeting,10
3,CUST1003,Douglas Patel,Bangalore,Retail,Rahul Verma,LinkedIn,28-05-2026,39812.48,Won,Email,5
4,CUST1004,Gordon Benson,Bangalore,IT,Anjali Rao,Website,24-09-2025,54792.99,Lost,Email,8
5,CUST1005,Jacob Scott,Pune,Finance,Kiran Das,Advertisement,06-05-2026,81452.54,Lost,Meeting,1
6,CUST1006,Patrick Gilbert,Bangalore,Manufacturing,Rahul Verma,LinkedIn,07-08-2025,84810.24,Open,Phone,5
7,CUST1007,Amber Wong,Pune,IT,Priya Sharma,Website,21-10-2025,69624.73,Won,Email,7
8,CUST1008,Kim Chapman,Hyderabad,IT,Priya Sharma,LinkedIn,10-05-2026,78075.99,Lost,Email,6
9,CUST1009,Tiffany Coleman,Hyderabad,IT,Priya Sharma,LinkedIn,07-02-2026,95002.99,Won,Meeting,2
10,CUST1010,Jasmine Harper,Bangalore,Healthcare,Priya Sharma,Advertisement,09-09-2025,79340.87,Open,Meeting,4
11,CUST1011,Aaron Smith,Chennai,Healthcare,Kiran Das,LinkedIn,03-03-2026,14628.71,Lost,Meeting,8
12,CUST1012,Ryan Marshall,Hyderabad,Finance,Priya Sharma,Event,15-07-2025,12456.54,Won,Phone,10
13,CUST1013,Andrew Mendez,Hyderabad,Finance,Priya Sharma,Advertisement,17-07-2025,79920.34,Won,Meeting,8
14,CUST1014,Laura Prince,Pune,IT,Rahul Verma,Referral,19-02-2026,23465.34,Won,Email,3
15,CUST1015,Steve Ford,Chennai,IT,Anjali Rao,Referral,08-04-2026,34688.93,Lost,Phone,6
16,CUST1016,Cheryl Carter,Hyderabad,IT,Rahul Verma,Event,26-07-2025,40240.24,Won,Meeting,4
17,CUST1017,Cody Smith,Mumbai,Manufacturing,Priya Sharma,Event,01-09-2025,83123.93,Lost,Email,6
18,CUST1018,Sarah Scott,Chennai,Manufacturing,Priya Sharma,Website,19-11-2025,61148.55,Lost,Meeting,6
19,CUST1019,Ricky Bradley,Pune,Manufacturing,Rahul Verma,Website,25-02-2026,20850.66,Open,Meeting,3
20,CUST1020,Carlos Short,Bangalore,Finance,Priya Sharma,Event,22-05-2026,70204.79,Open,Phone,9
21,CUST1021,Carl Martin,Chennai,Healthcare,Anjali Rao,Event,13-01-2026,52686.24,Won,Meeting,5
22,CUST1022,Brian Glass,Hyderabad,Finance,Kiran Das,Website,11-10-2025,52591.47,Lost,Phone,8
23,CUST1023,Jasmin Silva,Chennai,Retail,Rahul Verma,Website,11-11-2025,17436.05,Lost,Meeting,5
24,CUST1024,Peter Kelly,Pune,Finance,Rahul Verma,Event,16-09-2025,76871.32,Open,Phone,4
25,CUST1025,Edward Taylor,Bangalore,Manufacturing,Anjali Rao,Advertisement,24-04-2026,32663.3,Won,Phone,5
26,CUST1026,Joseph Walsh,Pune,Manufacturing,Priya Sharma,Advertisement,21-06-2026,74015.36,Won,Meeting,3
27,CUST1027,Jennifer Sweeney,Pune,Healthcare,Rahul Verma,Advertisement,16-06-2026,22963.74,Won,Meeting,8
28,CUST1028,Edwin Jackson Jr.,Delhi,Retail,Priya Sharma,LinkedIn,30-08-2025,91999.35,Won,Meeting,10
29,CUST1029,Amber May,Chennai,Retail,Priya Sharma,Event,11-03-2026,22164.88,Lost,Phone,3
30,CUST1030,Danielle Burke,Bangalore,IT,Anjali Rao,Referral,08-09-2025,32448.44,Lost,Meeting,7
31,CUST1031,Jonathan Cruz,Hyderabad,Healthcare,Kiran Das,Referral,01-07-2025,47022.43,Open,Meeting,5
32,CUST1032,Daniel Arellano,Pune,Healthcare,Priya Sharma,Event,15-04-2026,19467.96,Lost,Email,8
33,CUST1033,Dana Ochoa,Chennai,IT,Priya Sharma,Website,05-01-2026,91920.21,Lost,Phone,10
34,CUST1034,Steven Rodgers,Chennai,Healthcare,Anjali Rao,Referral,06-03-2026,58147.75,Lost,Email,4
35,CUST1035,Kelly Ward,Delhi,Manufacturing,Anjali Rao,LinkedIn,21-08-2025,28044.6,Open,Meeting,10
36,CUST1036,Miranda Adams,Pune,Finance,Kiran Das,Referral,13-03-2026,80522.12,Open,Email,1
37,CUST1037,Thomas Johnson,Hyderabad,Finance,Rahul Verma,Event,12-06-2026,27746.13,Won,Phone,3
38,CUST1038,Rodney Schmidt,Hyderabad,Finance,Anjali Rao,Website,27-11-2025,21643.96,Open,Email,2
39,CUST1039,Matthew Martinez,Pune,Retail,Rahul Verma,Referral,24-06-2025,6181.24,Lost,Email,1
40,CUST1040,Keith Barnes,Bangalore,Manufacturing,Rahul Verma,Advertisement,26-12-2025,36539.77,Open,Meeting,9
41,CUST1041,Daniel Hansen,Hyderabad,IT,Kiran Das,LinkedIn,28-05-2026,80762.17,Won,Meeting,2
42,CUST1042,Kyle Roy,Bangalore,Manufacturing,Kiran Das,LinkedIn,07-06-2026,72217.28,Lost,Meeting,1
43,CUST1043,Shelia Webb,Delhi,Retail,Rahul Verma,LinkedIn,16-03-2026,65417.14,Won,Meeting,9
44,CUST1044,Diane Lee,Delhi,IT,Kiran Das,Website,23-07-2025,83846.09,Lost,Email,9
45,CUST1045,Katherine Juarez,Delhi,Manufacturing,Rahul Verma,LinkedIn,16-07-2025,40337.76,Won,Phone,4
46,CUST1046,Randall Snow MD,Bangalore,Healthcare,Anjali Rao,Advertisement,01-09-2025,8097.48,Open,Meeting,4
47,CUST1047,Mary Davis,Bangalore,IT,Rahul Verma,Advertisement,08-12-2025,11756.79,Lost,Phone,8
48,CUST1048,Luke Hernandez,Delhi,Manufacturing,Rahul Verma,LinkedIn,09-04-2026,29952,Lost,Phone,5
49,CUST1049,Alexander Cook,Pune,IT,Kiran Das,LinkedIn,25-04-2026,92404.64,Won,Meeting,7
50,CUST1050,Alice Gray,Delhi,Healthcare,Priya Sharma,LinkedIn,19-12-2025,5107.37,Lost,Meeting,4
51,CUST1051,Christopher Young,Hyderabad,Healthcare,Kiran Das,Website,08-03-2026,98623.33,Lost,Meeting,7
52,CUST1052,Daniel Smith,Hyderabad,Manufacturing,Priya Sharma,Event,12-02-2026,77406.78,Open,Meeting,1
53,CUST1053,Jackson Weeks,Delhi,Healthcare,Kiran Das,Referral,06-10-2025,48868.72,Won,Meeting,10
54,CUST1054,Kevin Gray,Bangalore,Retail,Priya Sharma,Website,26-03-2026,34383.75,Lost,Meeting,6
55,CUST1055,Nathan Miller,Delhi,Manufacturing,Rahul Verma,Event,30-05-2026,72137.19,Won,Email,7
56,CUST1056,Kaitlin Sanders,Hyderabad,Healthcare,Anjali Rao,Advertisement,26-10-2025,56644.64,Won,Email,7
57,CUST1057,Kaitlyn Russell,Pune,Finance,Rahul Verma,Event,04-02-2026,56712.69,Won,Email,10
58,CUST1058,Lori Park,Hyderabad,Retail,Anjali Rao,Advertisement,14-09-2025,99094.61,Open,Meeting,1
59,CUST1059,Sarah Cannon,Pune,Healthcare,Rahul Verma,LinkedIn,16-03-2026,62981.75,Lost,Phone,4
60,CUST1060,Adam Alexander,Chennai,IT,Anjali Rao,LinkedIn,15-10-2025,52142.82,Lost,Phone,4
61,CUST1061,Cristian Ramirez,Delhi,Finance,Rahul Verma,Event,08-06-2026,47173.23,Won,Phone,1
62,CUST1062,Evelyn Johnson,Delhi,Finance,Kiran Das,Website,12-12-2025,75386.08,Lost,Email,1
63,CUST1063,James Salas,Bangalore,IT,Kiran Das,Event,23-02-2026,77458.03,Won,Phone,9
64,CUST1064,Lauren Proctor,Chennai,Finance,Kiran Das,Website,22-12-2025,7998.84,Lost,Phone,10
65,CUST1065,Miss Sarah Ross MD,Chennai,Finance,Priya Sharma,Event,13-03-2026,36291.7,Open,Meeting,3
66,CUST1066,Laurie Andrews,Pune,Manufacturing,Rahul Verma,Referral,15-01-2026,5730.13,Won,Email,5
67,CUST1067,Erin Hansen,Bangalore,Manufacturing,Priya Sharma,Event,23-10-2025,19749.85,Open,Phone,8
68,CUST1068,Margaret Fields,Delhi,Healthcare,Anjali Rao,Referral,27-09-2025,68121.1,Won,Meeting,3
69,CUST1069,Jessica Boyd,Hyderabad,Finance,Kiran Das,Referral,12-01-2026,75505.1,Lost,Phone,4
70,CUST1070,Tammy Washington,Bangalore,Healthcare,Priya Sharma,LinkedIn,10-08-2025,50977.85,Lost,Email,2
71,CUST1071,Heather Allen,Mumbai,IT,Priya Sharma,Advertisement,03-02-2026,84005.77,Open,Email,5
72,CUST1072,Lauren Simpson,Bangalore,IT,Kiran Das,Advertisement,06-08-2025,82991.55,Won,Meeting,10
73,CUST1073,Karen Patterson,Mumbai,Retail,Kiran Das,Event,18-09-2025,47426.15,Won,Meeting,9
74,CUST1074,James Carter,Pune,Healthcare,Priya Sharma,Advertisement,23-08-2025,87715.4,Open,Email,2
75,CUST1075,Brenda Price,Pune,Finance,Rahul Verma,LinkedIn,02-12-2025,51906.73,Lost,Phone,9
76,CUST1076,Jerry Reyes,Chennai,Healthcare,Anjali Rao,Referral,27-04-2026,66078.26,Won,Email,7
77,CUST1077,Brittany Perez,Pune,Finance,Priya Sharma,Event,23-05-2026,9253.89,Lost,Meeting,5
78,CUST1078,Alexander Watts,Chennai,Manufacturing,Kiran Das,Advertisement,10-11-2025,79914.55,Lost,Email,9
79,CUST1079,Christopher Bailey III,Delhi,IT,Kiran Das,Advertisement,11-06-2026,12543.89,Open,Phone,7
80,CUST1080,Shawn Rush,Hyderabad,Retail,Anjali Rao,Referral,14-06-2026,67632.98,Won,Phone,9
81,CUST1081,Jennifer Chandler,Chennai,Retail,Kiran Das,Advertisement,12-07-2025,41544.47,Lost,Email,8
82,CUST1082,Hunter Johnson,Delhi,IT,Anjali Rao,Referral,07-09-2025,68380.74,Lost,Phone,6
83,CUST1083,Vicki Robertson,Mumbai,Retail,Rahul Verma,Event,23-12-2025,63140.54,Lost,Email,4
84,CUST1084,Cody Benton,Mumbai,IT,Rahul Verma,Referral,27-06-2025,64108.72,Lost,Email,3
85,CUST1085,Alexandra Cook,Pune,Healthcare,Kiran Das,Website,18-04-2026,98987.83,Open,Email,8
86,CUST1086,Dawn Carroll,Delhi,Healthcare,Priya Sharma,Website,11-06-2026,45231.16,Open,Meeting,9
87,CUST1087,Jessica Smith DDS,Pune,IT,Kiran Das,Referral,24-01-2026,28666.15,Won,Email,5
88,CUST1088,Laura Frost,Mumbai,IT,Rahul Verma,Referral,06-10-2025,42507.25,Open,Meeting,8
89,CUST1089,Melissa Ford,Bangalore,Finance,Kiran Das,Advertisement,02-06-2026,48441.97,Open,Meeting,9
90,CUST1090,Frank Johnson,Delhi,Finance,Kiran Das,LinkedIn,22-06-2026,9215.23,Won,Email,2
91,CUST1091,Daniel Avery,Pune,IT,Kiran Das,Advertisement,17-10-2025,71570.26,Open,Meeting,7
92,CUST1092,Rebecca Johnson,Mumbai,IT,Anjali Rao,Event,28-05-2026,65818.41,Lost,Meeting,1
93,CUST1093,Tiffany Wells,Pune,Retail,Priya Sharma,Event,09-02-2026,27452,Lost,Meeting,9
94,CUST1094,Angelica Martinez,Delhi,IT,Priya Sharma,Advertisement,17-11-2025,23858.65,Won,Meeting,10
95,CUST1095,John Pierce,Mumbai,Retail,Anjali Rao,LinkedIn,04-08-2025,5012.44,Won,Meeting,10
96,CUST1096,Mary Cisneros,Pune,Retail,Anjali Rao,Advertisement,10-12-2025,32816.96,Open,Phone,2
97,CUST1097,Phillip Caldwell,Mumbai,Retail,Kiran Das,Advertisement,09-08-2025,48589.77,Open,Email,3
98,CUST1098,Darin Pearson,Bangalore,Retail,Rahul Verma,Advertisement,10-07-2025,98890.35,Lost,Email,1
99,CUST1099,Thomas Wade,Chennai,Retail,Rahul Verma,Website,06-12-2025,16673.85,Won,Email,10
100,CUST1100,Christopher Jackson,Chennai,Retail,Priya Sharma,Event,29-12-2025,15719.49,Open,Meeting,5
101,CUST1101,Anthony Gonzalez,Chennai,Retail,Anjali Rao,LinkedIn,08-03-2026,45874.12,Lost,Email,4
102,CUST1102,Matthew Baker,Delhi,Retail,Priya Sharma,Website,09-04-2026,52144.45,Open,Phone,4
103,CUST1103,Brendan Rogers,Mumbai,IT,Rahul Verma,LinkedIn,01-11-2025,36643.22,Lost,Phone,10
104,CUST1104,Catherine Estrada,Bangalore,Finance,Anjali Rao,Advertisement,18-07-2025,33194.32,Won,Meeting,2
105,CUST1105,Brittany Odonnell,Bangalore,IT,Kiran Das,LinkedIn,23-02-2026,74932.51,Open,Meeting,3
106,CUST1106,Amy Clark,Mumbai,Retail,Anjali Rao,Event,07-03-2026,67925.1,Lost,Phone,5
107,CUST1107,Joshua Wood,Mumbai,Manufacturing,Anjali Rao,Referral,27-10-2025,49714.78,Lost,Phone,6
108,CUST1108,Jessica Aguilar,Bangalore,Healthcare,Rahul Verma,Referral,12-02-2026,57407.58,Lost,Email,5
109,CUST1109,Samuel Roberson,Chennai,IT,Anjali Rao,LinkedIn,21-11-2025,75210.99,Lost,Email,9
110,CUST1110,Heather Cervantes,Mumbai,Healthcare,Kiran Das,LinkedIn,29-11-2025,49953.9,Open,Meeting,4
111,CUST1111,Jeffery Young,Chennai,Finance,Anjali Rao,LinkedIn,02-01-2026,55038.62,Lost,Meeting,3
112,CUST1112,Samuel Sharp,Chennai,IT,Anjali Rao,LinkedIn,21-11-2025,81408.04,Open,Phone,7
113,CUST1113,Ronald Bailey,Chennai,Healthcare,Rahul Verma,Advertisement,02-04-2026,97870.82,Open,Phone,6
114,CUST1114,Kathleen Fisher,Delhi,Manufacturing,Rahul Verma,Advertisement,27-09-2025,23820.02,Open,Email,3
115,CUST1115,Jennifer Rosales,Hyderabad,Finance,Priya Sharma,Event,28-05-2026,65195.96,Lost,Email,10
116,CUST1116,Sean Payne,Chennai,Finance,Rahul Verma,LinkedIn,11-12-2025,88401.83,Won,Phone,7
117,CUST1117,Mark Smith,Delhi,Healthcare,Priya Sharma,LinkedIn,10-01-2026,5193.51,Lost,Phone,7
118,CUST1118,Alejandro Mcguire,Chennai,Retail,Priya Sharma,Referral,18-07-2025,76088.61,Open,Phone,1
119,CUST1119,Jessica Lambert,Bangalore,Healthcare,Rahul Verma,Website,09-11-2025,78962.2,Lost,Meeting,3
120,CUST1120,Kathy Collins,Mumbai,Healthcare,Rahul Verma,Advertisement,30-04-2026,24828.01,Won,Phone,2
121,CUST1121,Tyler Watson,Bangalore,Retail,Rahul Verma,Referral,26-03-2026,35131.53,Open,Meeting,1
122,CUST1122,Mary Sims,Hyderabad,Healthcare,Priya Sharma,LinkedIn,12-01-2026,68208.52,Open,Email,7
123,CUST1123,Bradley Mitchell,Bangalore,IT,Rahul Verma,Website,27-12-2025,77661.26,Won,Email,7
124,CUST1124,Michael Johnson,Pune,Healthcare,Priya Sharma,Referral,06-09-2025,6539.47,Open,Meeting,9
125,CUST1125,Monique Peterson,Mumbai,IT,Anjali Rao,Advertisement,02-09-2025,18720.92,Won,Email,4
126,CUST1126,Thomas Lopez,Hyderabad,IT,Kiran Das,LinkedIn,16-05-2026,97933.75,Open,Email,8
127,CUST1127,James Garcia,Hyderabad,Manufacturing,Rahul Verma,Advertisement,08-03-2026,59888.24,Won,Meeting,4
128,CUST1128,Eric Wade,Chennai,Manufacturing,Anjali Rao,Referral,25-01-2026,81001.54,Lost,Email,5
129,CUST1129,Katie Roberts,Mumbai,Retail,Kiran Das,LinkedIn,31-03-2026,21250.3,Lost,Phone,4
130,CUST1130,Aaron Vang,Bangalore,Manufacturing,Anjali Rao,LinkedIn,01-10-2025,83461.7,Won,Phone,8
131,CUST1131,Christopher Williamson,Bangalore,IT,Kiran Das,Event,11-11-2025,26805.02,Open,Email,9
132,CUST1132,Johnny Prince,Mumbai,Retail,Rahul Verma,Event,01-03-2026,42564.22,Won,Phone,3
133,CUST1133,Brandon Barry,Pune,Healthcare,Rahul Verma,Advertisement,16-10-2025,14405.55,Won,Phone,10
134,CUST1134,Daniel Miller,Pune,Finance,Anjali Rao,Website,09-04-2026,71510.25,Open,Meeting,6
135,CUST1135,Vanessa Little,Chennai,Healthcare,Priya Sharma,Advertisement,20-10-2025,38506.04,Open,Email,4
136,CUST1136,Brandi Bean,Hyderabad,IT,Rahul Verma,LinkedIn,26-09-2025,35220.09,Lost,Phone,2
137,CUST1137,Kayla Stephens,Mumbai,Manufacturing,Priya Sharma,Referral,23-05-2026,24963.32,Open,Email,3
138,CUST1138,Luis Simon,Hyderabad,Healthcare,Kiran Das,Advertisement,22-01-2026,99204.24,Lost,Meeting,1
139,CUST1139,Joseph White,Mumbai,IT,Kiran Das,Referral,20-05-2026,6922.23,Lost,Phone,9
140,CUST1140,Sheila Love,Mumbai,Finance,Rahul Verma,Advertisement,13-08-2025,14531.82,Open,Phone,7
141,CUST1141,Donald Williams,Bangalore,Manufacturing,Rahul Verma,LinkedIn,24-12-2025,75202.99,Open,Meeting,1
142,CUST1142,Leon Schwartz,Delhi,Manufacturing,Rahul Verma,Event,29-04-2026,21352.65,Won,Email,6
143,CUST1143,Ryan Meyer,Chennai,Retail,Anjali Rao,Advertisement,10-02-2026,47458.94,Won,Phone,1
144,CUST1144,Sandra Hardy,Hyderabad,Healthcare,Priya Sharma,Event,20-12-2025,20537.59,Won,Meeting,8
145,CUST1145,Nicholas Jennings,Mumbai,Healthcare,Kiran Das,LinkedIn,31-07-2025,5884.91,Open,Email,4
146,CUST1146,Cindy Edwards,Mumbai,IT,Anjali Rao,Referral,31-12-2025,28825.82,Open,Email,5
147,CUST1147,William Lee,Chennai,IT,Anjali Rao,Advertisement,16-12-2025,11262.61,Open,Meeting,5
148,CUST1148,William Long,Pune,Finance,Anjali Rao,Event,01-02-2026,54735.45,Open,Phone,9
149,CUST1149,Anthony Mathis,Hyderabad,Finance,Priya Sharma,Advertisement,15-02-2026,16054.8,Won,Email,6
150,CUST1150,Carrie Anderson,Mumbai,IT,Kiran Das,Website,13-03-2026,58349.33,Lost,Email,8
151,CUST1151,Kristi Lewis,Chennai,Manufacturing,Kiran Das,Advertisement,25-02-2026,20318.88,Open,Phone,2
152,CUST1152,Michael Williams,Chennai,Finance,Kiran Das,Event,29-10-2025,23989.63,Lost,Meeting,1
153,CUST1153,Mary Petersen,Bangalore,IT,Anjali Rao,Advertisement,07-01-2026,57001.34,Open,Meeting,10
154,CUST1154,Christopher Perez,Hyderabad,Finance,Rahul Verma,Website,08-01-2026,31795.16,Won,Email,9
155,CUST1155,Stephanie Hill,Mumbai,IT,Kiran Das,Event,28-09-2025,42596.65,Open,Meeting,9
156,CUST1156,James Jones,Delhi,Manufacturing,Rahul Verma,Advertisement,12-03-2026,55869.87,Open,Phone,8
157,CUST1157,Paul Olsen,Chennai,IT,Rahul Verma,LinkedIn,07-11-2025,46714.4,Won,Phone,10
158,CUST1158,Dana Robinson,Chennai,Manufacturing,Rahul Verma,Referral,10-02-2026,24721.94,Lost,Phone,9
159,CUST1159,Sabrina Moreno,Delhi,Healthcare,Rahul Verma,Advertisement,02-11-2025,7639.97,Open,Email,8
160,CUST1160,Steven Miller,Chennai,Finance,Priya Sharma,LinkedIn,19-10-2025,40599.48,Lost,Meeting,10
161,CUST1161,Robert Jones,Bangalore,IT,Rahul Verma,Event,15-05-2026,96456.17,Won,Email,3
162,CUST1162,Christopher Campbell,Bangalore,Retail,Anjali Rao,LinkedIn,04-04-2026,77089.79,Won,Email,6
163,CUST1163,Kristen Phillips,Mumbai,Healthcare,Anjali Rao,Website,02-02-2026,10520,Won,Meeting,4
164,CUST1164,David Brown,Mumbai,Retail,Kiran Das,LinkedIn,01-12-2025,82037.9,Open,Meeting,7
165,CUST1165,Jose Monroe,Mumbai,Finance,Rahul Verma,Event,23-06-2026,82052.71,Open,Email,10
166,CUST1166,Jack Castillo,Hyderabad,IT,Anjali Rao,Referral,19-10-2025,42996.47,Lost,Meeting,8
167,CUST1167,Jessica Zuniga,Hyderabad,Manufacturing,Anjali Rao,LinkedIn,03-07-2025,65130.55,Won,Phone,10
168,CUST1168,Jessica Vaughan,Bangalore,Finance,Priya Sharma,Website,14-05-2026,8406.5,Open,Email,6
169,CUST1169,Diane Barker,Mumbai,Healthcare,Anjali Rao,Advertisement,04-06-2026,91503.51,Won,Email,2
170,CUST1170,Joyce Martin,Bangalore,Retail,Anjali Rao,Referral,17-03-2026,95731.69,Open,Meeting,2
171,CUST1171,Darrell Beck,Hyderabad,IT,Anjali Rao,Website,22-07-2025,96783.14,Lost,Email,1
172,CUST1172,Heather Sawyer,Hyderabad,Healthcare,Priya Sharma,Referral,24-05-2026,45800.95,Lost,Meeting,1
173,CUST1173,Robert Obrien,Pune,Retail,Kiran Das,LinkedIn,28-08-2025,52707.97,Open,Email,7
174,CUST1174,Mrs. Stacey Webb,Bangalore,Manufacturing,Anjali Rao,Referral,30-09-2025,20589.89,Won,Email,10
175,CUST1175,Theresa Hurley,Mumbai,Manufacturing,Kiran Das,Website,22-02-2026,81848.33,Lost,Phone,3
176,CUST1176,Gina Wilkinson,Hyderabad,IT,Rahul Verma,LinkedIn,09-09-2025,14781.59,Open,Meeting,3
177,CUST1177,Jessica Long,Bangalore,Finance,Rahul Verma,Referral,02-09-2025,61164.98,Open,Email,6
178,CUST1178,Mr. Brett Jenkins,Mumbai,Manufacturing,Priya Sharma,Referral,12-07-2025,25964.96,Won,Email,5
179,CUST1179,Vanessa Knapp,Hyderabad,Healthcare,Kiran Das,LinkedIn,31-10-2025,21747.6,Open,Meeting,1
180,CUST1180,Alexandria Salazar,Bangalore,Healthcare,Priya Sharma,Referral,06-10-2025,43224.36,Won,Phone,7
181,CUST1181,Robert Elliott,Pune,IT,Rahul Verma,Referral,19-06-2026,79239.55,Open,Meeting,2
182,CUST1182,Darryl Roberts,Hyderabad,Healthcare,Anjali Rao,Website,31-01-2026,80439.95,Open,Email,7
183,CUST1183,Brandi Harris,Bangalore,Finance,Kiran Das,Referral,02-05-2026,31384.75,Open,Email,1
184,CUST1184,Michael Padilla MD,Mumbai,Healthcare,Rahul Verma,Website,05-06-2026,88057.13,Won,Email,4
185,CUST1185,Bryan Hunter,Mumbai,IT,Priya Sharma,Website,19-01-2026,92789.81,Open,Meeting,5
186,CUST1186,Cathy Taylor,Bangalore,Finance,Anjali Rao,Advertisement,23-01-2026,64487.9,Lost,Email,1
187,CUST1187,Trevor Carr,Chennai,Healthcare,Anjali Rao,Advertisement,17-03-2026,83619.93,Lost,Phone,10
188,CUST1188,Daniel Stevens,Pune,Retail,Anjali Rao,Advertisement,06-04-2026,28588.48,Won,Meeting,10
189,CUST1189,Ian Harrison,Pune,Retail,Priya Sharma,LinkedIn,28-08-2025,87249.68,Open,Phone,4
190,CUST1190,Annette Weaver,Pune,Manufacturing,Priya Sharma,Event,05-02-2026,84530.4,Lost,Meeting,5
191,CUST1191,David Tucker,Hyderabad,Finance,Priya Sharma,Website,09-10-2025,81972.08,Won,Phone,6
192,CUST1192,John Carter,Chennai,Manufacturing,Rahul Verma,Event,29-06-2025,94396.98,Open,Email,8
193,CUST1193,Tammie Ingram,Delhi,Finance,Rahul Verma,Referral,29-01-2026,6943.12,Open,Phone,2
194,CUST1194,Matthew Collins,Mumbai,Retail,Kiran Das,Referral,07-08-2025,85993.85,Open,Phone,6
195,CUST1195,Matthew Martinez,Chennai,Finance,Rahul Verma,LinkedIn,09-09-2025,34222.16,Open,Meeting,7
196,CUST1196,Seth Ramirez,Delhi,Retail,Priya Sharma,Referral,19-12-2025,68762.86,Open,Email,3
197,CUST1197,Carla Guzman,Pune,Retail,Priya Sharma,Event,31-10-2025,32071.39,Won,Phone,10
198,CUST1198,Peter Ware,Bangalore,IT,Priya Sharma,LinkedIn,19-01-2026,60473.43,Open,Meeting,3
199,CUST1199,Justin Booth,Chennai,Finance,Kiran Das,Event,29-11-2025,94200.37,Won,Email,6
200,CUST1200,Christopher Garrett,Hyderabad,Manufacturing,Kiran Das,Website,03-10-2025,40820.75,Lost,Email,4
201,CUST1201,Jason Munoz,Bangalore,Finance,Rahul Verma,LinkedIn,26-01-2026,75203.57,Open,Email,4
202,CUST1202,Jeffrey Nelson,Chennai,Healthcare,Anjali Rao,LinkedIn,25-01-2026,77357.52,Open,Phone,4
203,CUST1203,Mary Foster,Pune,IT,Anjali Rao,Event,23-06-2026,71939.58,Lost,Meeting,7
204,CUST1204,Dr. Brittany Knox,Hyderabad,Manufacturing,Rahul Verma,Website,11-11-2025,16420.01,Won,Phone,9
205,CUST1205,Christopher Hale,Chennai,IT,Priya Sharma,Website,16-03-2026,99185.88,Lost,Meeting,1
206,CUST1206,Antonio Johnson,Hyderabad,Healthcare,Kiran Das,Event,23-11-2025,42868.73,Won,Meeting,4
207,CUST1207,Robin Powell,Chennai,Healthcare,Priya Sharma,Event,21-05-2026,74032.16,Won,Email,4
208,CUST1208,Daniel Lee,Pune,Manufacturing,Rahul Verma,Advertisement,26-04-2026,54452.4,Won,Phone,1
209,CUST1209,Cindy Huber,Chennai,Healthcare,Anjali Rao,Event,20-08-2025,63137.88,Lost,Email,10
210,CUST1210,Joe Beard,Mumbai,Healthcare,Rahul Verma,LinkedIn,24-06-2025,7508.05,Lost,Meeting,2
211,CUST1211,Samuel Mitchell,Hyderabad,Manufacturing,Kiran Das,Event,04-08-2025,37286.83,Lost,Email,2
212,CUST1212,Leslie Perez,Pune,Manufacturing,Anjali Rao,Advertisement,09-11-2025,55279.59,Lost,Email,8
213,CUST1213,Bradley Briggs,Mumbai,Healthcare,Kiran Das,Referral,05-10-2025,33829.86,Open,Email,6
214,CUST1214,Keith Mullins,Bangalore,Healthcare,Rahul Verma,Event,16-07-2025,56876.93,Open,Phone,2
215,CUST1215,Benjamin Foster III,Bangalore,Finance,Rahul Verma,LinkedIn,30-12-2025,85043.69,Won,Meeting,7
216,CUST1216,Cindy Stafford,Pune,Retail,Kiran Das,Event,04-06-2026,47541.75,Lost,Email,3
217,CUST1217,Christina Campbell,Mumbai,Healthcare,Anjali Rao,Advertisement,22-08-2025,73158.27,Open,Meeting,5
218,CUST1218,Kimberly Perez,Hyderabad,Finance,Priya Sharma,Website,10-09-2025,79737.97,Open,Phone,2
219,CUST1219,Norman Tate,Hyderabad,IT,Priya Sharma,Website,08-02-2026,74583.67,Won,Email,5
220,CUST1220,Kimberly George,Delhi,Retail,Anjali Rao,Referral,26-09-2025,47277.04,Lost,Phone,2
221,CUST1221,Daniel Cummings,Mumbai,Finance,Priya Sharma,Website,02-12-2025,17710.21,Lost,Phone,2
222,CUST1222,Mr. David Nicholson,Chennai,Retail,Rahul Verma,Advertisement,02-03-2026,21932.21,Won,Phone,8
223,CUST1223,Carrie Jones,Mumbai,Manufacturing,Rahul Verma,Referral,18-05-2026,85407.94,Lost,Email,3
224,CUST1224,Lance Sanchez,Chennai,Healthcare,Kiran Das,Event,08-09-2025,28542.7,Won,Meeting,2
225,CUST1225,Daniel Ballard,Mumbai,Manufacturing,Anjali Rao,LinkedIn,11-03-2026,13423.18,Won,Meeting,10
226,CUST1226,Joshua Villegas,Chennai,IT,Anjali Rao,Event,09-02-2026,44388.57,Lost,Phone,9
227,CUST1227,Charlene Stone,Mumbai,Manufacturing,Priya Sharma,Referral,12-04-2026,28430.81,Won,Email,6
228,CUST1228,Crystal Barnes,Mumbai,Retail,Kiran Das,Website,23-10-2025,41673.67,Open,Meeting,5
229,CUST1229,Stephanie Baker,Mumbai,Healthcare,Rahul Verma,LinkedIn,31-07-2025,99078.95,Won,Phone,5
230,CUST1230,Barbara Cabrera,Chennai,Manufacturing,Priya Sharma,Referral,23-06-2026,81198.51,Open,Phone,6
231,CUST1231,Gregory Olson,Mumbai,Retail,Kiran Das,Event,10-02-2026,64481.08,Lost,Phone,4
232,CUST1232,Allison Harper,Mumbai,IT,Rahul Verma,Event,17-11-2025,25709.98,Lost,Phone,1
233,CUST1233,Brian Young,Bangalore,Finance,Anjali Rao,Advertisement,11-03-2026,49424.88,Lost,Email,7
234,CUST1234,Miss Jessica Jones,Mumbai,Retail,Kiran Das,LinkedIn,04-06-2026,75287.83,Lost,Meeting,2
235,CUST1235,Victoria Paul,Bangalore,IT,Anjali Rao,Website,05-08-2025,29338.85,Open,Meeting,8
236,CUST1236,Alexander Luna,Chennai,Retail,Anjali Rao,Advertisement,03-08-2025,78799.66,Lost,Email,7
237,CUST1237,Michelle Ward,Delhi,Finance,Priya Sharma,Website,23-04-2026,82957.32,Open,Phone,5
238,CUST1238,Christopher Lee,Delhi,Retail,Anjali Rao,Website,23-07-2025,39651.71,Open,Meeting,10
239,CUST1239,Christopher Sanders,Hyderabad,IT,Anjali Rao,Referral,07-05-2026,65292.61,Lost,Phone,1
240,CUST1240,Megan Hoffman,Bangalore,Retail,Priya Sharma,LinkedIn,27-10-2025,55836.36,Won,Phone,4
241,CUST1241,Randy Freeman,Bangalore,Retail,Anjali Rao,Event,29-12-2025,92691.1,Won,Phone,9
242,CUST1242,Sarah Black,Chennai,Retail,Priya Sharma,Referral,02-12-2025,48744.74,Open,Email,1
243,CUST1243,Michael Parker,Mumbai,Retail,Anjali Rao,LinkedIn,11-04-2026,18442.59,Open,Email,5
244,CUST1244,Diane Simpson,Chennai,Retail,Anjali Rao,LinkedIn,15-01-2026,83683,Open,Email,1
245,CUST1245,Cheryl Mitchell,Delhi,Manufacturing,Rahul Verma,Referral,21-04-2026,52933.8,Open,Meeting,5
246,CUST1246,Jeffrey Williams,Mumbai,Manufacturing,Priya Sharma,Referral,27-10-2025,35658.78,Lost,Meeting,2
247,CUST1247,Emily Roberts,Pune,Retail,Priya Sharma,LinkedIn,12-12-2025,59395.3,Open,Meeting,1
248,CUST1248,Christopher Wright,Hyderabad,IT,Anjali Rao,Referral,18-03-2026,69311.99,Won,Email,4
249,CUST1249,Richard Smith,Chennai,Finance,Anjali Rao,LinkedIn,03-07-2025,95456.87,Lost,Phone,1
250,CUST1250,Kristen Campos,Chennai,Finance,Rahul Verma,Website,28-04-2026,89343.68,Won,Email,5
251,CUST1251,Todd Scott,Bangalore,Finance,Rahul Verma,Advertisement,03-08-2025,53315.92,Open,Email,9
252,CUST1252,Derrick Guzman,Mumbai,Manufacturing,Rahul Verma,Referral,06-05-2026,62007.3,Lost,Meeting,8
253,CUST1253,Nicholas Bush,Hyderabad,IT,Rahul Verma,Referral,28-04-2026,71717.75,Open,Email,2
254,CUST1254,Mary Cunningham,Pune,Retail,Kiran Das,Website,27-07-2025,44180.46,Lost,Phone,9
255,CUST1255,Eric Watkins,Pune,Finance,Anjali Rao,Website,18-05-2026,95127.15,Open,Meeting,6
256,CUST1256,Krystal Dalton,Hyderabad,Manufacturing,Kiran Das,Advertisement,24-09-2025,62005.68,Open,Phone,5
257,CUST1257,Mr. Christopher Garcia,Chennai,Finance,Priya Sharma,Event,07-01-2026,83144.56,Won,Email,7
258,CUST1258,Brandon Lewis,Pune,IT,Rahul Verma,LinkedIn,28-01-2026,82129.94,Lost,Meeting,3
259,CUST1259,William Garcia,Bangalore,Finance,Priya Sharma,Referral,23-07-2025,24566.41,Won,Meeting,3
260,CUST1260,Donald Lee,Pune,Healthcare,Rahul Verma,Advertisement,11-06-2026,60667.25,Open,Email,1
261,CUST1261,Jermaine Simmons,Hyderabad,Retail,Priya Sharma,Website,24-10-2025,90187.78,Won,Phone,2
262,CUST1262,David Webster,Hyderabad,IT,Anjali Rao,LinkedIn,07-06-2026,55319.25,Lost,Phone,4
263,CUST1263,Alexandra Horton,Chennai,Finance,Rahul Verma,LinkedIn,31-10-2025,81466.46,Open,Email,10
264,CUST1264,John Rodriguez,Bangalore,Retail,Kiran Das,Event,08-07-2025,25697.21,Lost,Phone,9
265,CUST1265,Jeremy Martin PhD,Delhi,Retail,Priya Sharma,Website,30-06-2025,62087.72,Open,Email,6
266,CUST1266,Danielle Jones,Hyderabad,Manufacturing,Priya Sharma,LinkedIn,20-04-2026,12498.83,Won,Email,6
267,CUST1267,Jacqueline Jackson,Mumbai,Manufacturing,Rahul Verma,Referral,24-07-2025,8659.3,Open,Email,1
268,CUST1268,Steven Taylor,Pune,Finance,Rahul Verma,Advertisement,02-07-2025,30490.28,Lost,Email,6
269,CUST1269,Michael Nichols,Delhi,Finance,Kiran Das,Advertisement,14-10-2025,36317.27,Lost,Meeting,8
270,CUST1270,Samuel Cardenas,Chennai,IT,Anjali Rao,Website,16-10-2025,11615.14,Lost,Phone,1
271,CUST1271,Lisa Morgan,Hyderabad,Healthcare,Anjali Rao,Event,27-04-2026,59372.64,Open,Meeting,4
272,CUST1272,Tanya Carr,Chennai,Manufacturing,Anjali Rao,Event,19-05-2026,48330.05,Open,Phone,9
273,CUST1273,Edward Lambert,Bangalore,Healthcare,Rahul Verma,Website,10-06-2026,17713.34,Open,Phone,10
274,CUST1274,Edward Smith,Bangalore,Finance,Rahul Verma,Advertisement,09-09-2025,91293.94,Won,Meeting,3
275,CUST1275,Daniel Ramirez,Pune,Manufacturing,Kiran Das,Event,09-06-2026,36552.75,Lost,Phone,7
276,CUST1276,Debra Rodriguez,Chennai,Finance,Rahul Verma,Referral,08-08-2025,49428.77,Lost,Phone,7
277,CUST1277,Gregory Reilly,Chennai,Retail,Rahul Verma,Referral,08-12-2025,91436.73,Open,Phone,6
278,CUST1278,Lauren Odom DDS,Chennai,Manufacturing,Kiran Das,Advertisement,31-10-2025,21510.06,Open,Meeting,6
279,CUST1279,Julie Wright,Hyderabad,Manufacturing,Kiran Das,Advertisement,11-01-2026,87750.67,Won,Meeting,3
280,CUST1280,Jessica Howard,Chennai,IT,Rahul Verma,Event,08-05-2026,75533.31,Won,Meeting,5
281,CUST1281,Aaron Mcbride,Bangalore,Healthcare,Rahul Verma,Referral,08-07-2025,37833.74,Lost,Email,6
282,CUST1282,David Fowler,Mumbai,Manufacturing,Anjali Rao,Advertisement,01-07-2025,42153.24,Lost,Phone,4
283,CUST1283,Randy Scott,Bangalore,Healthcare,Kiran Das,Event,06-09-2025,77313.25,Won,Email,6
284,CUST1284,Leslie Johnson,Bangalore,Finance,Anjali Rao,Advertisement,01-10-2025,73643.49,Open,Phone,5
285,CUST1285,Tracy Bailey,Pune,Retail,Priya Sharma,Event,09-06-2026,5697.01,Open,Email,3
286,CUST1286,Janet Hall,Hyderabad,Manufacturing,Kiran Das,Advertisement,29-12-2025,14239.56,Open,Email,6
287,CUST1287,Kyle Torres,Bangalore,Healthcare,Priya Sharma,Referral,29-03-2026,30263.64,Open,Meeting,4
288,CUST1288,Matthew Patton,Bangalore,Manufacturing,Anjali Rao,Advertisement,25-01-2026,77535.54,Lost,Meeting,4
289,CUST1289,Christina Clark,Pune,Retail,Rahul Verma,Advertisement,14-08-2025,30997.56,Won,Phone,10
290,CUST1290,Julian Hicks,Bangalore,Manufacturing,Rahul Verma,Event,20-07-2025,6464.33,Won,Meeting,5
291,CUST1291,Daniel Ortega,Hyderabad,Finance,Priya Sharma,Referral,03-10-2025,57648.57,Lost,Phone,5
292,CUST1292,Carlos Burgess,Chennai,Manufacturing,Priya Sharma,LinkedIn,03-10-2025,23156.05,Won,Email,6
293,CUST1293,Joshua Russell,Chennai,Healthcare,Kiran Das,Website,13-07-2025,85376.71,Lost,Phone,8
294,CUST1294,Charlene Carpenter,Pune,Retail,Kiran Das,Referral,09-04-2026,6375.98,Won,Phone,3
295,CUST1295,Monica Walsh,Mumbai,Healthcare,Priya Sharma,Referral,26-11-2025,98096.96,Open,Meeting,5
296,CUST1296,Mark Ortega,Hyderabad,Manufacturing,Anjali Rao,Website,08-04-2026,44553.71,Open,Phone,1
297,CUST1297,David Harper,Delhi,Retail,Rahul Verma,LinkedIn,25-10-2025,9113.66,Open,Email,3
298,CUST1298,Jennifer Myers,Chennai,Manufacturing,Priya Sharma,Advertisement,16-10-2025,82427.85,Lost,Phone,2
299,CUST1299,James Williams,Bangalore,Retail,Priya Sharma,Event,23-08-2025,76439.93,Open,Phone,1
300,CUST1300,Dylan Gonzales,Pune,IT,Anjali Rao,Referral,04-11-2025,44961.55,Won,Meeting,4
301,CUST1301,Shelley Williams,Pune,Finance,Kiran Das,LinkedIn,22-09-2025,81988.89,Won,Email,10
302,CUST1302,Amy Clark,Delhi,IT,Priya Sharma,Advertisement,04-07-2025,31026.98,Lost,Meeting,9
303,CUST1303,Kelly Wilson,Bangalore,IT,Kiran Das,Advertisement,16-12-2025,91415.27,Lost,Email,5
304,CUST1304,John Gonzalez,Bangalore,Retail,Anjali Rao,Advertisement,27-10-2025,80670.24,Won,Email,9
305,CUST1305,Brian Long,Delhi,Healthcare,Anjali Rao,Event,24-02-2026,66441.56,Lost,Phone,3
306,CUST1306,Wayne Ellis,Chennai,Manufacturing,Rahul Verma,Advertisement,25-06-2025,79393.48,Open,Email,5
307,CUST1307,Robert Fletcher,Delhi,Manufacturing,Kiran Das,Advertisement,24-05-2026,26100.21,Lost,Email,1
308,CUST1308,Victoria Chavez,Chennai,IT,Anjali Rao,Website,29-01-2026,89691.83,Lost,Email,8
309,CUST1309,Ian Jones,Mumbai,Healthcare,Kiran Das,Referral,10-03-2026,57552.85,Lost,Meeting,7
310,CUST1310,Andrew Johnston,Mumbai,Healthcare,Kiran Das,Website,07-06-2026,87661.77,Won,Phone,5
311,CUST1311,Jeffrey Bradford,Pune,Manufacturing,Anjali Rao,Event,10-07-2025,32903.25,Won,Phone,2
312,CUST1312,Richard Ruiz,Bangalore,Retail,Rahul Verma,Advertisement,27-12-2025,29032.53,Lost,Meeting,9
313,CUST1313,Vickie Morgan,Hyderabad,Finance,Anjali Rao,Website,13-10-2025,94943.67,Open,Meeting,9
314,CUST1314,Nicole Tyler,Chennai,IT,Kiran Das,Advertisement,01-11-2025,30462.2,Won,Phone,9
315,CUST1315,Thomas Strong,Delhi,Manufacturing,Anjali Rao,Referral,12-06-2026,50399.49,Open,Phone,9
316,CUST1316,Reginald Baker,Chennai,IT,Anjali Rao,Event,30-11-2025,36011.9,Open,Phone,9
317,CUST1317,Robert Roy,Pune,IT,Rahul Verma,Referral,08-09-2025,24491.93,Open,Meeting,10
318,CUST1318,Terry Liu,Pune,IT,Anjali Rao,Website,22-11-2025,17105.98,Won,Meeting,3
319,CUST1319,Melissa Pugh,Mumbai,Manufacturing,Rahul Verma,Event,29-04-2026,25708.62,Lost,Meeting,8
320,CUST1320,Ian Carr,Hyderabad,Healthcare,Anjali Rao,LinkedIn,12-01-2026,94483.84,Won,Phone,9
321,CUST1321,Joseph Steele,Chennai,Manufacturing,Anjali Rao,Referral,07-06-2026,83042.54,Lost,Email,9
322,CUST1322,Adam Johnson,Mumbai,Retail,Kiran Das,Event,22-11-2025,57828.58,Open,Phone,10
323,CUST1323,Christina Ramos,Pune,Retail,Anjali Rao,Website,03-05-2026,56370.21,Won,Phone,5
324,CUST1324,Jacqueline Wagner,Mumbai,Healthcare,Anjali Rao,Event,17-11-2025,60118.5,Open,Email,4
325,CUST1325,Tina Dunlap,Hyderabad,Healthcare,Anjali Rao,Event,22-09-2025,19768.79,Open,Meeting,10
326,CUST1326,Ronald Cline,Delhi,IT,Anjali Rao,Event,03-07-2025,96975.42,Lost,Email,10
327,CUST1327,Ryan Roman,Hyderabad,IT,Rahul Verma,LinkedIn,15-06-2026,25425.5,Lost,Email,2
328,CUST1328,Richard Benton,Mumbai,Finance,Anjali Rao,Advertisement,23-08-2025,60057.09,Lost,Meeting,10
329,CUST1329,Karen Edwards,Mumbai,Healthcare,Rahul Verma,Event,22-09-2025,42497.69,Won,Phone,10
330,CUST1330,Donald Johnson,Hyderabad,Manufacturing,Kiran Das,Advertisement,26-04-2026,14435.15,Open,Meeting,5
331,CUST1331,Carlos Burns,Delhi,Finance,Priya Sharma,LinkedIn,06-10-2025,64396.44,Lost,Email,1
332,CUST1332,Charles Shaw,Pune,Healthcare,Priya Sharma,Event,25-11-2025,36219.5,Won,Email,1
333,CUST1333,Alyssa Bailey,Delhi,Retail,Priya Sharma,LinkedIn,28-08-2025,51505.89,Open,Phone,3
334,CUST1334,Olivia Williams,Hyderabad,Retail,Rahul Verma,Advertisement,23-09-2025,71453.26,Open,Email,4
335,CUST1335,Laura Sawyer,Mumbai,IT,Rahul Verma,Advertisement,09-10-2025,24616.62,Open,Phone,5
336,CUST1336,Jordan Mora,Mumbai,IT,Rahul Verma,Referral,23-07-2025,73943.45,Open,Email,6
337,CUST1337,Emma Thompson,Bangalore,Finance,Anjali Rao,Event,04-08-2025,40207.44,Won,Email,4
338,CUST1338,William Yoder,Delhi,Finance,Anjali Rao,Referral,28-06-2025,99029.25,Lost,Phone,7
339,CUST1339,Vicki Ellis,Chennai,Retail,Priya Sharma,Referral,28-02-2026,50377.54,Lost,Phone,4
340,CUST1340,Emily Washington,Mumbai,IT,Anjali Rao,LinkedIn,26-12-2025,59377.07,Lost,Email,2
341,CUST1341,Paula Li,Chennai,Healthcare,Kiran Das,Event,09-09-2025,92841.34,Lost,Phone,4
342,CUST1342,Craig Blake,Chennai,Retail,Rahul Verma,Website,24-11-2025,80232,Won,Meeting,5
343,CUST1343,Michael Davis,Chennai,Manufacturing,Rahul Verma,LinkedIn,29-10-2025,7059.87,Lost,Meeting,3
344,CUST1344,Melvin Hernandez,Chennai,Manufacturing,Priya Sharma,Referral,08-06-2026,83726.7,Lost,Email,5
345,CUST1345,Melissa Sweeney,Hyderabad,Healthcare,Kiran Das,Website,06-01-2026,25699.76,Lost,Email,10
346,CUST1346,Alan Nguyen,Pune,IT,Kiran Das,Event,15-04-2026,52000.02,Open,Phone,4
347,CUST1347,Diane Brown,Chennai,Healthcare,Kiran Das,LinkedIn,25-11-2025,37610.11,Won,Email,8
348,CUST1348,Brandi Hernandez,Mumbai,IT,Anjali Rao,Website,05-04-2026,49494.32,Lost,Phone,5
349,CUST1349,Cindy Walker,Bangalore,Finance,Anjali Rao,LinkedIn,07-02-2026,94921.53,Open,Phone,3
350,CUST1350,Angela Cook,Bangalore,IT,Anjali Rao,LinkedIn,23-04-2026,64472.23,Lost,Email,2
351,CUST1351,Susan Price,Pune,Manufacturing,Kiran Das,Advertisement,17-02-2026,90657.34,Won,Phone,1
352,CUST1352,Christian Wood,Mumbai,IT,Rahul Verma,Advertisement,25-06-2025,28978.3,Lost,Email,5
353,CUST1353,John Baker,Hyderabad,Retail,Rahul Verma,Event,14-03-2026,60691.12,Won,Phone,6
354,CUST1354,Deborah Rogers,Hyderabad,IT,Priya Sharma,Website,26-04-2026,89364.83,Won,Email,9
355,CUST1355,Samuel Thompson,Chennai,Finance,Rahul Verma,Referral,13-03-2026,90858.99,Lost,Meeting,8
356,CUST1356,Patricia Poole,Delhi,IT,Rahul Verma,Referral,14-04-2026,59940.06,Open,Email,7
357,CUST1357,Ryan Vaughn,Hyderabad,Manufacturing,Priya Sharma,Website,23-01-2026,29540.99,Won,Phone,1
358,CUST1358,Maria Singleton,Pune,Healthcare,Priya Sharma,Advertisement,07-05-2026,68554.91,Won,Phone,9
359,CUST1359,Kelsey Nichols,Mumbai,IT,Priya Sharma,Website,01-04-2026,21360.98,Lost,Meeting,4
360,CUST1360,Kevin Byrd,Delhi,IT,Kiran Das,Referral,30-07-2025,77856.96,Open,Email,6
361,CUST1361,Jennifer Marshall,Bangalore,Healthcare,Priya Sharma,Referral,29-01-2026,17789.57,Open,Meeting,7
362,CUST1362,Kimberly Camacho,Chennai,Retail,Priya Sharma,Website,08-04-2026,52137.66,Lost,Phone,7
363,CUST1363,Beverly Novak,Hyderabad,Retail,Anjali Rao,Advertisement,24-09-2025,98223.65,Won,Email,9
364,CUST1364,Marilyn Hughes,Chennai,Retail,Rahul Verma,Advertisement,14-08-2025,43917.1,Lost,Phone,1
365,CUST1365,Monica Espinoza,Bangalore,Healthcare,Priya Sharma,Website,05-11-2025,40761.79,Open,Phone,10
366,CUST1366,Anthony Becker,Chennai,Healthcare,Priya Sharma,Event,11-02-2026,80031.41,Open,Phone,7
367,CUST1367,Kathryn Hall,Hyderabad,Manufacturing,Priya Sharma,Event,27-07-2025,58838.92,Won,Phone,7
368,CUST1368,Nicholas Padilla,Mumbai,Finance,Rahul Verma,Referral,18-02-2026,42393.85,Open,Phone,3
369,CUST1369,Jason Thompson,Pune,Healthcare,Kiran Das,LinkedIn,08-01-2026,37556.68,Won,Meeting,3
370,CUST1370,Tammy Patel,Chennai,Healthcare,Priya Sharma,LinkedIn,01-05-2026,26111.37,Won,Phone,9
371,CUST1371,Edward Ritter,Hyderabad,Healthcare,Priya Sharma,LinkedIn,26-02-2026,9010.91,Lost,Email,8
372,CUST1372,Eric Savage,Hyderabad,Manufacturing,Rahul Verma,Referral,22-11-2025,28010.55,Won,Phone,2
373,CUST1373,Kyle Sosa,Bangalore,Retail,Kiran Das,Website,24-01-2026,85839.27,Open,Email,6
374,CUST1374,Jacob Carpenter,Hyderabad,Healthcare,Anjali Rao,Website,18-07-2025,70973.83,Won,Meeting,3
375,CUST1375,Laurie Waters,Delhi,Retail,Priya Sharma,Referral,20-05-2026,77441.08,Won,Phone,3
376,CUST1376,Kyle Grant,Hyderabad,Finance,Anjali Rao,LinkedIn,24-02-2026,81461.17,Open,Meeting,9
377,CUST1377,Melanie Wells,Pune,Retail,Rahul Verma,LinkedIn,27-02-2026,6465.8,Won,Email,2
378,CUST1378,Kenneth Meyer,Delhi,Manufacturing,Anjali Rao,LinkedIn,21-07-2025,68007.48,Open,Meeting,8
379,CUST1379,Autumn Ryan,Delhi,Healthcare,Kiran Das,Advertisement,16-02-2026,77153.2,Open,Email,8
380,CUST1380,Bailey Smith,Bangalore,Retail,Priya Sharma,LinkedIn,12-10-2025,45731.17,Won,Email,4
381,CUST1381,Paul Horton Jr.,Delhi,Manufacturing,Rahul Verma,Event,17-06-2026,32897.56,Won,Meeting,5
382,CUST1382,Sheila Johnson,Hyderabad,IT,Kiran Das,Website,10-12-2025,29148.22,Open,Meeting,1
383,CUST1383,Sheila Harrison,Pune,Healthcare,Priya Sharma,Advertisement,17-12-2025,30045.51,Lost,Meeting,6
384,CUST1384,Matthew Novak,Hyderabad,IT,Priya Sharma,LinkedIn,05-04-2026,13323.47,Won,Meeting,6
385,CUST1385,Edward White,Bangalore,Finance,Kiran Das,Website,12-02-2026,81133.21,Lost,Meeting,2
386,CUST1386,Mark Clark,Mumbai,Finance,Anjali Rao,Website,06-09-2025,11839.43,Won,Email,4
387,CUST1387,Penny Jones,Pune,Healthcare,Rahul Verma,Event,17-04-2026,85334.18,Lost,Phone,5
388,CUST1388,Erik Bradley DDS,Pune,Retail,Anjali Rao,Referral,22-08-2025,82241.9,Open,Email,10
389,CUST1389,Natalie Wagner,Hyderabad,Manufacturing,Anjali Rao,Advertisement,02-09-2025,89238.82,Open,Phone,1
390,CUST1390,Robert Smith,Pune,Manufacturing,Rahul Verma,Referral,31-10-2025,76701.36,Lost,Email,4
391,CUST1391,Robert Miller,Chennai,IT,Rahul Verma,Website,15-04-2026,80458.47,Won,Phone,2
392,CUST1392,Fernando Todd,Chennai,Manufacturing,Kiran Das,Advertisement,19-04-2026,88699.92,Open,Email,6
393,CUST1393,Nathaniel Lucas,Bangalore,Manufacturing,Anjali Rao,Advertisement,13-12-2025,76628.24,Lost,Phone,4
394,CUST1394,Megan Lawson,Hyderabad,Healthcare,Kiran Das,Website,05-11-2025,96781.27,Open,Email,2
395,CUST1395,Renee Walton,Bangalore,Manufacturing,Priya Sharma,Website,24-04-2026,47284.77,Won,Phone,1
396,CUST1396,James Gamble,Mumbai,Finance,Priya Sharma,LinkedIn,18-08-2025,89894.28,Open,Meeting,10
397,CUST1397,Charles Summers,Mumbai,IT,Kiran Das,Website,22-06-2026,81215.79,Open,Phone,1
398,CUST1398,Cheyenne Dean,Chennai,Finance,Kiran Das,Referral,19-12-2025,78218.89,Open,Meeting,7
399,CUST1399,Michelle Burton,Mumbai,IT,Anjali Rao,Referral,24-02-2026,92521.89,Won,Email,9
400,CUST1400,Stephanie Figueroa,Mumbai,Retail,Rahul Verma,Event,17-12-2025,59276.57,Lost,Meeting,9
401,CUST1401,Jillian Morris,Hyderabad,Retail,Anjali Rao,Event,19-09-2025,32863.92,Lost,Phone,8
402,CUST1402,Angel Guerrero,Delhi,Finance,Kiran Das,Advertisement,13-08-2025,64870.47,Won,Email,2
403,CUST1403,Christopher Randall,Pune,IT,Priya Sharma,Advertisement,06-01-2026,84759.8,Lost,Email,1
404,CUST1404,Donald Ortiz,Chennai,Healthcare,Rahul Verma,LinkedIn,20-07-2025,41610.72,Open,Meeting,2
405,CUST1405,Nathan Bennett,Delhi,Finance,Priya Sharma,Event,19-06-2026,55172.13,Open,Meeting,1
406,CUST1406,Ashley Moore,Mumbai,Healthcare,Priya Sharma,Advertisement,25-09-2025,90034.93,Won,Email,5
407,CUST1407,Jason Nelson,Delhi,Finance,Rahul Verma,Advertisement,13-05-2026,81622.27,Won,Phone,3
408,CUST1408,Gary Copeland,Pune,Healthcare,Priya Sharma,Event,11-11-2025,85713.9,Won,Meeting,9
409,CUST1409,Mallory Brown,Bangalore,Finance,Kiran Das,Advertisement,21-08-2025,36445.57,Won,Email,10
410,CUST1410,Joshua Mcclure,Mumbai,Finance,Anjali Rao,Advertisement,11-01-2026,17714.81,Lost,Meeting,8
411,CUST1411,Kelly Rush,Delhi,Finance,Rahul Verma,LinkedIn,06-12-2025,36045.92,Lost,Meeting,9
412,CUST1412,Laura Walter,Chennai,Manufacturing,Anjali Rao,Event,22-07-2025,20969.02,Won,Phone,7
413,CUST1413,Alexandria Fischer,Bangalore,IT,Kiran Das,Event,03-11-2025,46803.77,Won,Meeting,5
414,CUST1414,Justin Herrera,Hyderabad,Manufacturing,Rahul Verma,Event,10-10-2025,89280.71,Open,Meeting,10
415,CUST1415,Rebecca Knox,Bangalore,Manufacturing,Kiran Das,Referral,03-03-2026,24050.13,Won,Meeting,5
416,CUST1416,Jacob Perkins,Hyderabad,Retail,Rahul Verma,LinkedIn,01-08-2025,82632.52,Open,Meeting,1
417,CUST1417,Angela Davis,Chennai,Manufacturing,Kiran Das,Advertisement,04-08-2025,28768.54,Open,Meeting,1
418,CUST1418,Tracy Holt,Bangalore,Healthcare,Anjali Rao,Advertisement,19-11-2025,7667.25,Won,Meeting,7
419,CUST1419,Deborah Jones,Chennai,Retail,Anjali Rao,Referral,23-11-2025,72542.15,Lost,Meeting,9
420,CUST1420,Mary Sharp,Chennai,Finance,Anjali Rao,Event,11-12-2025,12998.18,Won,Meeting,6
421,CUST1421,Stacy Jones,Hyderabad,IT,Rahul Verma,Event,10-03-2026,43067.4,Open,Phone,3
422,CUST1422,Evan Long,Delhi,Retail,Kiran Das,Referral,28-11-2025,78625.38,Won,Email,3
423,CUST1423,Christopher Livingston,Mumbai,Finance,Kiran Das,Event,24-01-2026,94339.03,Open,Phone,2
424,CUST1424,Christopher Ramirez,Pune,Finance,Priya Sharma,LinkedIn,26-10-2025,14671.06,Lost,Email,8
425,CUST1425,Robert Snyder,Pune,Finance,Anjali Rao,Event,26-10-2025,78317.02,Open,Meeting,10
426,CUST1426,Anthony Cooper,Pune,Healthcare,Kiran Das,Event,27-04-2026,11242.93,Lost,Phone,1
427,CUST1427,Katherine Sanchez,Hyderabad,Healthcare,Priya Sharma,Referral,05-04-2026,64190.72,Won,Email,7
428,CUST1428,David Roberts,Delhi,Finance,Rahul Verma,LinkedIn,29-09-2025,36950.19,Open,Phone,9
429,CUST1429,Tommy Morrison,Bangalore,Retail,Priya Sharma,Event,18-08-2025,72595.74,Lost,Meeting,1
430,CUST1430,Aaron Ramsey,Delhi,Finance,Rahul Verma,Advertisement,23-02-2026,10530.34,Won,Phone,7
431,CUST1431,Tony Burke,Delhi,IT,Priya Sharma,Advertisement,03-07-2025,22984.86,Won,Meeting,8
432,CUST1432,Christina Santos,Hyderabad,Healthcare,Anjali Rao,Event,09-08-2025,76334.47,Open,Phone,7
433,CUST1433,Ian Ryan,Chennai,Manufacturing,Priya Sharma,Advertisement,14-04-2026,18041.38,Lost,Email,3
434,CUST1434,Joseph Hopkins,Mumbai,IT,Priya Sharma,LinkedIn,28-09-2025,11626.92,Lost,Phone,9
435,CUST1435,Daniel Ewing,Hyderabad,Healthcare,Anjali Rao,Website,28-04-2026,54329.24,Lost,Phone,8
436,CUST1436,Shaun Palmer,Pune,Manufacturing,Priya Sharma,LinkedIn,02-07-2025,41919.51,Lost,Meeting,2
437,CUST1437,Matthew Lopez,Chennai,Finance,Anjali Rao,LinkedIn,09-10-2025,72904.31,Lost,Phone,4
438,CUST1438,Ronnie Ford,Chennai,Healthcare,Priya Sharma,Website,01-01-2026,23003.19,Open,Email,4
439,CUST1439,Stacy Moon,Chennai,IT,Priya Sharma,LinkedIn,21-03-2026,78435.19,Won,Email,8
440,CUST1440,Meghan Miller,Mumbai,Finance,Priya Sharma,Referral,08-03-2026,18601.67,Won,Phone,2
441,CUST1441,Julia Bright,Mumbai,IT,Anjali Rao,Referral,08-12-2025,57124.2,Won,Phone,5
442,CUST1442,Dylan Sanchez,Hyderabad,Manufacturing,Anjali Rao,Advertisement,17-07-2025,51567.21,Won,Phone,3
443,CUST1443,Brittany Ball,Pune,Retail,Kiran Das,Referral,23-03-2026,81646.41,Won,Phone,9
444,CUST1444,Sarah Robles,Mumbai,IT,Kiran Das,LinkedIn,22-03-2026,8689.41,Lost,Meeting,5
445,CUST1445,Cassandra Tucker,Hyderabad,Finance,Anjali Rao,Event,24-04-2026,46840.69,Lost,Email,7
446,CUST1446,Curtis Fernandez,Delhi,Manufacturing,Kiran Das,Event,06-01-2026,44132.02,Open,Phone,2
447,CUST1447,Johnny Jenkins,Bangalore,Manufacturing,Kiran Das,LinkedIn,05-08-2025,48132.56,Won,Meeting,8
448,CUST1448,Joel David,Bangalore,IT,Rahul Verma,Event,20-04-2026,39766.84,Won,Meeting,3
449,CUST1449,Julia Vasquez,Bangalore,Healthcare,Kiran Das,Website,06-12-2025,94100.02,Won,Meeting,10
450,CUST1450,Raymond Johnson,Hyderabad,Retail,Anjali Rao,Event,05-04-2026,58070.67,Lost,Email,6
451,CUST1451,Kayla Flores,Chennai,Healthcare,Rahul Verma,LinkedIn,02-08-2025,9312.08,Won,Email,10
452,CUST1452,Diana Collins,Pune,Manufacturing,Priya Sharma,LinkedIn,02-10-2025,33303.86,Lost,Email,3
453,CUST1453,Jasmine Russo,Chennai,Retail,Priya Sharma,Website,29-07-2025,20550.75,Open,Phone,10
454,CUST1454,Jennifer Hernandez,Bangalore,Healthcare,Kiran Das,LinkedIn,30-07-2025,24424.78,Open,Phone,4
455,CUST1455,Leslie Wells,Delhi,Manufacturing,Rahul Verma,Website,09-06-2026,64587.91,Lost,Phone,1
456,CUST1456,Jacob Baldwin,Delhi,Finance,Rahul Verma,Website,01-11-2025,37111.53,Lost,Meeting,1
457,CUST1457,Michael Joseph DDS,Hyderabad,Finance,Anjali Rao,Referral,08-02-2026,21401.87,Won,Meeting,3
458,CUST1458,Manuel Jenkins,Bangalore,Finance,Anjali Rao,Advertisement,26-05-2026,38329.1,Won,Meeting,3
459,CUST1459,Justin Walls,Pune,Retail,Kiran Das,Referral,30-06-2025,39630.7,Won,Email,8
460,CUST1460,Leslie Johnson,Chennai,Healthcare,Priya Sharma,Advertisement,22-03-2026,86482.85,Open,Meeting,3
461,CUST1461,David Holt,Pune,Manufacturing,Rahul Verma,Event,07-10-2025,36619.89,Open,Meeting,10
462,CUST1462,John Mcknight,Delhi,IT,Anjali Rao,Event,08-11-2025,90123.93,Open,Email,8
463,CUST1463,Barbara Weaver,Bangalore,Finance,Kiran Das,LinkedIn,31-05-2026,56399.51,Lost,Email,9
464,CUST1464,Michael Goodwin,Bangalore,Manufacturing,Kiran Das,Website,10-01-2026,70371.06,Lost,Meeting,4
465,CUST1465,Katie Fletcher,Pune,Healthcare,Rahul Verma,Advertisement,10-11-2025,94424.63,Open,Email,10
466,CUST1466,Christopher Williams,Pune,Retail,Anjali Rao,Event,28-05-2026,41799.7,Lost,Email,3
467,CUST1467,Alexander Wyatt,Chennai,Healthcare,Priya Sharma,Website,08-12-2025,33147.97,Won,Email,1
468,CUST1468,Lorraine Green,Chennai,Manufacturing,Priya Sharma,Advertisement,30-08-2025,44891.32,Won,Email,1
469,CUST1469,Morgan Hall,Hyderabad,Retail,Anjali Rao,Event,19-09-2025,67182.11,Lost,Phone,1
470,CUST1470,Joseph Avila,Bangalore,Manufacturing,Priya Sharma,Website,08-05-2026,98549.09,Open,Email,9
471,CUST1471,Victor White,Pune,IT,Rahul Verma,LinkedIn,06-12-2025,37953.1,Lost,Email,2
472,CUST1472,Rebecca Montgomery,Bangalore,IT,Priya Sharma,Referral,25-10-2025,55284.66,Won,Email,1
473,CUST1473,Tammy Cisneros,Hyderabad,IT,Priya Sharma,Website,31-12-2025,29055.21,Won,Email,4
474,CUST1474,Angie Sanchez,Pune,Manufacturing,Priya Sharma,Advertisement,09-08-2025,80040.73,Lost,Email,7
475,CUST1475,Brandon Coffey,Delhi,Retail,Kiran Das,LinkedIn,23-11-2025,32434.11,Lost,Phone,6
476,CUST1476,Amy Norton,Bangalore,Manufacturing,Anjali Rao,Event,03-07-2025,8291.66,Open,Email,5
477,CUST1477,Bruce Clay,Bangalore,IT,Anjali Rao,Event,23-05-2026,36420.64,Open,Email,7
478,CUST1478,Rachael Robinson,Pune,Retail,Priya Sharma,Website,04-05-2026,50022.58,Open,Email,3
479,CUST1479,Jeremy Carr,Chennai,Finance,Rahul Verma,Event,15-01-2026,62398.7,Open,Email,10
480,CUST1480,Thomas Russell,Pune,Retail,Rahul Verma,Referral,22-07-2025,85289.05,Lost,Phone,1
481,CUST1481,Katherine Bailey,Mumbai,Healthcare,Anjali Rao,Referral,22-12-2025,58396.02,Won,Email,10
482,CUST1482,Crystal Carpenter,Hyderabad,Manufacturing,Rahul Verma,Event,17-07-2025,75499.8,Lost,Phone,1
483,CUST1483,Alejandro Pittman,Mumbai,Finance,Priya Sharma,Event,04-01-2026,29938.35,Lost,Phone,10
484,CUST1484,Douglas Ingram,Mumbai,Healthcare,Priya Sharma,Event,24-06-2025,76592.05,Lost,Phone,5
485,CUST1485,Bryan Costa,Chennai,Manufacturing,Kiran Das,Website,28-02-2026,68742.99,Won,Meeting,5
486,CUST1486,Angela Jones,Chennai,IT,Kiran Das,Event,17-12-2025,37647.58,Open,Meeting,8
487,CUST1487,Caroline Velasquez,Pune,IT,Priya Sharma,Referral,03-02-2026,45617.05,Won,Meeting,1
488,CUST1488,Nicholas Griffin,Bangalore,Healthcare,Priya Sharma,LinkedIn,03-02-2026,62187.92,Won,Meeting,4
489,CUST1489,Katherine Holder,Hyderabad,Healthcare,Priya Sharma,Event,28-10-2025,83508,Won,Email,6
490,CUST1490,Sherry Dodson,Hyderabad,Manufacturing,Kiran Das,LinkedIn,12-01-2026,93211.7,Lost,Meeting,1
491,CUST1491,Daniel Walter,Pune,Manufacturing,Anjali Rao,LinkedIn,10-10-2025,27123.94,Lost,Meeting,8
492,CUST1492,Destiny Galvan,Hyderabad,Manufacturing,Rahul Verma,LinkedIn,04-06-2026,53015,Lost,Email,4
493,CUST1493,Kevin Williams,Mumbai,Manufacturing,Anjali Rao,Event,22-05-2026,36096.72,Open,Meeting,7
494,CUST1494,Kristin Rush,Pune,Finance,Anjali Rao,Referral,20-04-2026,12101.32,Open,Email,3
495,CUST1495,Holly Nguyen,Delhi,Manufacturing,Rahul Verma,Referral,17-08-2025,28955.03,Lost,Email,5
496,CUST1496,Michael Carrillo,Chennai,Finance,Kiran Das,Advertisement,03-05-2026,59428.06,Open,Email,8
497,CUST1497,Rebecca Gibson,Chennai,IT,Kiran Das,Advertisement,14-09-2025,73506.62,Won,Email,10
498,CUST1498,Alexander Campbell,Chennai,IT,Rahul Verma,Referral,28-10-2025,55956.89,Open,Phone,1
499,CUST1499,Susan Ramos,Chennai,Finance,Kiran Das,Website,14-08-2025,48258.53,Won,Email,7
500,CUST1500,James Coleman,Hyderabad,Finance,Kiran Das,Website,13-05-2026,19956.02,Lost,Phone,9
501,CUST1501,Robert Smith,Mumbai,Manufacturing,Priya Sharma,Advertisement,16-09-2025,86590.72,Won,Email,4
502,CUST1502,Charles Lewis,Chennai,Manufacturing,Priya Sharma,Website,29-10-2025,14689.16,Open,Phone,8
503,CUST1503,James Brown,Hyderabad,Manufacturing,Anjali Rao,Referral,26-02-2026,34307.14,Lost,Meeting,3
504,CUST1504,Ernest Rivera,Chennai,Manufacturing,Priya Sharma,Event,04-10-2025,27346.53,Lost,Email,5
505,CUST1505,Stephen Young,Hyderabad,Manufacturing,Kiran Das,Advertisement,23-06-2026,41032.44,Won,Meeting,7
506,CUST1506,Emily Phillips,Bangalore,Retail,Priya Sharma,Advertisement,08-04-2026,43425.67,Won,Meeting,7
507,CUST1507,James Mcintosh,Hyderabad,Retail,Anjali Rao,Website,28-10-2025,98347.95,Won,Phone,4
508,CUST1508,Amber Garrett DVM,Bangalore,Finance,Rahul Verma,Event,10-04-2026,41066.81,Open,Meeting,2
509,CUST1509,Max Sullivan,Bangalore,Finance,Anjali Rao,Advertisement,16-05-2026,62532.59,Lost,Email,10
510,CUST1510,Anna Figueroa,Mumbai,Manufacturing,Rahul Verma,Referral,11-01-2026,62416.27,Lost,Meeting,6
511,CUST1511,Brian Richard,Mumbai,Manufacturing,Priya Sharma,Advertisement,21-02-2026,82579.7,Open,Phone,8
512,CUST1512,Jessica Potts,Bangalore,Retail,Anjali Rao,LinkedIn,09-06-2026,11181.37,Won,Phone,6
513,CUST1513,Joseph Mccoy,Delhi,IT,Rahul Verma,LinkedIn,14-06-2026,78347.1,Lost,Phone,2
514,CUST1514,Patricia Perez,Bangalore,Retail,Anjali Rao,Referral,22-10-2025,80184.13,Lost,Meeting,6
515,CUST1515,Rebecca Singh,Delhi,Healthcare,Rahul Verma,LinkedIn,22-12-2025,34416.75,Lost,Email,3
516,CUST1516,Steve Williams,Bangalore,Manufacturing,Rahul Verma,Advertisement,04-07-2025,75539.01,Won,Phone,7
517,CUST1517,Christopher Rhodes,Mumbai,Manufacturing,Anjali Rao,Event,18-03-2026,9973.99,Open,Meeting,3
518,CUST1518,Toni Mendoza,Bangalore,Finance,Anjali Rao,Website,30-09-2025,7886.03,Won,Email,4
519,CUST1519,Tyler Fletcher,Bangalore,Finance,Kiran Das,Advertisement,11-08-2025,13693.27,Lost,Phone,9
520,CUST1520,Nathaniel Frye,Bangalore,Healthcare,Anjali Rao,Referral,16-11-2025,54762.46,Lost,Phone,5
521,CUST1521,Miss Pam Wilson,Hyderabad,Finance,Kiran Das,Referral,30-05-2026,44201.47,Lost,Meeting,1
522,CUST1522,Nancy Jensen,Chennai,IT,Rahul Verma,Event,21-11-2025,40028.73,Won,Meeting,4
523,CUST1523,Brenda Owen,Pune,Healthcare,Anjali Rao,Referral,14-05-2026,16251.65,Open,Meeting,5
524,CUST1524,Michael Lam,Bangalore,Healthcare,Rahul Verma,LinkedIn,05-08-2025,72113.69,Won,Email,1
525,CUST1525,Patrick Simmons,Chennai,Finance,Anjali Rao,Website,23-02-2026,85652.12,Won,Email,3
526,CUST1526,Debra Henderson,Hyderabad,IT,Priya Sharma,LinkedIn,08-12-2025,58995.12,Open,Phone,7
527,CUST1527,Kelsey Brooks,Mumbai,Finance,Kiran Das,Referral,22-04-2026,43722.9,Won,Phone,5
528,CUST1528,Christina Phillips,Delhi,Healthcare,Anjali Rao,LinkedIn,14-03-2026,95080.28,Lost,Meeting,3
529,CUST1529,Heather Payne MD,Pune,IT,Rahul Verma,Advertisement,10-01-2026,96469.59,Open,Phone,7
530,CUST1530,Maurice Brown,Chennai,Retail,Kiran Das,Referral,09-05-2026,13763.41,Won,Email,8
531,CUST1531,Christopher Reilly,Bangalore,Finance,Priya Sharma,Website,12-01-2026,54723.87,Open,Meeting,4
532,CUST1532,David Cabrera,Mumbai,IT,Kiran Das,LinkedIn,04-04-2026,95273.98,Lost,Phone,9
533,CUST1533,Kimberly Walters,Pune,Finance,Kiran Das,Website,26-03-2026,22747.53,Lost,Email,10
534,CUST1534,Samantha Gray,Pune,Finance,Rahul Verma,Event,20-11-2025,45160.01,Won,Meeting,5
535,CUST1535,Martha Wong,Mumbai,Manufacturing,Rahul Verma,Website,31-12-2025,98038.57,Won,Meeting,2
536,CUST1536,Daniel Fuller,Mumbai,Healthcare,Anjali Rao,Website,11-04-2026,13193.89,Lost,Email,4
537,CUST1537,Michelle Baldwin,Mumbai,Healthcare,Rahul Verma,Website,06-08-2025,31670.47,Won,Meeting,6
538,CUST1538,Gregory Serrano,Delhi,Healthcare,Anjali Rao,LinkedIn,14-03-2026,95351.82,Won,Email,6
539,CUST1539,Andrea Miller,Bangalore,IT,Rahul Verma,Referral,08-04-2026,19083.18,Lost,Meeting,3
540,CUST1540,Kaitlin Luna,Hyderabad,IT,Rahul Verma,Event,13-11-2025,64245.9,Open,Email,4
541,CUST1541,Sierra Williams,Bangalore,Manufacturing,Rahul Verma,Referral,30-01-2026,36916.98,Open,Meeting,3
542,CUST1542,Olivia Alvarez,Pune,Finance,Anjali Rao,Advertisement,28-01-2026,96684.31,Open,Meeting,2
543,CUST1543,Alexis Thomas,Delhi,Manufacturing,Priya Sharma,Advertisement,20-05-2026,24584.11,Lost,Phone,2
544,CUST1544,Elizabeth Barber MD,Hyderabad,Retail,Rahul Verma,Event,21-10-2025,77905.11,Won,Phone,5
545,CUST1545,Preston Myers,Mumbai,Retail,Priya Sharma,Website,19-11-2025,75651.02,Won,Meeting,3
546,CUST1546,Edward Macias,Hyderabad,Manufacturing,Rahul Verma,Referral,18-07-2025,96831.4,Open,Meeting,3
547,CUST1547,Joshua Cummings,Delhi,Healthcare,Kiran Das,Event,29-05-2026,93893.56,Won,Meeting,8
548,CUST1548,Amy Mcdaniel,Chennai,Finance,Kiran Das,LinkedIn,17-04-2026,84272.97,Lost,Email,5
549,CUST1549,Virginia Lester,Chennai,IT,Kiran Das,Referral,23-05-2026,80970.75,Open,Email,8
550,CUST1550,Natalie Richardson,Hyderabad,IT,Kiran Das,Website,20-06-2026,27631.55,Won,Meeting,4
551,CUST1551,Jody Davis DVM,Chennai,IT,Kiran Das,LinkedIn,11-06-2026,86444.28,Won,Email,8
552,CUST1552,Mary Walker,Mumbai,Finance,Priya Sharma,LinkedIn,08-08-2025,50523.68,Won,Phone,2
553,CUST1553,Diane Griffin,Hyderabad,Manufacturing,Anjali Rao,Website,06-07-2025,70011.25,Won,Email,3
554,CUST1554,Tanya Browning,Delhi,Healthcare,Kiran Das,Referral,07-10-2025,25119.59,Lost,Email,1
555,CUST1555,Rebecca Ho,Bangalore,Manufacturing,Rahul Verma,Event,16-06-2026,83398.8,Lost,Email,6
556,CUST1556,Cynthia Horton,Hyderabad,Finance,Kiran Das,LinkedIn,18-10-2025,37813.68,Won,Meeting,6
557,CUST1557,Kathleen Obrien,Mumbai,Manufacturing,Rahul Verma,Referral,12-01-2026,75759.96,Lost,Phone,9
558,CUST1558,John Mcfarland,Bangalore,IT,Priya Sharma,LinkedIn,16-07-2025,49416.25,Open,Email,3
559,CUST1559,Anthony Simmons,Bangalore,IT,Priya Sharma,Referral,03-11-2025,50822.77,Open,Email,10
560,CUST1560,Natalie Foley,Chennai,Manufacturing,Rahul Verma,Referral,01-04-2026,86569.37,Open,Email,2
561,CUST1561,David Ross,Chennai,IT,Rahul Verma,Advertisement,04-04-2026,64676.98,Lost,Email,7
562,CUST1562,Gabriel Rogers,Pune,Retail,Kiran Das,LinkedIn,04-03-2026,62783.65,Lost,Email,9
563,CUST1563,Madison Mcdaniel,Pune,Retail,Rahul Verma,Referral,31-07-2025,80613.17,Open,Phone,9
564,CUST1564,Robin Newman,Pune,IT,Rahul Verma,Advertisement,02-03-2026,5254.55,Lost,Phone,6
565,CUST1565,Eric Adams,Bangalore,Finance,Priya Sharma,Referral,15-09-2025,59846.21,Lost,Email,6
566,CUST1566,Cindy Arellano,Chennai,Healthcare,Kiran Das,LinkedIn,22-01-2026,88960.08,Open,Phone,2
567,CUST1567,Michael Thomas,Hyderabad,Finance,Priya Sharma,Referral,16-08-2025,61678.8,Won,Email,7
568,CUST1568,Mary Hernandez,Chennai,Finance,Priya Sharma,LinkedIn,01-02-2026,74024.24,Won,Meeting,8
569,CUST1569,Jerry Blackburn,Hyderabad,Retail,Kiran Das,Advertisement,15-11-2025,92073.43,Lost,Email,9
570,CUST1570,Wesley Garcia,Pune,Finance,Rahul Verma,Website,22-02-2026,49574.28,Open,Email,4
571,CUST1571,Andrea Baker,Mumbai,IT,Rahul Verma,Event,13-07-2025,17158.07,Won,Meeting,2
572,CUST1572,William Higgins,Pune,Retail,Rahul Verma,Referral,02-08-2025,97681.65,Won,Email,9
573,CUST1573,Alyssa Colon,Pune,Finance,Anjali Rao,Website,23-05-2026,39408.19,Won,Meeting,2
574,CUST1574,Brian Wilson,Mumbai,Retail,Anjali Rao,Advertisement,22-04-2026,51378.34,Won,Meeting,2
575,CUST1575,Gerald Wallace,Mumbai,Finance,Kiran Das,Event,06-11-2025,36628.94,Lost,Phone,9
576,CUST1576,Taylor Smith,Hyderabad,Manufacturing,Anjali Rao,Website,29-12-2025,7803.65,Open,Email,6
577,CUST1577,Daniel Lewis,Hyderabad,Finance,Kiran Das,Event,18-03-2026,90760.58,Open,Email,6
578,CUST1578,Robert Wong,Delhi,IT,Priya Sharma,Event,20-05-2026,14156.3,Won,Email,9
579,CUST1579,Cynthia Perry,Delhi,Healthcare,Priya Sharma,LinkedIn,21-02-2026,22764.34,Won,Email,4
580,CUST1580,Audrey Newton,Delhi,Healthcare,Rahul Verma,Referral,16-05-2026,8493.74,Open,Phone,2
581,CUST1581,Stephen Griffin,Delhi,IT,Kiran Das,Event,19-05-2026,91599.74,Lost,Phone,7
582,CUST1582,Crystal Pierce,Chennai,IT,Rahul Verma,Referral,04-10-2025,67375.22,Lost,Phone,2
583,CUST1583,Kayla Harris,Bangalore,Manufacturing,Anjali Rao,LinkedIn,24-07-2025,18401.08,Lost,Email,3
584,CUST1584,Mitchell Jones,Pune,Finance,Rahul Verma,Referral,15-05-2026,77297.11,Open,Meeting,10
585,CUST1585,Michael Dawson,Delhi,IT,Anjali Rao,Event,23-07-2025,35831.73,Open,Phone,10
586,CUST1586,Jay Ford,Pune,Finance,Kiran Das,Advertisement,18-01-2026,11110.58,Lost,Meeting,1
587,CUST1587,Melissa Rivera,Delhi,Manufacturing,Anjali Rao,Event,16-08-2025,30552.76,Lost,Meeting,2
588,CUST1588,Daisy Moses,Chennai,IT,Kiran Das,Advertisement,06-09-2025,64006.14,Open,Phone,2
589,CUST1589,Karen Allen,Hyderabad,Manufacturing,Priya Sharma,LinkedIn,19-04-2026,73078.12,Open,Meeting,4
590,CUST1590,Samantha Smith,Chennai,Retail,Rahul Verma,Website,01-11-2025,25309.29,Lost,Phone,7
591,CUST1591,Abigail Jones,Delhi,IT,Priya Sharma,Advertisement,14-03-2026,43955.67,Lost,Email,8
592,CUST1592,Rachael Butler,Delhi,Finance,Kiran Das,Event,30-07-2025,13158.38,Won,Meeting,4
593,CUST1593,Shane Young,Bangalore,Healthcare,Rahul Verma,Website,06-10-2025,60805.42,Won,Meeting,6
594,CUST1594,Michael Callahan,Chennai,Manufacturing,Priya Sharma,LinkedIn,23-04-2026,76441.7,Lost,Phone,10
595,CUST1595,Anthony Williamson,Mumbai,Retail,Anjali Rao,Advertisement,23-08-2025,83655.1,Open,Email,3
596,CUST1596,Mr. Michael Richardson,Chennai,IT,Anjali Rao,LinkedIn,04-02-2026,61376.51,Won,Meeting,10
597,CUST1597,Nancy Reynolds,Pune,Manufacturing,Rahul Verma,Event,12-11-2025,89162.12,Won,Meeting,10
598,CUST1598,Anthony Price,Hyderabad,Manufacturing,Kiran Das,LinkedIn,21-06-2026,56533.01,Won,Meeting,1
599,CUST1599,Cheryl Williams,Delhi,Finance,Kiran Das,LinkedIn,11-08-2025,53937.19,Won,Email,1
600,CUST1600,Justin Lewis,Pune,Healthcare,Priya Sharma,Advertisement,31-05-2026,35025.55,Won,Phone,10
601,CUST1601,Brittany Duran,Mumbai,Retail,Priya Sharma,Website,06-02-2026,56930.79,Won,Email,5
602,CUST1602,David Rivas,Chennai,Healthcare,Rahul Verma,Event,29-11-2025,50697.22,Open,Phone,2
603,CUST1603,Michele Melendez,Hyderabad,Finance,Rahul Verma,Event,14-03-2026,80456.62,Open,Meeting,8
604,CUST1604,Kimberly Fox,Bangalore,Finance,Kiran Das,LinkedIn,10-07-2025,95313.34,Won,Email,8
605,CUST1605,Dana Hall,Hyderabad,Finance,Kiran Das,Website,11-04-2026,83782.95,Open,Email,1
606,CUST1606,Kristen Eaton,Chennai,Finance,Priya Sharma,Event,06-04-2026,73631.3,Open,Phone,3
607,CUST1607,Michael Kelly,Bangalore,Manufacturing,Priya Sharma,Referral,26-10-2025,38205.29,Lost,Phone,5
608,CUST1608,Benjamin Lynch,Mumbai,IT,Kiran Das,LinkedIn,23-03-2026,96544.1,Lost,Phone,2
609,CUST1609,Denise Griffin,Hyderabad,Retail,Priya Sharma,Referral,11-01-2026,34488.22,Won,Meeting,3
610,CUST1610,Joseph Avila,Bangalore,IT,Priya Sharma,Advertisement,18-10-2025,83753.19,Open,Phone,4
611,CUST1611,Steven Oneill,Chennai,Healthcare,Kiran Das,Advertisement,09-06-2026,18854.61,Lost,Email,4
612,CUST1612,Troy Brady,Bangalore,Finance,Kiran Das,Website,31-05-2026,66512.65,Lost,Meeting,8
613,CUST1613,Laura Hicks,Chennai,Retail,Rahul Verma,Advertisement,17-12-2025,69786.71,Open,Email,4
614,CUST1614,Timothy Becker,Chennai,Healthcare,Rahul Verma,LinkedIn,25-10-2025,7739.42,Lost,Phone,1
615,CUST1615,April Clark,Mumbai,Manufacturing,Priya Sharma,Advertisement,24-04-2026,83289.68,Won,Email,9
616,CUST1616,Erin Wood,Hyderabad,Manufacturing,Rahul Verma,Referral,17-07-2025,47250.15,Won,Email,8
617,CUST1617,John Hunter,Mumbai,IT,Anjali Rao,Event,07-07-2025,13459.17,Lost,Meeting,5
618,CUST1618,Mrs. Stephanie Mathews MD,Pune,Retail,Rahul Verma,LinkedIn,10-04-2026,61617.19,Lost,Email,2
619,CUST1619,Riley Miller,Pune,Manufacturing,Anjali Rao,Website,10-07-2025,69239.06,Open,Phone,8
620,CUST1620,Michael Morrison,Delhi,Finance,Priya Sharma,LinkedIn,11-01-2026,87975.71,Won,Email,1
621,CUST1621,Mia Lee,Bangalore,Manufacturing,Kiran Das,Website,27-01-2026,38306.2,Open,Meeting,6
622,CUST1622,Melanie Harrison,Chennai,Manufacturing,Rahul Verma,Event,18-12-2025,76326.17,Lost,Phone,6
623,CUST1623,Seth Romero,Hyderabad,IT,Rahul Verma,LinkedIn,16-11-2025,79905.09,Won,Phone,6
624,CUST1624,Andrea Welch,Mumbai,Finance,Rahul Verma,Website,25-12-2025,5067.64,Won,Email,1
625,CUST1625,Stephen Gonzales,Hyderabad,Manufacturing,Rahul Verma,Referral,28-12-2025,61268.84,Lost,Email,9
626,CUST1626,Stephanie Hogan,Chennai,IT,Priya Sharma,Event,30-12-2025,73440,Open,Phone,5
627,CUST1627,Dominique Fitzgerald,Mumbai,Manufacturing,Rahul Verma,Advertisement,17-09-2025,69952.79,Won,Meeting,10
628,CUST1628,Robert Thompson,Hyderabad,Manufacturing,Kiran Das,Referral,20-03-2026,23430.59,Lost,Phone,3
629,CUST1629,Robert Hernandez,Bangalore,Finance,Anjali Rao,LinkedIn,07-01-2026,7253.84,Lost,Meeting,7
630,CUST1630,Robert Anderson,Chennai,IT,Anjali Rao,Event,03-05-2026,66470.37,Open,Meeting,10
631,CUST1631,Paula Morgan,Delhi,Finance,Rahul Verma,Advertisement,24-05-2026,49760.79,Won,Phone,6
632,CUST1632,Sarah Nixon,Mumbai,IT,Priya Sharma,Advertisement,12-08-2025,89800.53,Won,Phone,3
633,CUST1633,Donald Fleming,Bangalore,Finance,Priya Sharma,Referral,01-12-2025,66502.66,Lost,Email,5
634,CUST1634,Jesse Fox,Bangalore,Retail,Rahul Verma,Event,03-04-2026,71453.91,Won,Phone,1
635,CUST1635,Natalie Patton,Bangalore,Retail,Anjali Rao,Advertisement,15-12-2025,12691.08,Open,Email,8
636,CUST1636,Edward Cummings,Pune,Finance,Kiran Das,Event,26-04-2026,39956.29,Won,Meeting,3
637,CUST1637,Timothy Patterson,Hyderabad,Manufacturing,Anjali Rao,Website,17-03-2026,88565.42,Won,Meeting,3
638,CUST1638,James Miller,Mumbai,Healthcare,Kiran Das,Referral,28-11-2025,37722.54,Won,Meeting,8
639,CUST1639,Sara Collier,Delhi,Finance,Kiran Das,LinkedIn,09-03-2026,30153.93,Lost,Phone,7
640,CUST1640,Mr. John Anderson DDS,Pune,Retail,Kiran Das,Referral,07-06-2026,23089.4,Open,Email,2
641,CUST1641,Mary Lopez,Bangalore,Retail,Kiran Das,Event,31-03-2026,64848.09,Lost,Email,4
642,CUST1642,Kathy Cole,Bangalore,Finance,Anjali Rao,Event,17-08-2025,61117.86,Lost,Phone,7
643,CUST1643,Megan Taylor,Mumbai,IT,Kiran Das,Advertisement,03-01-2026,20405.54,Lost,Phone,1
644,CUST1644,Cheryl Mann,Hyderabad,IT,Anjali Rao,Website,06-10-2025,23047.92,Won,Phone,10
645,CUST1645,Jody Johnson,Bangalore,Retail,Anjali Rao,Referral,17-09-2025,57945.98,Won,Phone,1
646,CUST1646,Robert Hart,Chennai,Retail,Anjali Rao,LinkedIn,05-09-2025,71992.78,Open,Meeting,2
647,CUST1647,Alexis Simmons,Delhi,IT,Rahul Verma,LinkedIn,14-11-2025,67460.17,Open,Phone,6
648,CUST1648,Rebecca Smith,Chennai,Healthcare,Kiran Das,Event,12-12-2025,24337.79,Lost,Phone,2
649,CUST1649,Jessica Riley,Chennai,Healthcare,Kiran Das,Referral,06-12-2025,65707.25,Open,Email,8
650,CUST1650,Christopher Mays,Mumbai,Manufacturing,Rahul Verma,Advertisement,04-08-2025,79596.27,Lost,Email,7
651,CUST1651,Alex Landry,Mumbai,Manufacturing,Anjali Rao,Referral,24-11-2025,59630.49,Lost,Meeting,6
652,CUST1652,Christopher Sosa,Chennai,Healthcare,Priya Sharma,Advertisement,08-02-2026,62125.43,Lost,Email,8
653,CUST1653,Jennifer Anderson,Hyderabad,Manufacturing,Kiran Das,Website,09-10-2025,94858.18,Lost,Phone,3
654,CUST1654,Kristin Shaffer,Chennai,IT,Kiran Das,Event,23-02-2026,44536.76,Won,Meeting,5
655,CUST1655,Samantha Conner,Chennai,Retail,Kiran Das,Website,08-06-2026,34297.96,Lost,Phone,10
656,CUST1656,Jennifer Lam,Pune,Manufacturing,Rahul Verma,Advertisement,30-07-2025,98631.69,Open,Email,7
657,CUST1657,Larry Reynolds,Hyderabad,Healthcare,Kiran Das,LinkedIn,13-10-2025,78747.49,Lost,Email,9
658,CUST1658,Jonathan Taylor,Pune,IT,Kiran Das,LinkedIn,08-03-2026,5065.68,Won,Phone,9
659,CUST1659,Bruce Pittman,Mumbai,Retail,Priya Sharma,Event,08-09-2025,37919.92,Lost,Meeting,8
660,CUST1660,Samantha Phillips,Mumbai,IT,Kiran Das,Event,13-04-2026,54573.21,Lost,Phone,2
661,CUST1661,Jennifer Cooley,Mumbai,Finance,Priya Sharma,Referral,31-03-2026,65956.65,Won,Email,6
662,CUST1662,Kim Carroll,Pune,Manufacturing,Priya Sharma,Advertisement,30-11-2025,92951.41,Lost,Meeting,4
663,CUST1663,Michael Webb,Hyderabad,Finance,Priya Sharma,Website,11-08-2025,31847.51,Lost,Phone,7
664,CUST1664,Cassandra Griffith,Mumbai,Healthcare,Anjali Rao,Referral,19-07-2025,34021.12,Won,Phone,9
665,CUST1665,Janet Lewis,Hyderabad,IT,Anjali Rao,LinkedIn,07-08-2025,10826.19,Lost,Meeting,9
666,CUST1666,Catherine Johnson,Pune,Healthcare,Rahul Verma,Referral,06-06-2026,30176.04,Lost,Phone,4
667,CUST1667,Cody Shah,Chennai,Finance,Rahul Verma,Website,02-03-2026,47835.47,Won,Email,1
668,CUST1668,James Miller,Bangalore,Healthcare,Anjali Rao,Event,09-02-2026,71740.7,Won,Phone,4
669,CUST1669,Jessica Ortega,Delhi,Finance,Priya Sharma,Advertisement,12-03-2026,80424.44,Open,Meeting,6
670,CUST1670,Colleen Gonzalez,Pune,Manufacturing,Kiran Das,Referral,26-10-2025,72755.56,Open,Meeting,1
671,CUST1671,Daniel Richards,Bangalore,IT,Rahul Verma,Advertisement,01-04-2026,70588.07,Won,Meeting,10
672,CUST1672,Stephanie Mann,Delhi,Retail,Anjali Rao,Event,12-03-2026,26016.59,Lost,Email,1
673,CUST1673,Nicholas Cook,Pune,IT,Priya Sharma,Referral,12-06-2026,94915.1,Open,Email,9
674,CUST1674,Brian Bell,Pune,IT,Rahul Verma,Event,19-03-2026,51139.68,Won,Meeting,6
675,CUST1675,Kayla Fields,Mumbai,Manufacturing,Kiran Das,Advertisement,03-06-2026,53926.88,Open,Meeting,3
676,CUST1676,Matthew Peterson,Bangalore,IT,Priya Sharma,Referral,24-02-2026,62691.49,Open,Email,9
677,CUST1677,Thomas Baker,Delhi,Healthcare,Rahul Verma,LinkedIn,23-12-2025,39065.09,Lost,Meeting,7
678,CUST1678,Dawn Howard,Mumbai,Manufacturing,Rahul Verma,Event,20-08-2025,36833.76,Won,Phone,5
679,CUST1679,Andrew Rogers,Chennai,Manufacturing,Priya Sharma,Advertisement,22-06-2026,52372.3,Open,Meeting,10
680,CUST1680,John Morgan,Pune,Retail,Kiran Das,LinkedIn,05-03-2026,29030.83,Won,Meeting,5
681,CUST1681,Amy Coleman,Pune,IT,Anjali Rao,Event,19-09-2025,88035,Lost,Email,5
682,CUST1682,Kimberly Woods,Bangalore,Retail,Rahul Verma,Event,04-10-2025,73177.03,Lost,Phone,7
683,CUST1683,Natalie Marquez,Delhi,Healthcare,Priya Sharma,Referral,09-09-2025,49396.18,Lost,Phone,8
684,CUST1684,Leonard Boyd,Chennai,Retail,Rahul Verma,LinkedIn,09-11-2025,51409,Lost,Meeting,5
685,CUST1685,Alicia Garcia,Pune,Healthcare,Kiran Das,Referral,27-02-2026,30963.21,Won,Phone,4
686,CUST1686,Danielle Mcdonald,Chennai,IT,Anjali Rao,Event,08-03-2026,80634.61,Open,Meeting,10
687,CUST1687,Susan Maxwell,Hyderabad,Manufacturing,Rahul Verma,Referral,23-05-2026,37524.05,Won,Phone,5
688,CUST1688,Mark Turner,Pune,Manufacturing,Priya Sharma,Event,20-09-2025,46491.01,Open,Meeting,5
689,CUST1689,Jennifer Johnson,Bangalore,Finance,Anjali Rao,Referral,01-01-2026,53558.7,Open,Phone,6
690,CUST1690,Julie Zimmerman MD,Bangalore,Finance,Kiran Das,Website,01-07-2025,44010.36,Lost,Email,9
691,CUST1691,John Hardy,Delhi,Finance,Rahul Verma,Event,02-10-2025,97597.24,Lost,Phone,1
692,CUST1692,Andrea Fry,Pune,Retail,Anjali Rao,Event,11-10-2025,10398.85,Open,Phone,9
693,CUST1693,Angela Trevino,Delhi,Healthcare,Anjali Rao,Event,25-11-2025,83726.12,Lost,Email,8
694,CUST1694,Keith Mora,Mumbai,Manufacturing,Priya Sharma,Website,27-08-2025,56813.39,Won,Email,9
695,CUST1695,Morgan Lopez,Delhi,Retail,Priya Sharma,Website,12-07-2025,9992.6,Lost,Meeting,9
696,CUST1696,Caitlyn Wilcox,Hyderabad,Retail,Kiran Das,Website,24-06-2025,40385.34,Won,Phone,2
697,CUST1697,James Vazquez,Delhi,Healthcare,Rahul Verma,Website,07-11-2025,36813.42,Lost,Phone,9
698,CUST1698,Dr. Megan Harris DDS,Delhi,Retail,Priya Sharma,Advertisement,30-11-2025,83003.43,Won,Phone,4
699,CUST1699,Krista Brown,Mumbai,Healthcare,Anjali Rao,Advertisement,15-01-2026,9520.57,Lost,Email,6
700,CUST1700,Brianna Wallace,Pune,Finance,Rahul Verma,Referral,24-05-2026,94125.69,Open,Phone,3
701,CUST1701,Jasmine Hamilton,Chennai,Healthcare,Priya Sharma,Website,03-01-2026,26430.24,Lost,Email,8
702,CUST1702,Erik Harding,Hyderabad,IT,Anjali Rao,Website,02-11-2025,84454.82,Open,Phone,7
703,CUST1703,Nicole Allen MD,Mumbai,Manufacturing,Anjali Rao,Website,02-03-2026,67244.36,Won,Email,5
704,CUST1704,Stacy Stewart DDS,Pune,Healthcare,Rahul Verma,LinkedIn,10-11-2025,6969.76,Lost,Meeting,10
705,CUST1705,Joshua Wilson,Hyderabad,Retail,Kiran Das,Website,05-05-2026,26461.13,Open,Phone,2
706,CUST1706,Matthew Fisher,Mumbai,Manufacturing,Rahul Verma,Referral,28-02-2026,32997.35,Won,Meeting,3
707,CUST1707,David Vega,Pune,Retail,Rahul Verma,Referral,04-09-2025,19752.11,Open,Phone,2
708,CUST1708,Patricia Horn,Mumbai,Finance,Anjali Rao,LinkedIn,09-02-2026,13771.22,Lost,Phone,4
709,CUST1709,Joseph Brown,Chennai,Finance,Rahul Verma,Referral,15-09-2025,10810.38,Open,Phone,8
710,CUST1710,Kevin Wilson,Hyderabad,Healthcare,Kiran Das,Event,31-10-2025,80620.62,Won,Email,10
711,CUST1711,Laura Abbott,Pune,Manufacturing,Rahul Verma,Website,17-11-2025,66686.68,Open,Phone,3
712,CUST1712,Mary Woods MD,Chennai,Manufacturing,Kiran Das,Referral,21-10-2025,31859.34,Lost,Meeting,8
713,CUST1713,Kristin Oliver,Chennai,Healthcare,Anjali Rao,Advertisement,25-09-2025,67362.59,Lost,Meeting,3
714,CUST1714,Lori Myers,Bangalore,IT,Priya Sharma,Referral,22-01-2026,47020.45,Open,Email,6
715,CUST1715,Kayla Richardson,Delhi,IT,Kiran Das,Event,12-08-2025,20973.77,Won,Meeting,1
716,CUST1716,Donald Thomas,Pune,IT,Anjali Rao,Advertisement,10-05-2026,68047.05,Lost,Meeting,10
717,CUST1717,Kyle Durham,Mumbai,Healthcare,Rahul Verma,Event,01-07-2025,40160.72,Open,Meeting,2
718,CUST1718,Ashley Mckinney,Chennai,Manufacturing,Priya Sharma,Website,20-11-2025,96784.09,Lost,Meeting,7
719,CUST1719,David Schroeder,Pune,Finance,Priya Sharma,Website,07-04-2026,73296.68,Open,Phone,2
720,CUST1720,Kathy Lewis,Bangalore,IT,Anjali Rao,LinkedIn,06-12-2025,77912.34,Lost,Meeting,8
721,CUST1721,Amy Malone MD,Hyderabad,Retail,Rahul Verma,LinkedIn,11-02-2026,36429.85,Lost,Email,4
722,CUST1722,Scott Fuller,Hyderabad,Healthcare,Kiran Das,Referral,18-05-2026,80321.4,Open,Email,10
723,CUST1723,Nicole Gentry,Pune,Manufacturing,Kiran Das,Event,02-02-2026,55370.43,Lost,Email,10
724,CUST1724,Jeffery Keller,Mumbai,IT,Rahul Verma,LinkedIn,05-02-2026,75106.67,Won,Phone,10
725,CUST1725,Ryan Rivers,Hyderabad,Finance,Anjali Rao,Advertisement,08-09-2025,21576.38,Won,Phone,10
726,CUST1726,Cassandra Cain,Delhi,Retail,Anjali Rao,Event,08-03-2026,50614.65,Lost,Phone,7
727,CUST1727,Kimberly Johnston,Hyderabad,Manufacturing,Kiran Das,Referral,02-06-2026,10197.33,Lost,Phone,7
728,CUST1728,Jill Mcguire,Delhi,Healthcare,Rahul Verma,Referral,01-11-2025,25736.01,Open,Meeting,10
729,CUST1729,Keith Nelson,Pune,Retail,Anjali Rao,Website,13-03-2026,99869.31,Lost,Meeting,6
730,CUST1730,Daniel Walker,Pune,IT,Rahul Verma,Referral,23-03-2026,23112.88,Open,Phone,4
731,CUST1731,Brad Salazar,Pune,Finance,Kiran Das,Advertisement,12-04-2026,41381.15,Won,Email,3
732,CUST1732,Thomas Flores,Delhi,Healthcare,Rahul Verma,Event,30-09-2025,10447.08,Open,Meeting,5
733,CUST1733,Curtis Harrison,Pune,Retail,Priya Sharma,Event,24-04-2026,80586.21,Lost,Email,3
734,CUST1734,Michael Brown,Bangalore,IT,Rahul Verma,Event,04-04-2026,86487.27,Won,Phone,3
735,CUST1735,Joseph Thomas,Chennai,Finance,Anjali Rao,LinkedIn,12-02-2026,42853.35,Won,Phone,8
736,CUST1736,Jack Kirk,Pune,Healthcare,Rahul Verma,Website,01-06-2026,83163.96,Open,Meeting,9
737,CUST1737,Rodney Johnson,Bangalore,IT,Kiran Das,Event,14-10-2025,14227.41,Won,Phone,9
738,CUST1738,Veronica Parker,Pune,Finance,Rahul Verma,Event,14-03-2026,6932.33,Lost,Meeting,7
739,CUST1739,Theresa Wade,Pune,Manufacturing,Anjali Rao,Referral,28-03-2026,68367.27,Won,Meeting,9
740,CUST1740,Michael Clark,Hyderabad,Manufacturing,Rahul Verma,Referral,02-06-2026,40137.43,Open,Email,1
741,CUST1741,Jacob Woods,Pune,IT,Rahul Verma,Website,22-07-2025,70609.5,Lost,Email,8
742,CUST1742,Parker Moore,Bangalore,Manufacturing,Kiran Das,Referral,10-06-2026,29995.13,Won,Phone,3
743,CUST1743,Megan Jones,Hyderabad,Finance,Anjali Rao,Referral,25-11-2025,95052.02,Lost,Email,2
744,CUST1744,Mr. David Franklin PhD,Chennai,Manufacturing,Rahul Verma,Advertisement,02-03-2026,84231.62,Won,Meeting,1
745,CUST1745,Robert Mccoy,Bangalore,Finance,Kiran Das,Website,04-02-2026,23999.57,Lost,Email,1
746,CUST1746,Edward Thompson,Hyderabad,Manufacturing,Priya Sharma,Advertisement,13-12-2025,58653.06,Won,Meeting,1
747,CUST1747,Craig Santiago,Mumbai,Healthcare,Rahul Verma,Advertisement,05-01-2026,80652.77,Lost,Email,3
748,CUST1748,Lynn Moody,Delhi,Retail,Rahul Verma,LinkedIn,13-05-2026,10685.99,Won,Phone,7
749,CUST1749,Michelle Crawford,Mumbai,Manufacturing,Anjali Rao,Website,11-05-2026,94489.93,Open,Phone,3
750,CUST1750,Chris Gibson,Chennai,Finance,Priya Sharma,LinkedIn,13-05-2026,30080.62,Open,Meeting,9
751,CUST1751,Darryl Smith,Hyderabad,Healthcare,Priya Sharma,Advertisement,28-05-2026,7334.23,Lost,Email,5
752,CUST1752,Colleen Meyers,Mumbai,Finance,Anjali Rao,Website,07-04-2026,18291.23,Open,Meeting,10
753,CUST1753,Nancy Trevino,Chennai,Manufacturing,Anjali Rao,Event,29-10-2025,50754.5,Lost,Phone,9
754,CUST1754,Jason Allen,Mumbai,Retail,Anjali Rao,Event,01-07-2025,23486.78,Open,Phone,7
755,CUST1755,Angela Obrien,Hyderabad,Manufacturing,Anjali Rao,Website,13-08-2025,25495.71,Open,Meeting,5
756,CUST1756,Kevin Williams,Delhi,Finance,Rahul Verma,Advertisement,18-10-2025,96450.47,Lost,Phone,8
757,CUST1757,Emily Green,Pune,Retail,Anjali Rao,LinkedIn,24-05-2026,12572.29,Open,Email,1
758,CUST1758,Laura Cameron,Mumbai,Manufacturing,Rahul Verma,Website,26-01-2026,11099.09,Won,Meeting,8
759,CUST1759,Randy Johnson,Delhi,Manufacturing,Kiran Das,Event,07-06-2026,65719.39,Lost,Phone,10
760,CUST1760,Lisa Griffin,Bangalore,Retail,Kiran Das,Advertisement,10-11-2025,44501.1,Open,Phone,10
761,CUST1761,Michael Howard,Chennai,Manufacturing,Kiran Das,Website,29-08-2025,52641.27,Lost,Email,3
762,CUST1762,Joseph Wilson,Chennai,Retail,Rahul Verma,LinkedIn,14-01-2026,35561.82,Lost,Meeting,5
763,CUST1763,Kimberly Page,Bangalore,Retail,Rahul Verma,LinkedIn,29-04-2026,19060.46,Won,Email,6
764,CUST1764,David Smith,Chennai,Retail,Anjali Rao,Referral,24-09-2025,26009.85,Open,Phone,2
765,CUST1765,Cynthia Eaton,Delhi,Retail,Kiran Das,Advertisement,08-07-2025,53034.47,Lost,Phone,4
766,CUST1766,Travis Martinez,Mumbai,IT,Anjali Rao,Advertisement,27-11-2025,82786.52,Lost,Email,9
767,CUST1767,Jeffrey Ray,Bangalore,IT,Priya Sharma,Website,01-03-2026,39872.02,Lost,Phone,5
768,CUST1768,Aaron Steele,Mumbai,Finance,Rahul Verma,Event,07-02-2026,53250.58,Won,Email,1
769,CUST1769,Shane Morgan,Delhi,Manufacturing,Priya Sharma,Advertisement,31-03-2026,11276.5,Won,Email,9
770,CUST1770,George Mullen,Mumbai,Finance,Rahul Verma,Event,11-04-2026,95898.34,Lost,Phone,9
771,CUST1771,Ivan Smith,Hyderabad,IT,Priya Sharma,Event,04-09-2025,78342.73,Won,Meeting,9
772,CUST1772,Timothy Ross,Bangalore,Retail,Anjali Rao,Advertisement,01-07-2025,50591.94,Lost,Email,4
773,CUST1773,Tara Roberts,Bangalore,Finance,Priya Sharma,LinkedIn,09-09-2025,62164.87,Won,Meeting,10
774,CUST1774,Willie Meyer,Delhi,Finance,Kiran Das,Advertisement,21-11-2025,42514.71,Won,Email,6
775,CUST1775,Joseph Guerrero,Bangalore,Finance,Rahul Verma,Advertisement,03-07-2025,33359.96,Open,Meeting,5
776,CUST1776,Robin Gray,Bangalore,Healthcare,Rahul Verma,Advertisement,16-02-2026,62883.77,Won,Phone,9
777,CUST1777,Alyssa Abbott,Pune,Retail,Anjali Rao,LinkedIn,13-07-2025,80535.98,Lost,Phone,7
778,CUST1778,Stephanie Fleming,Chennai,Manufacturing,Rahul Verma,Website,17-04-2026,54383.18,Won,Email,3
779,CUST1779,Jeremy Jacobs,Bangalore,Retail,Rahul Verma,Advertisement,25-11-2025,24269.77,Open,Phone,8
780,CUST1780,Marilyn Blair,Chennai,Finance,Rahul Verma,Advertisement,23-05-2026,7619.94,Won,Phone,10
781,CUST1781,Heather Keller,Delhi,Manufacturing,Anjali Rao,Advertisement,06-09-2025,30100.67,Won,Email,10
782,CUST1782,David Harris,Chennai,Manufacturing,Priya Sharma,Advertisement,30-06-2025,13709.6,Lost,Email,9
783,CUST1783,Joshua Hart,Mumbai,Retail,Priya Sharma,Referral,23-09-2025,90831.45,Lost,Meeting,10
784,CUST1784,Elizabeth Green,Mumbai,Healthcare,Rahul Verma,Advertisement,31-12-2025,80702.59,Lost,Meeting,2
785,CUST1785,Rebecca Phillips,Pune,IT,Priya Sharma,Website,19-01-2026,68960.98,Won,Phone,4
786,CUST1786,Paul Smith,Mumbai,Manufacturing,Kiran Das,Advertisement,22-12-2025,85520.9,Lost,Phone,3
787,CUST1787,Donna Martinez,Chennai,Finance,Anjali Rao,Advertisement,23-09-2025,66847.05,Won,Phone,8
788,CUST1788,Marcus Wyatt,Bangalore,Finance,Priya Sharma,Advertisement,11-06-2026,62581.26,Won,Meeting,8
789,CUST1789,Donna Arellano,Chennai,Manufacturing,Kiran Das,Event,28-09-2025,97099.13,Won,Meeting,3
790,CUST1790,Brittany Nielsen,Hyderabad,Retail,Priya Sharma,Advertisement,19-10-2025,6085.92,Lost,Email,3
791,CUST1791,Randy Clark,Chennai,IT,Rahul Verma,LinkedIn,14-12-2025,38939.81,Won,Meeting,6
792,CUST1792,Larry Mendez,Hyderabad,Healthcare,Anjali Rao,Website,20-03-2026,95912.47,Open,Email,3
793,CUST1793,Sarah Wise,Pune,Retail,Anjali Rao,Advertisement,29-07-2025,75199.25,Lost,Email,1
794,CUST1794,Lori Carter,Mumbai,IT,Rahul Verma,Website,18-06-2026,11520.53,Lost,Phone,8
795,CUST1795,David Russell,Hyderabad,Manufacturing,Rahul Verma,Website,01-06-2026,60809.87,Won,Meeting,8
796,CUST1796,Scott Simmons,Bangalore,Finance,Kiran Das,LinkedIn,06-12-2025,89258.83,Won,Meeting,2
797,CUST1797,Debra Moore,Mumbai,Healthcare,Kiran Das,Event,16-10-2025,95978.13,Won,Email,10
798,CUST1798,John Palmer,Hyderabad,Retail,Kiran Das,LinkedIn,07-03-2026,7141.05,Open,Meeting,1
799,CUST1799,James Norman,Bangalore,Manufacturing,Priya Sharma,LinkedIn,01-12-2025,8122.74,Lost,Phone,6
800,CUST1800,Victoria Hunt,Mumbai,Manufacturing,Priya Sharma,Advertisement,05-10-2025,21179.31,Lost,Phone,7
801,CUST1801,Karen Parker,Delhi,Manufacturing,Priya Sharma,LinkedIn,05-08-2025,32710.79,Won,Email,8
802,CUST1802,Ricardo Thompson,Mumbai,Retail,Rahul Verma,Website,15-05-2026,10077.93,Won,Email,2
803,CUST1803,Rebecca Gregory,Pune,Healthcare,Priya Sharma,Website,27-09-2025,79937.47,Won,Meeting,5
804,CUST1804,Robert Sloan,Hyderabad,Healthcare,Rahul Verma,Advertisement,02-02-2026,28202.21,Open,Phone,4
805,CUST1805,Karen Little,Mumbai,Healthcare,Kiran Das,Advertisement,25-09-2025,10146.59,Open,Phone,9
806,CUST1806,Robert Bender,Mumbai,Manufacturing,Anjali Rao,Event,04-11-2025,23835.67,Won,Email,2
807,CUST1807,Katherine Young,Delhi,Finance,Priya Sharma,Referral,12-12-2025,48597.93,Open,Meeting,7
808,CUST1808,Amanda Adams,Chennai,Healthcare,Kiran Das,Advertisement,13-10-2025,79408.99,Open,Email,8
809,CUST1809,Mark Fisher,Delhi,Manufacturing,Priya Sharma,Advertisement,21-07-2025,40319.87,Lost,Phone,9
810,CUST1810,Jacqueline Hughes,Delhi,Healthcare,Kiran Das,Referral,11-12-2025,59989.15,Won,Meeting,2
811,CUST1811,Christopher Brown,Pune,Finance,Priya Sharma,Website,18-01-2026,43159.08,Won,Email,6
812,CUST1812,James Campbell,Delhi,Retail,Priya Sharma,Advertisement,06-08-2025,43747.1,Won,Meeting,10
813,CUST1813,Jared Newman,Delhi,IT,Anjali Rao,Event,12-09-2025,21950.63,Open,Meeting,7
814,CUST1814,Ryan Harrison,Pune,Healthcare,Priya Sharma,Advertisement,20-06-2026,15510.03,Won,Phone,2
815,CUST1815,Mark Peterson,Bangalore,IT,Rahul Verma,Website,23-11-2025,69456.65,Open,Email,7
816,CUST1816,Cody Jackson,Bangalore,Manufacturing,Priya Sharma,LinkedIn,19-09-2025,35018.69,Won,Meeting,3
817,CUST1817,Isaiah Hubbard,Delhi,Manufacturing,Anjali Rao,Advertisement,09-12-2025,46032.61,Lost,Meeting,10
818,CUST1818,Connie Alvarez MD,Mumbai,Retail,Kiran Das,Referral,12-09-2025,64828.15,Open,Meeting,9
819,CUST1819,Elizabeth Henderson,Hyderabad,Manufacturing,Priya Sharma,Event,25-02-2026,13884.07,Lost,Phone,8
820,CUST1820,Katherine Ramirez,Mumbai,Healthcare,Rahul Verma,Advertisement,23-01-2026,74773.27,Won,Phone,2
821,CUST1821,Brandon Robinson,Bangalore,Healthcare,Anjali Rao,Website,11-04-2026,23043.37,Lost,Meeting,8
822,CUST1822,Keith Jennings DDS,Delhi,IT,Anjali Rao,Website,28-05-2026,84517.45,Open,Email,4
823,CUST1823,Andrea Castillo,Bangalore,Finance,Anjali Rao,Advertisement,09-04-2026,96605.4,Open,Email,2
824,CUST1824,Donald White,Chennai,Healthcare,Anjali Rao,Website,19-09-2025,32147.31,Lost,Meeting,8
825,CUST1825,Brittney Camacho,Mumbai,Manufacturing,Kiran Das,Event,07-05-2026,69629.38,Lost,Phone,8
826,CUST1826,Kenneth Smith,Delhi,Healthcare,Anjali Rao,LinkedIn,17-05-2026,50732.03,Won,Email,6
827,CUST1827,Karen Smith,Bangalore,IT,Priya Sharma,LinkedIn,05-01-2026,53005.21,Won,Phone,10
828,CUST1828,Joshua Klein,Pune,IT,Priya Sharma,Event,16-01-2026,73969.83,Open,Phone,7
829,CUST1829,Tina Parrish,Mumbai,Retail,Kiran Das,Website,28-09-2025,5152.4,Open,Meeting,6
830,CUST1830,Sean Hall,Hyderabad,Retail,Kiran Das,Event,28-01-2026,38502.76,Open,Email,8
831,CUST1831,Johnny Bautista,Mumbai,IT,Rahul Verma,Referral,10-03-2026,86689.4,Open,Meeting,5
832,CUST1832,Heather Scott,Mumbai,Manufacturing,Anjali Rao,Advertisement,05-05-2026,99006.31,Lost,Meeting,8
833,CUST1833,Keith Bautista,Chennai,Finance,Priya Sharma,LinkedIn,28-08-2025,31124.26,Lost,Meeting,3
834,CUST1834,Paula Mcdonald,Hyderabad,Healthcare,Anjali Rao,Advertisement,01-08-2025,53323.04,Won,Meeting,6
835,CUST1835,Karen Harper,Hyderabad,Retail,Rahul Verma,Advertisement,07-03-2026,92586.84,Open,Phone,3
836,CUST1836,Manuel Robinson,Bangalore,Retail,Rahul Verma,Advertisement,31-03-2026,94776.61,Open,Phone,1
837,CUST1837,Kevin Garner,Delhi,Healthcare,Anjali Rao,Event,16-04-2026,67677.52,Won,Phone,4
838,CUST1838,Jason Henry,Bangalore,Manufacturing,Rahul Verma,Advertisement,15-04-2026,34138.83,Open,Email,7
839,CUST1839,Ryan Williamson,Chennai,IT,Rahul Verma,Referral,27-07-2025,92544.02,Won,Phone,2
840,CUST1840,Curtis Haney,Pune,IT,Kiran Das,Referral,24-02-2026,52637.76,Lost,Meeting,2
841,CUST1841,Chad White,Mumbai,Healthcare,Rahul Verma,LinkedIn,26-03-2026,7192.94,Open,Phone,6
842,CUST1842,Bradley Arnold,Delhi,IT,Kiran Das,Referral,10-10-2025,76813.08,Open,Email,9
843,CUST1843,Christopher Kennedy,Chennai,Finance,Kiran Das,Advertisement,06-11-2025,43078.7,Open,Phone,10
844,CUST1844,Deborah Smith,Pune,IT,Anjali Rao,Website,31-08-2025,95960.2,Open,Meeting,6
845,CUST1845,Peter Brown,Hyderabad,Retail,Anjali Rao,Advertisement,19-02-2026,70613.55,Open,Email,8
846,CUST1846,Ian Smith,Hyderabad,Healthcare,Kiran Das,Event,26-07-2025,82715.71,Won,Meeting,1
847,CUST1847,Desiree Gilbert,Chennai,IT,Priya Sharma,Website,21-05-2026,37143.65,Open,Meeting,6
848,CUST1848,Richard Haynes,Chennai,Healthcare,Kiran Das,LinkedIn,22-10-2025,24004.19,Won,Meeting,9
849,CUST1849,Brandon White,Mumbai,Finance,Anjali Rao,Event,17-05-2026,85707.23,Open,Meeting,1
850,CUST1850,Roy Gibson,Pune,Retail,Anjali Rao,Event,04-12-2025,71511.27,Lost,Email,2
851,CUST1851,Laura Salinas,Pune,IT,Rahul Verma,Referral,09-08-2025,27435.88,Won,Phone,5
852,CUST1852,Zachary Hale,Pune,Healthcare,Priya Sharma,Referral,04-08-2025,77339.72,Lost,Meeting,1
853,CUST1853,Denise Nguyen,Mumbai,Finance,Priya Sharma,LinkedIn,30-11-2025,92727.57,Lost,Meeting,5
854,CUST1854,Kelly Kim,Mumbai,Retail,Kiran Das,Referral,12-06-2026,95463.53,Won,Meeting,8
855,CUST1855,John Miles,Pune,Finance,Anjali Rao,Advertisement,25-12-2025,49615.37,Won,Phone,1
856,CUST1856,Adam Howe,Mumbai,Manufacturing,Rahul Verma,Referral,10-03-2026,67567.01,Open,Phone,4
857,CUST1857,Ethan Flores,Chennai,IT,Rahul Verma,LinkedIn,24-03-2026,7060.1,Won,Phone,9
858,CUST1858,Craig Chambers,Pune,Healthcare,Kiran Das,LinkedIn,14-02-2026,89883.93,Lost,Meeting,9
859,CUST1859,Alexis Bennett,Hyderabad,IT,Anjali Rao,Event,13-06-2026,35222.19,Open,Email,7
860,CUST1860,Heather Woods,Hyderabad,Manufacturing,Priya Sharma,Event,25-10-2025,65476.28,Won,Meeting,6
861,CUST1861,Brian Price,Hyderabad,Retail,Rahul Verma,Referral,18-09-2025,19167.2,Lost,Meeting,9
862,CUST1862,Andrew Terry,Delhi,Manufacturing,Anjali Rao,Advertisement,10-06-2026,48771.29,Lost,Email,4
863,CUST1863,Michael Thompson,Pune,Manufacturing,Anjali Rao,Referral,19-12-2025,89440.04,Lost,Meeting,10
864,CUST1864,Lisa Fischer,Pune,Manufacturing,Kiran Das,LinkedIn,02-02-2026,11386.55,Open,Meeting,10
865,CUST1865,Lisa Carter,Chennai,IT,Rahul Verma,Advertisement,09-10-2025,84952.54,Lost,Meeting,4
866,CUST1866,Jamie Hood,Delhi,Finance,Priya Sharma,Referral,25-05-2026,19916.93,Lost,Email,3
867,CUST1867,Sarah Nguyen,Pune,Manufacturing,Rahul Verma,Website,25-05-2026,20569.15,Won,Email,6
868,CUST1868,Tamara Kelley,Delhi,Retail,Priya Sharma,LinkedIn,21-05-2026,86642.55,Won,Email,4
869,CUST1869,Jeanne Mitchell,Hyderabad,Manufacturing,Kiran Das,Website,02-10-2025,85904.06,Lost,Meeting,9
870,CUST1870,Curtis Nguyen,Pune,Manufacturing,Priya Sharma,Advertisement,18-08-2025,18165.62,Lost,Meeting,9
871,CUST1871,James Dunn,Chennai,Finance,Rahul Verma,Referral,02-03-2026,64369.88,Open,Email,6
872,CUST1872,Shawn Jackson,Chennai,Manufacturing,Priya Sharma,Advertisement,08-02-2026,91323.4,Lost,Meeting,3
873,CUST1873,Connor Chan,Hyderabad,Retail,Rahul Verma,Event,18-10-2025,52988.9,Open,Meeting,7
874,CUST1874,Rebecca Morgan,Pune,Healthcare,Rahul Verma,LinkedIn,19-05-2026,6267.32,Open,Phone,3
875,CUST1875,Steven Reed,Bangalore,Healthcare,Kiran Das,Website,04-12-2025,52310.74,Won,Meeting,6
876,CUST1876,Lisa Obrien DDS,Mumbai,Retail,Kiran Das,Website,17-05-2026,93950.86,Won,Email,8
877,CUST1877,Charles Davis,Pune,IT,Anjali Rao,Referral,17-10-2025,71079,Won,Email,1
878,CUST1878,Kevin Larson,Mumbai,Manufacturing,Kiran Das,Advertisement,27-09-2025,82648.05,Won,Email,5
879,CUST1879,Amanda Lewis,Bangalore,Finance,Priya Sharma,Website,01-03-2026,98155.91,Open,Meeting,2
880,CUST1880,Mariah Richardson,Chennai,IT,Priya Sharma,LinkedIn,18-07-2025,37608.71,Open,Meeting,6
881,CUST1881,Christopher Evans,Pune,IT,Rahul Verma,LinkedIn,10-04-2026,86919.41,Lost,Phone,6
882,CUST1882,Joshua Dodson,Pune,Healthcare,Rahul Verma,LinkedIn,10-04-2026,85733.13,Won,Meeting,3
883,CUST1883,Kristin Martinez,Mumbai,Healthcare,Rahul Verma,Advertisement,04-05-2026,97577.45,Won,Meeting,8
884,CUST1884,Benjamin Shaw,Delhi,Finance,Rahul Verma,Event,21-09-2025,37635.38,Won,Email,4
885,CUST1885,Christine Fisher,Bangalore,IT,Kiran Das,LinkedIn,24-06-2025,90504.1,Won,Meeting,3
886,CUST1886,Richard Brown,Hyderabad,Retail,Priya Sharma,Advertisement,13-04-2026,87078.93,Won,Phone,2
887,CUST1887,Natalie French,Mumbai,Manufacturing,Rahul Verma,LinkedIn,28-03-2026,29992.61,Won,Phone,2
888,CUST1888,Cynthia Griffith,Mumbai,Healthcare,Rahul Verma,Event,20-04-2026,12593.06,Lost,Email,5
889,CUST1889,Nancy Reese,Pune,Finance,Anjali Rao,Event,13-07-2025,70461.99,Open,Meeting,3
890,CUST1890,John Parker,Bangalore,Manufacturing,Anjali Rao,Website,27-01-2026,45695.9,Open,Email,10
891,CUST1891,Zachary Ramsey,Mumbai,IT,Kiran Das,Event,21-03-2026,57896.93,Lost,Meeting,7
892,CUST1892,John White,Hyderabad,IT,Anjali Rao,Advertisement,11-09-2025,31937.73,Open,Email,6
893,CUST1893,Ann Wall,Delhi,Manufacturing,Rahul Verma,Referral,26-01-2026,50207.22,Lost,Email,4
894,CUST1894,Michelle Martinez,Bangalore,Finance,Anjali Rao,Advertisement,06-08-2025,20545.02,Lost,Phone,1
895,CUST1895,Matthew White,Hyderabad,Healthcare,Anjali Rao,LinkedIn,17-02-2026,18040.3,Lost,Email,2
896,CUST1896,Michael Washington,Bangalore,IT,Kiran Das,LinkedIn,04-07-2025,17513.41,Won,Phone,1
897,CUST1897,Cheyenne Whitaker,Chennai,Finance,Rahul Verma,Event,31-05-2026,18772.79,Won,Phone,9
898,CUST1898,Cindy Gallagher,Hyderabad,Manufacturing,Anjali Rao,Event,04-05-2026,35076.86,Lost,Meeting,4
899,CUST1899,Nicole Morrison,Pune,Finance,Priya Sharma,Website,01-06-2026,97740.8,Won,Phone,7
900,CUST1900,Sarah Rodriguez,Pune,Manufacturing,Priya Sharma,Advertisement,06-11-2025,72514.8,Won,Email,9
901,CUST1901,Ronald Hampton,Hyderabad,IT,Kiran Das,Website,30-07-2025,18752.22,Lost,Meeting,1
902,CUST1902,Amanda George,Pune,Finance,Anjali Rao,Advertisement,21-01-2026,5222.99,Open,Email,3
903,CUST1903,Evan Flores,Delhi,IT,Kiran Das,LinkedIn,05-12-2025,61305.68,Open,Email,8
904,CUST1904,Christine Wilson,Delhi,Finance,Anjali Rao,LinkedIn,30-12-2025,32231.61,Open,Phone,5
905,CUST1905,Joshua Sharp,Hyderabad,Retail,Kiran Das,LinkedIn,30-12-2025,50262.18,Lost,Phone,10
906,CUST1906,Tristan Mcintosh,Mumbai,IT,Kiran Das,Website,29-09-2025,91859.15,Lost,Email,5
907,CUST1907,Mr. Scott Vasquez,Chennai,IT,Anjali Rao,Advertisement,12-04-2026,16760.78,Won,Phone,3
908,CUST1908,Debra Sanders,Pune,Manufacturing,Anjali Rao,Referral,04-09-2025,42120.25,Won,Phone,7
909,CUST1909,Katie Johnson,Bangalore,Healthcare,Anjali Rao,Event,08-06-2026,29726.01,Open,Meeting,3
910,CUST1910,Jonathan Massey,Delhi,Manufacturing,Rahul Verma,Event,03-01-2026,11935.34,Lost,Email,4
911,CUST1911,Amanda Lin,Pune,Manufacturing,Priya Sharma,Advertisement,28-01-2026,93121.92,Open,Email,4
912,CUST1912,Gary Ball,Pune,Retail,Priya Sharma,Referral,15-12-2025,26153.22,Won,Phone,7
913,CUST1913,Kurt Carpenter,Pune,Healthcare,Priya Sharma,Website,03-06-2026,29123.02,Lost,Meeting,3
914,CUST1914,Whitney Rice,Mumbai,Healthcare,Kiran Das,Advertisement,27-02-2026,36647.91,Lost,Meeting,9
915,CUST1915,Sherry Gray,Bangalore,IT,Anjali Rao,Website,14-08-2025,6879.79,Won,Meeting,7
916,CUST1916,Paul Macdonald,Hyderabad,Finance,Kiran Das,Referral,23-08-2025,96587.14,Won,Email,7
917,CUST1917,Denise Hale,Mumbai,IT,Anjali Rao,Referral,10-02-2026,81902.24,Open,Meeting,7
918,CUST1918,Tina Hamilton,Mumbai,Finance,Priya Sharma,LinkedIn,13-03-2026,13390.54,Won,Email,7
919,CUST1919,Donald Delacruz,Pune,Healthcare,Priya Sharma,LinkedIn,08-06-2026,40237.07,Won,Meeting,6
920,CUST1920,Connie Lambert,Delhi,IT,Rahul Verma,Advertisement,18-10-2025,35219.84,Open,Email,4
921,CUST1921,Jessica Yang,Bangalore,IT,Priya Sharma,Referral,03-01-2026,54015.15,Lost,Email,2
922,CUST1922,Mary Farmer,Delhi,IT,Priya Sharma,Advertisement,22-05-2026,38967.22,Open,Phone,1
923,CUST1923,Kristin Lowery,Hyderabad,Finance,Priya Sharma,LinkedIn,17-09-2025,85690.17,Open,Phone,9
924,CUST1924,Tyler Potts,Chennai,Finance,Anjali Rao,Advertisement,18-04-2026,26742.12,Won,Meeting,10
925,CUST1925,Ms. Sandra Wilson,Delhi,Finance,Kiran Das,Event,16-08-2025,67239.09,Lost,Phone,3
926,CUST1926,Seth Garza,Mumbai,Retail,Priya Sharma,Website,23-10-2025,37426.08,Open,Phone,2
927,CUST1927,Elizabeth Reynolds,Hyderabad,Healthcare,Rahul Verma,Website,17-05-2026,26699.16,Open,Meeting,10
928,CUST1928,Ronnie Valdez,Bangalore,Finance,Anjali Rao,Advertisement,15-02-2026,64961.61,Lost,Meeting,9
929,CUST1929,Donna Delacruz,Mumbai,Retail,Priya Sharma,Referral,29-01-2026,59631.17,Won,Email,6
930,CUST1930,Sabrina Haley,Mumbai,Retail,Priya Sharma,Advertisement,24-09-2025,43197.6,Lost,Email,1
931,CUST1931,Shari Barnes,Hyderabad,Finance,Rahul Verma,Event,05-07-2025,45897.5,Open,Phone,9
932,CUST1932,Anthony Bell,Mumbai,Retail,Rahul Verma,Website,12-07-2025,72456.43,Open,Phone,7
933,CUST1933,Kyle Hunt Jr.,Bangalore,Healthcare,Priya Sharma,Referral,01-12-2025,56721.58,Lost,Email,3
934,CUST1934,Deborah Conner,Bangalore,Finance,Rahul Verma,Website,26-11-2025,46377.82,Lost,Phone,3
935,CUST1935,William Ramirez,Mumbai,IT,Priya Sharma,Referral,22-07-2025,89709.31,Open,Phone,5
936,CUST1936,Mary Dean,Chennai,Healthcare,Anjali Rao,Website,03-11-2025,89521.04,Lost,Phone,4
937,CUST1937,Michael Martin,Bangalore,Retail,Priya Sharma,Event,10-02-2026,81113.17,Lost,Meeting,4
938,CUST1938,Molly Smith,Bangalore,Manufacturing,Rahul Verma,LinkedIn,29-04-2026,40446.83,Open,Phone,8
939,CUST1939,Seth Carey,Bangalore,Manufacturing,Anjali Rao,LinkedIn,09-12-2025,41714.83,Lost,Meeting,3
940,CUST1940,Kayla Richards,Bangalore,IT,Rahul Verma,Event,28-06-2025,43982.87,Open,Email,9
941,CUST1941,James Medina,Hyderabad,Healthcare,Priya Sharma,Advertisement,09-06-2026,86246.12,Won,Meeting,8
942,CUST1942,Brittney Gonzalez,Delhi,Manufacturing,Rahul Verma,Event,30-07-2025,85797.48,Open,Email,2
943,CUST1943,Shannon Thompson,Hyderabad,Finance,Kiran Das,Website,22-04-2026,59505.15,Open,Phone,5
944,CUST1944,Steven Coleman,Mumbai,IT,Priya Sharma,LinkedIn,17-02-2026,29831.18,Open,Phone,4
945,CUST1945,Sonya Gibson,Bangalore,IT,Kiran Das,Advertisement,04-10-2025,87418.55,Open,Phone,7
946,CUST1946,Brandon Bradley,Mumbai,Manufacturing,Priya Sharma,Advertisement,28-12-2025,56566.38,Lost,Phone,9
947,CUST1947,Barbara Lopez,Pune,IT,Kiran Das,Event,09-12-2025,34848.04,Open,Phone,5
948,CUST1948,Luke Powell,Chennai,Healthcare,Rahul Verma,Advertisement,27-03-2026,37501.17,Won,Phone,8
949,CUST1949,Jared Contreras,Mumbai,Manufacturing,Anjali Rao,Referral,10-12-2025,91927.9,Won,Phone,6
950,CUST1950,Brandon Harris,Delhi,IT,Anjali Rao,Advertisement,01-10-2025,22629.58,Open,Email,1
951,CUST1951,Joshua Mitchell,Hyderabad,Finance,Priya Sharma,Advertisement,11-09-2025,23788.97,Lost,Phone,6
952,CUST1952,James Johnson,Bangalore,Retail,Rahul Verma,Event,18-02-2026,84894.61,Lost,Meeting,10
953,CUST1953,Shannon Carter,Delhi,Finance,Kiran Das,Website,24-04-2026,40938.48,Won,Phone,4
954,CUST1954,Veronica Briggs,Pune,Healthcare,Rahul Verma,Website,04-05-2026,10491.47,Open,Email,1
955,CUST1955,Jill King,Pune,Retail,Anjali Rao,Referral,18-02-2026,75100.05,Won,Phone,10
956,CUST1956,Michael Ballard,Pune,Manufacturing,Rahul Verma,Advertisement,14-03-2026,79175.6,Lost,Meeting,10
957,CUST1957,Jodi Brewer,Delhi,IT,Kiran Das,Referral,21-12-2025,89181.23,Won,Email,2
958,CUST1958,Emily Willis,Bangalore,Retail,Rahul Verma,Advertisement,02-10-2025,27725.05,Lost,Email,7
959,CUST1959,Terri Miller,Hyderabad,Retail,Priya Sharma,Website,23-06-2026,52093.36,Won,Email,4
960,CUST1960,Michael Williams,Delhi,Retail,Rahul Verma,Event,10-07-2025,65414.03,Lost,Email,7
961,CUST1961,Tracy Morrow,Pune,Manufacturing,Rahul Verma,Advertisement,24-08-2025,27868.95,Lost,Meeting,7
962,CUST1962,Brandi Moore,Pune,Finance,Priya Sharma,Referral,22-07-2025,94679.55,Won,Phone,9
963,CUST1963,Brett Bush,Delhi,Finance,Rahul Verma,LinkedIn,22-02-2026,16396.6,Won,Meeting,10
964,CUST1964,Melissa Lowe,Delhi,Retail,Rahul Verma,Advertisement,23-08-2025,66063.7,Won,Phone,5
965,CUST1965,Julie Hogan,Hyderabad,Retail,Anjali Rao,Advertisement,10-12-2025,49535.33,Won,Phone,7
966,CUST1966,Ryan Ellis,Hyderabad,Retail,Rahul Verma,LinkedIn,21-04-2026,78391.56,Won,Phone,4
967,CUST1967,Zachary Walker,Delhi,Healthcare,Priya Sharma,Website,16-08-2025,92387.3,Open,Phone,3
968,CUST1968,Jacqueline Alexander,Pune,Healthcare,Kiran Das,Referral,01-02-2026,12026.1,Won,Email,2
969,CUST1969,Jonathan Logan,Bangalore,Healthcare,Priya Sharma,Advertisement,07-08-2025,93862.05,Lost,Meeting,1
970,CUST1970,Nathan Day,Mumbai,IT,Priya Sharma,Event,06-11-2025,85215.99,Open,Meeting,1
971,CUST1971,Jacqueline Hamilton,Pune,IT,Anjali Rao,LinkedIn,25-03-2026,44896.83,Lost,Email,9
972,CUST1972,Amber Atkinson,Delhi,Retail,Rahul Verma,Event,14-07-2025,58588.89,Open,Email,6
973,CUST1973,Kayla Wright,Mumbai,Finance,Priya Sharma,Advertisement,24-06-2025,64704.38,Lost,Meeting,6
974,CUST1974,Theresa Hughes,Hyderabad,IT,Priya Sharma,LinkedIn,09-06-2026,25772.46,Won,Email,1
975,CUST1975,Nicholas Porter,Delhi,Manufacturing,Rahul Verma,Advertisement,15-10-2025,29212.39,Won,Email,1
976,CUST1976,Angela Spencer,Bangalore,Retail,Priya Sharma,LinkedIn,05-12-2025,82348.31,Won,Meeting,3
977,CUST1977,Paul Sharp,Hyderabad,Finance,Rahul Verma,Event,05-03-2026,33422.72,Won,Email,4
978,CUST1978,John Wood,Bangalore,Retail,Priya Sharma,Advertisement,16-08-2025,20373.03,Won,Email,6
979,CUST1979,Sharon Barnes,Delhi,IT,Priya Sharma,Referral,31-08-2025,65567.45,Lost,Phone,6
980,CUST1980,Derek Spencer,Delhi,Finance,Priya Sharma,Referral,14-01-2026,48531.27,Open,Email,4
981,CUST1981,Jason Thompson,Hyderabad,IT,Kiran Das,Referral,05-12-2025,81314.18,Won,Phone,3
982,CUST1982,Mark Holmes,Chennai,IT,Kiran Das,Event,27-05-2026,16891.2,Won,Meeting,10
983,CUST1983,Michael King,Bangalore,Healthcare,Priya Sharma,LinkedIn,13-02-2026,49131.48,Open,Meeting,8
984,CUST1984,Joseph Patel,Bangalore,IT,Priya Sharma,LinkedIn,08-10-2025,67869.88,Open,Phone,6
985,CUST1985,Dr. Abigail Miller MD,Bangalore,Finance,Rahul Verma,Event,24-06-2025,11275.33,Lost,Email,3
986,CUST1986,Joseph Lara,Mumbai,Retail,Anjali Rao,Website,21-10-2025,88422.53,Open,Phone,6
987,CUST1987,Anthony Montgomery,Pune,Healthcare,Rahul Verma,LinkedIn,27-10-2025,23284.35,Lost,Phone,9
988,CUST1988,Nichole Ryan,Delhi,Healthcare,Priya Sharma,Website,09-06-2026,57985.07,Lost,Email,5
989,CUST1989,Tammy Freeman,Hyderabad,IT,Anjali Rao,Website,21-06-2026,95398.98,Won,Meeting,3
990,CUST1990,Ralph Medina,Hyderabad,Finance,Kiran Das,Event,26-06-2025,38628.57,Won,Meeting,7
991,CUST1991,Lori Clark,Hyderabad,Retail,Rahul Verma,Website,16-01-2026,97894.25,Open,Phone,2
992,CUST1992,Allison Brown,Delhi,IT,Kiran Das,Event,11-10-2025,86953.91,Open,Meeting,6
993,CUST1993,Misty Jones,Pune,Retail,Anjali Rao,Advertisement,11-05-2026,68244.61,Won,Meeting,4
994,CUST1994,Jessica Wilson,Pune,Manufacturing,Priya Sharma,Website,23-08-2025,32189.24,Won,Email,10
995,CUST1995,Brenda Sullivan,Delhi,Finance,Priya Sharma,Advertisement,02-08-2025,93796.5,Lost,Meeting,3
996,CUST1996,Douglas Moss,Bangalore,Manufacturing,Kiran Das,Website,27-12-2025,39525.59,Won,Meeting,2
997,CUST1997,Melinda Hardy,Hyderabad,IT,Kiran Das,Event,22-07-2025,22249.41,Won,Meeting,1
998,CUST1998,Chad Morris,Pune,Retail,Anjali Rao,Advertisement,31-07-2025,29460.13,Won,Meeting,2
999,CUST1999,Shannon Ford,Delhi,Manufacturing,Kiran Das,Event,22-06-2026,57269.92,Open,Meeting,7
1000,CUST2000,Jessica Weber,Mumbai,IT,Anjali Rao,Website,28-12-2025,75943.6,Lost,Meeting,2
1001,CUST2001,Austin Barnes,Hyderabad,Retail,Kiran Das,LinkedIn,06-06-2026,64486.04,Lost,Meeting,10
1002,CUST2002,Kevin Arnold,Bangalore,IT,Rahul Verma,Event,30-03-2026,77779.69,Lost,Email,9
1003,CUST2003,Ashley Watson,Bangalore,Retail,Priya Sharma,Event,08-06-2026,67681.17,Lost,Phone,1
1004,CUST2004,Andrew Brown,Delhi,Healthcare,Rahul Verma,Advertisement,30-09-2025,74545.56,Lost,Email,10
1005,CUST2005,Tony Hoffman,Chennai,Finance,Anjali Rao,Advertisement,12-09-2025,61004.3,Won,Email,7
1006,CUST2006,Rhonda Roman,Hyderabad,Retail,Anjali Rao,Event,17-12-2025,44070.93,Open,Meeting,3
1007,CUST2007,Andres Jacobson,Hyderabad,IT,Anjali Rao,Referral,13-04-2026,65107.65,Open,Email,9
1008,CUST2008,Jeanette Lewis,Chennai,Retail,Kiran Das,Event,25-10-2025,71390.75,Open,Meeting,10
1009,CUST2009,Brandy Pierce,Mumbai,Finance,Anjali Rao,Website,07-05-2026,49793.7,Lost,Email,6
1010,CUST2010,Nicholas Bradford,Bangalore,Manufacturing,Anjali Rao,Referral,22-06-2026,84765.63,Won,Email,7
1011,CUST2011,Isaac Roberts,Delhi,IT,Priya Sharma,Website,29-11-2025,32858.47,Lost,Email,7
1012,CUST2012,Curtis Davis,Chennai,Healthcare,Priya Sharma,Referral,16-02-2026,40182.44,Open,Email,2
1013,CUST2013,Paul Donovan,Bangalore,Healthcare,Rahul Verma,LinkedIn,20-03-2026,18308.16,Lost,Email,6
1014,CUST2014,Shannon Guzman,Delhi,Retail,Anjali Rao,LinkedIn,26-06-2025,35388.85,Open,Email,8
1015,CUST2015,Jennifer Webb,Bangalore,Retail,Anjali Rao,Advertisement,13-07-2025,74315.32,Open,Meeting,6
1016,CUST2016,Ronald Wright,Hyderabad,Healthcare,Anjali Rao,Referral,27-12-2025,8018.61,Lost,Meeting,2
1017,CUST2017,Richard Contreras,Chennai,IT,Priya Sharma,Referral,22-04-2026,21561.87,Lost,Meeting,6
1018,CUST2018,Lucas Rivera,Mumbai,Finance,Priya Sharma,Referral,27-07-2025,8118.91,Open,Phone,8
1019,CUST2019,Barbara Lynch,Bangalore,Healthcare,Rahul Verma,Advertisement,13-03-2026,80154.1,Open,Phone,5
1020,CUST2020,Zachary Keith,Hyderabad,Finance,Kiran Das,LinkedIn,24-10-2025,67809.91,Open,Meeting,8
1021,CUST2021,Robert Moore,Pune,Healthcare,Rahul Verma,Website,07-06-2026,71332.5,Open,Phone,3
1022,CUST2022,James Garcia,Mumbai,Finance,Anjali Rao,Website,13-06-2026,25102.15,Lost,Email,5
1023,CUST2023,Adam Henson,Pune,Healthcare,Rahul Verma,Website,03-03-2026,21603.43,Won,Phone,9
1024,CUST2024,Evelyn Henry,Chennai,Healthcare,Anjali Rao,Referral,15-09-2025,88160.7,Lost,Email,6
1025,CUST2025,Betty Green,Bangalore,Retail,Rahul Verma,Event,18-02-2026,25056.59,Won,Phone,9
1026,CUST2026,Linda Vargas,Hyderabad,IT,Priya Sharma,Website,02-03-2026,41751.91,Lost,Email,10
1027,CUST2027,Michael Johnson,Chennai,Manufacturing,Anjali Rao,Event,31-01-2026,78142.63,Lost,Email,4
1028,CUST2028,Jeffrey Proctor,Delhi,IT,Kiran Das,Event,08-11-2025,58068.75,Won,Email,9
1029,CUST2029,Marco Rogers,Delhi,Manufacturing,Priya Sharma,Event,13-01-2026,58453.97,Won,Phone,3
1030,CUST2030,Christine Matthews,Mumbai,Finance,Anjali Rao,Website,30-07-2025,94013.26,Lost,Phone,2
1031,CUST2031,Maria Jones,Pune,Manufacturing,Rahul Verma,Event,11-01-2026,64000.06,Open,Phone,8
1032,CUST2032,Leslie Lane,Mumbai,Manufacturing,Kiran Das,Advertisement,31-08-2025,32620.27,Lost,Phone,3
1033,CUST2033,Cynthia Roberts,Chennai,IT,Kiran Das,LinkedIn,15-08-2025,96582.04,Lost,Meeting,2
1034,CUST2034,Carlos Lam,Bangalore,Finance,Anjali Rao,Website,03-06-2026,6705.66,Won,Email,4
1035,CUST2035,Donna Mora,Chennai,IT,Rahul Verma,LinkedIn,20-07-2025,52387.7,Won,Meeting,2
1036,CUST2036,Phillip Ramos,Mumbai,Retail,Kiran Das,Advertisement,08-05-2026,16474.6,Won,Email,1
1037,CUST2037,Debra Mason,Pune,IT,Rahul Verma,Referral,12-04-2026,6344.67,Lost,Phone,4
1038,CUST2038,Virginia Huerta,Chennai,Manufacturing,Kiran Das,Advertisement,27-09-2025,30938.44,Open,Email,1
1039,CUST2039,Frederick Newman,Chennai,Retail,Priya Sharma,Website,16-12-2025,10150.36,Lost,Meeting,7
1040,CUST2040,Randall Robinson,Mumbai,Retail,Anjali Rao,LinkedIn,05-08-2025,74330.78,Lost,Meeting,10
1041,CUST2041,Todd Bates,Delhi,IT,Kiran Das,LinkedIn,07-06-2026,92004.26,Won,Phone,7
1042,CUST2042,Curtis Cobb,Mumbai,IT,Rahul Verma,Event,10-12-2025,57084.6,Lost,Meeting,10
1043,CUST2043,Jeremiah Medina,Mumbai,Manufacturing,Priya Sharma,Referral,21-01-2026,21177.26,Won,Meeting,2
1044,CUST2044,Jessica Nicholson,Bangalore,Manufacturing,Priya Sharma,Event,01-08-2025,78573.06,Lost,Email,6
1045,CUST2045,Tracy Lawrence,Hyderabad,Healthcare,Priya Sharma,Referral,18-03-2026,76822.16,Lost,Phone,8
1046,CUST2046,Kevin Chen,Chennai,Finance,Rahul Verma,LinkedIn,17-08-2025,42776.98,Won,Phone,2
1047,CUST2047,Jennifer Lopez,Mumbai,Manufacturing,Kiran Das,Advertisement,26-03-2026,19598.04,Lost,Phone,9
1048,CUST2048,Elijah Parker,Bangalore,Manufacturing,Rahul Verma,Advertisement,13-11-2025,81883.82,Lost,Meeting,5
1049,CUST2049,Amber Wright,Bangalore,Retail,Kiran Das,LinkedIn,21-01-2026,71983.48,Won,Email,6
1050,CUST2050,Joel Torres,Delhi,Healthcare,Anjali Rao,Event,24-08-2025,42415.2,Open,Meeting,5
1051,CUST2051,Michael Smith,Mumbai,Manufacturing,Priya Sharma,LinkedIn,24-11-2025,71026.12,Open,Email,7
1052,CUST2052,James Clarke,Pune,IT,Kiran Das,LinkedIn,01-05-2026,38828.94,Open,Meeting,6
1053,CUST2053,Teresa Evans,Hyderabad,Manufacturing,Kiran Das,Website,26-06-2025,79055.6,Won,Phone,4
1054,CUST2054,Adam Miller,Pune,Finance,Priya Sharma,Website,26-03-2026,49519.94,Lost,Email,6
1055,CUST2055,Taylor Fox,Bangalore,IT,Kiran Das,Referral,23-09-2025,57999.99,Lost,Meeting,2
1056,CUST2056,Christian Walker,Hyderabad,Manufacturing,Kiran Das,Advertisement,11-02-2026,66731.24,Won,Phone,10
1057,CUST2057,Joshua Nixon,Pune,Manufacturing,Kiran Das,Event,10-11-2025,10422.11,Lost,Meeting,1
1058,CUST2058,Rodney Miller,Pune,Finance,Priya Sharma,Advertisement,19-09-2025,64979.26,Lost,Phone,6
1059,CUST2059,Thomas Byrd,Bangalore,Healthcare,Anjali Rao,Referral,05-03-2026,23692.59,Open,Phone,6
1060,CUST2060,Stacey Hernandez,Hyderabad,Manufacturing,Anjali Rao,Advertisement,30-04-2026,72440.51,Open,Email,3
1061,CUST2061,Brent Hanson,Pune,Finance,Anjali Rao,Advertisement,27-09-2025,78646.55,Lost,Email,3
1062,CUST2062,Natalie Velasquez,Chennai,Retail,Anjali Rao,Advertisement,19-03-2026,89304.94,Open,Meeting,2
1063,CUST2063,Karen Castillo,Chennai,Finance,Priya Sharma,Advertisement,22-03-2026,36958.95,Open,Email,10
1064,CUST2064,Elizabeth Kaiser,Hyderabad,IT,Anjali Rao,Website,07-01-2026,40294.15,Lost,Email,3
1065,CUST2065,Sharon Carter,Delhi,IT,Priya Sharma,Advertisement,02-01-2026,41318.68,Lost,Phone,1
1066,CUST2066,Dale Tucker,Hyderabad,Finance,Anjali Rao,Advertisement,26-06-2025,13665.97,Open,Meeting,8
1067,CUST2067,Meghan Clark,Delhi,Retail,Kiran Das,Event,03-04-2026,47885.75,Lost,Phone,3
1068,CUST2068,Alicia Johnson,Delhi,Finance,Anjali Rao,Event,26-11-2025,10374.09,Open,Meeting,10
1069,CUST2069,Lawrence Miller,Delhi,Retail,Kiran Das,LinkedIn,29-08-2025,57928.37,Won,Phone,6
1070,CUST2070,Paul Wong,Delhi,IT,Anjali Rao,Event,14-11-2025,74353.43,Won,Meeting,5
1071,CUST2071,Susan Jones,Delhi,Finance,Anjali Rao,Event,04-08-2025,87446.37,Lost,Phone,5
1072,CUST2072,Nathan Simpson,Hyderabad,Manufacturing,Priya Sharma,LinkedIn,22-02-2026,60756.09,Lost,Phone,8
1073,CUST2073,Angela Young,Hyderabad,Retail,Priya Sharma,LinkedIn,01-03-2026,68947.47,Open,Meeting,8
1074,CUST2074,Antonio Chung,Delhi,Healthcare,Anjali Rao,Website,20-06-2026,92889.05,Open,Email,1
1075,CUST2075,Brittney Hansen,Delhi,Healthcare,Priya Sharma,Advertisement,12-10-2025,55803.54,Won,Phone,10
1076,CUST2076,Mr. Richard Ellis,Mumbai,Finance,Rahul Verma,LinkedIn,15-04-2026,30060.35,Lost,Meeting,4
1077,CUST2077,Gina Lang,Bangalore,IT,Priya Sharma,LinkedIn,17-12-2025,46602.49,Won,Meeting,9
1078,CUST2078,Kurt Warner,Mumbai,IT,Rahul Verma,LinkedIn,19-08-2025,90501.28,Won,Meeting,3
1079,CUST2079,Cynthia Bennett,Pune,Finance,Anjali Rao,Advertisement,07-05-2026,95486.96,Lost,Meeting,5
1080,CUST2080,Juan Payne,Mumbai,IT,Priya Sharma,LinkedIn,12-03-2026,29573.42,Won,Email,6
1081,CUST2081,Michelle Mclaughlin,Mumbai,Retail,Priya Sharma,Referral,26-12-2025,50269.29,Lost,Email,1
1082,CUST2082,Jennifer Kaufman,Chennai,IT,Kiran Das,Advertisement,31-03-2026,90351.51,Lost,Phone,7
1083,CUST2083,Danielle Abbott,Pune,Manufacturing,Rahul Verma,Website,25-04-2026,77491.83,Lost,Phone,4
1084,CUST2084,Teresa Cole,Bangalore,Healthcare,Kiran Das,Advertisement,08-04-2026,9832.15,Open,Phone,4
1085,CUST2085,Robin Gonzalez,Chennai,IT,Anjali Rao,LinkedIn,23-08-2025,81682.81,Lost,Meeting,4
1086,CUST2086,Heidi Villarreal,Chennai,Retail,Rahul Verma,Event,28-02-2026,67874.48,Lost,Phone,6
1087,CUST2087,Stephanie Davis,Delhi,Healthcare,Rahul Verma,LinkedIn,24-03-2026,30412.98,Open,Meeting,3
1088,CUST2088,Rebecca Rhodes,Pune,Finance,Kiran Das,Advertisement,10-01-2026,16400.38,Lost,Phone,5
1089,CUST2089,Dale Carroll,Delhi,Finance,Priya Sharma,Referral,05-04-2026,86526.79,Lost,Meeting,2
1090,CUST2090,Jack Martin,Mumbai,IT,Anjali Rao,Advertisement,05-05-2026,22263.92,Lost,Email,3
1091,CUST2091,Michael Holland,Mumbai,Healthcare,Priya Sharma,Event,20-05-2026,74709.38,Won,Phone,4
1092,CUST2092,Nancy Payne,Chennai,Retail,Priya Sharma,Referral,29-03-2026,98901.54,Won,Phone,8
1093,CUST2093,Bradley Blair,Chennai,Healthcare,Anjali Rao,Event,10-08-2025,46861.38,Lost,Meeting,1
1094,CUST2094,Tanya Walker,Mumbai,Healthcare,Kiran Das,Website,10-12-2025,43003.52,Won,Phone,6
1095,CUST2095,Bradley Hogan,Hyderabad,Manufacturing,Anjali Rao,Referral,26-08-2025,5024.33,Open,Email,7
1096,CUST2096,Roger Houston,Chennai,Finance,Priya Sharma,Referral,24-06-2026,82833.47,Lost,Phone,1
1097,CUST2097,Lisa Patrick,Hyderabad,Manufacturing,Kiran Das,Website,03-11-2025,63588.14,Open,Meeting,4
1098,CUST2098,Diana Lee,Delhi,Retail,Rahul Verma,Referral,13-08-2025,83244.76,Open,Phone,8
1099,CUST2099,Derek Lopez,Hyderabad,Retail,Anjali Rao,LinkedIn,23-07-2025,49656.94,Open,Email,7
1100,CUST2100,William Anderson,Bangalore,Finance,Kiran Das,Event,20-12-2025,91444.28,Lost,Email,9
1101,CUST2101,Jessica Bentley,Hyderabad,Retail,Anjali Rao,Event,19-10-2025,50254.17,Lost,Email,7
1102,CUST2102,Amanda Torres,Hyderabad,Healthcare,Anjali Rao,Referral,07-06-2026,35499.73,Lost,Meeting,8
1103,CUST2103,Melissa Simpson,Hyderabad,Healthcare,Anjali Rao,Website,30-11-2025,7237.51,Open,Phone,9
1104,CUST2104,Jennifer Hampton,Bangalore,Finance,Priya Sharma,LinkedIn,02-04-2026,17540.36,Lost,Email,1
1105,CUST2105,Beverly Davis,Mumbai,Finance,Anjali Rao,Referral,09-08-2025,21010.99,Open,Email,8
1106,CUST2106,Eric Jimenez,Delhi,IT,Rahul Verma,Website,27-05-2026,47369.16,Lost,Meeting,2
1107,CUST2107,Deanna Ryan,Hyderabad,Manufacturing,Kiran Das,LinkedIn,13-01-2026,14040.06,Won,Phone,3
1108,CUST2108,Nicole Reed,Mumbai,Retail,Kiran Das,Referral,22-03-2026,67064.67,Open,Phone,10
1109,CUST2109,Michael Vang,Bangalore,Healthcare,Kiran Das,Advertisement,17-03-2026,54447.85,Open,Phone,1
1110,CUST2110,Yvonne Cooper,Chennai,Healthcare,Rahul Verma,Referral,22-06-2026,40237.07,Won,Phone,6
1111,CUST2111,Jeffrey Keller,Bangalore,Healthcare,Priya Sharma,Website,27-05-2026,46162.05,Open,Phone,3
1112,CUST2112,Jake Morgan,Chennai,Finance,Kiran Das,Website,22-02-2026,95506.7,Won,Phone,10
1113,CUST2113,James Stone,Pune,Manufacturing,Anjali Rao,Advertisement,01-12-2025,22252.08,Open,Phone,4
1114,CUST2114,Mr. Keith Michael,Hyderabad,Healthcare,Kiran Das,Referral,05-03-2026,35722.74,Open,Email,4
1115,CUST2115,Kevin Contreras,Pune,Manufacturing,Priya Sharma,Event,07-05-2026,89692.47,Lost,Phone,10
1116,CUST2116,Matthew Berry,Hyderabad,IT,Anjali Rao,Referral,06-04-2026,8691.59,Open,Meeting,6
1117,CUST2117,Sabrina Saunders,Hyderabad,IT,Rahul Verma,Event,30-09-2025,36366.35,Open,Email,7
1118,CUST2118,Sharon Koch,Delhi,Finance,Anjali Rao,Referral,27-01-2026,31310.55,Open,Email,3
1119,CUST2119,Brian Reid,Chennai,IT,Anjali Rao,LinkedIn,29-09-2025,49146.51,Lost,Email,4
1120,CUST2120,Timothy James,Mumbai,Manufacturing,Kiran Das,Website,17-05-2026,8201.3,Won,Meeting,2
1121,CUST2121,Timothy Rollins,Hyderabad,Manufacturing,Priya Sharma,Advertisement,09-03-2026,64558.74,Won,Meeting,8
1122,CUST2122,Teresa Herman MD,Delhi,IT,Priya Sharma,Website,20-06-2026,68498.16,Open,Email,3
1123,CUST2123,Michael Dickerson,Delhi,Healthcare,Kiran Das,Referral,21-11-2025,21528.65,Open,Phone,2
1124,CUST2124,Gary Hayden,Bangalore,IT,Priya Sharma,Advertisement,01-12-2025,61470.9,Open,Email,9
1125,CUST2125,Kelly Perry DDS,Pune,Retail,Anjali Rao,LinkedIn,12-07-2025,44912.2,Lost,Email,4
1126,CUST2126,Sandra Carter,Pune,Manufacturing,Kiran Das,Referral,03-03-2026,37164.04,Open,Email,4
1127,CUST2127,Christine Nichols,Bangalore,Manufacturing,Priya Sharma,Event,26-05-2026,38673.08,Lost,Email,2
1128,CUST2128,Monica Ortiz,Chennai,IT,Priya Sharma,Event,04-08-2025,74014.29,Open,Phone,10
1129,CUST2129,Anthony Hutchinson,Pune,Manufacturing,Anjali Rao,Advertisement,24-06-2026,53110.43,Open,Phone,6
1130,CUST2130,Jonathan Miles,Hyderabad,Finance,Priya Sharma,LinkedIn,22-05-2026,75917.99,Won,Phone,9
1131,CUST2131,John Evans,Bangalore,Healthcare,Priya Sharma,Website,16-08-2025,34292.79,Won,Meeting,9
1132,CUST2132,Samantha Willis,Hyderabad,Finance,Rahul Verma,Advertisement,03-02-2026,28932.48,Won,Phone,1
1133,CUST2133,Beth Davis,Chennai,Finance,Rahul Verma,Event,04-01-2026,11042.68,Open,Phone,4
1134,CUST2134,Nicole Wilson,Hyderabad,Retail,Kiran Das,LinkedIn,13-02-2026,9931.4,Lost,Meeting,4
1135,CUST2135,Kathleen Sullivan,Delhi,Manufacturing,Priya Sharma,Event,24-04-2026,33963.63,Won,Phone,2
1136,CUST2136,Craig Peterson,Mumbai,Healthcare,Rahul Verma,Website,20-11-2025,81501.75,Won,Meeting,3
1137,CUST2137,William Scott,Delhi,Retail,Rahul Verma,Advertisement,05-03-2026,96966.82,Open,Phone,10
1138,CUST2138,Shawn Anderson,Mumbai,Manufacturing,Rahul Verma,Referral,28-01-2026,16320.52,Lost,Email,8
1139,CUST2139,Justin Blackburn,Bangalore,IT,Anjali Rao,Referral,08-05-2026,62310.81,Won,Email,7
1140,CUST2140,Kurt Bennett,Mumbai,Manufacturing,Rahul Verma,Website,21-01-2026,51657.7,Won,Phone,10
1141,CUST2141,Karen Johnson,Pune,Manufacturing,Kiran Das,Event,15-06-2026,25516.34,Open,Meeting,3
1142,CUST2142,James Higgins,Hyderabad,Finance,Rahul Verma,Website,13-05-2026,71367.27,Lost,Phone,2
1143,CUST2143,Alexis Adams MD,Pune,Manufacturing,Anjali Rao,LinkedIn,25-08-2025,88732.37,Open,Meeting,5
1144,CUST2144,Larry Anderson,Delhi,Finance,Anjali Rao,LinkedIn,06-05-2026,46983.75,Open,Phone,4
1145,CUST2145,Earl Dunn,Hyderabad,IT,Anjali Rao,LinkedIn,28-11-2025,86232.97,Lost,Email,9
1146,CUST2146,Douglas Moore,Pune,IT,Anjali Rao,Event,28-02-2026,83862.74,Lost,Meeting,7
1147,CUST2147,John Flowers,Mumbai,Retail,Rahul Verma,LinkedIn,06-03-2026,44329.1,Open,Meeting,5
1148,CUST2148,Chelsey Anderson,Bangalore,Manufacturing,Kiran Das,LinkedIn,21-04-2026,53976.7,Open,Phone,8
1149,CUST2149,Alice Rose,Hyderabad,IT,Priya Sharma,Advertisement,12-10-2025,37712.7,Lost,Meeting,9
1150,CUST2150,Melinda Hill DVM,Chennai,Healthcare,Priya Sharma,LinkedIn,15-07-2025,49458.01,Won,Email,2
1151,CUST2151,Mr. Charles Weeks,Bangalore,Manufacturing,Kiran Das,Website,26-03-2026,61230.99,Open,Email,5
1152,CUST2152,Beth Murphy,Hyderabad,IT,Rahul Verma,Referral,05-08-2025,60191.03,Won,Meeting,3
1153,CUST2153,Michael Barrera,Pune,Retail,Kiran Das,Website,01-03-2026,94098.57,Won,Meeting,3
1154,CUST2154,Anna Schmitt,Bangalore,IT,Priya Sharma,Website,04-12-2025,8918.98,Open,Phone,6
1155,CUST2155,Claire Walker,Bangalore,Finance,Rahul Verma,Referral,03-11-2025,72408.57,Won,Phone,2
1156,CUST2156,Kayla Quinn,Chennai,Retail,Rahul Verma,Event,05-10-2025,67637.05,Open,Phone,9
1157,CUST2157,Kelsey Escobar,Delhi,Healthcare,Anjali Rao,Event,28-11-2025,64674.14,Won,Email,2
1158,CUST2158,Marie Jones,Pune,Retail,Rahul Verma,Referral,19-05-2026,83541.94,Open,Phone,9
1159,CUST2159,Brianna Lam,Hyderabad,IT,Kiran Das,LinkedIn,11-11-2025,21733.14,Open,Meeting,7
1160,CUST2160,Wendy Maldonado,Chennai,Retail,Kiran Das,Referral,20-07-2025,33299.96,Open,Meeting,9
1161,CUST2161,Mrs. Sarah Johnson,Delhi,Retail,Rahul Verma,LinkedIn,28-08-2025,19610.68,Lost,Phone,2
1162,CUST2162,John Lowe,Chennai,Healthcare,Rahul Verma,Advertisement,10-07-2025,51552.52,Won,Meeting,6
1163,CUST2163,Margaret Kelley,Delhi,Finance,Rahul Verma,LinkedIn,08-01-2026,66746.52,Open,Email,3
1164,CUST2164,Faith Walsh,Pune,Healthcare,Anjali Rao,Website,04-02-2026,28534.06,Open,Phone,9
1165,CUST2165,Ashley Foster,Bangalore,Retail,Rahul Verma,Advertisement,08-04-2026,10571.6,Won,Meeting,9
1166,CUST2166,James Lloyd II,Mumbai,Finance,Kiran Das,Website,06-12-2025,51983.12,Lost,Phone,6
1167,CUST2167,Gwendolyn Rodriguez,Pune,Retail,Rahul Verma,Referral,21-06-2026,58234.92,Won,Meeting,8
1168,CUST2168,Tiffany Weber,Mumbai,Manufacturing,Anjali Rao,LinkedIn,25-08-2025,61936.33,Open,Email,9
1169,CUST2169,Chris Crawford,Bangalore,Healthcare,Anjali Rao,Referral,19-03-2026,28464.97,Won,Meeting,3
1170,CUST2170,Shannon Reese,Bangalore,Manufacturing,Priya Sharma,Event,15-09-2025,35541.94,Won,Meeting,8
1171,CUST2171,Jamie Robinson,Delhi,IT,Rahul Verma,LinkedIn,22-02-2026,85622.82,Lost,Email,5
1172,CUST2172,Christopher Owens,Pune,IT,Rahul Verma,Referral,09-05-2026,51430.5,Lost,Meeting,3
1173,CUST2173,Brian Stone,Pune,Finance,Rahul Verma,LinkedIn,14-08-2025,27710.98,Lost,Meeting,3
1174,CUST2174,Kaitlin Mcmahon,Mumbai,Healthcare,Rahul Verma,LinkedIn,05-02-2026,7486.37,Won,Phone,10
1175,CUST2175,Tonya Patel,Mumbai,Retail,Priya Sharma,Advertisement,09-02-2026,46332.25,Won,Meeting,1
1176,CUST2176,Michelle Kim,Mumbai,Retail,Priya Sharma,Event,22-07-2025,87845.71,Open,Meeting,2
1177,CUST2177,Kristin Reed,Hyderabad,Healthcare,Anjali Rao,Advertisement,20-03-2026,53844.11,Won,Email,1
1178,CUST2178,Christopher Vazquez,Pune,Retail,Anjali Rao,LinkedIn,15-11-2025,99600.65,Won,Email,8
1179,CUST2179,Heidi Rich,Pune,Healthcare,Rahul Verma,Event,31-07-2025,19921.42,Lost,Meeting,8
1180,CUST2180,Marcus White,Pune,Healthcare,Kiran Das,Advertisement,30-08-2025,47660.53,Won,Email,3
1181,CUST2181,Richard Hunt,Delhi,Healthcare,Priya Sharma,Referral,24-12-2025,44675.89,Open,Phone,4
1182,CUST2182,Terry Walker,Delhi,Healthcare,Rahul Verma,Advertisement,09-12-2025,32120.6,Lost,Phone,5
1183,CUST2183,Samantha Foster,Mumbai,Finance,Rahul Verma,Event,09-08-2025,39756.05,Open,Meeting,5
1184,CUST2184,Kimberly Russo,Delhi,Retail,Priya Sharma,Website,05-03-2026,34130.83,Open,Email,10
1185,CUST2185,Jeffrey Frazier,Pune,IT,Kiran Das,Advertisement,10-11-2025,94355.08,Open,Phone,4
1186,CUST2186,Michael Hardin,Pune,Healthcare,Rahul Verma,Event,04-01-2026,30123.61,Open,Meeting,2
1187,CUST2187,Richard Patterson,Chennai,Manufacturing,Rahul Verma,Referral,04-01-2026,78969.2,Open,Meeting,3
1188,CUST2188,Michael Sharp,Mumbai,IT,Rahul Verma,Event,04-07-2025,18729.86,Won,Email,3
1189,CUST2189,David Berg,Bangalore,Finance,Kiran Das,Website,30-07-2025,26495.02,Won,Meeting,8
1190,CUST2190,Kerry Baker,Hyderabad,Manufacturing,Priya Sharma,Event,12-01-2026,92530.2,Won,Meeting,8
1191,CUST2191,Anthony Arellano,Delhi,IT,Anjali Rao,Event,22-05-2026,56092.16,Open,Email,1
1192,CUST2192,Henry Bullock PhD,Delhi,IT,Kiran Das,Website,31-05-2026,56839.32,Lost,Phone,4
1193,CUST2193,Austin Johnson,Mumbai,Finance,Kiran Das,Website,22-01-2026,20502.35,Lost,Phone,9
1194,CUST2194,Sean Santos,Delhi,Manufacturing,Rahul Verma,Event,15-03-2026,58909.65,Won,Phone,3
1195,CUST2195,Erica Porter,Chennai,IT,Priya Sharma,Website,17-07-2025,11313.18,Won,Email,3
1196,CUST2196,Richard King,Delhi,IT,Kiran Das,LinkedIn,16-11-2025,67614.67,Lost,Email,2
1197,CUST2197,Jonathan Gomez,Delhi,IT,Priya Sharma,LinkedIn,06-05-2026,71640.68,Won,Meeting,5
1198,CUST2198,Christina Rodriguez,Hyderabad,Retail,Priya Sharma,Advertisement,07-10-2025,86059.62,Lost,Phone,2
1199,CUST2199,Mark Harrison,Mumbai,IT,Priya Sharma,Event,21-09-2025,50554.77,Won,Email,6
1200,CUST2200,Daniel Scott,Mumbai,IT,Anjali Rao,Event,29-04-2026,73402.7,Open,Email,8
1201,CUST2201,Stacey Dudley,Mumbai,Retail,Priya Sharma,Event,02-07-2025,86266.71,Open,Phone,4
1202,CUST2202,Traci French,Hyderabad,Manufacturing,Rahul Verma,Event,30-04-2026,49823.46,Open,Email,6
1203,CUST2203,Allison Wilson,Pune,Finance,Kiran Das,Referral,21-11-2025,66622.16,Lost,Email,7
1204,CUST2204,Melody Jones,Delhi,IT,Priya Sharma,Advertisement,11-05-2026,27356.05,Open,Meeting,2
1205,CUST2205,Valerie Suarez,Mumbai,Manufacturing,Anjali Rao,Event,06-11-2025,38556.91,Won,Meeting,2
1206,CUST2206,Kathleen Fisher,Mumbai,IT,Kiran Das,Website,02-10-2025,18324.58,Open,Meeting,4
1207,CUST2207,Steven Johnston,Bangalore,IT,Rahul Verma,Website,02-09-2025,81660.81,Won,Phone,5
1208,CUST2208,Gerald Wilson,Hyderabad,Finance,Kiran Das,LinkedIn,21-01-2026,10181.11,Won,Meeting,2
1209,CUST2209,Mary Ferguson,Chennai,IT,Kiran Das,LinkedIn,10-07-2025,62047.98,Won,Email,9
1210,CUST2210,Kevin Thompson,Hyderabad,Manufacturing,Kiran Das,Referral,12-04-2026,97657.28,Won,Phone,1
1211,CUST2211,Joshua Bond,Delhi,Retail,Rahul Verma,Event,15-04-2026,62664.47,Open,Meeting,3
1212,CUST2212,Michael Dominguez,Delhi,Finance,Anjali Rao,Referral,30-06-2025,49701.09,Open,Phone,9
1213,CUST2213,Robert Hicks,Pune,Healthcare,Anjali Rao,Website,19-06-2026,69087.42,Lost,Phone,8
1214,CUST2214,Kendra Bush,Pune,Healthcare,Anjali Rao,LinkedIn,14-03-2026,79370.01,Won,Email,10
1215,CUST2215,Alex Ramirez,Bangalore,Retail,Rahul Verma,Website,14-12-2025,81922.94,Open,Meeting,5
1216,CUST2216,Chad Ortega,Pune,Manufacturing,Priya Sharma,Website,14-01-2026,86172.95,Lost,Email,8
1217,CUST2217,Amy Jones,Mumbai,IT,Priya Sharma,Website,27-02-2026,58362.2,Won,Meeting,9
1218,CUST2218,George Love,Bangalore,IT,Rahul Verma,Website,28-09-2025,78394.36,Won,Meeting,10
1219,CUST2219,Christy Cole,Chennai,Finance,Priya Sharma,Website,05-11-2025,55529.03,Open,Phone,2
1220,CUST2220,Christine Baker,Pune,Retail,Kiran Das,Advertisement,23-08-2025,33358.52,Open,Meeting,4
1221,CUST2221,Jay Mcbride,Pune,Retail,Priya Sharma,Website,06-07-2025,77403.89,Open,Email,8
1222,CUST2222,William Hardy,Chennai,Finance,Rahul Verma,Referral,22-09-2025,7547.98,Lost,Phone,5
1223,CUST2223,Steven Thomas,Delhi,Finance,Priya Sharma,Website,13-04-2026,33198.33,Open,Meeting,7
1224,CUST2224,Paul Morrow,Bangalore,Finance,Kiran Das,Referral,03-12-2025,32139.19,Open,Phone,10
1225,CUST2225,Bradley Lowe,Pune,Finance,Anjali Rao,LinkedIn,16-07-2025,41602.46,Lost,Phone,8
1226,CUST2226,Michael Martinez,Mumbai,Finance,Kiran Das,Website,11-06-2026,42489.32,Lost,Meeting,5
1227,CUST2227,Kimberly Hernandez,Pune,Healthcare,Priya Sharma,Website,14-12-2025,26223.34,Lost,Email,1
1228,CUST2228,Lorraine Bailey,Mumbai,IT,Rahul Verma,Advertisement,04-05-2026,54565.98,Lost,Meeting,10
1229,CUST2229,Nichole Jensen,Mumbai,Retail,Anjali Rao,LinkedIn,21-09-2025,54347.62,Won,Meeting,4
1230,CUST2230,Ashley Schultz,Chennai,Healthcare,Priya Sharma,LinkedIn,01-09-2025,71004.14,Open,Phone,3
1231,CUST2231,John Williams,Pune,Manufacturing,Priya Sharma,Website,17-03-2026,91998.67,Lost,Email,10
1232,CUST2232,Lauren Hill,Mumbai,Healthcare,Priya Sharma,Event,16-08-2025,8251.42,Lost,Meeting,8
1233,CUST2233,Sylvia Mcdaniel,Hyderabad,Healthcare,Anjali Rao,LinkedIn,01-01-2026,92177.39,Lost,Email,2
1234,CUST2234,Melanie Vaughn,Bangalore,Retail,Anjali Rao,LinkedIn,12-02-2026,57915.11,Won,Email,10
1235,CUST2235,Rebecca Nunez,Pune,Healthcare,Priya Sharma,LinkedIn,05-07-2025,35392.87,Lost,Email,10
1236,CUST2236,Mary Davis,Chennai,Manufacturing,Rahul Verma,LinkedIn,26-03-2026,19822.73,Open,Phone,2
1237,CUST2237,Jeffrey Long,Hyderabad,Retail,Kiran Das,Referral,07-06-2026,62868.64,Open,Phone,6
1238,CUST2238,Kimberly Morgan,Mumbai,Healthcare,Rahul Verma,Website,19-07-2025,62407.57,Won,Meeting,1
1239,CUST2239,Christopher Mann,Mumbai,IT,Priya Sharma,Event,24-06-2026,87026.93,Lost,Email,4
1240,CUST2240,Charles Smith,Bangalore,Retail,Rahul Verma,Advertisement,04-05-2026,6846.87,Won,Phone,1
1241,CUST2241,Marilyn Evans,Bangalore,IT,Anjali Rao,Event,11-01-2026,52599.64,Won,Phone,8
1242,CUST2242,Kenneth Smith,Pune,Retail,Rahul Verma,Event,13-08-2025,60067.24,Lost,Meeting,6
1243,CUST2243,Tracy Bernard,Chennai,IT,Rahul Verma,Event,05-03-2026,21533.15,Won,Email,2
1244,CUST2244,Scott Garcia,Chennai,Manufacturing,Kiran Das,Referral,15-04-2026,96150.23,Won,Phone,5
1245,CUST2245,Michelle Rivera,Mumbai,Healthcare,Rahul Verma,Website,13-12-2025,7064.8,Open,Phone,1
1246,CUST2246,Jacqueline White,Hyderabad,Finance,Kiran Das,Referral,30-07-2025,38754.15,Won,Email,6
1247,CUST2247,Anthony Strong,Bangalore,IT,Rahul Verma,Website,13-07-2025,69941.76,Lost,Phone,1
1248,CUST2248,Brian Hammond,Bangalore,Finance,Kiran Das,Website,05-05-2026,83529.72,Lost,Phone,3
1249,CUST2249,Eric Pearson,Delhi,Retail,Kiran Das,Event,20-03-2026,88202.28,Lost,Meeting,3
1250,CUST2250,Isaiah Moore,Bangalore,Finance,Kiran Das,Referral,16-10-2025,54302.43,Open,Meeting,6
1251,CUST2251,Johnny Powell,Mumbai,Healthcare,Rahul Verma,Website,06-01-2026,96102.81,Lost,Meeting,8
1252,CUST2252,Shannon Washington,Mumbai,IT,Kiran Das,Website,01-10-2025,27436.35,Won,Meeting,10
1253,CUST2253,Michelle Turner,Hyderabad,Finance,Anjali Rao,Advertisement,14-10-2025,98052.76,Won,Email,7
1254,CUST2254,Elizabeth Miller,Mumbai,Finance,Kiran Das,Referral,21-12-2025,43510.42,Won,Phone,2
1255,CUST2255,John Smith,Pune,Manufacturing,Anjali Rao,Event,20-04-2026,51282.33,Lost,Phone,6
1256,CUST2256,Rachel Henderson,Hyderabad,Manufacturing,Priya Sharma,Website,10-06-2026,19992.63,Open,Phone,8
1257,CUST2257,Ian Riley,Chennai,Healthcare,Kiran Das,Advertisement,15-01-2026,23573.38,Open,Phone,9
1258,CUST2258,Andrea Jones,Mumbai,Retail,Priya Sharma,Referral,13-09-2025,16186.46,Won,Meeting,1
1259,CUST2259,Tammy Parsons,Mumbai,IT,Kiran Das,Website,29-06-2025,30642.1,Won,Meeting,6
1260,CUST2260,Roger Gill,Delhi,IT,Rahul Verma,LinkedIn,01-03-2026,6934.57,Lost,Email,9
1261,CUST2261,Elizabeth Chang,Pune,Healthcare,Priya Sharma,Event,05-02-2026,47286.93,Won,Meeting,3
1262,CUST2262,Lisa Pacheco,Pune,Manufacturing,Anjali Rao,LinkedIn,06-05-2026,33384.86,Open,Phone,3
1263,CUST2263,Joseph Henry,Mumbai,Manufacturing,Anjali Rao,Website,09-11-2025,95946.77,Open,Email,2
1264,CUST2264,Kathy Thomas,Pune,Retail,Rahul Verma,Event,17-11-2025,59754.16,Open,Email,1
1265,CUST2265,Joshua Fox,Pune,Retail,Anjali Rao,LinkedIn,02-08-2025,90216.5,Won,Phone,1
1266,CUST2266,Kimberly Greer,Mumbai,IT,Kiran Das,Website,20-08-2025,28617.12,Won,Email,2
1267,CUST2267,Jennifer Gross,Pune,Manufacturing,Kiran Das,Website,16-10-2025,44812.72,Won,Meeting,2
1268,CUST2268,Austin Crawford,Pune,Healthcare,Priya Sharma,Referral,03-02-2026,79490.04,Won,Meeting,10
1269,CUST2269,Toni Miller,Mumbai,Retail,Rahul Verma,Referral,20-05-2026,14780.51,Won,Meeting,8
1270,CUST2270,Stephanie Berger,Bangalore,Finance,Anjali Rao,Event,08-03-2026,36078.76,Open,Meeting,10
1271,CUST2271,Katherine Lindsey,Hyderabad,Healthcare,Kiran Das,Website,23-06-2026,99590.06,Open,Meeting,8
1272,CUST2272,Mary Washington,Chennai,Retail,Kiran Das,Website,01-09-2025,15349.92,Lost,Email,10
1273,CUST2273,Kendra Kelly,Hyderabad,IT,Priya Sharma,Website,24-09-2025,86764.37,Lost,Email,4
1274,CUST2274,Autumn Johnson,Chennai,Retail,Priya Sharma,Website,16-08-2025,64052.11,Lost,Email,2
1275,CUST2275,Carolyn Gomez,Bangalore,Retail,Priya Sharma,Website,29-01-2026,28896.17,Lost,Meeting,2
1276,CUST2276,Alexandra Johnson,Delhi,IT,Rahul Verma,LinkedIn,18-07-2025,37874.21,Open,Meeting,1
1277,CUST2277,Alexander Walters,Mumbai,Manufacturing,Rahul Verma,LinkedIn,12-04-2026,46038.61,Open,Meeting,6
1278,CUST2278,Ana Joseph,Bangalore,IT,Rahul Verma,Advertisement,15-09-2025,32113.37,Lost,Email,7
1279,CUST2279,Anthony Villanueva,Chennai,Finance,Kiran Das,Advertisement,09-09-2025,95853.25,Lost,Phone,1
1280,CUST2280,Michelle Miller,Hyderabad,Healthcare,Anjali Rao,LinkedIn,17-04-2026,79935.86,Lost,Meeting,1
1281,CUST2281,William Jackson,Chennai,Manufacturing,Anjali Rao,Event,01-06-2026,77991.22,Won,Meeting,6
1282,CUST2282,Robert Myers,Chennai,Healthcare,Priya Sharma,Event,16-01-2026,94418.85,Open,Phone,3
1283,CUST2283,Robin Webb,Hyderabad,Manufacturing,Kiran Das,Advertisement,05-10-2025,80453.94,Open,Meeting,2
1284,CUST2284,Bobby Lin,Mumbai,Manufacturing,Kiran Das,Website,03-03-2026,23378.19,Lost,Meeting,10
1285,CUST2285,Kimberly Martinez,Chennai,Finance,Rahul Verma,LinkedIn,15-06-2026,77593.6,Open,Email,4
1286,CUST2286,Brandon Miller,Mumbai,IT,Rahul Verma,Event,25-07-2025,95680.66,Lost,Meeting,7
1287,CUST2287,Colton Mason,Bangalore,Finance,Anjali Rao,Referral,05-09-2025,76033.01,Open,Phone,2
1288,CUST2288,Shawn Barry,Hyderabad,Manufacturing,Anjali Rao,Event,27-07-2025,12594.52,Open,Phone,4
1289,CUST2289,Gloria King,Hyderabad,Manufacturing,Anjali Rao,Event,08-12-2025,32042.05,Won,Meeting,9
1290,CUST2290,Gregory Scott,Delhi,IT,Kiran Das,Website,30-06-2025,51749.12,Lost,Email,2
1291,CUST2291,Sandra Spencer,Chennai,Retail,Priya Sharma,Advertisement,25-08-2025,92576.81,Open,Email,10
1292,CUST2292,Luis Owen,Pune,IT,Kiran Das,Advertisement,06-08-2025,83773.01,Won,Email,9
1293,CUST2293,Steven Gomez,Hyderabad,Finance,Kiran Das,Event,02-05-2026,89068.63,Open,Meeting,10
1294,CUST2294,Aaron Hendricks,Pune,Retail,Anjali Rao,Advertisement,21-07-2025,9203.62,Open,Phone,1
1295,CUST2295,Casey Crane,Bangalore,Manufacturing,Anjali Rao,LinkedIn,03-06-2026,93945.69,Won,Phone,1
1296,CUST2296,Kathleen Williams,Chennai,Retail,Kiran Das,Referral,27-06-2025,44858.43,Lost,Meeting,8
1297,CUST2297,Kelsey Everett,Bangalore,IT,Rahul Verma,Advertisement,19-03-2026,50524.42,Open,Phone,6
1298,CUST2298,Darren King,Mumbai,Healthcare,Rahul Verma,Advertisement,04-12-2025,76790.56,Open,Email,3
1299,CUST2299,Caitlin Gonzalez,Hyderabad,IT,Priya Sharma,Event,25-01-2026,82979.62,Lost,Meeting,10
1300,CUST2300,William Bean,Pune,Healthcare,Kiran Das,Event,06-08-2025,39363.29,Lost,Meeting,3
1301,CUST2301,Jennifer Anderson,Chennai,IT,Priya Sharma,LinkedIn,12-06-2026,14949.31,Open,Meeting,1
1302,CUST2302,Kristin Flowers,Hyderabad,Finance,Priya Sharma,Event,13-11-2025,65235.08,Open,Phone,1
1303,CUST2303,Melissa Garcia,Chennai,Healthcare,Rahul Verma,Website,20-02-2026,45623.84,Won,Meeting,9
1304,CUST2304,Mary Lozano DVM,Mumbai,Manufacturing,Kiran Das,Advertisement,12-10-2025,45047.41,Open,Phone,2
1305,CUST2305,Heather King,Bangalore,Retail,Anjali Rao,LinkedIn,13-06-2026,68468.63,Lost,Meeting,3
1306,CUST2306,Kathleen Burton,Pune,Manufacturing,Kiran Das,LinkedIn,11-10-2025,88927.68,Lost,Email,10
1307,CUST2307,Michelle Harrison,Pune,Retail,Kiran Das,LinkedIn,11-03-2026,15671.87,Open,Meeting,3
1308,CUST2308,Brian Ryan,Delhi,Manufacturing,Rahul Verma,LinkedIn,30-10-2025,92963.58,Open,Phone,6
1309,CUST2309,Christopher Brown,Mumbai,Retail,Priya Sharma,Event,13-03-2026,5691.87,Lost,Meeting,9
1310,CUST2310,Scott Lee,Delhi,Retail,Anjali Rao,Event,05-01-2026,86682.54,Lost,Meeting,9
1311,CUST2311,Michael Townsend,Pune,Retail,Kiran Das,Event,06-08-2025,44014.52,Lost,Meeting,2
1312,CUST2312,Michael Jones,Bangalore,IT,Anjali Rao,Advertisement,19-05-2026,19259.81,Lost,Meeting,8
1313,CUST2313,Karen Bennett,Hyderabad,Manufacturing,Rahul Verma,Event,29-06-2025,85214.51,Open,Meeting,5
1314,CUST2314,William Love,Chennai,Finance,Kiran Das,Event,07-01-2026,58106.78,Lost,Meeting,5
1315,CUST2315,John Munoz,Hyderabad,Finance,Kiran Das,Advertisement,24-04-2026,84282.73,Won,Meeting,4
1316,CUST2316,Jennifer Sanchez,Mumbai,IT,Rahul Verma,Website,16-12-2025,66266.66,Won,Phone,1
1317,CUST2317,Richard Berg,Mumbai,IT,Anjali Rao,Advertisement,30-09-2025,18311.8,Open,Email,10
1318,CUST2318,Katherine Kennedy,Pune,IT,Kiran Das,LinkedIn,13-07-2025,31763.73,Won,Meeting,8
1319,CUST2319,Michael Cuevas,Delhi,Finance,Anjali Rao,Website,22-02-2026,79204.37,Won,Email,4
1320,CUST2320,Cheyenne Oconnor,Delhi,Manufacturing,Priya Sharma,Event,18-05-2026,56283.35,Won,Meeting,8
1321,CUST2321,Robert Bailey,Hyderabad,Manufacturing,Rahul Verma,Advertisement,21-01-2026,64855.36,Open,Email,1
1322,CUST2322,Paul Mathews,Pune,Healthcare,Rahul Verma,Referral,10-08-2025,37457.25,Lost,Meeting,9
1323,CUST2323,Emily Bradford,Pune,IT,Rahul Verma,Event,17-08-2025,98067.57,Lost,Email,8
1324,CUST2324,Michael Thompson PhD,Hyderabad,Retail,Rahul Verma,Advertisement,15-04-2026,13610.12,Open,Meeting,3
1325,CUST2325,Bailey Vaughan,Bangalore,Healthcare,Anjali Rao,Advertisement,29-07-2025,80946.98,Open,Phone,6
1326,CUST2326,Sherri Gibson,Mumbai,Healthcare,Anjali Rao,Referral,05-09-2025,22844.02,Won,Meeting,5
1327,CUST2327,Marcus Carr,Mumbai,Manufacturing,Kiran Das,Website,13-12-2025,29234.63,Lost,Phone,5
1328,CUST2328,Kimberly Pacheco,Delhi,Finance,Anjali Rao,Event,11-09-2025,52086.19,Lost,Phone,9
1329,CUST2329,Jackson Boyd,Pune,IT,Anjali Rao,Event,10-01-2026,50283.26,Open,Phone,2
1330,CUST2330,Mario Phillips,Bangalore,Healthcare,Anjali Rao,Advertisement,28-02-2026,53499.81,Open,Meeting,1
1331,CUST2331,Suzanne Gomez,Hyderabad,Healthcare,Priya Sharma,LinkedIn,11-05-2026,13391.7,Lost,Email,2
1332,CUST2332,Scott Becker,Hyderabad,Manufacturing,Kiran Das,Event,14-07-2025,89504.21,Lost,Email,4
1333,CUST2333,Rebekah Carpenter,Hyderabad,Finance,Rahul Verma,Advertisement,06-12-2025,19317.59,Lost,Meeting,1
1334,CUST2334,Heather Salinas,Hyderabad,Retail,Priya Sharma,Advertisement,06-06-2026,25686.14,Open,Meeting,4
1335,CUST2335,Laurie Frank,Hyderabad,Manufacturing,Rahul Verma,Website,15-07-2025,70446.71,Lost,Meeting,4
1336,CUST2336,Kimberly Walls,Bangalore,Retail,Priya Sharma,Advertisement,28-03-2026,16985.7,Open,Meeting,4
1337,CUST2337,Angela Velez,Mumbai,Healthcare,Kiran Das,Referral,08-10-2025,72489.94,Won,Meeting,6
1338,CUST2338,Charles Patterson,Mumbai,Finance,Anjali Rao,Event,23-01-2026,66485.48,Won,Email,3
1339,CUST2339,Heidi Bray,Delhi,Manufacturing,Priya Sharma,Referral,17-01-2026,30980.35,Lost,Email,3
1340,CUST2340,Megan Alexander,Chennai,Finance,Kiran Das,Event,18-11-2025,71595.67,Won,Phone,8
1341,CUST2341,Laura Yoder,Hyderabad,Retail,Priya Sharma,Referral,21-05-2026,8717.51,Lost,Email,5
1342,CUST2342,William Hernandez,Mumbai,Retail,Rahul Verma,Referral,16-12-2025,90862.46,Open,Email,1
1343,CUST2343,Becky Barr,Hyderabad,Retail,Priya Sharma,Advertisement,18-09-2025,25051.24,Lost,Email,4
1344,CUST2344,Todd Coffey,Delhi,Finance,Rahul Verma,Referral,08-05-2026,53671.32,Open,Email,2
1345,CUST2345,Andrew Dunn,Bangalore,Finance,Kiran Das,Website,16-10-2025,30223.97,Open,Email,1
1346,CUST2346,Dawn Burke,Chennai,IT,Anjali Rao,Referral,19-08-2025,34702.13,Lost,Phone,4
1347,CUST2347,Fred Callahan,Hyderabad,Manufacturing,Priya Sharma,Referral,06-11-2025,44407.1,Lost,Phone,7
1348,CUST2348,Martha Lucas,Chennai,Manufacturing,Anjali Rao,Referral,16-03-2026,7168.66,Won,Meeting,9
1349,CUST2349,Dorothy Brooks,Mumbai,Healthcare,Kiran Das,LinkedIn,14-10-2025,97255.92,Won,Meeting,7
1350,CUST2350,Nicolas Austin,Chennai,Manufacturing,Rahul Verma,Advertisement,04-07-2025,79127.9,Won,Email,8
1351,CUST2351,Grace Goodman,Pune,Manufacturing,Rahul Verma,Advertisement,18-06-2026,15172.94,Lost,Meeting,4
1352,CUST2352,Daniel Mcdowell,Mumbai,IT,Anjali Rao,Advertisement,19-12-2025,52910.31,Won,Email,6
1353,CUST2353,Sarah Hernandez,Pune,IT,Rahul Verma,Website,07-03-2026,58067.72,Won,Meeting,3
1354,CUST2354,Mark Simpson,Delhi,Retail,Priya Sharma,LinkedIn,19-07-2025,62688.89,Lost,Meeting,3
1355,CUST2355,Brandon Bowman,Delhi,Manufacturing,Rahul Verma,Website,25-04-2026,38111.59,Won,Meeting,3
1356,CUST2356,Anthony Turner,Pune,Healthcare,Priya Sharma,Website,16-10-2025,65441.01,Won,Email,1
1357,CUST2357,Tyler Williams,Hyderabad,Finance,Kiran Das,Referral,16-09-2025,68453.71,Open,Phone,9
1358,CUST2358,Sylvia Ibarra,Chennai,IT,Rahul Verma,Referral,29-10-2025,5115.18,Lost,Meeting,7
1359,CUST2359,Derrick Ballard,Chennai,IT,Priya Sharma,Event,12-03-2026,5480.57,Won,Phone,1
1360,CUST2360,Cole Sheppard,Mumbai,IT,Rahul Verma,LinkedIn,25-12-2025,65690.42,Open,Meeting,2
1361,CUST2361,Samuel Davenport,Mumbai,Manufacturing,Rahul Verma,Event,12-04-2026,36991.55,Won,Phone,8
1362,CUST2362,Kelly Allen,Pune,Retail,Kiran Das,Event,28-01-2026,83588.16,Won,Phone,7
1363,CUST2363,Yvette James,Pune,Manufacturing,Anjali Rao,Event,30-08-2025,31562.57,Won,Email,10
1364,CUST2364,Thomas Day DDS,Chennai,Retail,Anjali Rao,Referral,03-12-2025,13341.34,Open,Phone,2
1365,CUST2365,Patrick Pierce,Bangalore,IT,Rahul Verma,LinkedIn,27-11-2025,38626.09,Open,Meeting,2
1366,CUST2366,Michael Butler,Chennai,Retail,Kiran Das,LinkedIn,12-01-2026,58013.37,Lost,Email,6
1367,CUST2367,Katrina Williams,Delhi,Finance,Rahul Verma,Event,03-10-2025,88081.46,Won,Phone,2
1368,CUST2368,Marc Barnes,Hyderabad,Retail,Anjali Rao,Website,22-10-2025,21935.01,Open,Email,2
1369,CUST2369,Nathan Martin,Pune,Retail,Rahul Verma,Website,16-05-2026,96126.59,Open,Phone,9
1370,CUST2370,Brian Evans,Pune,IT,Priya Sharma,LinkedIn,30-10-2025,61965.41,Won,Email,3
1371,CUST2371,James Jensen,Pune,Healthcare,Kiran Das,Event,20-08-2025,46928.22,Open,Phone,8
1372,CUST2372,Russell Flores,Mumbai,Manufacturing,Anjali Rao,Advertisement,03-06-2026,7744.59,Lost,Meeting,10
1373,CUST2373,Kelly Dickerson,Delhi,Finance,Kiran Das,Website,21-12-2025,31787.53,Lost,Email,1
1374,CUST2374,Amber Barnes,Pune,Finance,Rahul Verma,LinkedIn,30-08-2025,51018.04,Open,Meeting,5
1375,CUST2375,Daniel Rodriguez,Pune,Finance,Priya Sharma,Website,29-09-2025,28630.69,Open,Phone,9
1376,CUST2376,Stacy Woods,Mumbai,Finance,Priya Sharma,Referral,09-10-2025,33826.64,Lost,Email,6
1377,CUST2377,Michael Morgan,Delhi,Retail,Rahul Verma,LinkedIn,20-01-2026,10816.23,Won,Meeting,1
1378,CUST2378,Joseph Taylor,Bangalore,IT,Anjali Rao,Event,27-08-2025,15282.61,Lost,Phone,3
1379,CUST2379,Andrew Gomez,Chennai,Retail,Priya Sharma,LinkedIn,11-05-2026,91694.68,Open,Meeting,9
1380,CUST2380,Christopher Moore,Hyderabad,IT,Priya Sharma,Website,21-02-2026,32137.55,Won,Email,9
1381,CUST2381,Kendra Turner,Bangalore,Retail,Priya Sharma,Advertisement,04-10-2025,97874.7,Open,Email,1
1382,CUST2382,Jeffrey Day,Bangalore,Manufacturing,Anjali Rao,Website,28-02-2026,35768.12,Open,Email,8
1383,CUST2383,Amanda Espinoza,Mumbai,Finance,Anjali Rao,Referral,09-04-2026,95148.09,Lost,Meeting,3
1384,CUST2384,Robin King,Pune,Retail,Anjali Rao,Website,10-04-2026,69866.3,Lost,Email,10
1385,CUST2385,Paul Morrison,Chennai,Finance,Kiran Das,Event,15-04-2026,18151.83,Open,Email,2
1386,CUST2386,Vanessa Watson,Bangalore,Finance,Rahul Verma,Advertisement,28-07-2025,57685.65,Lost,Meeting,6
1387,CUST2387,Noah Mitchell,Chennai,IT,Priya Sharma,Advertisement,16-05-2026,77934.32,Open,Phone,1
1388,CUST2388,Jeremy Moran,Mumbai,Manufacturing,Anjali Rao,LinkedIn,05-11-2025,86963.21,Open,Email,5
1389,CUST2389,Kenneth Austin,Pune,Retail,Anjali Rao,Referral,23-03-2026,32783,Lost,Meeting,6
1390,CUST2390,Ray Anderson,Bangalore,IT,Rahul Verma,Advertisement,22-07-2025,71059.72,Won,Meeting,7
1391,CUST2391,Melanie Glenn,Bangalore,Retail,Kiran Das,Event,07-10-2025,91489.1,Won,Phone,10
1392,CUST2392,Tanya Smith,Mumbai,Finance,Anjali Rao,Advertisement,18-06-2026,23261.28,Lost,Meeting,1
1393,CUST2393,Bradley Carr,Pune,IT,Anjali Rao,Referral,26-03-2026,33408.72,Open,Phone,6
1394,CUST2394,Matthew Keller,Mumbai,Healthcare,Anjali Rao,Referral,21-04-2026,73315.26,Won,Meeting,6
1395,CUST2395,Timothy Wagner,Chennai,Finance,Priya Sharma,Advertisement,19-05-2026,80496.1,Lost,Phone,6
1396,CUST2396,Cassandra Goodman,Pune,Finance,Priya Sharma,LinkedIn,08-12-2025,87431.28,Lost,Phone,5
1397,CUST2397,Michele Robles,Chennai,Manufacturing,Anjali Rao,Event,28-09-2025,40018.62,Lost,Meeting,3
1398,CUST2398,Ashley Blair,Mumbai,IT,Priya Sharma,LinkedIn,04-10-2025,95163.02,Won,Email,8
1399,CUST2399,Kelly Kelly,Chennai,Healthcare,Rahul Verma,Advertisement,27-11-2025,98108.79,Lost,Meeting,10
1400,CUST2400,Joel Miller,Bangalore,IT,Anjali Rao,Referral,23-05-2026,48186.01,Open,Email,2
1401,CUST2401,Tara Stephens,Bangalore,Retail,Anjali Rao,Website,12-12-2025,86046.72,Open,Email,5
1402,CUST2402,Scott Scott,Chennai,IT,Kiran Das,Website,03-02-2026,55649.67,Won,Meeting,10
1403,CUST2403,Allison Williamson,Pune,IT,Anjali Rao,Website,13-12-2025,82756.05,Lost,Phone,4
1404,CUST2404,Denise Jackson,Bangalore,Healthcare,Priya Sharma,Event,13-02-2026,96030.8,Open,Phone,10
1405,CUST2405,John Espinoza,Bangalore,Manufacturing,Anjali Rao,Event,11-02-2026,66826.82,Lost,Email,8
1406,CUST2406,Tommy Lewis,Pune,Finance,Priya Sharma,Event,16-06-2026,14839.51,Won,Email,7
1407,CUST2407,Ann Gonzalez,Pune,Manufacturing,Kiran Das,Advertisement,23-07-2025,48248.55,Lost,Meeting,4
1408,CUST2408,Thomas Klein,Bangalore,IT,Priya Sharma,Website,22-03-2026,74067.25,Open,Phone,5
1409,CUST2409,Brittany Welch,Mumbai,Manufacturing,Rahul Verma,Referral,18-11-2025,86637.8,Won,Email,9
1410,CUST2410,Darrell Stewart,Mumbai,Healthcare,Anjali Rao,Advertisement,29-07-2025,88416.55,Won,Email,8
1411,CUST2411,William Massey,Pune,Finance,Anjali Rao,Referral,28-02-2026,39172.2,Open,Email,4
1412,CUST2412,Brenda Nolan,Bangalore,Finance,Priya Sharma,Event,03-06-2026,9892.57,Open,Email,2
1413,CUST2413,Keith Smith,Delhi,Manufacturing,Anjali Rao,Event,01-07-2025,41573.4,Won,Phone,8
1414,CUST2414,Jordan Mays,Bangalore,IT,Priya Sharma,Advertisement,24-03-2026,24607.67,Won,Meeting,6
1415,CUST2415,Angela Hayes,Delhi,Manufacturing,Priya Sharma,Referral,27-12-2025,15042.29,Open,Phone,8
1416,CUST2416,Monica Serrano,Delhi,Healthcare,Rahul Verma,Website,30-07-2025,99455.55,Lost,Meeting,8
1417,CUST2417,Monique Hampton,Mumbai,Finance,Priya Sharma,Referral,30-11-2025,76035.18,Lost,Phone,2
1418,CUST2418,Brian Macdonald,Hyderabad,Healthcare,Kiran Das,Website,05-07-2025,74105.74,Lost,Meeting,1
1419,CUST2419,Lauren Shields,Bangalore,Manufacturing,Priya Sharma,Website,12-06-2026,12395.53,Lost,Phone,5
1420,CUST2420,Andrew Moore,Delhi,Healthcare,Rahul Verma,Website,06-11-2025,18791.86,Open,Email,8
1421,CUST2421,Louis Black,Mumbai,Manufacturing,Priya Sharma,Referral,08-03-2026,84103.69,Lost,Email,8
1422,CUST2422,John Johnson,Mumbai,IT,Kiran Das,Website,24-12-2025,34161.07,Open,Email,5
1423,CUST2423,Jessica Harrison,Delhi,Retail,Rahul Verma,Event,01-02-2026,43291.14,Open,Email,7
1424,CUST2424,Angela Lynn,Hyderabad,Healthcare,Kiran Das,Referral,16-04-2026,16696.45,Won,Email,1
1425,CUST2425,Joseph Lee,Delhi,Finance,Anjali Rao,Website,03-03-2026,56974.81,Lost,Meeting,10
1426,CUST2426,Katrina Mathis,Chennai,Retail,Kiran Das,Website,08-09-2025,8261.02,Won,Email,2
1427,CUST2427,Steven Green,Bangalore,Healthcare,Rahul Verma,Referral,12-02-2026,53620.25,Won,Meeting,10
1428,CUST2428,Stephanie Cobb,Hyderabad,Finance,Priya Sharma,Advertisement,01-05-2026,50078.31,Open,Meeting,3
1429,CUST2429,Joseph Powers,Pune,Manufacturing,Anjali Rao,Referral,30-03-2026,89792.7,Lost,Phone,7
1430,CUST2430,Albert Juarez,Mumbai,Healthcare,Rahul Verma,Referral,24-06-2026,51574.87,Open,Email,10
1431,CUST2431,Gary Barrett,Pune,Retail,Priya Sharma,Event,05-04-2026,41458.69,Lost,Email,7
1432,CUST2432,Carrie Griffith,Delhi,Retail,Kiran Das,Website,10-03-2026,64879.54,Open,Phone,8
1433,CUST2433,Michelle Harris,Hyderabad,Retail,Anjali Rao,Advertisement,21-05-2026,36817.7,Open,Email,3
1434,CUST2434,Jessica Johnson,Bangalore,Healthcare,Priya Sharma,Event,08-06-2026,90669.65,Won,Phone,3
1435,CUST2435,Adam Bates,Pune,Finance,Kiran Das,Website,08-07-2025,65853.45,Open,Meeting,4
1436,CUST2436,Melissa Medina,Chennai,Healthcare,Rahul Verma,Website,06-06-2026,27683.19,Lost,Meeting,4
1437,CUST2437,Samantha Holt,Mumbai,Retail,Priya Sharma,Advertisement,04-05-2026,52107.64,Lost,Meeting,3
1438,CUST2438,Charles Berg,Chennai,IT,Rahul Verma,Website,05-11-2025,43958.69,Lost,Meeting,2
1439,CUST2439,Angela Salazar,Bangalore,Healthcare,Priya Sharma,Advertisement,13-01-2026,98760.5,Won,Meeting,5
1440,CUST2440,Tammy Strickland,Hyderabad,IT,Kiran Das,LinkedIn,13-02-2026,90506.94,Lost,Meeting,8
1441,CUST2441,Clinton Jones,Hyderabad,Finance,Kiran Das,Website,22-08-2025,80997.96,Lost,Meeting,5
1442,CUST2442,Lawrence Robinson,Mumbai,IT,Anjali Rao,Referral,09-12-2025,68534.31,Lost,Phone,5
1443,CUST2443,Rodney Davis,Chennai,IT,Kiran Das,Website,26-10-2025,63283.01,Lost,Phone,6
1444,CUST2444,Christina Smith,Hyderabad,Finance,Anjali Rao,Event,14-04-2026,37579.15,Lost,Phone,1
1445,CUST2445,Jennifer Barnes,Hyderabad,Finance,Priya Sharma,Advertisement,20-01-2026,9668.45,Won,Phone,6
1446,CUST2446,Peter Smith,Bangalore,Healthcare,Anjali Rao,LinkedIn,16-06-2026,12003.87,Won,Meeting,8
1447,CUST2447,Mary Gonzalez,Chennai,IT,Kiran Das,LinkedIn,20-06-2026,81861.06,Lost,Phone,1
1448,CUST2448,Justin Mendoza,Pune,Healthcare,Kiran Das,Referral,15-05-2026,57785.14,Lost,Phone,8
1449,CUST2449,Michael Davis,Hyderabad,IT,Kiran Das,LinkedIn,15-10-2025,81659.11,Won,Meeting,5
1450,CUST2450,Robert Woodward,Chennai,Retail,Priya Sharma,Referral,03-07-2025,72057.08,Open,Meeting,7
1451,CUST2451,Jason Decker,Hyderabad,Healthcare,Kiran Das,Event,30-06-2025,58117.84,Open,Email,6
1452,CUST2452,Angela White,Mumbai,IT,Rahul Verma,Website,18-01-2026,21377.55,Won,Email,1
1453,CUST2453,Russell Gaines,Delhi,IT,Anjali Rao,Advertisement,04-03-2026,15049.22,Open,Meeting,2
1454,CUST2454,Shelly Williams,Pune,Healthcare,Kiran Das,Advertisement,08-11-2025,52563.44,Lost,Email,5
1455,CUST2455,Aaron Smith,Mumbai,Healthcare,Kiran Das,Referral,24-04-2026,39312.88,Open,Phone,1
1456,CUST2456,Kaitlyn Allen,Mumbai,IT,Rahul Verma,Website,06-07-2025,97683.31,Won,Email,10
1457,CUST2457,Tiffany Rush,Pune,Finance,Rahul Verma,Website,28-04-2026,44512.46,Lost,Phone,1
1458,CUST2458,Matthew Vaughn,Pune,IT,Priya Sharma,Advertisement,07-10-2025,26006.51,Won,Phone,10
1459,CUST2459,Elizabeth Jordan,Chennai,Finance,Kiran Das,Advertisement,16-11-2025,22998.27,Lost,Meeting,1
1460,CUST2460,John Martinez,Pune,IT,Priya Sharma,Advertisement,18-03-2026,91345.3,Lost,Email,8
1461,CUST2461,Mark Ortiz,Hyderabad,IT,Rahul Verma,Event,03-07-2025,93932.67,Lost,Meeting,7
1462,CUST2462,Jamie Bishop,Delhi,IT,Priya Sharma,Website,10-03-2026,68789.33,Open,Phone,10
1463,CUST2463,Jaclyn Sandoval,Delhi,Manufacturing,Priya Sharma,Event,03-05-2026,69565.78,Lost,Email,9
1464,CUST2464,Norma Oconnell,Hyderabad,Manufacturing,Priya Sharma,Advertisement,06-04-2026,99399.84,Open,Phone,2
1465,CUST2465,Grace Young,Bangalore,Manufacturing,Kiran Das,Website,14-01-2026,59926.84,Open,Phone,3
1466,CUST2466,Karen Lopez,Chennai,Healthcare,Anjali Rao,Event,30-07-2025,81508.76,Open,Phone,10
1467,CUST2467,Barbara Jones,Chennai,Manufacturing,Kiran Das,Referral,08-07-2025,48739.45,Won,Email,8
1468,CUST2468,Lucas Yang,Bangalore,Healthcare,Anjali Rao,Advertisement,16-01-2026,46654.42,Lost,Phone,5
1469,CUST2469,Nicole Hawkins,Mumbai,IT,Kiran Das,Advertisement,19-11-2025,21095.01,Won,Meeting,10
1470,CUST2470,Deborah Clark,Delhi,Finance,Rahul Verma,Event,04-03-2026,51790.9,Won,Meeting,10
1471,CUST2471,Marc Jones,Bangalore,IT,Priya Sharma,Advertisement,30-04-2026,16700.88,Lost,Meeting,9
1472,CUST2472,Kathleen Williams,Bangalore,Healthcare,Rahul Verma,Website,17-07-2025,29057.61,Lost,Email,10
1473,CUST2473,Anthony Williams,Delhi,Finance,Priya Sharma,Advertisement,18-03-2026,86319.18,Open,Email,7
1474,CUST2474,Shannon Ramos,Bangalore,Healthcare,Anjali Rao,Event,20-05-2026,82212.82,Won,Email,5
1475,CUST2475,Frederick Willis,Chennai,Retail,Rahul Verma,Referral,11-03-2026,35908.1,Open,Email,1
1476,CUST2476,Kenneth Holmes,Hyderabad,IT,Priya Sharma,Referral,20-07-2025,58105.54,Won,Phone,4
1477,CUST2477,Ryan Lin,Mumbai,Manufacturing,Anjali Rao,Referral,03-04-2026,15717.04,Open,Email,3
1478,CUST2478,Cheryl Sandoval,Mumbai,Healthcare,Kiran Das,Advertisement,25-01-2026,88423.63,Won,Email,5
1479,CUST2479,Steven Sweeney,Delhi,Finance,Priya Sharma,Event,04-07-2025,84767.89,Lost,Email,2
1480,CUST2480,William Robbins,Pune,Finance,Priya Sharma,Advertisement,06-02-2026,72595.72,Lost,Phone,9
1481,CUST2481,Rebecca Vargas,Chennai,Manufacturing,Kiran Das,Advertisement,14-12-2025,60981.79,Won,Meeting,7
1482,CUST2482,Ashley Guerrero,Chennai,Finance,Rahul Verma,LinkedIn,14-10-2025,97430.69,Lost,Meeting,4
1483,CUST2483,Elizabeth Drake,Pune,Healthcare,Anjali Rao,Event,11-03-2026,31260.1,Won,Email,5
1484,CUST2484,Bruce Howard,Hyderabad,Retail,Rahul Verma,Referral,30-10-2025,35982.22,Lost,Phone,9
1485,CUST2485,Kristen Dunn,Mumbai,Retail,Anjali Rao,LinkedIn,09-04-2026,50087,Open,Email,2
1486,CUST2486,Thomas Lambert,Pune,Healthcare,Anjali Rao,Advertisement,03-02-2026,66977.3,Lost,Email,2
1487,CUST2487,Julie Townsend,Pune,Healthcare,Rahul Verma,Website,06-06-2026,89910.27,Lost,Meeting,2
1488,CUST2488,Frederick Perez,Hyderabad,IT,Kiran Das,Website,15-10-2025,35490.42,Won,Meeting,5
1489,CUST2489,Mr. Michael Jefferson MD,Pune,Retail,Priya Sharma,Advertisement,15-10-2025,36985.27,Lost,Email,10
1490,CUST2490,Janice Cooper,Delhi,Retail,Rahul Verma,LinkedIn,26-12-2025,29624.02,Won,Meeting,8
1491,CUST2491,Timothy Gonzalez,Chennai,Finance,Kiran Das,LinkedIn,04-01-2026,43712.44,Lost,Email,5
1492,CUST2492,Shari Roach,Mumbai,Healthcare,Kiran Das,Referral,18-02-2026,70539.49,Open,Phone,7
1493,CUST2493,Kevin Hutchinson,Hyderabad,IT,Rahul Verma,Referral,09-07-2025,99911.97,Open,Meeting,4
1494,CUST2494,Edward Taylor,Delhi,Retail,Rahul Verma,LinkedIn,11-10-2025,10201.27,Open,Phone,7
1495,CUST2495,Donna Ramirez,Pune,IT,Rahul Verma,Website,22-08-2025,82510.77,Won,Phone,10
1496,CUST2496,Douglas Hernandez,Pune,Retail,Kiran Das,Referral,28-03-2026,44818.39,Open,Phone,9
1497,CUST2497,Scott Graves,Hyderabad,Manufacturing,Priya Sharma,Event,09-03-2026,64382.91,Lost,Meeting,5
1498,CUST2498,Joshua Turner,Hyderabad,Retail,Anjali Rao,Event,07-06-2026,44630.02,Lost,Phone,7
1499,CUST2499,Sara Anderson,Mumbai,Retail,Kiran Das,Event,07-04-2026,81186.04,Won,Email,5
1500,CUST2500,Michael Gomez,Bangalore,Finance,Rahul Verma,Website,06-10-2025,29041.26,Won,Meeting,4
1501,CUST2501,Sherri Mcdowell,Delhi,Healthcare,Anjali Rao,LinkedIn,29-08-2025,9526.27,Lost,Email,7
1502,CUST2502,Rebecca Nguyen,Pune,Finance,Priya Sharma,Event,18-07-2025,69905.72,Open,Phone,8
1503,CUST2503,Barry Reid,Hyderabad,Healthcare,Priya Sharma,Advertisement,28-01-2026,43196.52,Lost,Meeting,2
1504,CUST2504,Larry Gill,Hyderabad,IT,Priya Sharma,Referral,15-05-2026,39083.44,Won,Email,5
1505,CUST2505,April Brown,Bangalore,Manufacturing,Priya Sharma,Advertisement,05-01-2026,52355.74,Open,Phone,3
1506,CUST2506,Jamie Ellis,Hyderabad,Manufacturing,Rahul Verma,Advertisement,12-06-2026,26898.16,Open,Phone,3
1507,CUST2507,Reginald Collier,Mumbai,IT,Priya Sharma,Advertisement,30-07-2025,85548.02,Open,Meeting,3
1508,CUST2508,Andrew Holder,Mumbai,Healthcare,Anjali Rao,Website,31-12-2025,51779.7,Lost,Phone,4
1509,CUST2509,Robin Jones,Hyderabad,Healthcare,Priya Sharma,Advertisement,18-09-2025,27630.69,Won,Meeting,10
1510,CUST2510,Brandy Fuller,Bangalore,IT,Anjali Rao,Website,25-10-2025,46514.02,Lost,Email,5
1511,CUST2511,Amy Garner,Pune,Manufacturing,Anjali Rao,Referral,09-07-2025,49880.13,Open,Phone,7
1512,CUST2512,Dr. Lindsay Davis,Chennai,Retail,Kiran Das,Referral,22-02-2026,16056.3,Open,Email,1
1513,CUST2513,Emily Deleon,Chennai,Manufacturing,Priya Sharma,LinkedIn,02-05-2026,29485.26,Won,Email,8
1514,CUST2514,Alicia Ellis,Chennai,Healthcare,Rahul Verma,LinkedIn,13-04-2026,80363.86,Lost,Phone,7
1515,CUST2515,Nicole Bray,Delhi,Manufacturing,Kiran Das,LinkedIn,17-02-2026,49832.8,Open,Phone,8
1516,CUST2516,Dustin Smith,Chennai,Finance,Rahul Verma,Advertisement,10-02-2026,21764.49,Won,Phone,10
1517,CUST2517,Christian Fox,Delhi,IT,Priya Sharma,Website,14-05-2026,80320.28,Lost,Meeting,1
1518,CUST2518,Joseph Cruz,Pune,IT,Priya Sharma,Advertisement,15-08-2025,39027.98,Won,Phone,4
1519,CUST2519,Jessica Clayton,Pune,Healthcare,Kiran Das,Website,09-06-2026,66748.68,Won,Phone,2
1520,CUST2520,Marcus Kirby,Chennai,Finance,Rahul Verma,Referral,31-03-2026,45197.08,Lost,Phone,8
1521,CUST2521,Cory Walters,Delhi,IT,Anjali Rao,LinkedIn,12-02-2026,11639.82,Open,Email,6
1522,CUST2522,Sydney Alexander,Bangalore,Retail,Rahul Verma,LinkedIn,24-11-2025,90829.75,Won,Phone,6
1523,CUST2523,Nancy Thomas,Hyderabad,Manufacturing,Rahul Verma,Website,30-10-2025,60763.42,Open,Meeting,4
1524,CUST2524,Gary Levine,Hyderabad,Finance,Anjali Rao,Event,31-12-2025,27579.34,Open,Phone,5
1525,CUST2525,Virginia Ward,Mumbai,IT,Kiran Das,Event,08-12-2025,86798.94,Won,Meeting,2
1526,CUST2526,Robert Davis,Chennai,Healthcare,Rahul Verma,Referral,01-01-2026,70845.42,Lost,Meeting,4
1527,CUST2527,Mr. Collin Watkins DVM,Hyderabad,IT,Kiran Das,Referral,15-09-2025,70731.04,Lost,Email,4
1528,CUST2528,Emily Daniels,Mumbai,Finance,Kiran Das,Event,05-06-2026,74734.09,Open,Phone,2
1529,CUST2529,Ronald Chan,Mumbai,Finance,Rahul Verma,Advertisement,29-04-2026,62136.85,Won,Email,3
1530,CUST2530,Alan Taylor,Bangalore,Finance,Kiran Das,LinkedIn,03-08-2025,93726.85,Lost,Phone,6
1531,CUST2531,Mark Zimmerman,Bangalore,IT,Rahul Verma,Referral,14-06-2026,58591.41,Lost,Meeting,1
1532,CUST2532,Sean Henry,Chennai,IT,Anjali Rao,Event,10-10-2025,16864.01,Lost,Meeting,8
1533,CUST2533,Mark Carson,Bangalore,Finance,Anjali Rao,Event,19-01-2026,29477.73,Lost,Email,4
1534,CUST2534,Robert Anthony MD,Chennai,IT,Kiran Das,Website,15-09-2025,14044.17,Won,Phone,5
1535,CUST2535,Eduardo Espinoza,Hyderabad,Finance,Kiran Das,Event,18-07-2025,41014.67,Won,Email,1
1536,CUST2536,Amber White,Mumbai,Finance,Rahul Verma,LinkedIn,13-05-2026,86077.98,Won,Meeting,6
1537,CUST2537,Yolanda Brown,Chennai,Manufacturing,Rahul Verma,Event,09-02-2026,54245.22,Won,Email,8
1538,CUST2538,Monique Wiggins,Chennai,IT,Priya Sharma,LinkedIn,28-08-2025,77122.72,Lost,Meeting,4
1539,CUST2539,Nicole Castro,Pune,Healthcare,Anjali Rao,Website,24-07-2025,42171.55,Won,Phone,10
1540,CUST2540,David Parker,Mumbai,Retail,Rahul Verma,Referral,21-06-2026,79760.88,Open,Email,10
1541,CUST2541,Ryan Townsend,Bangalore,Healthcare,Kiran Das,Website,14-06-2026,56956.72,Lost,Meeting,8
1542,CUST2542,Jessica Alexander,Pune,Finance,Rahul Verma,Advertisement,22-03-2026,67437.86,Open,Email,7
1543,CUST2543,Warren Green III,Bangalore,Manufacturing,Rahul Verma,Event,04-02-2026,17050.99,Won,Email,1
1544,CUST2544,Kelsey Anderson,Hyderabad,Manufacturing,Rahul Verma,Referral,26-07-2025,8716.5,Lost,Meeting,1
1545,CUST2545,Theodore Lee,Mumbai,Finance,Priya Sharma,Advertisement,31-01-2026,97451.77,Won,Phone,4
1546,CUST2546,Jason Good,Delhi,Finance,Anjali Rao,LinkedIn,06-05-2026,70555.78,Open,Meeting,3
1547,CUST2547,Joshua Gould,Bangalore,IT,Priya Sharma,Advertisement,19-07-2025,67097.92,Open,Email,7
1548,CUST2548,Andrea Smith,Bangalore,Manufacturing,Rahul Verma,LinkedIn,02-01-2026,65622.34,Lost,Email,7
1549,CUST2549,Jennifer Johnson,Mumbai,Retail,Priya Sharma,Advertisement,14-02-2026,91041.81,Won,Phone,10
1550,CUST2550,Heather Sanchez,Chennai,IT,Kiran Das,Advertisement,23-04-2026,6622.92,Won,Phone,7
1551,CUST2551,Vanessa Burns,Chennai,Healthcare,Priya Sharma,LinkedIn,17-01-2026,22827.64,Won,Email,7
1552,CUST2552,Nathan Jones,Mumbai,Finance,Rahul Verma,Advertisement,31-07-2025,98724.2,Lost,Phone,4
1553,CUST2553,Luis Sampson,Bangalore,Retail,Anjali Rao,Advertisement,16-10-2025,51737.39,Lost,Phone,10
1554,CUST2554,Lisa Reed,Pune,Manufacturing,Priya Sharma,Website,10-10-2025,87655.74,Open,Phone,4
1555,CUST2555,Lindsey Rodriguez,Delhi,Healthcare,Priya Sharma,Event,20-10-2025,44731.19,Open,Phone,2
1556,CUST2556,Mary Lyons,Delhi,Retail,Anjali Rao,Referral,02-06-2026,51830.2,Won,Email,10
1557,CUST2557,Carol Smith,Delhi,Finance,Priya Sharma,LinkedIn,25-01-2026,63108.41,Open,Email,3
1558,CUST2558,Katherine Wilkinson,Delhi,Healthcare,Anjali Rao,Advertisement,28-03-2026,33361.25,Open,Meeting,1
1559,CUST2559,Jacob Turner,Delhi,Retail,Anjali Rao,Event,10-11-2025,50080.22,Open,Phone,3
1560,CUST2560,Renee Burke,Bangalore,Finance,Rahul Verma,Event,11-11-2025,55999.06,Open,Phone,5
1561,CUST2561,Anthony Meyer,Hyderabad,IT,Rahul Verma,LinkedIn,09-10-2025,23193.17,Open,Meeting,1
1562,CUST2562,Denise Nichols,Mumbai,IT,Kiran Das,Website,13-04-2026,99540.24,Lost,Phone,2
1563,CUST2563,Casey Campbell,Pune,IT,Anjali Rao,Advertisement,28-04-2026,58269.81,Open,Meeting,9
1564,CUST2564,Ian Johnson,Mumbai,Retail,Priya Sharma,LinkedIn,29-07-2025,78083.64,Lost,Email,4
1565,CUST2565,Justin Ramirez,Chennai,Retail,Anjali Rao,Advertisement,20-12-2025,55930.92,Won,Meeting,3
1566,CUST2566,Edward Hernandez,Chennai,IT,Priya Sharma,Advertisement,20-05-2026,64062.08,Won,Meeting,3
1567,CUST2567,Susan Wood,Pune,Healthcare,Rahul Verma,LinkedIn,13-10-2025,88700.61,Open,Phone,10
1568,CUST2568,Donald Williams,Mumbai,Healthcare,Priya Sharma,Advertisement,23-11-2025,59742.07,Lost,Meeting,5
1569,CUST2569,Maria Mack,Hyderabad,Healthcare,Priya Sharma,Advertisement,18-01-2026,32285.47,Lost,Email,2
1570,CUST2570,Anthony Rivera,Pune,Finance,Rahul Verma,Referral,06-05-2026,42460.9,Lost,Email,10
1571,CUST2571,Mary Chavez,Mumbai,Healthcare,Rahul Verma,Event,10-09-2025,46917.65,Open,Meeting,3
1572,CUST2572,Barbara Jones,Hyderabad,Healthcare,Anjali Rao,LinkedIn,26-03-2026,44444.06,Open,Phone,9
1573,CUST2573,Taylor Clark,Delhi,Retail,Kiran Das,LinkedIn,27-09-2025,49955.99,Won,Phone,2
1574,CUST2574,Stacy Valenzuela,Pune,Manufacturing,Rahul Verma,Advertisement,07-07-2025,33039.62,Open,Phone,4
1575,CUST2575,Molly Bell,Pune,Retail,Rahul Verma,Referral,17-07-2025,50091.88,Won,Meeting,4
1576,CUST2576,Tyler Page,Pune,Healthcare,Anjali Rao,Event,16-11-2025,73219.68,Won,Phone,8
1577,CUST2577,Ryan Church,Pune,Finance,Priya Sharma,Website,25-09-2025,36198.28,Won,Email,3
1578,CUST2578,Cassandra Holden,Chennai,Healthcare,Anjali Rao,Event,19-01-2026,73806.84,Lost,Email,2
1579,CUST2579,Bonnie Rasmussen,Hyderabad,Manufacturing,Kiran Das,Referral,19-01-2026,70883.61,Open,Phone,8
1580,CUST2580,Brandon Durham,Hyderabad,Finance,Rahul Verma,Referral,23-06-2026,14462.73,Won,Email,2
1581,CUST2581,Samuel Phelps,Pune,Retail,Rahul Verma,Website,14-01-2026,19424.86,Lost,Phone,7
1582,CUST2582,Douglas Stevens,Chennai,IT,Priya Sharma,Referral,13-04-2026,97042.07,Lost,Phone,2
1583,CUST2583,John Richardson,Chennai,Manufacturing,Anjali Rao,Advertisement,27-04-2026,32959.7,Won,Phone,10
1584,CUST2584,Eric Costa,Delhi,Manufacturing,Rahul Verma,Website,12-10-2025,83990.64,Won,Phone,8
1585,CUST2585,Jonathan Beard,Bangalore,Retail,Priya Sharma,LinkedIn,20-02-2026,25923.67,Won,Email,2
1586,CUST2586,Roy Martin,Hyderabad,Finance,Priya Sharma,Website,07-01-2026,54619.36,Won,Email,8
1587,CUST2587,Brandi Hayes,Pune,Retail,Kiran Das,Website,26-04-2026,61616.27,Open,Meeting,1
1588,CUST2588,Diana Saunders,Bangalore,Retail,Anjali Rao,Event,30-07-2025,88320.29,Won,Phone,7
1589,CUST2589,Angela Jackson,Chennai,IT,Anjali Rao,Advertisement,02-11-2025,62775.66,Open,Phone,6
1590,CUST2590,Harold West,Chennai,Healthcare,Anjali Rao,Referral,04-07-2025,45331.81,Lost,Email,9
1591,CUST2591,Courtney Duncan,Delhi,Healthcare,Anjali Rao,Event,11-11-2025,67734.72,Lost,Meeting,4
1592,CUST2592,Heather Ramirez,Hyderabad,Retail,Priya Sharma,Website,27-06-2025,29222.78,Won,Phone,9
1593,CUST2593,Kimberly Cline,Hyderabad,Manufacturing,Priya Sharma,LinkedIn,26-05-2026,53825.27,Lost,Phone,3
1594,CUST2594,Duane Johnson,Bangalore,IT,Anjali Rao,Website,22-05-2026,57486.13,Lost,Phone,7
1595,CUST2595,Crystal Johnson,Bangalore,Finance,Kiran Das,Referral,21-08-2025,60642.47,Lost,Email,8
1596,CUST2596,Ashley Rhodes,Hyderabad,Manufacturing,Kiran Das,Website,12-01-2026,87454.2,Won,Phone,6
1597,CUST2597,Debra Evans,Mumbai,Manufacturing,Priya Sharma,Event,17-05-2026,77150.19,Lost,Meeting,2
1598,CUST2598,Jacob Smith,Delhi,Finance,Priya Sharma,Website,03-07-2025,51896.71,Won,Email,7
1599,CUST2599,Aaron Wallace,Bangalore,IT,Rahul Verma,Referral,23-05-2026,99271.34,Won,Meeting,6
1600,CUST2600,Amy Rivera,Delhi,Finance,Anjali Rao,Advertisement,02-01-2026,12527.92,Open,Meeting,8
1601,CUST2601,Karen Johnson,Mumbai,Retail,Priya Sharma,Referral,12-09-2025,92978.53,Lost,Phone,4
1602,CUST2602,Kevin Williams,Bangalore,Healthcare,Priya Sharma,Advertisement,17-01-2026,12788.71,Open,Email,2
1603,CUST2603,Joseph Shields,Pune,Healthcare,Rahul Verma,Referral,24-08-2025,81164.3,Lost,Email,8
1604,CUST2604,Angela Martinez,Bangalore,Healthcare,Kiran Das,Referral,18-08-2025,36872.9,Lost,Email,1
1605,CUST2605,Sandra Carpenter,Pune,Healthcare,Rahul Verma,Advertisement,29-12-2025,25861.13,Open,Meeting,4
1606,CUST2606,Elizabeth Alvarez,Pune,Healthcare,Anjali Rao,Website,21-12-2025,40465.8,Lost,Email,10
1607,CUST2607,Heather Mendoza,Pune,IT,Kiran Das,LinkedIn,21-08-2025,8223.09,Open,Email,6
1608,CUST2608,Lindsey Nash DVM,Delhi,IT,Rahul Verma,Advertisement,25-02-2026,6517.42,Won,Meeting,8
1609,CUST2609,Kevin Baker,Chennai,IT,Anjali Rao,Referral,03-01-2026,40556.73,Open,Phone,3
1610,CUST2610,Jennifer Evans,Pune,Finance,Rahul Verma,LinkedIn,26-03-2026,38484.62,Won,Phone,7
1611,CUST2611,Lindsay Carter,Hyderabad,IT,Priya Sharma,Referral,23-02-2026,29940.97,Open,Phone,10
1612,CUST2612,Emma Garcia,Chennai,Healthcare,Priya Sharma,LinkedIn,25-07-2025,40085.61,Open,Meeting,10
1613,CUST2613,Allison Mendoza,Bangalore,IT,Priya Sharma,LinkedIn,25-12-2025,69426.09,Open,Phone,10
1614,CUST2614,Veronica Gentry,Pune,Retail,Priya Sharma,Advertisement,30-03-2026,43247.88,Won,Meeting,10
1615,CUST2615,Krystal Parker,Bangalore,Retail,Priya Sharma,Event,04-04-2026,38821.7,Open,Meeting,1
1616,CUST2616,Leslie Brown,Chennai,Healthcare,Anjali Rao,Referral,27-04-2026,64017.91,Won,Phone,5
1617,CUST2617,Michael Little,Delhi,Finance,Priya Sharma,Referral,13-05-2026,62289.45,Lost,Email,8
1618,CUST2618,Ryan Cherry,Bangalore,Finance,Anjali Rao,Event,09-12-2025,11544,Lost,Phone,2
1619,CUST2619,Desiree Higgins,Mumbai,Finance,Rahul Verma,Event,23-04-2026,49788.47,Won,Email,10
1620,CUST2620,Debra Archer,Mumbai,IT,Kiran Das,Event,02-01-2026,63027.68,Lost,Phone,1
1621,CUST2621,Becky Sellers,Delhi,Healthcare,Rahul Verma,Event,28-05-2026,15385.87,Open,Meeting,2
1622,CUST2622,Lisa Chapman,Mumbai,IT,Kiran Das,Advertisement,23-11-2025,52310.91,Lost,Phone,10
1623,CUST2623,Dwayne Thomas,Delhi,Finance,Kiran Das,Website,05-09-2025,95608.41,Won,Email,3
1624,CUST2624,Jessica Jones,Chennai,IT,Kiran Das,Website,23-12-2025,9597.65,Won,Phone,3
1625,CUST2625,Kevin Harrison,Pune,IT,Anjali Rao,Website,20-09-2025,60053.03,Open,Phone,1
1626,CUST2626,Julie Henry,Pune,Manufacturing,Kiran Das,Website,26-06-2025,33262.59,Won,Email,7
1627,CUST2627,James Pierce,Delhi,Manufacturing,Anjali Rao,Event,05-01-2026,56123.81,Lost,Meeting,5
1628,CUST2628,Felicia Maynard,Chennai,Healthcare,Rahul Verma,Website,16-05-2026,13750.5,Won,Meeting,7
1629,CUST2629,Victoria Wilson,Hyderabad,Retail,Anjali Rao,Advertisement,21-11-2025,77263.53,Lost,Email,5
1630,CUST2630,Elizabeth Massey,Bangalore,IT,Kiran Das,Website,10-02-2026,44382.58,Lost,Email,2
1631,CUST2631,Mary Valencia,Delhi,Manufacturing,Rahul Verma,Referral,15-03-2026,72668.85,Open,Phone,1
1632,CUST2632,Larry Morrow,Pune,Healthcare,Kiran Das,Website,01-05-2026,97959.16,Open,Phone,10
1633,CUST2633,Kenneth Ortiz,Chennai,Finance,Rahul Verma,Website,05-06-2026,85171.85,Won,Email,4
1634,CUST2634,Matthew Curtis,Delhi,Manufacturing,Priya Sharma,Advertisement,16-10-2025,40275.17,Open,Phone,10
1635,CUST2635,Elizabeth Hall,Chennai,Retail,Rahul Verma,Website,19-02-2026,7489.12,Lost,Meeting,6
1636,CUST2636,Hayden Davis,Bangalore,IT,Kiran Das,Website,03-05-2026,88321.46,Won,Phone,1
1637,CUST2637,James Rodriguez,Chennai,Manufacturing,Kiran Das,Event,09-11-2025,7956.23,Open,Email,4
1638,CUST2638,Lynn Ayers,Mumbai,Retail,Rahul Verma,LinkedIn,10-12-2025,38060.2,Won,Email,2
1639,CUST2639,Joseph Suarez,Bangalore,Healthcare,Kiran Das,Referral,05-12-2025,35548.97,Lost,Phone,6
1640,CUST2640,Joseph Williams,Hyderabad,IT,Anjali Rao,LinkedIn,15-09-2025,70683.51,Won,Email,5
1641,CUST2641,Melissa Howard,Hyderabad,Retail,Rahul Verma,Advertisement,10-09-2025,66664.26,Won,Email,1
1642,CUST2642,Joseph Fischer,Bangalore,Healthcare,Priya Sharma,Event,25-04-2026,74400.21,Open,Meeting,8
1643,CUST2643,Andrea Bush,Mumbai,Retail,Rahul Verma,Event,28-07-2025,80407.78,Lost,Meeting,2
1644,CUST2644,Michelle Shaw,Chennai,Healthcare,Rahul Verma,Referral,17-07-2025,72551.69,Won,Email,1
1645,CUST2645,Emma Hubbard,Pune,Retail,Anjali Rao,Advertisement,09-02-2026,92492.21,Won,Meeting,1
1646,CUST2646,Adam Matthews,Mumbai,Manufacturing,Rahul Verma,Referral,27-07-2025,7258.16,Open,Email,7
1647,CUST2647,Caitlin Nichols,Delhi,Healthcare,Priya Sharma,Website,09-10-2025,94114.68,Open,Meeting,8
1648,CUST2648,Terry Smith,Hyderabad,Healthcare,Kiran Das,Referral,25-05-2026,14768.18,Open,Meeting,6
1649,CUST2649,Dr. Jacob Hernandez,Delhi,IT,Anjali Rao,Event,29-10-2025,75625.8,Lost,Email,8
1650,CUST2650,Joshua Smith,Hyderabad,Retail,Kiran Das,Event,02-08-2025,73523.85,Lost,Meeting,3
1651,CUST2651,Lisa Garza,Pune,Manufacturing,Priya Sharma,Website,23-05-2026,47012.05,Lost,Phone,10
1652,CUST2652,Stephen Wright,Pune,Finance,Kiran Das,Website,08-08-2025,79899.25,Open,Phone,4
1653,CUST2653,Mary Smith MD,Bangalore,Finance,Anjali Rao,Referral,03-12-2025,69169.64,Won,Meeting,3
1654,CUST2654,Jason Evans,Pune,Finance,Rahul Verma,Website,11-09-2025,37567.2,Open,Meeting,2
1655,CUST2655,Christine Acosta,Chennai,Manufacturing,Anjali Rao,Referral,04-10-2025,96772.96,Won,Email,8
1656,CUST2656,Laura Martinez,Bangalore,Retail,Kiran Das,Website,26-05-2026,38414.38,Open,Email,3
1657,CUST2657,Jon Black,Mumbai,IT,Rahul Verma,Referral,19-10-2025,70484.53,Won,Email,10
1658,CUST2658,Micheal Hughes,Pune,Finance,Rahul Verma,Referral,02-05-2026,63027.31,Open,Phone,8
1659,CUST2659,Stephen Johnson,Hyderabad,Finance,Kiran Das,Advertisement,15-11-2025,45588.2,Lost,Email,1
1660,CUST2660,Nathan Hall,Mumbai,IT,Priya Sharma,LinkedIn,02-09-2025,74748.93,Open,Meeting,4
1661,CUST2661,Mary Gibson,Mumbai,Manufacturing,Rahul Verma,Website,28-02-2026,73247.86,Lost,Meeting,1
1662,CUST2662,Michelle Melendez,Pune,IT,Kiran Das,LinkedIn,20-12-2025,29160.95,Lost,Meeting,6
1663,CUST2663,Dawn Fuller,Pune,IT,Priya Sharma,LinkedIn,04-02-2026,5259.27,Open,Email,7
1664,CUST2664,Ruben Schwartz,Hyderabad,Healthcare,Anjali Rao,Referral,18-01-2026,19835.19,Won,Email,8
1665,CUST2665,Jose Jones,Delhi,Finance,Kiran Das,Website,19-09-2025,81788.06,Won,Email,10
1666,CUST2666,Cynthia Dawson,Pune,Healthcare,Kiran Das,Event,05-07-2025,71017.36,Lost,Meeting,3
1667,CUST2667,Curtis Cook,Hyderabad,Retail,Kiran Das,Website,26-05-2026,78677.14,Lost,Meeting,9
1668,CUST2668,Gregory Green,Chennai,Manufacturing,Kiran Das,LinkedIn,25-04-2026,88446.44,Won,Phone,1
1669,CUST2669,Taylor Hardin,Bangalore,IT,Priya Sharma,Website,24-07-2025,51297.32,Lost,Meeting,4
1670,CUST2670,Sarah Hoffman MD,Hyderabad,Healthcare,Kiran Das,LinkedIn,22-07-2025,38381.85,Open,Email,9
1671,CUST2671,Robert Walls MD,Chennai,Finance,Anjali Rao,Website,23-01-2026,88260.58,Won,Email,4
1672,CUST2672,Ana Brown,Pune,Healthcare,Rahul Verma,LinkedIn,01-06-2026,33585.54,Lost,Meeting,9
1673,CUST2673,Kimberly Barnes,Pune,Retail,Priya Sharma,Advertisement,19-06-2026,75746.91,Won,Phone,4
1674,CUST2674,Carolyn Burns,Hyderabad,Finance,Priya Sharma,LinkedIn,06-04-2026,85673.49,Lost,Meeting,10
1675,CUST2675,Cheryl Robertson,Bangalore,Manufacturing,Rahul Verma,Website,13-07-2025,79558.49,Open,Email,9
1676,CUST2676,Karen Barrett,Chennai,Manufacturing,Rahul Verma,Event,26-03-2026,74772.25,Won,Phone,4
1677,CUST2677,Mike Mason,Delhi,Manufacturing,Kiran Das,Event,17-12-2025,86202.59,Won,Meeting,8
1678,CUST2678,James Hunt,Delhi,Healthcare,Anjali Rao,Advertisement,31-10-2025,40164.07,Open,Phone,5
1679,CUST2679,Cheryl Moore,Chennai,Retail,Kiran Das,Referral,20-07-2025,85062.9,Lost,Phone,6
1680,CUST2680,Kimberly Schmitt,Mumbai,Manufacturing,Kiran Das,Referral,10-04-2026,49617.43,Open,Email,8
1681,CUST2681,Mary Perez,Pune,Retail,Priya Sharma,Advertisement,06-08-2025,31790.91,Open,Meeting,7
1682,CUST2682,Rose Mora,Hyderabad,IT,Anjali Rao,LinkedIn,26-04-2026,94973.32,Lost,Phone,2
1683,CUST2683,Michael Carpenter,Delhi,Finance,Priya Sharma,Website,31-01-2026,18408.91,Open,Phone,10
1684,CUST2684,Adrian Brown,Pune,Healthcare,Rahul Verma,Event,15-05-2026,84515.02,Lost,Phone,7
1685,CUST2685,Heidi Fischer,Delhi,IT,Priya Sharma,Advertisement,23-10-2025,9020.18,Lost,Meeting,5
1686,CUST2686,Raymond Hall,Delhi,IT,Anjali Rao,Website,15-04-2026,94683.67,Open,Meeting,10
1687,CUST2687,Amber Griffin,Mumbai,Finance,Rahul Verma,Website,12-12-2025,51058.24,Lost,Email,1
1688,CUST2688,Edward Henson,Pune,Healthcare,Rahul Verma,Website,12-07-2025,36098.45,Won,Email,9
1689,CUST2689,Jacob Dennis,Hyderabad,Healthcare,Kiran Das,Advertisement,22-12-2025,50970.66,Open,Email,3
1690,CUST2690,Kevin Jones,Delhi,Manufacturing,Rahul Verma,LinkedIn,25-11-2025,21130.82,Open,Email,7
1691,CUST2691,Sara Obrien,Pune,Manufacturing,Kiran Das,LinkedIn,03-04-2026,61148.95,Lost,Phone,6
1692,CUST2692,Joseph Williams,Pune,Manufacturing,Priya Sharma,Referral,13-10-2025,74338.74,Lost,Meeting,8
1693,CUST2693,Gerald Park,Pune,Finance,Priya Sharma,Website,01-01-2026,18783.78,Open,Email,9
1694,CUST2694,Chad Wallace,Chennai,Finance,Priya Sharma,Event,24-12-2025,19975.04,Lost,Phone,7
1695,CUST2695,Mary Roberts,Pune,IT,Anjali Rao,Referral,12-06-2026,98722.08,Won,Phone,6
1696,CUST2696,Stephen Harper,Pune,Manufacturing,Rahul Verma,Event,27-07-2025,83945.74,Lost,Phone,1
1697,CUST2697,Steven Soto,Mumbai,IT,Anjali Rao,LinkedIn,16-05-2026,88921.63,Won,Phone,10
1698,CUST2698,Carolyn Vargas,Pune,Retail,Priya Sharma,Referral,12-06-2026,18911.06,Won,Email,1
1699,CUST2699,Autumn Hall,Mumbai,Manufacturing,Rahul Verma,Referral,17-07-2025,39759.25,Open,Email,5
1700,CUST2700,Todd Curry,Hyderabad,Finance,Kiran Das,Event,21-11-2025,67282.82,Won,Meeting,6
1701,CUST2701,Joshua Jacobs,Pune,IT,Rahul Verma,LinkedIn,12-02-2026,5131.19,Open,Email,10
1702,CUST2702,Debra Mckinney,Chennai,Retail,Kiran Das,Website,01-08-2025,82787.25,Won,Meeting,3
1703,CUST2703,Lydia Thomas,Pune,IT,Kiran Das,Referral,02-11-2025,10360.77,Open,Email,10
1704,CUST2704,Felicia Escobar,Hyderabad,IT,Rahul Verma,Referral,26-11-2025,44388.54,Open,Email,1
1705,CUST2705,Jacob Fischer,Chennai,IT,Rahul Verma,Event,25-01-2026,51541.46,Lost,Phone,8
1706,CUST2706,Kimberly White,Pune,Finance,Kiran Das,Event,28-11-2025,49845.74,Won,Meeting,2
1707,CUST2707,David Espinoza,Delhi,IT,Priya Sharma,LinkedIn,17-09-2025,46167.02,Won,Meeting,1
1708,CUST2708,Danny Richard,Chennai,Retail,Rahul Verma,Referral,17-07-2025,24809.02,Lost,Email,5
1709,CUST2709,Mariah Castillo,Hyderabad,Healthcare,Priya Sharma,Event,27-08-2025,72841.34,Won,Phone,5
1710,CUST2710,Marisa Carney,Delhi,Retail,Priya Sharma,Referral,06-04-2026,56119.75,Won,Phone,2
1711,CUST2711,Mary Shannon,Pune,Retail,Rahul Verma,Advertisement,08-12-2025,12160,Open,Meeting,2
1712,CUST2712,Katherine Haynes,Bangalore,Healthcare,Kiran Das,LinkedIn,13-05-2026,77496.41,Lost,Meeting,3
1713,CUST2713,Jordan Byrd,Hyderabad,Retail,Rahul Verma,Advertisement,01-12-2025,20256.93,Open,Meeting,3
1714,CUST2714,Jenna Meyer,Bangalore,Retail,Rahul Verma,Referral,02-11-2025,78703.65,Lost,Meeting,6
1715,CUST2715,Christopher Clay,Bangalore,Manufacturing,Rahul Verma,Referral,23-08-2025,42841.74,Lost,Phone,7
1716,CUST2716,Timothy Collins,Delhi,Finance,Rahul Verma,Advertisement,06-03-2026,96086.38,Lost,Meeting,5
1717,CUST2717,Pamela Norton,Bangalore,Finance,Kiran Das,Website,16-01-2026,11732.01,Lost,Phone,4
1718,CUST2718,Bruce Meyer,Bangalore,Finance,Kiran Das,Advertisement,05-08-2025,99377.21,Open,Meeting,2
1719,CUST2719,Michele Lambert,Delhi,Healthcare,Anjali Rao,Website,23-08-2025,38833.83,Open,Phone,6
1720,CUST2720,Courtney Perkins,Mumbai,IT,Anjali Rao,Event,17-03-2026,72082.52,Lost,Phone,4
1721,CUST2721,Aaron Goodwin,Mumbai,Retail,Anjali Rao,LinkedIn,20-04-2026,66653.81,Lost,Email,9
1722,CUST2722,Jeffrey Palmer,Chennai,Finance,Rahul Verma,LinkedIn,24-01-2026,29878.2,Won,Phone,5
1723,CUST2723,Sean Koch,Hyderabad,Manufacturing,Priya Sharma,Website,20-07-2025,96800.42,Open,Email,1
1724,CUST2724,Anthony Ortiz,Hyderabad,Manufacturing,Anjali Rao,LinkedIn,10-12-2025,48788.43,Won,Email,10
1725,CUST2725,Barbara Patel,Pune,Healthcare,Rahul Verma,Advertisement,07-05-2026,18651.86,Lost,Email,10
1726,CUST2726,Keith Thompson,Bangalore,Healthcare,Priya Sharma,Website,27-09-2025,23109.2,Won,Meeting,9
1727,CUST2727,Rebecca Waters,Chennai,Retail,Kiran Das,Event,12-02-2026,31866.65,Open,Meeting,10
1728,CUST2728,Barry Casey,Mumbai,Manufacturing,Priya Sharma,Event,24-06-2026,52556.88,Lost,Email,9
1729,CUST2729,David Jacobson,Pune,Healthcare,Priya Sharma,LinkedIn,28-11-2025,95554.18,Open,Email,6
1730,CUST2730,Jesse Lee,Chennai,Retail,Rahul Verma,Website,04-09-2025,30688.74,Lost,Meeting,6
1731,CUST2731,Mitchell Patrick,Chennai,IT,Priya Sharma,LinkedIn,25-06-2025,66862.91,Won,Email,3
1732,CUST2732,Joseph Lee,Hyderabad,Healthcare,Priya Sharma,Website,17-04-2026,21881.7,Won,Meeting,3
1733,CUST2733,Belinda Tyler,Delhi,IT,Kiran Das,Event,05-01-2026,45259.25,Open,Phone,2
1734,CUST2734,Shane Brown,Mumbai,IT,Rahul Verma,Referral,17-03-2026,90750.79,Won,Phone,4
1735,CUST2735,Anna Hudson,Pune,Healthcare,Anjali Rao,Referral,30-01-2026,85088.4,Won,Meeting,8
1736,CUST2736,Lucas Adams,Delhi,Healthcare,Priya Sharma,Website,17-08-2025,51353.18,Lost,Email,6
1737,CUST2737,Renee Dudley,Mumbai,Manufacturing,Kiran Das,Advertisement,09-12-2025,97923.2,Open,Phone,8
1738,CUST2738,Victor Wang,Mumbai,Finance,Priya Sharma,Website,23-01-2026,56080.79,Lost,Meeting,1
1739,CUST2739,Ashley Chapman,Delhi,Retail,Kiran Das,Advertisement,08-09-2025,64869.16,Open,Phone,6
1740,CUST2740,Elizabeth Thompson,Pune,IT,Priya Sharma,Referral,06-01-2026,90210.27,Open,Email,4
1741,CUST2741,Maxwell Gonzalez,Mumbai,IT,Priya Sharma,Referral,21-07-2025,21804.99,Lost,Email,7
1742,CUST2742,Samantha Washington,Bangalore,Healthcare,Rahul Verma,Event,03-08-2025,45957.76,Won,Phone,7
1743,CUST2743,Natasha Rodriguez,Chennai,IT,Kiran Das,LinkedIn,17-02-2026,82212.52,Won,Email,10
1744,CUST2744,Amy French,Chennai,Retail,Priya Sharma,Advertisement,22-11-2025,41643.72,Won,Meeting,9
1745,CUST2745,Frank Lopez,Hyderabad,Finance,Rahul Verma,Advertisement,01-04-2026,64679.54,Open,Email,6
1746,CUST2746,Nicholas Hughes,Chennai,Healthcare,Priya Sharma,Website,18-08-2025,97693.04,Lost,Email,5
1747,CUST2747,Jasmine Thomas,Pune,IT,Rahul Verma,LinkedIn,24-06-2025,90518.23,Open,Email,8
1748,CUST2748,Jennifer Wong,Delhi,Healthcare,Anjali Rao,Website,29-12-2025,61080.85,Won,Email,8
1749,CUST2749,David Dalton,Delhi,Finance,Kiran Das,Referral,13-01-2026,96149.59,Won,Email,4
1750,CUST2750,David Reed,Chennai,Manufacturing,Priya Sharma,Advertisement,24-08-2025,57845.89,Lost,Email,5
1751,CUST2751,Henry Ward,Pune,Manufacturing,Anjali Rao,Website,25-01-2026,64824.53,Open,Phone,6
1752,CUST2752,Wendy Campbell,Pune,Manufacturing,Kiran Das,Event,13-07-2025,80839.6,Lost,Phone,9
1753,CUST2753,Carol Peters,Bangalore,Retail,Anjali Rao,Referral,12-11-2025,89804.46,Lost,Meeting,3
1754,CUST2754,Lindsay Gomez,Pune,Finance,Anjali Rao,Website,07-09-2025,52033.25,Lost,Meeting,7
1755,CUST2755,Alexander Copeland,Chennai,Manufacturing,Anjali Rao,Website,30-01-2026,49978.96,Open,Email,4
1756,CUST2756,Alyssa Davis,Hyderabad,Manufacturing,Anjali Rao,Event,24-12-2025,51148.23,Won,Meeting,3
1757,CUST2757,Erik Lopez,Mumbai,Finance,Rahul Verma,Referral,29-01-2026,32457.74,Open,Email,3
1758,CUST2758,Nicholas Hatfield,Pune,Manufacturing,Rahul Verma,Event,28-02-2026,71619.99,Won,Phone,9
1759,CUST2759,Jennifer Anderson,Pune,Finance,Priya Sharma,Event,29-05-2026,46783.64,Lost,Phone,3
1760,CUST2760,Robert Parker,Mumbai,Healthcare,Rahul Verma,Website,20-07-2025,9639.28,Open,Phone,6
1761,CUST2761,Erin Griffin,Chennai,Manufacturing,Rahul Verma,Website,04-10-2025,12353.15,Won,Meeting,6
1762,CUST2762,Sandra Crawford,Hyderabad,Manufacturing,Anjali Rao,Referral,10-06-2026,69750.79,Open,Phone,10
1763,CUST2763,Travis Martinez,Delhi,Finance,Priya Sharma,LinkedIn,11-03-2026,12753.32,Won,Email,2
1764,CUST2764,Donald Miller,Hyderabad,IT,Anjali Rao,Event,17-02-2026,63687.51,Won,Email,1
1765,CUST2765,Michael Richardson,Delhi,Manufacturing,Rahul Verma,Event,11-09-2025,71840.51,Lost,Meeting,7
1766,CUST2766,Jonathan Coleman,Mumbai,Manufacturing,Anjali Rao,Referral,02-07-2025,75954.95,Won,Email,8
1767,CUST2767,Leslie Torres,Mumbai,Manufacturing,Kiran Das,Referral,18-03-2026,61784.89,Won,Meeting,5
1768,CUST2768,Rebecca Morris,Delhi,Manufacturing,Rahul Verma,Website,16-11-2025,86877.72,Open,Meeting,9
1769,CUST2769,Amy Grant,Delhi,Healthcare,Rahul Verma,Website,15-07-2025,6254.38,Lost,Email,4
1770,CUST2770,Lindsey Roberts,Pune,Healthcare,Kiran Das,Advertisement,04-05-2026,18794.64,Open,Meeting,10
1771,CUST2771,April Hickman,Delhi,Manufacturing,Priya Sharma,Event,26-07-2025,63531.5,Lost,Phone,5
1772,CUST2772,Lori Kelly,Pune,Retail,Kiran Das,Advertisement,21-12-2025,42403.25,Lost,Phone,2
1773,CUST2773,Douglas Thompson,Delhi,Healthcare,Anjali Rao,Website,01-01-2026,12367.4,Lost,Email,10
1774,CUST2774,Austin Hogan,Bangalore,Finance,Anjali Rao,Website,22-11-2025,8530.71,Open,Meeting,3
1775,CUST2775,Maria Robinson,Delhi,Retail,Priya Sharma,Website,30-05-2026,21916.66,Lost,Email,5
1776,CUST2776,Thomas Kemp,Mumbai,Healthcare,Priya Sharma,LinkedIn,18-07-2025,32733.94,Open,Meeting,2
1777,CUST2777,Cynthia Saunders,Delhi,Healthcare,Kiran Das,Advertisement,02-07-2025,6846.86,Open,Meeting,8
1778,CUST2778,Tara Stone,Delhi,Manufacturing,Anjali Rao,Website,25-04-2026,62495.39,Open,Meeting,7
1779,CUST2779,Johnny Powell,Bangalore,Healthcare,Rahul Verma,Event,18-06-2026,28661.85,Won,Phone,6
1780,CUST2780,Chase Barnes,Chennai,Finance,Kiran Das,LinkedIn,22-03-2026,21506.49,Open,Phone,9
1781,CUST2781,Ralph Smith,Mumbai,Retail,Kiran Das,LinkedIn,06-02-2026,26677.1,Won,Email,1
1782,CUST2782,Charles Woods,Chennai,Finance,Rahul Verma,Referral,10-01-2026,89000.07,Open,Phone,9
1783,CUST2783,Maria Wright,Hyderabad,Finance,Anjali Rao,Event,21-03-2026,97025.56,Open,Meeting,4
1784,CUST2784,Barbara White,Chennai,Retail,Rahul Verma,LinkedIn,11-08-2025,97938.86,Lost,Phone,7
1785,CUST2785,Peter Ewing,Pune,Finance,Anjali Rao,Event,23-02-2026,77275.19,Won,Phone,2
1786,CUST2786,Thomas Garcia,Mumbai,Finance,Priya Sharma,Event,03-06-2026,64605.26,Open,Meeting,8
1787,CUST2787,Brandon Romero,Hyderabad,Manufacturing,Rahul Verma,LinkedIn,01-08-2025,70268.46,Lost,Email,6
1788,CUST2788,Jessica Hansen,Chennai,IT,Rahul Verma,Referral,29-12-2025,27434.37,Lost,Email,6
1789,CUST2789,Anthony Bryant,Pune,Finance,Rahul Verma,Advertisement,31-07-2025,88004.64,Lost,Email,1
1790,CUST2790,Kevin Coffey,Pune,Manufacturing,Kiran Das,LinkedIn,19-01-2026,81275.78,Lost,Phone,4
1791,CUST2791,Luke Deleon,Hyderabad,Manufacturing,Kiran Das,Event,30-09-2025,97367.1,Lost,Phone,3
1792,CUST2792,Kevin Smith,Bangalore,IT,Priya Sharma,Event,12-12-2025,42897.75,Open,Phone,1
1793,CUST2793,Christian Martinez MD,Hyderabad,Healthcare,Priya Sharma,LinkedIn,05-07-2025,54543.8,Open,Phone,1
1794,CUST2794,Michael Wilson,Delhi,Healthcare,Rahul Verma,Referral,04-01-2026,94660.46,Open,Phone,7
1795,CUST2795,Monique Martin,Chennai,Manufacturing,Rahul Verma,Event,07-08-2025,66860.77,Won,Email,3
1796,CUST2796,Tasha Rice,Hyderabad,Healthcare,Anjali Rao,Website,02-09-2025,95527.4,Open,Meeting,8
1797,CUST2797,Carla Chavez,Pune,IT,Anjali Rao,Event,15-12-2025,89358.59,Open,Meeting,4
1798,CUST2798,Deborah Hall,Chennai,Finance,Anjali Rao,Referral,03-11-2025,61227.96,Open,Meeting,5
1799,CUST2799,Anthony Crane,Chennai,Finance,Rahul Verma,Referral,19-08-2025,8988.63,Open,Meeting,2
1800,CUST2800,Katherine Robinson,Mumbai,Healthcare,Anjali Rao,Website,19-06-2026,52181.66,Open,Meeting,3
1801,CUST2801,Darryl Diaz,Delhi,IT,Kiran Das,LinkedIn,03-09-2025,78691.25,Lost,Meeting,1
1802,CUST2802,Rebecca Lynch,Pune,Retail,Kiran Das,Event,11-04-2026,40865.49,Won,Meeting,3
1803,CUST2803,Victor Macdonald,Pune,Finance,Anjali Rao,Advertisement,11-08-2025,50039.45,Won,Email,7
1804,CUST2804,Jacqueline Anderson,Hyderabad,IT,Kiran Das,Website,26-07-2025,24950.15,Open,Phone,6
1805,CUST2805,Kelli Baird,Hyderabad,Healthcare,Priya Sharma,LinkedIn,04-07-2025,19868.02,Open,Meeting,4
1806,CUST2806,Michael Christensen MD,Chennai,Healthcare,Rahul Verma,Event,27-03-2026,68775.94,Won,Meeting,10
1807,CUST2807,Alexander Solis,Mumbai,IT,Priya Sharma,Website,17-08-2025,98878.76,Lost,Email,1
1808,CUST2808,Linda Adams DVM,Delhi,Finance,Anjali Rao,Advertisement,18-08-2025,24035,Lost,Meeting,3
1809,CUST2809,Holly Smith,Mumbai,Retail,Priya Sharma,Event,20-05-2026,20554.63,Won,Meeting,3
1810,CUST2810,Albert Pacheco,Delhi,Healthcare,Priya Sharma,Event,17-04-2026,40476.19,Won,Meeting,8
1811,CUST2811,Kevin Lopez,Hyderabad,IT,Rahul Verma,Event,11-08-2025,21499.1,Won,Phone,4
1812,CUST2812,Brian Maynard,Chennai,Retail,Rahul Verma,Referral,13-05-2026,70698.37,Lost,Phone,3
1813,CUST2813,Catherine Adams,Delhi,IT,Rahul Verma,Event,14-07-2025,15475.46,Open,Phone,2
1814,CUST2814,Kimberly Tyler,Hyderabad,IT,Kiran Das,Website,18-04-2026,74942.98,Won,Meeting,5
1815,CUST2815,Courtney Palmer,Mumbai,Retail,Kiran Das,Advertisement,22-09-2025,29520.03,Lost,Email,6
1816,CUST2816,Ashley Rivera,Hyderabad,Manufacturing,Anjali Rao,LinkedIn,14-11-2025,29392.99,Lost,Email,6
1817,CUST2817,Mindy Nunez,Mumbai,Manufacturing,Rahul Verma,LinkedIn,01-11-2025,67738.31,Open,Meeting,3
1818,CUST2818,Amy Petty,Bangalore,IT,Anjali Rao,Advertisement,11-09-2025,84172.71,Lost,Phone,6
1819,CUST2819,Tracy Lambert,Pune,Finance,Priya Sharma,LinkedIn,23-03-2026,39976.76,Open,Phone,3
1820,CUST2820,Leslie Aguilar,Delhi,IT,Anjali Rao,Advertisement,14-09-2025,37791.99,Won,Email,1
1821,CUST2821,Heather Smith,Mumbai,Finance,Priya Sharma,LinkedIn,19-01-2026,5729.35,Lost,Phone,9
1822,CUST2822,Stacey Galloway,Mumbai,IT,Rahul Verma,Website,25-03-2026,16056.03,Won,Meeting,6
1823,CUST2823,Cody Houston,Pune,Finance,Priya Sharma,LinkedIn,03-12-2025,22095.91,Open,Meeting,8
1824,CUST2824,Joseph Lopez,Hyderabad,Healthcare,Anjali Rao,Referral,04-04-2026,82532.24,Open,Phone,4
1825,CUST2825,Troy Silva,Hyderabad,Retail,Priya Sharma,Event,02-02-2026,16922.14,Lost,Email,7
1826,CUST2826,Veronica King,Hyderabad,IT,Priya Sharma,Referral,05-03-2026,37050.9,Open,Email,1
1827,CUST2827,Monique Brown,Delhi,Finance,Kiran Das,Advertisement,22-03-2026,46932.84,Open,Meeting,3
1828,CUST2828,Scott George,Delhi,IT,Rahul Verma,Event,05-04-2026,41624.92,Open,Phone,1
1829,CUST2829,Tracey Nelson,Bangalore,Healthcare,Rahul Verma,Event,28-08-2025,44830.68,Won,Meeting,4
1830,CUST2830,Derek Crawford,Hyderabad,Retail,Anjali Rao,Advertisement,17-08-2025,42495.02,Open,Meeting,10
1831,CUST2831,Dana Jones,Chennai,Retail,Priya Sharma,Website,21-03-2026,34599.94,Won,Phone,4
1832,CUST2832,Stephanie Gonzales,Chennai,Retail,Anjali Rao,Website,08-12-2025,96382.58,Won,Email,10
1833,CUST2833,Amy Ingram,Bangalore,Finance,Anjali Rao,Advertisement,03-09-2025,72361.47,Open,Phone,7
1834,CUST2834,Dale Martinez,Mumbai,Finance,Anjali Rao,Advertisement,20-05-2026,87544.76,Won,Phone,10
1835,CUST2835,Laura Simpson,Hyderabad,Healthcare,Rahul Verma,Website,18-09-2025,84249.81,Lost,Meeting,2
1836,CUST2836,Hannah Price,Delhi,Healthcare,Kiran Das,Event,18-09-2025,27193.06,Won,Phone,7
1837,CUST2837,William Bush,Chennai,Retail,Rahul Verma,Referral,08-02-2026,68524.84,Won,Email,8
1838,CUST2838,Marcus Vasquez,Delhi,Manufacturing,Priya Sharma,Advertisement,23-03-2026,60916.91,Won,Phone,4
1839,CUST2839,Donna Cunningham,Hyderabad,IT,Rahul Verma,LinkedIn,06-07-2025,93058.1,Lost,Email,4
1840,CUST2840,Nicole Jackson,Mumbai,Finance,Kiran Das,LinkedIn,11-11-2025,87563.04,Open,Email,10
1841,CUST2841,Latoya Armstrong,Pune,Healthcare,Rahul Verma,Website,02-02-2026,94873.91,Won,Email,1
1842,CUST2842,Erica Young,Mumbai,Retail,Anjali Rao,Event,08-03-2026,91248.39,Open,Meeting,6
1843,CUST2843,Diana Scott,Pune,Retail,Anjali Rao,Event,31-01-2026,22929.33,Lost,Phone,7
1844,CUST2844,Victoria Bird,Pune,IT,Anjali Rao,Event,06-12-2025,55562.35,Lost,Email,5
1845,CUST2845,Lisa Warren,Hyderabad,Healthcare,Anjali Rao,Referral,19-10-2025,8636.86,Open,Meeting,8
1846,CUST2846,Jeffrey Bowers,Mumbai,Healthcare,Anjali Rao,Website,24-12-2025,65076.82,Open,Phone,9
1847,CUST2847,Brooke Simmons,Hyderabad,Retail,Anjali Rao,LinkedIn,03-12-2025,66374.72,Open,Email,5
1848,CUST2848,Dwayne Jackson,Mumbai,Retail,Rahul Verma,Website,06-08-2025,68070.13,Lost,Email,2
1849,CUST2849,Jason Davis,Mumbai,Healthcare,Rahul Verma,Website,07-11-2025,65676.43,Open,Email,5
1850,CUST2850,Christopher Porter,Pune,Finance,Priya Sharma,Referral,11-05-2026,43860.7,Won,Phone,1
1851,CUST2851,Ashley Kelly,Pune,Retail,Priya Sharma,LinkedIn,09-11-2025,84248.1,Open,Meeting,5
1852,CUST2852,Patrick Andrade,Hyderabad,IT,Anjali Rao,LinkedIn,30-11-2025,90869.19,Lost,Phone,3
1853,CUST2853,Jamie Warren,Chennai,Finance,Rahul Verma,Event,10-04-2026,97285.65,Lost,Meeting,10
1854,CUST2854,Tyler Cameron,Delhi,Retail,Rahul Verma,Advertisement,09-01-2026,17931.13,Open,Email,8
1855,CUST2855,Jeffrey Beard,Chennai,Healthcare,Anjali Rao,LinkedIn,24-11-2025,56393.95,Open,Email,3
1856,CUST2856,Stacy Acosta,Hyderabad,Healthcare,Rahul Verma,Referral,16-07-2025,56807.94,Open,Phone,1
1857,CUST2857,Curtis West,Hyderabad,Healthcare,Kiran Das,LinkedIn,29-05-2026,42680.35,Lost,Phone,4
1858,CUST2858,Bryan Barajas,Mumbai,Retail,Anjali Rao,LinkedIn,17-07-2025,42459.95,Won,Meeting,6
1859,CUST2859,Bethany Jones,Chennai,IT,Kiran Das,Referral,29-05-2026,7290.71,Won,Email,1
1860,CUST2860,Bradley Evans,Chennai,Finance,Priya Sharma,LinkedIn,05-10-2025,35396.95,Open,Email,2
1861,CUST2861,Gregory Lee,Hyderabad,Healthcare,Kiran Das,Referral,15-12-2025,55786.04,Won,Phone,8
1862,CUST2862,Kyle Watkins,Chennai,Retail,Rahul Verma,Advertisement,04-07-2025,43878.58,Open,Email,10
1863,CUST2863,Megan Perkins,Mumbai,Finance,Priya Sharma,Website,10-02-2026,38589.15,Lost,Phone,6
1864,CUST2864,Joshua Rice,Mumbai,Finance,Rahul Verma,Referral,08-11-2025,17402.78,Lost,Email,1
1865,CUST2865,Cameron Lawrence,Mumbai,Finance,Kiran Das,Website,12-08-2025,12164.2,Won,Meeting,7
1866,CUST2866,Veronica Knight,Chennai,Finance,Anjali Rao,Event,12-02-2026,28254.58,Won,Phone,7
1867,CUST2867,Natalie Matthews,Pune,IT,Priya Sharma,Website,05-09-2025,50415.54,Open,Phone,3
1868,CUST2868,Erin Sutton,Bangalore,Finance,Kiran Das,LinkedIn,21-07-2025,49774.43,Won,Email,10
1869,CUST2869,Nicole Myers,Mumbai,Healthcare,Priya Sharma,Referral,13-02-2026,48862.24,Won,Meeting,8
1870,CUST2870,Marc King,Pune,Manufacturing,Anjali Rao,Referral,24-07-2025,45597.95,Lost,Phone,3
1871,CUST2871,Thomas Bailey,Hyderabad,Manufacturing,Kiran Das,Referral,10-06-2026,17628.32,Lost,Meeting,2
1872,CUST2872,Stephanie Young,Delhi,Manufacturing,Priya Sharma,Referral,28-10-2025,59871.41,Open,Phone,7
1873,CUST2873,Michelle Wilson,Mumbai,Manufacturing,Rahul Verma,LinkedIn,08-09-2025,95719.71,Lost,Email,8
1874,CUST2874,Brandon Harris,Mumbai,Manufacturing,Rahul Verma,Website,24-06-2025,95917.24,Lost,Email,6
1875,CUST2875,Tammy Harrison,Hyderabad,Healthcare,Rahul Verma,Advertisement,20-10-2025,64534.21,Lost,Email,4
1876,CUST2876,Kimberly Hoover,Delhi,IT,Rahul Verma,Event,30-09-2025,17956.68,Open,Phone,3
1877,CUST2877,Tiffany Hamilton,Delhi,Retail,Kiran Das,LinkedIn,12-04-2026,6038.37,Won,Phone,7
1878,CUST2878,Sean Hernandez,Mumbai,Healthcare,Priya Sharma,Event,26-07-2025,69160.93,Open,Email,8
1879,CUST2879,Stephanie Mahoney,Chennai,Retail,Rahul Verma,LinkedIn,28-02-2026,19768.11,Lost,Meeting,6
1880,CUST2880,Nicholas Matthews,Pune,Finance,Anjali Rao,Referral,11-10-2025,26951.98,Won,Email,6
1881,CUST2881,Katherine Harvey,Mumbai,Manufacturing,Rahul Verma,Event,21-08-2025,79400.93,Open,Meeting,2
1882,CUST2882,Cheryl Rivera,Mumbai,Healthcare,Kiran Das,Referral,29-05-2026,52351.38,Won,Meeting,2
1883,CUST2883,David Diaz,Delhi,Retail,Anjali Rao,LinkedIn,29-06-2025,32006.88,Lost,Email,8
1884,CUST2884,Hannah Thomas,Chennai,Healthcare,Rahul Verma,Event,27-01-2026,72002.51,Lost,Phone,9
1885,CUST2885,Michael Lewis,Hyderabad,Manufacturing,Rahul Verma,Advertisement,23-10-2025,89253.44,Won,Meeting,7
1886,CUST2886,Anita Carlson,Hyderabad,IT,Rahul Verma,LinkedIn,14-09-2025,48209.28,Lost,Meeting,1
1887,CUST2887,Ronald Harris,Bangalore,Finance,Rahul Verma,Website,23-08-2025,47693.44,Open,Meeting,5
1888,CUST2888,Miss Debbie Chambers,Mumbai,IT,Anjali Rao,Event,28-09-2025,10215.68,Open,Email,2
1889,CUST2889,Mercedes Morales,Mumbai,Manufacturing,Kiran Das,Event,11-12-2025,50670.2,Won,Meeting,2
1890,CUST2890,Carol Flores,Hyderabad,Manufacturing,Kiran Das,Website,01-07-2025,29214.55,Open,Email,3
1891,CUST2891,Robert Acevedo,Mumbai,Finance,Priya Sharma,Website,12-01-2026,37669.98,Won,Phone,8
1892,CUST2892,Christopher Wheeler,Delhi,Finance,Priya Sharma,Website,19-09-2025,76032.26,Won,Meeting,8
1893,CUST2893,Lauren Schmidt,Hyderabad,Healthcare,Anjali Rao,LinkedIn,20-10-2025,67831.9,Lost,Phone,1
1894,CUST2894,Virginia Arnold,Mumbai,Manufacturing,Priya Sharma,Advertisement,03-12-2025,80886.73,Lost,Email,3
1895,CUST2895,Jeff Farrell,Delhi,Healthcare,Rahul Verma,Referral,15-09-2025,60429.37,Lost,Email,9
1896,CUST2896,Tyler Smith,Bangalore,Healthcare,Rahul Verma,Advertisement,03-10-2025,75353.44,Lost,Email,8
1897,CUST2897,Meredith Ochoa,Hyderabad,Finance,Priya Sharma,Referral,28-11-2025,77901.68,Won,Email,7
1898,CUST2898,Julian Freeman,Mumbai,Finance,Rahul Verma,Referral,25-11-2025,70061.94,Open,Meeting,8
1899,CUST2899,Vanessa Schroeder,Pune,Finance,Kiran Das,Website,20-03-2026,54149.53,Won,Email,10
1900,CUST2900,Joseph Gonzalez,Delhi,IT,Anjali Rao,Referral,31-07-2025,24028.88,Lost,Email,9
1901,CUST2901,Courtney Russell,Mumbai,Healthcare,Kiran Das,Referral,04-04-2026,7308.8,Open,Meeting,1
1902,CUST2902,Christina Wang,Mumbai,Manufacturing,Kiran Das,Event,17-07-2025,35720.25,Won,Meeting,3
1903,CUST2903,Nancy Hall,Chennai,Manufacturing,Rahul Verma,Advertisement,09-04-2026,93952.12,Won,Phone,4
1904,CUST2904,Jessica Roberts,Bangalore,IT,Rahul Verma,Website,23-03-2026,27605.47,Lost,Meeting,1
1905,CUST2905,Tammy Tyler,Hyderabad,IT,Kiran Das,LinkedIn,19-03-2026,10057.69,Lost,Phone,9
1906,CUST2906,Cheryl Gomez,Chennai,Finance,Kiran Das,Website,28-09-2025,57869.3,Open,Meeting,10
1907,CUST2907,Jessica Keller,Chennai,Retail,Anjali Rao,Event,15-07-2025,60246.33,Open,Email,6
1908,CUST2908,Jennifer Glover,Delhi,Healthcare,Anjali Rao,Event,08-01-2026,68623.59,Open,Phone,2
1909,CUST2909,Robin Edwards,Mumbai,Manufacturing,Anjali Rao,Referral,18-04-2026,57470.16,Won,Phone,1
1910,CUST2910,Matthew Harris,Mumbai,Manufacturing,Anjali Rao,Event,16-05-2026,63093.42,Won,Meeting,9
1911,CUST2911,Christopher Armstrong,Bangalore,Manufacturing,Anjali Rao,Website,12-06-2026,38111.08,Won,Meeting,2
1912,CUST2912,Anthony White,Chennai,Finance,Priya Sharma,LinkedIn,05-05-2026,8346.38,Open,Email,7
1913,CUST2913,Michael Chapman,Delhi,Finance,Kiran Das,Website,09-11-2025,39447.08,Lost,Meeting,1
1914,CUST2914,Hayley Phelps,Hyderabad,Healthcare,Kiran Das,LinkedIn,03-02-2026,60729.02,Won,Phone,2
1915,CUST2915,Jackie Pittman,Bangalore,IT,Kiran Das,LinkedIn,26-02-2026,67970.64,Won,Email,9
1916,CUST2916,Sean Johnson,Pune,Finance,Anjali Rao,Advertisement,21-06-2026,96587.97,Won,Meeting,1
1917,CUST2917,William Myers,Bangalore,IT,Priya Sharma,Advertisement,13-08-2025,83875.71,Lost,Phone,2
1918,CUST2918,Wayne Black,Chennai,Retail,Rahul Verma,LinkedIn,28-10-2025,47127.95,Open,Email,10
1919,CUST2919,James Gonzales,Bangalore,Finance,Priya Sharma,Advertisement,05-07-2025,42852.19,Lost,Meeting,1
1920,CUST2920,Michael Green,Bangalore,Finance,Rahul Verma,Event,03-05-2026,23030.56,Open,Meeting,4
1921,CUST2921,Jacqueline Benson,Delhi,Manufacturing,Anjali Rao,Event,08-05-2026,47015.82,Lost,Phone,6
1922,CUST2922,Stephanie Sanchez,Bangalore,Manufacturing,Anjali Rao,Referral,17-11-2025,93296.78,Won,Meeting,10
1923,CUST2923,Andrew Best,Delhi,Retail,Priya Sharma,Referral,11-12-2025,22032.51,Lost,Meeting,7
1924,CUST2924,Richard Warren,Delhi,Retail,Kiran Das,Event,13-08-2025,45494.65,Won,Email,1
1925,CUST2925,Victoria Smith,Chennai,Finance,Priya Sharma,Referral,24-12-2025,81382.64,Lost,Meeting,10
1926,CUST2926,Christopher Martinez,Hyderabad,Manufacturing,Anjali Rao,Event,13-06-2026,64712.83,Won,Meeting,1
1927,CUST2927,Brett Allen,Mumbai,Finance,Anjali Rao,Website,25-02-2026,26616.09,Open,Meeting,7
1928,CUST2928,Shannon Elliott,Chennai,Retail,Anjali Rao,Event,10-08-2025,28373.92,Open,Email,10
1929,CUST2929,Kevin Smith,Pune,Retail,Priya Sharma,LinkedIn,25-08-2025,83168.3,Open,Meeting,3
1930,CUST2930,Sabrina Green,Bangalore,IT,Anjali Rao,Referral,27-02-2026,92064.41,Won,Email,1
1931,CUST2931,Kirk Martinez,Chennai,IT,Kiran Das,LinkedIn,09-04-2026,15611.08,Lost,Meeting,8
1932,CUST2932,Cynthia Scott,Mumbai,Healthcare,Kiran Das,Referral,13-07-2025,45263.52,Open,Meeting,6
1933,CUST2933,Cindy Adkins,Pune,Manufacturing,Priya Sharma,Website,09-06-2026,60960.08,Won,Meeting,10
1934,CUST2934,Megan Chandler,Mumbai,IT,Anjali Rao,LinkedIn,04-12-2025,10859.47,Open,Email,5
1935,CUST2935,Jon Morgan,Delhi,Finance,Anjali Rao,Website,15-02-2026,98498.51,Lost,Meeting,3
1936,CUST2936,Gary Friedman,Mumbai,Finance,Priya Sharma,LinkedIn,27-10-2025,11265.94,Open,Phone,4
1937,CUST2937,Amy Martinez,Hyderabad,IT,Priya Sharma,Event,13-01-2026,29983.53,Open,Meeting,5
1938,CUST2938,Gregory Howard,Delhi,IT,Priya Sharma,Referral,20-12-2025,78074.68,Lost,Meeting,7
1939,CUST2939,Mark Allison,Delhi,Manufacturing,Rahul Verma,LinkedIn,28-03-2026,22717.54,Open,Email,1
1940,CUST2940,Amy Ramsey,Delhi,IT,Anjali Rao,Advertisement,07-01-2026,51009.78,Won,Email,8
1941,CUST2941,Mark Harrison,Pune,Retail,Priya Sharma,Website,17-05-2026,71477.08,Open,Phone,2
1942,CUST2942,Jeremy Cobb,Delhi,Healthcare,Anjali Rao,LinkedIn,23-12-2025,81329.03,Won,Email,10
1943,CUST2943,Keith Wood,Mumbai,Finance,Anjali Rao,Event,30-07-2025,66402.98,Open,Meeting,9
1944,CUST2944,Lisa Berry,Chennai,Healthcare,Rahul Verma,LinkedIn,27-10-2025,66653.03,Won,Meeting,9
1945,CUST2945,Stephen Smith,Delhi,Retail,Kiran Das,Referral,17-11-2025,50033.99,Won,Meeting,2
1946,CUST2946,Ricky Black,Chennai,Finance,Anjali Rao,Event,05-09-2025,46842.38,Open,Phone,7
1947,CUST2947,Dana Melendez,Pune,IT,Priya Sharma,Website,06-03-2026,30956.68,Won,Meeting,3
1948,CUST2948,Walter Frank,Mumbai,Finance,Priya Sharma,Event,29-12-2025,71613.12,Open,Email,2
1949,CUST2949,Audrey Long,Bangalore,Healthcare,Priya Sharma,Event,10-03-2026,38922.23,Won,Meeting,8
1950,CUST2950,Sydney Marshall,Mumbai,IT,Rahul Verma,Advertisement,04-05-2026,48550.46,Lost,Email,8
1951,CUST2951,Paula Winters,Mumbai,Finance,Priya Sharma,Referral,20-10-2025,12426.69,Lost,Phone,6
1952,CUST2952,Timothy Lawrence,Delhi,Healthcare,Anjali Rao,Advertisement,18-06-2026,95379.26,Open,Phone,5
1953,CUST2953,Morgan Christian,Bangalore,Healthcare,Priya Sharma,Website,23-07-2025,94291.3,Won,Email,3
1954,CUST2954,Shelby Glass,Chennai,Retail,Kiran Das,Advertisement,26-02-2026,66007.69,Open,Email,6
1955,CUST2955,Todd Figueroa,Bangalore,IT,Priya Sharma,Website,17-09-2025,13212.42,Open,Email,5
1956,CUST2956,Crystal Johnson,Chennai,Retail,Priya Sharma,Referral,07-05-2026,48138.14,Won,Phone,4
1957,CUST2957,Kristen Ortiz,Hyderabad,Manufacturing,Kiran Das,Event,18-12-2025,30141.79,Lost,Meeting,1
1958,CUST2958,Janet Gibson,Bangalore,IT,Anjali Rao,Website,14-03-2026,36214.02,Lost,Meeting,9
1959,CUST2959,Jeremy Morris,Delhi,Healthcare,Priya Sharma,Website,04-10-2025,19095.99,Lost,Phone,2
1960,CUST2960,Nicole Reed,Bangalore,Retail,Priya Sharma,Event,31-10-2025,91570.77,Open,Email,3
1961,CUST2961,Kristen Brooks,Mumbai,Manufacturing,Rahul Verma,LinkedIn,22-08-2025,49828.01,Lost,Meeting,8
1962,CUST2962,Rebecca Diaz,Pune,Finance,Rahul Verma,Advertisement,07-01-2026,32180.16,Open,Phone,3
1963,CUST2963,Stephanie Romero,Pune,Healthcare,Kiran Das,Event,22-02-2026,85460.37,Lost,Email,9
1964,CUST2964,Amanda Randall,Delhi,Manufacturing,Kiran Das,LinkedIn,03-11-2025,88720.28,Open,Meeting,3
1965,CUST2965,Robert Stone,Hyderabad,Manufacturing,Anjali Rao,Advertisement,11-01-2026,36170.88,Open,Email,9
1966,CUST2966,Justin Brown,Bangalore,Healthcare,Kiran Das,Advertisement,02-03-2026,27637.17,Open,Meeting,6
1967,CUST2967,Cassandra Martin,Pune,IT,Anjali Rao,LinkedIn,23-07-2025,90850.15,Open,Email,10
1968,CUST2968,Manuel Morales,Pune,Manufacturing,Priya Sharma,Website,28-06-2025,98761.42,Lost,Meeting,9
1969,CUST2969,Traci Jacobson,Bangalore,Finance,Rahul Verma,Website,27-02-2026,55506.95,Won,Email,1
1970,CUST2970,Guy King,Mumbai,Retail,Anjali Rao,LinkedIn,11-09-2025,9713.89,Lost,Meeting,10
1971,CUST2971,Johnny Kim,Delhi,Healthcare,Rahul Verma,Event,26-10-2025,29872.1,Won,Meeting,9
1972,CUST2972,Morgan Brown,Mumbai,Healthcare,Kiran Das,Event,14-12-2025,54830.31,Lost,Email,5
1973,CUST2973,Brandon Johnson,Hyderabad,Finance,Anjali Rao,Website,20-10-2025,42474.43,Open,Meeting,7
1974,CUST2974,Sandra Contreras,Hyderabad,Healthcare,Anjali Rao,Event,17-04-2026,76540.52,Lost,Meeting,5
1975,CUST2975,Glenn Stone,Mumbai,Healthcare,Anjali Rao,LinkedIn,13-12-2025,62304.99,Open,Email,2
1976,CUST2976,Lori Wilson,Chennai,Manufacturing,Kiran Das,Advertisement,14-08-2025,41978.05,Won,Phone,5
1977,CUST2977,Laurie Webb,Chennai,Manufacturing,Anjali Rao,Referral,06-11-2025,43470.13,Won,Phone,4
1978,CUST2978,Robert King,Chennai,Manufacturing,Kiran Das,LinkedIn,29-06-2025,72549.11,Open,Phone,7
1979,CUST2979,Jamie Martinez,Bangalore,Retail,Kiran Das,Referral,12-06-2026,65563.62,Open,Phone,8
1980,CUST2980,Steven Howard,Pune,Manufacturing,Priya Sharma,Event,06-02-2026,34907.23,Won,Phone,9
1981,CUST2981,Patricia Thompson,Pune,Healthcare,Anjali Rao,LinkedIn,24-06-2025,64604.59,Won,Meeting,4
1982,CUST2982,Jessica Parker,Chennai,Healthcare,Priya Sharma,Referral,19-04-2026,32374.14,Won,Meeting,5
1983,CUST2983,Edward Woods,Mumbai,Healthcare,Rahul Verma,Event,24-05-2026,95975.6,Won,Meeting,6
1984,CUST2984,James Choi,Delhi,Finance,Anjali Rao,Referral,07-04-2026,29508.48,Open,Email,6
1985,CUST2985,Michael Atkins,Hyderabad,Manufacturing,Priya Sharma,Referral,03-01-2026,49859.12,Won,Phone,5
1986,CUST2986,Arthur Ellis,Chennai,Finance,Kiran Das,Event,24-01-2026,87815.49,Open,Meeting,3
1987,CUST2987,Michele Pearson,Hyderabad,IT,Priya Sharma,Referral,09-12-2025,37598.2,Lost,Email,1
1988,CUST2988,April Hensley,Bangalore,Manufacturing,Rahul Verma,LinkedIn,26-10-2025,55651.78,Won,Email,5
1989,CUST2989,John Bennett,Bangalore,Manufacturing,Priya Sharma,LinkedIn,11-03-2026,19037.11,Won,Email,9
1990,CUST2990,Catherine Fisher,Delhi,Healthcare,Priya Sharma,Website,16-11-2025,57148.27,Open,Phone,9
1991,CUST2991,Sheila Galvan,Bangalore,Manufacturing,Priya Sharma,Advertisement,23-03-2026,52849.84,Lost,Phone,3
1992,CUST2992,Ryan White,Delhi,IT,Anjali Rao,Advertisement,04-04-2026,17848.28,Open,Phone,8
1993,CUST2993,Tara Evans,Hyderabad,IT,Rahul Verma,Website,30-01-2026,79990.97,Lost,Phone,8
1994,CUST2994,Andrew Diaz,Chennai,Retail,Anjali Rao,Advertisement,06-11-2025,36681.08,Won,Meeting,2
1995,CUST2995,April Wilson,Mumbai,IT,Priya Sharma,Event,30-01-2026,47025.43,Lost,Email,10
1996,CUST2996,Christopher Schultz,Mumbai,Manufacturing,Priya Sharma,Referral,11-04-2026,78231.58,Won,Email,5
1997,CUST2997,Zachary Camacho,Pune,Healthcare,Kiran Das,LinkedIn,19-11-2025,30868.25,Open,Meeting,8
1998,CUST2998,Mary Reese,Hyderabad,Retail,Kiran Das,Advertisement,10-11-2025,46901.93,Open,Meeting,9
1999,CUST2999,Gregory Johnson,Chennai,IT,Priya Sharma,Event,10-12-2025,85281.96,Lost,Meeting,10
2000,CUST3000,William Miller,Hyderabad,Healthcare,Anjali Rao,Website,12-03-2026,48577.19,Open,Meeting,8
2001,CUST3001,Susan Mccarty,Mumbai,IT,Kiran Das,Event,30-08-2025,10492.07,Lost,Phone,9
2002,CUST3002,Wesley Stone,Pune,Manufacturing,Anjali Rao,Website,20-06-2026,98501.21,Open,Phone,2
2003,CUST3003,Michael Hardy,Delhi,Retail,Kiran Das,Advertisement,24-01-2026,71149.83,Lost,Phone,6
2004,CUST3004,Blake Pittman,Bangalore,Retail,Kiran Das,LinkedIn,22-09-2025,33534.68,Open,Email,4
2005,CUST3005,Micheal Bullock,Delhi,Retail,Anjali Rao,Website,07-07-2025,6729.12,Open,Meeting,2
2006,CUST3006,Christopher Marsh,Bangalore,Healthcare,Rahul Verma,Website,16-04-2026,90889.18,Lost,Phone,1
2007,CUST3007,Lisa Adams,Delhi,Healthcare,Anjali Rao,LinkedIn,20-04-2026,48435.2,Won,Meeting,8
2008,CUST3008,Teresa Washington,Bangalore,Healthcare,Rahul Verma,Referral,17-01-2026,48182.93,Open,Meeting,10
2009,CUST3009,Kenneth Fisher,Mumbai,IT,Rahul Verma,LinkedIn,10-09-2025,39215.29,Won,Phone,10
2010,CUST3010,Molly Grant,Hyderabad,Manufacturing,Priya Sharma,Advertisement,27-06-2025,66112.4,Won,Meeting,8
2011,CUST3011,Jonathan Gutierrez,Chennai,Finance,Kiran Das,Event,06-10-2025,59749.18,Lost,Email,5
2012,CUST3012,Charles Terrell,Delhi,Retail,Rahul Verma,Website,05-11-2025,66168.07,Lost,Email,6
2013,CUST3013,Cody Carpenter,Pune,Finance,Anjali Rao,Advertisement,21-01-2026,94891.52,Lost,Meeting,1
2014,CUST3014,Mr. John Carroll,Bangalore,Retail,Rahul Verma,LinkedIn,28-06-2025,17207.95,Lost,Phone,1
2015,CUST3015,Michelle Carson,Pune,Retail,Kiran Das,Advertisement,22-07-2025,19325.75,Lost,Email,4
2016,CUST3016,Paige Nelson,Mumbai,Manufacturing,Rahul Verma,Referral,07-02-2026,11307.77,Open,Meeting,5
2017,CUST3017,Michael Galloway,Chennai,Manufacturing,Priya Sharma,LinkedIn,07-11-2025,90574.35,Lost,Email,6
2018,CUST3018,Jessica Fernandez,Bangalore,Finance,Anjali Rao,Website,30-09-2025,79571.34,Lost,Email,7
2019,CUST3019,Jason Burton,Delhi,Retail,Rahul Verma,Website,19-04-2026,56197.98,Won,Phone,7
2020,CUST3020,Mark Craig,Bangalore,Healthcare,Priya Sharma,Website,13-10-2025,23491.47,Lost,Email,7
2021,CUST3021,Ellen Chapman,Delhi,Manufacturing,Anjali Rao,Event,21-10-2025,64776.83,Open,Email,9
2022,CUST3022,Diana Chambers,Hyderabad,Retail,Kiran Das,Advertisement,06-08-2025,65233.49,Lost,Meeting,1
2023,CUST3023,Edward Little,Chennai,Finance,Anjali Rao,LinkedIn,26-07-2025,84618.3,Lost,Email,3
2024,CUST3024,Samuel Grimes,Pune,Retail,Priya Sharma,LinkedIn,05-02-2026,56603,Won,Meeting,7
2025,CUST3025,Heather Hughes,Pune,Retail,Anjali Rao,Event,21-06-2026,21073.63,Lost,Email,6
2026,CUST3026,Joseph Wilson,Hyderabad,Healthcare,Rahul Verma,Website,03-04-2026,91171.58,Open,Phone,10
2027,CUST3027,Wendy Jackson,Delhi,Retail,Anjali Rao,Website,13-06-2026,80449.21,Open,Meeting,4
2028,CUST3028,David Williamson,Pune,IT,Priya Sharma,LinkedIn,12-04-2026,36479.1,Open,Meeting,7
2029,CUST3029,Julie Barnett MD,Pune,Retail,Kiran Das,Website,23-11-2025,61781.66,Won,Phone,6
2030,CUST3030,Erica Wilson,Hyderabad,Manufacturing,Kiran Das,LinkedIn,26-12-2025,45003.55,Lost,Meeting,10
2031,CUST3031,Sydney Boyer,Delhi,IT,Rahul Verma,Website,30-06-2025,65826.78,Open,Email,6
2032,CUST3032,Alexander Stewart,Bangalore,Finance,Anjali Rao,LinkedIn,17-06-2026,58291.21,Open,Meeting,3
2033,CUST3033,Antonio Moore,Hyderabad,IT,Kiran Das,LinkedIn,26-01-2026,29463.77,Open,Email,6
2034,CUST3034,Laura Howe,Delhi,Healthcare,Priya Sharma,LinkedIn,04-10-2025,71652.14,Lost,Phone,4
2035,CUST3035,Travis Costa,Bangalore,Healthcare,Priya Sharma,Advertisement,08-03-2026,95101.68,Won,Email,6
2036,CUST3036,Charles Wilson,Delhi,Manufacturing,Rahul Verma,Advertisement,25-04-2026,66541.97,Lost,Phone,10
2037,CUST3037,Chad Burke,Hyderabad,Retail,Anjali Rao,Advertisement,14-02-2026,64716.42,Open,Email,8
2038,CUST3038,Casey Blevins,Chennai,Healthcare,Kiran Das,LinkedIn,17-02-2026,43065.97,Won,Meeting,4
2039,CUST3039,William Morales,Chennai,Manufacturing,Kiran Das,Website,09-12-2025,7943.01,Won,Phone,10
2040,CUST3040,Patricia Brock,Chennai,Healthcare,Kiran Das,Referral,17-02-2026,9863.44,Open,Email,8
2041,CUST3041,Kelsey Tran,Mumbai,IT,Kiran Das,Advertisement,14-09-2025,96230.56,Lost,Phone,10
2042,CUST3042,Kyle Whitaker,Delhi,Finance,Priya Sharma,LinkedIn,08-01-2026,34251.35,Open,Phone,5
2043,CUST3043,Francisco Clark,Pune,Healthcare,Rahul Verma,Advertisement,08-01-2026,33073.62,Open,Email,1
2044,CUST3044,Roberto Mahoney,Pune,Finance,Priya Sharma,Website,09-01-2026,73508.21,Open,Meeting,10
2045,CUST3045,Jackie Lewis,Hyderabad,Finance,Rahul Verma,LinkedIn,15-09-2025,44932.59,Won,Phone,1
2046,CUST3046,Jill Garcia,Mumbai,Healthcare,Anjali Rao,Advertisement,04-10-2025,33436.61,Lost,Meeting,6
2047,CUST3047,Paul Duran,Chennai,Finance,Priya Sharma,LinkedIn,08-01-2026,29550.48,Open,Phone,7
2048,CUST3048,Dean Landry,Pune,Healthcare,Anjali Rao,Referral,09-03-2026,83868.53,Open,Email,7
2049,CUST3049,Kristin Rodriguez,Mumbai,Healthcare,Priya Sharma,Event,15-06-2026,6866.29,Open,Meeting,3
2050,CUST3050,Richard Ingram,Chennai,Retail,Priya Sharma,Event,05-05-2026,68910.15,Won,Meeting,4
2051,CUST3051,Terrance Bradley,Hyderabad,Retail,Anjali Rao,Website,19-01-2026,94641.19,Lost,Phone,2
2052,CUST3052,Lucas Miller,Chennai,Manufacturing,Priya Sharma,Advertisement,28-12-2025,71829.84,Won,Meeting,4
2053,CUST3053,Phillip Ray,Pune,Manufacturing,Priya Sharma,Advertisement,31-07-2025,14168.14,Lost,Email,9
2054,CUST3054,Victoria Evans,Chennai,Finance,Anjali Rao,Referral,28-09-2025,50676.63,Open,Phone,8
2055,CUST3055,Victoria Flores,Pune,Manufacturing,Anjali Rao,Event,01-06-2026,9818.74,Lost,Phone,6
2056,CUST3056,Jennifer Powell,Delhi,Finance,Kiran Das,Advertisement,02-08-2025,49336.6,Won,Email,2
2057,CUST3057,Samuel Lee PhD,Mumbai,IT,Rahul Verma,Referral,16-07-2025,89717.84,Won,Meeting,7
2058,CUST3058,Madison Berry,Pune,Finance,Priya Sharma,Event,27-03-2026,32957.34,Lost,Meeting,1
2059,CUST3059,Tyler Walsh,Chennai,IT,Rahul Verma,Website,19-02-2026,35165.06,Won,Email,1
2060,CUST3060,Jessica Caldwell,Mumbai,Manufacturing,Anjali Rao,LinkedIn,23-04-2026,71734,Lost,Phone,6
2061,CUST3061,Gina Willis,Chennai,Finance,Kiran Das,Event,03-01-2026,11353.36,Lost,Email,5
2062,CUST3062,Roger Johnson,Bangalore,Healthcare,Priya Sharma,Event,24-08-2025,90833.82,Open,Meeting,9
2063,CUST3063,Donna Bowman PhD,Bangalore,Healthcare,Anjali Rao,Website,03-01-2026,35838.83,Won,Meeting,3
2064,CUST3064,Mark Graham,Mumbai,Finance,Priya Sharma,Event,17-03-2026,73718.74,Won,Email,9
2065,CUST3065,Shawn Ryan,Chennai,IT,Priya Sharma,LinkedIn,04-10-2025,90944.61,Won,Phone,8
2066,CUST3066,Ryan Jones,Chennai,Finance,Rahul Verma,Referral,05-02-2026,80467.86,Lost,Phone,2
2067,CUST3067,Adam Ramsey,Pune,Finance,Anjali Rao,LinkedIn,17-01-2026,26737.71,Open,Phone,4
2068,CUST3068,Miranda Lawson,Delhi,IT,Anjali Rao,LinkedIn,20-07-2025,50460.44,Open,Meeting,3
2069,CUST3069,Barbara Young,Bangalore,Retail,Anjali Rao,Website,10-05-2026,70885.68,Won,Phone,4
2070,CUST3070,Mark Clark,Pune,Healthcare,Kiran Das,Website,04-05-2026,55673.7,Open,Email,1
2071,CUST3071,Sarah Miller,Mumbai,Retail,Rahul Verma,LinkedIn,04-06-2026,45604.84,Open,Email,8
2072,CUST3072,Cindy Hicks,Hyderabad,Manufacturing,Priya Sharma,Website,07-02-2026,88037.37,Lost,Meeting,9
2073,CUST3073,Peter Delgado,Chennai,Healthcare,Rahul Verma,Referral,11-10-2025,40253,Open,Meeting,10
2074,CUST3074,Michael Sullivan,Bangalore,Healthcare,Rahul Verma,Advertisement,11-06-2026,79467.54,Won,Meeting,5
2075,CUST3075,Mrs. Marilyn Bell,Delhi,Finance,Anjali Rao,Referral,21-08-2025,64826.23,Open,Email,7
2076,CUST3076,Deborah Hoover,Chennai,Finance,Rahul Verma,Website,17-02-2026,87288.51,Open,Email,5
2077,CUST3077,Carmen Erickson,Bangalore,Finance,Anjali Rao,Advertisement,30-09-2025,7382.4,Won,Phone,5
2078,CUST3078,Caitlin King,Pune,Manufacturing,Anjali Rao,Referral,07-07-2025,99005.81,Open,Meeting,4
2079,CUST3079,Katelyn Phillips,Bangalore,Healthcare,Rahul Verma,Event,12-08-2025,75919.16,Won,Email,8
2080,CUST3080,Kimberly Anderson,Pune,Manufacturing,Anjali Rao,Event,12-09-2025,50027.66,Won,Phone,3
2081,CUST3081,April Williams,Hyderabad,Healthcare,Priya Sharma,Event,28-01-2026,57810.73,Lost,Phone,4
2082,CUST3082,Robert Mckay,Chennai,IT,Kiran Das,Referral,01-04-2026,62810.9,Won,Phone,6
2083,CUST3083,Maureen Dixon,Bangalore,Healthcare,Rahul Verma,Event,23-10-2025,5091.9,Open,Meeting,10
2084,CUST3084,Valerie Sanders,Bangalore,IT,Anjali Rao,Referral,24-06-2026,45807.73,Won,Email,10
2085,CUST3085,Gloria Ortega,Chennai,Manufacturing,Kiran Das,LinkedIn,16-01-2026,10093.13,Won,Meeting,10
2086,CUST3086,Christine Colon,Bangalore,IT,Anjali Rao,Referral,26-12-2025,86502.71,Open,Meeting,5
2087,CUST3087,Lisa Lyons,Chennai,Retail,Anjali Rao,Event,02-10-2025,47412.18,Lost,Phone,6
2088,CUST3088,Kristin Bowen,Pune,Finance,Anjali Rao,Event,25-12-2025,78149.55,Lost,Phone,10
2089,CUST3089,Levi Obrien,Bangalore,IT,Kiran Das,Event,27-08-2025,22403.76,Won,Email,8
2090,CUST3090,Donna Rogers,Chennai,Manufacturing,Priya Sharma,Event,30-01-2026,9393.68,Open,Email,10
2091,CUST3091,William Gonzalez,Hyderabad,Finance,Rahul Verma,LinkedIn,28-04-2026,49866.29,Lost,Email,8
2092,CUST3092,Albert Malone,Chennai,Retail,Anjali Rao,Event,17-07-2025,6693.1,Open,Email,3
2093,CUST3093,Joshua Allen,Bangalore,Healthcare,Rahul Verma,LinkedIn,14-09-2025,75801.97,Lost,Email,4
2094,CUST3094,Mrs. Jeanne Anderson DVM,Mumbai,Retail,Anjali Rao,Event,18-06-2026,42889.22,Won,Meeting,3
2095,CUST3095,Christina Thomas,Pune,Manufacturing,Anjali Rao,Website,10-08-2025,82885.52,Lost,Email,1
2096,CUST3096,Michael Perez,Chennai,IT,Anjali Rao,Referral,04-05-2026,30548.59,Lost,Phone,6
2097,CUST3097,Danny Pacheco,Delhi,Manufacturing,Anjali Rao,LinkedIn,21-01-2026,57552.66,Won,Email,10
2098,CUST3098,Tara Mcmahon,Pune,IT,Rahul Verma,LinkedIn,08-03-2026,75511.3,Won,Email,5
2099,CUST3099,Richard Reynolds,Pune,Manufacturing,Kiran Das,Advertisement,28-05-2026,17173.5,Open,Meeting,10
2100,CUST3100,Janice Walker,Bangalore,Retail,Kiran Das,LinkedIn,01-09-2025,67495.8,Won,Email,4
2101,CUST3101,Casey Hicks,Hyderabad,Manufacturing,Anjali Rao,Referral,23-07-2025,84650.54,Open,Meeting,4
2102,CUST3102,Sergio Marshall,Hyderabad,Manufacturing,Anjali Rao,Referral,03-12-2025,80121.57,Won,Phone,6
2103,CUST3103,Glen Castillo MD,Delhi,Healthcare,Kiran Das,Website,06-03-2026,32411.62,Open,Meeting,8
2104,CUST3104,Kimberly Maynard,Bangalore,IT,Priya Sharma,Website,23-07-2025,81021.74,Open,Email,10
2105,CUST3105,Gary Blair,Mumbai,Healthcare,Rahul Verma,Event,25-09-2025,69825.52,Open,Email,9
2106,CUST3106,Crystal Rodriguez,Mumbai,Healthcare,Kiran Das,LinkedIn,06-09-2025,46315.73,Open,Meeting,8
2107,CUST3107,Oscar Casey,Bangalore,Manufacturing,Rahul Verma,Website,12-09-2025,39018.8,Open,Email,3
2108,CUST3108,Jeffrey Kirk,Delhi,IT,Priya Sharma,LinkedIn,09-11-2025,98392.15,Won,Phone,3
2109,CUST3109,Gregory Smith,Hyderabad,Finance,Anjali Rao,Referral,10-02-2026,30344,Lost,Meeting,8
2110,CUST3110,Misty Schultz,Pune,Finance,Priya Sharma,Advertisement,27-08-2025,69745.6,Open,Meeting,6
2111,CUST3111,Mrs. Janet Hunter,Mumbai,Retail,Rahul Verma,LinkedIn,28-06-2025,23905.22,Lost,Email,5
2112,CUST3112,Alicia Fernandez,Bangalore,Retail,Anjali Rao,Website,08-04-2026,51107.69,Open,Meeting,8
2113,CUST3113,Jason Smith,Chennai,IT,Rahul Verma,LinkedIn,17-12-2025,97221.67,Open,Email,3
2114,CUST3114,Lauren Norris,Hyderabad,IT,Priya Sharma,Referral,04-05-2026,32502.88,Won,Email,3
2115,CUST3115,Sean Ross,Pune,Finance,Kiran Das,Referral,29-07-2025,40626.56,Won,Meeting,2
2116,CUST3116,Laura Hernandez,Bangalore,Finance,Anjali Rao,LinkedIn,21-06-2026,30324.86,Won,Phone,6
2117,CUST3117,Richard Jackson,Chennai,Retail,Kiran Das,Advertisement,05-11-2025,60185.88,Lost,Meeting,3
2118,CUST3118,Sherry Becker,Chennai,Manufacturing,Anjali Rao,Advertisement,28-05-2026,16934.25,Lost,Meeting,9
2119,CUST3119,Arthur Richardson,Hyderabad,Manufacturing,Kiran Das,LinkedIn,10-05-2026,22536.56,Won,Email,3
2120,CUST3120,Roger Mccall,Chennai,Healthcare,Priya Sharma,Referral,24-02-2026,93783.88,Open,Email,1
2121,CUST3121,William Ferguson,Delhi,IT,Priya Sharma,Referral,15-05-2026,81729.48,Won,Phone,1
2122,CUST3122,Dr. Jason Rios,Chennai,Manufacturing,Rahul Verma,Website,24-05-2026,14207.35,Lost,Email,7
2123,CUST3123,Robert Moreno,Bangalore,Manufacturing,Priya Sharma,LinkedIn,25-02-2026,28164.58,Won,Email,1
2124,CUST3124,Shelby Sandoval,Delhi,IT,Rahul Verma,Event,22-08-2025,22116.24,Open,Phone,5
2125,CUST3125,Christopher Ramirez,Hyderabad,Retail,Kiran Das,Referral,30-06-2025,36908.81,Open,Email,8
2126,CUST3126,Paul Powers,Hyderabad,Finance,Anjali Rao,Advertisement,10-03-2026,64320.09,Won,Email,5
2127,CUST3127,Chris Harris,Mumbai,Retail,Priya Sharma,Referral,10-03-2026,70512.12,Open,Meeting,10
2128,CUST3128,Kenneth Kelly,Delhi,Finance,Priya Sharma,Referral,09-01-2026,20842.46,Open,Email,6
2129,CUST3129,Jennifer Collier,Bangalore,IT,Priya Sharma,Referral,12-04-2026,17263.37,Lost,Email,2
2130,CUST3130,Laura Flores,Bangalore,IT,Priya Sharma,Website,26-05-2026,33651.43,Lost,Email,9
2131,CUST3131,Corey Durham,Mumbai,Finance,Rahul Verma,Event,18-05-2026,95118.84,Open,Email,4
2132,CUST3132,Lisa Hayes,Chennai,Manufacturing,Rahul Verma,Referral,07-12-2025,10446.07,Won,Email,9
2133,CUST3133,Jordan Farrell,Chennai,Retail,Rahul Verma,Referral,29-05-2026,66938.43,Lost,Meeting,3
2134,CUST3134,Joseph Edwards,Chennai,IT,Rahul Verma,Advertisement,21-08-2025,79024.23,Lost,Meeting,1
2135,CUST3135,Tyler Skinner,Pune,IT,Priya Sharma,LinkedIn,26-02-2026,81868,Lost,Email,7
2136,CUST3136,Ricardo Martin,Delhi,Retail,Kiran Das,LinkedIn,21-02-2026,12142.27,Lost,Phone,10
2137,CUST3137,Juan Davis,Pune,Retail,Anjali Rao,Event,23-08-2025,21395.64,Open,Email,2
2138,CUST3138,Chad Lopez,Mumbai,Manufacturing,Rahul Verma,Event,07-02-2026,52882.88,Open,Email,1
2139,CUST3139,Taylor Thomas,Bangalore,Finance,Kiran Das,Advertisement,17-02-2026,73783.8,Open,Email,9
2140,CUST3140,Daniel Perez,Chennai,Healthcare,Priya Sharma,Referral,13-07-2025,59848.54,Open,Meeting,9
2141,CUST3141,Susan Green,Bangalore,Healthcare,Rahul Verma,Advertisement,27-09-2025,8909.38,Won,Email,8
2142,CUST3142,Jennifer Taylor,Chennai,Finance,Anjali Rao,Advertisement,13-07-2025,57050.42,Won,Phone,8
2143,CUST3143,Robert Schmidt,Hyderabad,Healthcare,Anjali Rao,Website,27-01-2026,61823,Won,Phone,6
2144,CUST3144,Gregory Ryan,Mumbai,Finance,Rahul Verma,Advertisement,01-09-2025,16292.37,Open,Meeting,10
2145,CUST3145,Anna Hardin,Mumbai,Retail,Anjali Rao,Event,27-03-2026,27909.69,Won,Email,2
2146,CUST3146,Tanner Hall IV,Bangalore,Retail,Kiran Das,Event,30-12-2025,13208.28,Won,Email,10
2147,CUST3147,Timothy Vazquez,Hyderabad,Retail,Priya Sharma,Referral,12-11-2025,83220.57,Won,Email,8
2148,CUST3148,Jonathan Jackson,Pune,Finance,Anjali Rao,LinkedIn,16-11-2025,30231.29,Won,Phone,6
2149,CUST3149,Lori Ayers,Pune,Healthcare,Priya Sharma,Website,06-01-2026,93801.2,Lost,Email,4
2150,CUST3150,Jessica Oneal,Chennai,Manufacturing,Rahul Verma,Event,07-08-2025,57597.7,Lost,Phone,7
2151,CUST3151,Katherine Miller,Chennai,Retail,Kiran Das,Advertisement,14-07-2025,91519.48,Lost,Phone,9
2152,CUST3152,Ernest Burns,Bangalore,Finance,Rahul Verma,Event,14-02-2026,89233.88,Open,Meeting,1
2153,CUST3153,Eric Obrien,Delhi,Healthcare,Rahul Verma,LinkedIn,19-08-2025,5387.24,Won,Phone,9
2154,CUST3154,Kathy Shah,Bangalore,Manufacturing,Kiran Das,Advertisement,27-03-2026,95294.59,Lost,Phone,7
2155,CUST3155,Carolyn Lopez,Bangalore,Retail,Kiran Das,Website,09-05-2026,87609.54,Open,Meeting,2
2156,CUST3156,Marcia Wood,Delhi,Retail,Anjali Rao,Website,16-06-2026,37844.19,Lost,Phone,8
2157,CUST3157,Mercedes Tapia,Hyderabad,Retail,Kiran Das,LinkedIn,13-04-2026,79836.88,Lost,Meeting,2
2158,CUST3158,James Hawkins,Delhi,Manufacturing,Rahul Verma,Advertisement,12-03-2026,11516.45,Won,Phone,4
2159,CUST3159,Donna Barnes,Bangalore,IT,Anjali Rao,Event,19-01-2026,69873.67,Won,Email,8
2160,CUST3160,Amber Shaw,Mumbai,Retail,Priya Sharma,Advertisement,18-03-2026,10226.2,Lost,Phone,2
2161,CUST3161,Pamela Green,Delhi,IT,Rahul Verma,Referral,22-05-2026,27967.49,Open,Email,4
2162,CUST3162,Joshua Castro,Bangalore,Manufacturing,Kiran Das,Referral,02-04-2026,51462.61,Open,Meeting,10
2163,CUST3163,Sara Mitchell,Mumbai,Manufacturing,Kiran Das,Event,09-01-2026,67762.7,Won,Phone,5
2164,CUST3164,Audrey Brewer,Hyderabad,Finance,Anjali Rao,Advertisement,29-12-2025,77777.25,Lost,Phone,10
2165,CUST3165,Matthew Liu,Mumbai,Retail,Kiran Das,Referral,07-12-2025,17169.57,Won,Email,2
2166,CUST3166,Danielle Cohen DDS,Delhi,Finance,Kiran Das,Event,15-07-2025,33517.71,Lost,Email,9
2167,CUST3167,Kurt Brown,Mumbai,IT,Kiran Das,LinkedIn,17-01-2026,85411.71,Lost,Meeting,6
2168,CUST3168,Craig Stephens,Chennai,Healthcare,Anjali Rao,Event,12-07-2025,80625.54,Won,Meeting,2
2169,CUST3169,Edwin Fry,Pune,Healthcare,Rahul Verma,Referral,27-05-2026,28319.69,Lost,Phone,4
2170,CUST3170,Anna Horn,Hyderabad,Finance,Priya Sharma,LinkedIn,02-02-2026,54705.08,Won,Email,5
2171,CUST3171,Andrew Brown,Hyderabad,Manufacturing,Priya Sharma,Referral,11-09-2025,75235.24,Won,Phone,2
2172,CUST3172,Brandon Myers,Mumbai,Healthcare,Rahul Verma,Advertisement,02-02-2026,82824.17,Lost,Phone,3
2173,CUST3173,Ronald Sawyer,Mumbai,Manufacturing,Anjali Rao,Referral,04-04-2026,20460.22,Lost,Email,4
2174,CUST3174,Daniel Stanton,Mumbai,Finance,Kiran Das,Event,13-03-2026,63944,Lost,Meeting,8
2175,CUST3175,Stacy Drake,Pune,Healthcare,Rahul Verma,Website,29-08-2025,83084.95,Lost,Email,4
2176,CUST3176,Michael Parrish,Hyderabad,Healthcare,Anjali Rao,Advertisement,03-01-2026,39280.12,Lost,Meeting,1
2177,CUST3177,Donna Collins,Delhi,Finance,Priya Sharma,Referral,24-03-2026,20267.92,Won,Email,7
2178,CUST3178,Michael White,Chennai,Retail,Kiran Das,Event,14-08-2025,12243.06,Lost,Phone,10
2179,CUST3179,Douglas Ross,Pune,Finance,Rahul Verma,Advertisement,13-10-2025,45364.75,Won,Meeting,4
2180,CUST3180,Tanya Scott,Hyderabad,IT,Priya Sharma,LinkedIn,23-01-2026,14746.65,Open,Meeting,5
2181,CUST3181,Brandi Gonzales,Pune,Finance,Rahul Verma,Advertisement,24-10-2025,38495.23,Lost,Phone,8
2182,CUST3182,Alyssa Nichols,Mumbai,Finance,Kiran Das,Event,13-06-2026,91941.73,Open,Email,6
2183,CUST3183,Joshua Daniels,Mumbai,Retail,Anjali Rao,Event,23-05-2026,39591.48,Lost,Email,2
2184,CUST3184,Scott Nelson,Bangalore,Manufacturing,Kiran Das,Event,22-12-2025,66182.88,Open,Email,2
2185,CUST3185,Matthew Park,Mumbai,Retail,Anjali Rao,Advertisement,10-09-2025,83888.4,Lost,Phone,10
2186,CUST3186,Elizabeth Wright,Bangalore,Retail,Kiran Das,LinkedIn,25-10-2025,51133.9,Won,Email,4
2187,CUST3187,Dale Mullen,Bangalore,Retail,Kiran Das,LinkedIn,12-02-2026,23557.45,Won,Meeting,10
2188,CUST3188,Carlos West,Chennai,Retail,Kiran Das,Referral,14-11-2025,94978.64,Lost,Phone,9
2189,CUST3189,Thomas Estrada,Mumbai,Retail,Rahul Verma,Referral,23-12-2025,50856,Won,Phone,2
2190,CUST3190,Laura Mitchell,Hyderabad,IT,Kiran Das,Referral,05-05-2026,86867.88,Won,Phone,5
2191,CUST3191,Erica Maldonado,Pune,Retail,Anjali Rao,Website,10-02-2026,49946.93,Lost,Phone,9
2192,CUST3192,Danielle Cannon,Hyderabad,Healthcare,Rahul Verma,Event,27-04-2026,28228.72,Open,Email,6
2193,CUST3193,Jimmy Watson,Pune,IT,Rahul Verma,Event,12-09-2025,73509.78,Won,Email,9
2194,CUST3194,Bruce Thompson,Bangalore,Manufacturing,Rahul Verma,Event,17-11-2025,61660.47,Lost,Email,5
2195,CUST3195,Louis Ramirez,Chennai,Healthcare,Rahul Verma,LinkedIn,03-06-2026,89399.39,Lost,Email,9
2196,CUST3196,Stephanie Carrillo,Hyderabad,Manufacturing,Anjali Rao,Advertisement,09-05-2026,67322.37,Open,Meeting,8
2197,CUST3197,Tony White,Mumbai,IT,Priya Sharma,LinkedIn,13-12-2025,69737.71,Open,Email,1
2198,CUST3198,Melissa Graham,Mumbai,Healthcare,Kiran Das,Advertisement,16-01-2026,69257.64,Open,Meeting,8
2199,CUST3199,Samantha Murray,Mumbai,Finance,Kiran Das,Advertisement,19-10-2025,5212.98,Open,Meeting,4
2200,CUST3200,Maria Flores,Delhi,Retail,Anjali Rao,Advertisement,15-11-2025,38865,Won,Meeting,5
2201,CUST3201,Daniel White,Chennai,IT,Anjali Rao,Referral,09-06-2026,98049.81,Open,Meeting,2
2202,CUST3202,Deborah Calderon,Pune,Finance,Anjali Rao,Event,04-10-2025,86304,Lost,Meeting,8
2203,CUST3203,Christopher Bradley,Hyderabad,Finance,Rahul Verma,Referral,13-11-2025,69268.82,Lost,Meeting,6
2204,CUST3204,Katherine Thompson,Chennai,Healthcare,Kiran Das,Advertisement,19-06-2026,32735.83,Open,Email,9
2205,CUST3205,Jennifer Watson,Delhi,Finance,Priya Sharma,LinkedIn,03-08-2025,57192.64,Open,Email,2
2206,CUST3206,Trevor Martinez,Pune,Healthcare,Priya Sharma,Advertisement,16-10-2025,37687.16,Lost,Email,4
2207,CUST3207,Cindy Johns,Bangalore,Manufacturing,Kiran Das,Event,29-12-2025,21964.8,Lost,Meeting,6
2208,CUST3208,Denise Hernandez,Hyderabad,Healthcare,Rahul Verma,LinkedIn,21-03-2026,67234.87,Won,Meeting,9
2209,CUST3209,Emily Mcguire,Mumbai,Healthcare,Rahul Verma,LinkedIn,20-10-2025,81819.81,Open,Email,8
2210,CUST3210,Robert Lopez,Hyderabad,IT,Anjali Rao,Event,26-08-2025,20649.04,Lost,Meeting,4
2211,CUST3211,Jennifer Freeman,Chennai,Manufacturing,Rahul Verma,LinkedIn,24-06-2026,57869.35,Lost,Meeting,7
2212,CUST3212,Abigail White,Chennai,Retail,Kiran Das,Event,03-04-2026,56048.5,Won,Phone,3
2213,CUST3213,Tracey Hamilton,Pune,Retail,Kiran Das,Event,05-02-2026,57866.33,Won,Phone,4
2214,CUST3214,Cynthia Randall,Mumbai,IT,Rahul Verma,Referral,26-01-2026,46565.67,Won,Phone,6
2215,CUST3215,Alejandro Mueller,Bangalore,Finance,Anjali Rao,Website,07-06-2026,11618.72,Lost,Meeting,5
2216,CUST3216,Christian Larson,Pune,IT,Kiran Das,Referral,27-04-2026,65887.77,Won,Meeting,9
2217,CUST3217,Nicolas Harper,Bangalore,Healthcare,Priya Sharma,Referral,17-06-2026,40723.23,Lost,Email,4
2218,CUST3218,Edward Ward,Chennai,IT,Kiran Das,Referral,27-07-2025,38305.93,Lost,Phone,8
2219,CUST3219,Linda Hernandez,Hyderabad,Manufacturing,Rahul Verma,LinkedIn,23-05-2026,54899.86,Lost,Meeting,3
2220,CUST3220,Lacey Martinez,Bangalore,IT,Anjali Rao,Advertisement,12-01-2026,22919.2,Lost,Meeting,1
2221,CUST3221,Dennis Weiss,Mumbai,Manufacturing,Rahul Verma,LinkedIn,17-02-2026,63546.15,Lost,Email,5
2222,CUST3222,Jose Little,Delhi,Manufacturing,Priya Sharma,Event,21-10-2025,52217.01,Won,Meeting,8
2223,CUST3223,Marisa Thompson,Bangalore,Retail,Priya Sharma,Website,15-08-2025,83715.53,Won,Phone,6
2224,CUST3224,Jacob Dean PhD,Bangalore,Retail,Anjali Rao,LinkedIn,14-10-2025,97563.25,Open,Phone,8
2225,CUST3225,Jeffrey Stewart,Delhi,Finance,Kiran Das,Referral,03-01-2026,83746.02,Won,Phone,4
2226,CUST3226,Daniel Bishop,Mumbai,Retail,Kiran Das,Event,14-09-2025,58415.08,Won,Phone,8
2227,CUST3227,Jonathan Collins,Bangalore,Manufacturing,Anjali Rao,Event,15-01-2026,5805.81,Won,Phone,2
2228,CUST3228,Michele King,Chennai,Healthcare,Kiran Das,Advertisement,11-10-2025,93858.1,Lost,Phone,9
2229,CUST3229,Patricia Garza,Chennai,Finance,Anjali Rao,Website,29-03-2026,44105.87,Won,Email,7
2230,CUST3230,Hannah Johnson,Delhi,IT,Priya Sharma,Event,06-03-2026,88342.36,Open,Email,7
2231,CUST3231,James Taylor,Bangalore,IT,Rahul Verma,LinkedIn,05-06-2026,79030.58,Won,Phone,10
2232,CUST3232,Carl Ryan,Delhi,Retail,Priya Sharma,LinkedIn,05-06-2026,17554.7,Lost,Phone,5
2233,CUST3233,Ashley Bowen,Delhi,Manufacturing,Kiran Das,Advertisement,03-01-2026,35230.15,Open,Email,4
2234,CUST3234,Phillip Boyd,Bangalore,IT,Kiran Das,LinkedIn,29-09-2025,22319.78,Won,Phone,2
2235,CUST3235,Alyssa Stevens,Mumbai,Retail,Kiran Das,Website,17-07-2025,23686.52,Lost,Email,6
2236,CUST3236,Nicholas Lutz,Chennai,IT,Kiran Das,Event,01-12-2025,47793.49,Lost,Meeting,1
2237,CUST3237,Paula Cooper,Hyderabad,Finance,Kiran Das,LinkedIn,11-07-2025,80527.81,Open,Phone,7
2238,CUST3238,Jessica Hudson,Bangalore,Healthcare,Priya Sharma,Website,21-08-2025,46912.98,Lost,Phone,5
2239,CUST3239,Laurie Gray,Hyderabad,Finance,Kiran Das,LinkedIn,25-07-2025,93027.49,Lost,Email,10
2240,CUST3240,Paul Hancock,Delhi,Finance,Rahul Verma,Website,23-06-2026,99660.78,Won,Email,9
2241,CUST3241,Linda Davis,Chennai,Finance,Priya Sharma,Advertisement,09-08-2025,81175.95,Open,Meeting,8
2242,CUST3242,Debbie Monroe,Delhi,IT,Anjali Rao,LinkedIn,20-02-2026,80757.64,Lost,Phone,7
2243,CUST3243,Jacqueline Nunez,Bangalore,Retail,Rahul Verma,LinkedIn,12-08-2025,29104.63,Won,Phone,9
2244,CUST3244,Brian Wu,Chennai,Healthcare,Rahul Verma,Website,14-06-2026,79238.12,Open,Phone,4
2245,CUST3245,Shane Clarke,Chennai,Manufacturing,Anjali Rao,LinkedIn,14-07-2025,60738.4,Lost,Meeting,1
2246,CUST3246,Samantha Roberts,Hyderabad,Healthcare,Priya Sharma,Referral,07-05-2026,17770.71,Open,Email,5
2247,CUST3247,Bethany Mullins,Chennai,Manufacturing,Anjali Rao,Referral,03-05-2026,79821.67,Open,Email,3
2248,CUST3248,Patrick Walsh,Hyderabad,Healthcare,Kiran Das,Website,08-08-2025,54335.39,Won,Email,4
2249,CUST3249,Jacob Mueller,Mumbai,Manufacturing,Anjali Rao,Event,03-01-2026,68022.84,Open,Phone,3
2250,CUST3250,Sandra Mejia,Chennai,Manufacturing,Rahul Verma,Website,28-02-2026,84167.75,Lost,Email,7
2251,CUST3251,Timothy Brown,Chennai,Healthcare,Kiran Das,Referral,25-08-2025,63862.22,Won,Meeting,2
2252,CUST3252,Melissa Myers,Bangalore,Finance,Rahul Verma,LinkedIn,17-05-2026,6885.87,Lost,Email,9
2253,CUST3253,Michael Caldwell,Pune,Finance,Kiran Das,Event,18-07-2025,64671.18,Won,Phone,3
2254,CUST3254,Kelly Davis,Delhi,Manufacturing,Priya Sharma,Advertisement,11-05-2026,28939.19,Won,Phone,10
2255,CUST3255,Michael Lee,Delhi,Healthcare,Rahul Verma,LinkedIn,25-04-2026,30419.79,Lost,Meeting,7
2256,CUST3256,Jeffrey Davis,Chennai,Finance,Priya Sharma,Website,23-02-2026,31889.48,Open,Phone,3
2257,CUST3257,Adam Berg,Chennai,IT,Anjali Rao,Website,07-01-2026,87599.26,Open,Phone,9
2258,CUST3258,Suzanne Anderson,Delhi,Finance,Priya Sharma,Website,23-03-2026,21684.26,Open,Phone,5
2259,CUST3259,Christina Greene,Hyderabad,IT,Rahul Verma,Website,27-02-2026,95712.72,Won,Email,7
2260,CUST3260,Krista Weiss,Delhi,IT,Kiran Das,Advertisement,16-04-2026,69822.38,Won,Email,8
2261,CUST3261,Amy Hamilton,Chennai,Manufacturing,Priya Sharma,Advertisement,29-12-2025,96911.81,Lost,Meeting,7
2262,CUST3262,Alicia Kelly,Chennai,IT,Anjali Rao,Advertisement,29-04-2026,64741.54,Open,Meeting,9
2263,CUST3263,Sara Jordan,Hyderabad,Manufacturing,Kiran Das,Event,12-02-2026,85736.32,Won,Email,3
2264,CUST3264,Johnathan Jenkins,Mumbai,Retail,Rahul Verma,Referral,19-10-2025,13931.76,Open,Email,8
2265,CUST3265,Leah Booker,Bangalore,Manufacturing,Kiran Das,Advertisement,29-12-2025,36043.97,Open,Email,1
2266,CUST3266,Pamela Molina,Delhi,IT,Rahul Verma,Advertisement,13-07-2025,76964.94,Won,Phone,9
2267,CUST3267,Renee Castaneda,Bangalore,Manufacturing,Priya Sharma,Advertisement,13-12-2025,5746.25,Lost,Email,8
2268,CUST3268,Kenneth Smith,Pune,Manufacturing,Priya Sharma,LinkedIn,18-06-2026,97662.9,Lost,Email,7
2269,CUST3269,Diana Nicholson,Delhi,Retail,Kiran Das,Event,22-09-2025,71824.45,Lost,Email,3
2270,CUST3270,Leslie Smith,Delhi,Manufacturing,Priya Sharma,Event,27-06-2025,75751.12,Open,Meeting,9
2271,CUST3271,Dawn Villarreal,Delhi,Retail,Priya Sharma,LinkedIn,01-04-2026,25918.7,Won,Phone,10
2272,CUST3272,Katherine Collins,Mumbai,Retail,Priya Sharma,LinkedIn,21-10-2025,65686.33,Lost,Meeting,4
2273,CUST3273,David Brown,Mumbai,IT,Anjali Rao,Advertisement,13-04-2026,33897.96,Won,Phone,6
2274,CUST3274,Elizabeth Wagner,Pune,Healthcare,Kiran Das,Advertisement,14-03-2026,23452.59,Open,Meeting,2
2275,CUST3275,Stephanie Terry,Delhi,Manufacturing,Anjali Rao,Website,01-01-2026,73257.67,Open,Phone,3
2276,CUST3276,Kelly Chan,Chennai,Retail,Kiran Das,Website,09-05-2026,75495.69,Open,Email,8
2277,CUST3277,Gary Cantu,Pune,Healthcare,Rahul Verma,LinkedIn,09-03-2026,21850.3,Lost,Meeting,9
2278,CUST3278,Julia Sweeney,Mumbai,Finance,Anjali Rao,LinkedIn,02-01-2026,22661.22,Open,Meeting,6
2279,CUST3279,Natalie Christensen,Pune,IT,Kiran Das,Website,11-03-2026,80718.3,Lost,Meeting,4
2280,CUST3280,Mark Alvarado,Delhi,Healthcare,Anjali Rao,LinkedIn,08-07-2025,48433.13,Won,Meeting,7
2281,CUST3281,Hannah Hall,Hyderabad,Manufacturing,Anjali Rao,Referral,09-09-2025,18016.45,Open,Email,4
2282,CUST3282,Mathew Savage,Bangalore,Healthcare,Anjali Rao,Advertisement,27-07-2025,37934.74,Won,Meeting,3
2283,CUST3283,Matthew Rodriguez,Chennai,Healthcare,Anjali Rao,Website,25-01-2026,44105.57,Won,Meeting,10
2284,CUST3284,Wanda Campbell,Pune,Healthcare,Priya Sharma,Referral,09-05-2026,37472.65,Lost,Email,9
2285,CUST3285,Dylan Meyers,Hyderabad,Retail,Anjali Rao,Advertisement,09-02-2026,91153.47,Lost,Email,2
2286,CUST3286,Steven Houston,Pune,Healthcare,Rahul Verma,LinkedIn,21-04-2026,76391.4,Open,Phone,4
2287,CUST3287,Leah Hart,Chennai,Healthcare,Rahul Verma,Advertisement,05-04-2026,59589.4,Won,Meeting,8
2288,CUST3288,Jessica Williams,Chennai,Finance,Priya Sharma,Advertisement,22-01-2026,88364.57,Open,Meeting,4
2289,CUST3289,John Sanders DDS,Chennai,IT,Kiran Das,Advertisement,16-12-2025,55985.52,Open,Phone,9
2290,CUST3290,Emily Freeman,Mumbai,Finance,Rahul Verma,Event,18-12-2025,55529.86,Lost,Phone,6
2291,CUST3291,Jacob Hamilton,Delhi,Manufacturing,Rahul Verma,Advertisement,06-09-2025,19326.44,Won,Meeting,3
2292,CUST3292,Sylvia Abbott,Pune,Manufacturing,Rahul Verma,Referral,29-01-2026,72819.65,Open,Phone,6
2293,CUST3293,Jason Ferguson,Mumbai,Healthcare,Priya Sharma,Referral,25-12-2025,30043.92,Open,Email,6
2294,CUST3294,Mr. Daniel Cook,Chennai,Healthcare,Anjali Rao,Referral,30-07-2025,43676.6,Open,Meeting,8
2295,CUST3295,Bridget Shields,Hyderabad,Finance,Kiran Das,Referral,10-12-2025,27629.36,Open,Email,3
2296,CUST3296,Andrea Moore,Hyderabad,Retail,Anjali Rao,Event,29-07-2025,90448.2,Lost,Email,7
2297,CUST3297,Gregory Keller,Bangalore,Finance,Anjali Rao,Advertisement,07-05-2026,41751.06,Won,Email,9
2298,CUST3298,Dawn Randall,Hyderabad,Finance,Anjali Rao,Referral,16-01-2026,30998.88,Won,Phone,9
2299,CUST3299,Tara Carter,Delhi,IT,Rahul Verma,LinkedIn,06-04-2026,83271.94,Lost,Phone,7
2300,CUST3300,Sarah Delacruz,Mumbai,IT,Kiran Das,Event,05-05-2026,19446.39,Open,Email,5
2301,CUST3301,Traci Webster,Chennai,Finance,Priya Sharma,Event,12-11-2025,46901.85,Won,Email,7
2302,CUST3302,Sarah Bush,Mumbai,Retail,Kiran Das,Advertisement,06-03-2026,20806.47,Won,Meeting,9
2303,CUST3303,Alexis Mejia,Bangalore,Finance,Kiran Das,LinkedIn,26-01-2026,62400.76,Lost,Email,8
2304,CUST3304,Emily Thomas,Mumbai,Finance,Kiran Das,Event,05-07-2025,76374.25,Won,Email,4
2305,CUST3305,Dwayne Foster,Delhi,Healthcare,Anjali Rao,Website,13-10-2025,40458.17,Open,Phone,7
2306,CUST3306,Jennifer Wright,Bangalore,Healthcare,Rahul Verma,LinkedIn,16-12-2025,62190.24,Won,Meeting,3
2307,CUST3307,Matthew Miller,Mumbai,Finance,Kiran Das,LinkedIn,10-05-2026,34493.9,Won,Email,5
2308,CUST3308,Tracey Myers,Hyderabad,IT,Priya Sharma,Website,27-06-2025,62608.89,Won,Phone,6
2309,CUST3309,Julia Bauer,Mumbai,Finance,Anjali Rao,Referral,05-02-2026,92793.69,Open,Meeting,7
2310,CUST3310,Anthony Neal,Chennai,IT,Anjali Rao,Website,23-05-2026,29352.83,Won,Phone,7
2311,CUST3311,Michael Taylor,Delhi,Retail,Kiran Das,LinkedIn,14-12-2025,21751.12,Won,Meeting,8
2312,CUST3312,Tony Morgan,Hyderabad,Healthcare,Priya Sharma,Advertisement,15-10-2025,49283.48,Won,Meeting,9
2313,CUST3313,Jonathan Moore,Chennai,Manufacturing,Anjali Rao,Website,10-02-2026,65541.14,Open,Meeting,8
2314,CUST3314,Rebecca Simmons,Pune,Finance,Priya Sharma,Referral,13-11-2025,85609.88,Won,Meeting,4
2315,CUST3315,Maria White,Mumbai,Retail,Kiran Das,LinkedIn,28-12-2025,34854.73,Won,Email,9
2316,CUST3316,Connie Larson,Bangalore,Manufacturing,Priya Sharma,LinkedIn,15-03-2026,91369.9,Open,Meeting,5
2317,CUST3317,Jo Barton,Pune,IT,Priya Sharma,Event,14-09-2025,10135.36,Open,Phone,6
2318,CUST3318,Ryan Campbell,Mumbai,Finance,Anjali Rao,Referral,30-04-2026,83426.83,Lost,Email,7
2319,CUST3319,Blake Mccullough,Delhi,Healthcare,Anjali Rao,Event,18-11-2025,70823.94,Open,Email,1
2320,CUST3320,Melissa Phillips,Mumbai,Finance,Kiran Das,LinkedIn,18-09-2025,32406.02,Won,Email,4
2321,CUST3321,John Boyd,Delhi,Manufacturing,Anjali Rao,Event,24-08-2025,38077.49,Lost,Meeting,6
2322,CUST3322,Theresa Austin,Mumbai,Retail,Anjali Rao,Advertisement,13-08-2025,5961.34,Won,Meeting,9
2323,CUST3323,Kenneth Garcia,Chennai,Healthcare,Priya Sharma,Event,28-05-2026,95357.87,Open,Email,5
2324,CUST3324,Lee Barker DVM,Pune,Retail,Rahul Verma,LinkedIn,21-07-2025,64100.41,Open,Phone,1
2325,CUST3325,Chad Black,Chennai,Manufacturing,Kiran Das,Advertisement,09-10-2025,95471.37,Won,Meeting,3
2326,CUST3326,Sabrina Frost,Bangalore,Finance,Kiran Das,Event,13-04-2026,20585.68,Open,Email,5
2327,CUST3327,Thomas Taylor,Delhi,Manufacturing,Priya Sharma,Advertisement,26-09-2025,90560.98,Open,Meeting,2
2328,CUST3328,Teresa Cabrera,Chennai,Finance,Rahul Verma,LinkedIn,13-12-2025,74810.18,Open,Meeting,7
2329,CUST3329,Christopher Martinez,Pune,Finance,Kiran Das,LinkedIn,06-09-2025,62779.52,Lost,Meeting,4
2330,CUST3330,Kenneth Hicks,Chennai,Manufacturing,Rahul Verma,LinkedIn,07-08-2025,76643.2,Lost,Meeting,7
2331,CUST3331,Sean Scott,Chennai,Manufacturing,Priya Sharma,Advertisement,25-03-2026,9376.7,Lost,Phone,4
2332,CUST3332,Zachary Kemp,Pune,Finance,Kiran Das,Advertisement,28-07-2025,18185.39,Won,Email,2
2333,CUST3333,Andrew Gonzales,Bangalore,Healthcare,Anjali Rao,Advertisement,13-06-2026,56699.97,Won,Email,4
2334,CUST3334,Maureen Brown,Bangalore,Retail,Priya Sharma,Website,15-10-2025,49144.39,Lost,Phone,8
2335,CUST3335,Ian Hanna,Chennai,IT,Priya Sharma,Website,26-02-2026,28358.39,Open,Phone,9
2336,CUST3336,Allison Warren,Chennai,Retail,Priya Sharma,Website,04-02-2026,6671.54,Won,Meeting,6
2337,CUST3337,Derek Sanchez,Mumbai,IT,Rahul Verma,LinkedIn,11-10-2025,47607.17,Lost,Phone,4
2338,CUST3338,Timothy Nelson,Bangalore,Finance,Anjali Rao,LinkedIn,11-05-2026,32620.34,Lost,Phone,2
2339,CUST3339,Francisco Ortiz,Chennai,Retail,Kiran Das,Advertisement,11-01-2026,60581.41,Won,Phone,5
2340,CUST3340,Autumn Rogers,Delhi,Finance,Priya Sharma,Event,17-11-2025,7245.67,Open,Meeting,5
2341,CUST3341,Melissa Bauer,Bangalore,Manufacturing,Anjali Rao,Advertisement,21-07-2025,97195.91,Open,Phone,6
2342,CUST3342,Wendy Mason,Chennai,Manufacturing,Kiran Das,LinkedIn,15-02-2026,91441.25,Open,Phone,2
2343,CUST3343,Paula Kennedy,Pune,IT,Kiran Das,Advertisement,10-06-2026,96111.55,Open,Email,4
2344,CUST3344,Christina Schneider,Mumbai,Finance,Kiran Das,Referral,06-11-2025,53475.4,Won,Phone,1
2345,CUST3345,Madeline Williams,Hyderabad,Manufacturing,Priya Sharma,Event,12-04-2026,13962.13,Open,Email,3
2346,CUST3346,Marcia Morrison,Pune,IT,Kiran Das,Event,17-08-2025,87098.02,Lost,Email,6
2347,CUST3347,Kathleen Chavez,Delhi,IT,Rahul Verma,Advertisement,30-11-2025,80398.97,Won,Email,5
2348,CUST3348,Tiffany Bradley,Pune,Retail,Anjali Rao,Referral,11-01-2026,71198.25,Open,Email,10
2349,CUST3349,Daniel Wells,Delhi,IT,Priya Sharma,Referral,02-11-2025,26938.05,Won,Meeting,9
2350,CUST3350,Jessica Phelps,Delhi,Retail,Rahul Verma,Referral,20-10-2025,27223.07,Open,Meeting,2
2351,CUST3351,Ryan Kim,Delhi,Finance,Kiran Das,Website,24-07-2025,78762.63,Won,Email,7
2352,CUST3352,April Gonzalez,Pune,Manufacturing,Anjali Rao,LinkedIn,08-05-2026,64194.86,Lost,Phone,1
2353,CUST3353,Judith Curtis,Delhi,IT,Priya Sharma,Referral,27-05-2026,14569.45,Open,Phone,2
2354,CUST3354,Robert Fry,Hyderabad,Finance,Anjali Rao,Referral,14-03-2026,61561.26,Won,Email,3
2355,CUST3355,Scott Hicks,Hyderabad,IT,Priya Sharma,Website,28-01-2026,92302.36,Won,Email,9
2356,CUST3356,David Whitaker,Mumbai,IT,Kiran Das,LinkedIn,18-09-2025,11959.62,Lost,Phone,1
2357,CUST3357,Benjamin Salazar,Delhi,Finance,Kiran Das,Referral,26-06-2025,7420.35,Lost,Meeting,7
2358,CUST3358,Taylor Barker,Pune,Finance,Anjali Rao,Website,02-05-2026,11391.67,Lost,Phone,1
2359,CUST3359,Tricia Powers,Delhi,Healthcare,Priya Sharma,Advertisement,25-06-2025,58445.84,Open,Email,4
2360,CUST3360,Jean Roberts,Hyderabad,IT,Priya Sharma,Referral,15-01-2026,78725.56,Open,Phone,7
2361,CUST3361,Sherry Long,Mumbai,Manufacturing,Kiran Das,Website,14-09-2025,24352.75,Open,Email,4
2362,CUST3362,Elizabeth Stephenson,Delhi,Manufacturing,Kiran Das,LinkedIn,11-09-2025,35230.4,Open,Meeting,2
2363,CUST3363,Brandon Preston,Bangalore,Retail,Priya Sharma,Advertisement,21-11-2025,71586.6,Open,Email,6
2364,CUST3364,Deborah Smith,Delhi,Healthcare,Priya Sharma,LinkedIn,25-09-2025,78042.23,Open,Email,9
2365,CUST3365,Mr. Thomas Barnes DVM,Pune,IT,Kiran Das,Event,29-04-2026,79262.28,Won,Meeting,4
2366,CUST3366,Seth Allison,Bangalore,Healthcare,Anjali Rao,Referral,26-04-2026,38755.41,Open,Phone,9
2367,CUST3367,Joan Brown,Pune,Retail,Priya Sharma,Referral,01-06-2026,38814.81,Lost,Meeting,3
2368,CUST3368,Robert Ramos,Mumbai,Healthcare,Kiran Das,Referral,04-10-2025,71812.47,Open,Meeting,1
2369,CUST3369,Ryan Holmes,Mumbai,Manufacturing,Kiran Das,LinkedIn,30-08-2025,27970.82,Open,Meeting,3
2370,CUST3370,Kerri Morgan,Bangalore,Manufacturing,Rahul Verma,LinkedIn,04-06-2026,76230.93,Lost,Meeting,9
2371,CUST3371,Becky Potter,Hyderabad,Healthcare,Anjali Rao,Advertisement,21-03-2026,57520.69,Open,Email,9
2372,CUST3372,Zachary Black,Delhi,Healthcare,Anjali Rao,LinkedIn,19-03-2026,55131.54,Lost,Phone,3
2373,CUST3373,Cody Williams,Bangalore,Manufacturing,Anjali Rao,Website,16-11-2025,44576.6,Won,Phone,7
2374,CUST3374,Charles Brown,Delhi,IT,Priya Sharma,Referral,26-08-2025,57540.84,Open,Email,5
2375,CUST3375,Robert Smith,Hyderabad,Manufacturing,Kiran Das,Referral,26-04-2026,15006.03,Open,Phone,6
2376,CUST3376,Matthew Griffin,Bangalore,IT,Priya Sharma,Advertisement,13-02-2026,9529.79,Lost,Email,4
2377,CUST3377,Angela Lamb,Hyderabad,Finance,Priya Sharma,Referral,17-01-2026,98728.64,Won,Meeting,6
2378,CUST3378,Rachael Cooper,Hyderabad,IT,Anjali Rao,Event,29-07-2025,64552.72,Won,Phone,2
2379,CUST3379,Michael Thompson,Delhi,Finance,Priya Sharma,Referral,23-09-2025,45566.64,Open,Email,5
2380,CUST3380,Katherine Solomon,Hyderabad,Manufacturing,Priya Sharma,Event,09-07-2025,93699.87,Open,Email,10
2381,CUST3381,Nicole Hill,Hyderabad,Retail,Kiran Das,Event,27-08-2025,68034.55,Won,Phone,3
2382,CUST3382,Michael Bradley,Hyderabad,Retail,Anjali Rao,Website,21-01-2026,62840.27,Won,Phone,6
2383,CUST3383,Kimberly Martinez,Bangalore,Retail,Kiran Das,Referral,23-05-2026,77295.59,Won,Meeting,7
2384,CUST3384,Diane Ortega,Mumbai,IT,Kiran Das,Advertisement,21-06-2026,53272.2,Won,Phone,1
2385,CUST3385,Jennifer Lopez,Hyderabad,Manufacturing,Priya Sharma,Event,06-12-2025,53114.66,Open,Email,8
2386,CUST3386,Kenneth Peterson,Pune,Healthcare,Rahul Verma,Event,17-12-2025,16562.04,Open,Meeting,8
2387,CUST3387,Collin Becker,Pune,Finance,Anjali Rao,Advertisement,17-12-2025,21006.81,Open,Email,8
2388,CUST3388,Samantha Chan,Hyderabad,IT,Rahul Verma,Event,22-11-2025,20197.21,Won,Phone,7
2389,CUST3389,Matthew Bailey,Mumbai,Manufacturing,Rahul Verma,Event,05-07-2025,95614.24,Lost,Meeting,8
2390,CUST3390,Amber King,Delhi,Retail,Kiran Das,Event,04-10-2025,60321.59,Won,Email,9
2391,CUST3391,Ann Nelson,Chennai,Healthcare,Rahul Verma,Referral,18-04-2026,13977.84,Open,Email,3
2392,CUST3392,Eric Richards,Hyderabad,IT,Priya Sharma,Referral,25-06-2025,58583.44,Lost,Meeting,7
2393,CUST3393,Sarah Davenport,Hyderabad,IT,Priya Sharma,Website,10-02-2026,59432.35,Won,Meeting,2
2394,CUST3394,Emily Calhoun,Bangalore,Manufacturing,Priya Sharma,Website,18-07-2025,6862.5,Lost,Email,1
2395,CUST3395,Mr. Christopher Mckay,Pune,Finance,Anjali Rao,LinkedIn,14-06-2026,53973.42,Lost,Email,4
2396,CUST3396,Tyler Gilbert,Chennai,Finance,Priya Sharma,Website,29-03-2026,27267.53,Open,Meeting,7
2397,CUST3397,Andrew Wu,Delhi,Manufacturing,Rahul Verma,Event,07-12-2025,56811.6,Lost,Phone,6
2398,CUST3398,James Harvey,Delhi,Healthcare,Anjali Rao,Website,29-12-2025,83905.48,Open,Phone,2
2399,CUST3399,Charles Kane,Hyderabad,IT,Rahul Verma,Event,08-04-2026,89936.37,Lost,Phone,10
2400,CUST3400,Tammy Sharp,Mumbai,Finance,Rahul Verma,Referral,29-11-2025,37410.17,Won,Meeting,9
2401,CUST3401,Erin Barrett,Delhi,IT,Rahul Verma,Event,04-10-2025,5664.98,Lost,Email,2
2402,CUST3402,Robert Johnson,Chennai,IT,Priya Sharma,Event,08-04-2026,81624.55,Lost,Meeting,3
2403,CUST3403,Donna Sanchez,Mumbai,Manufacturing,Anjali Rao,Event,26-04-2026,52284.2,Lost,Email,5
2404,CUST3404,Mary Lara,Bangalore,IT,Kiran Das,Event,05-04-2026,42595.8,Lost,Email,9
2405,CUST3405,Teresa Watson,Delhi,IT,Priya Sharma,Referral,02-04-2026,14288.51,Open,Meeting,10
2406,CUST3406,James Lynch,Bangalore,Manufacturing,Priya Sharma,LinkedIn,28-09-2025,59154.66,Open,Meeting,10
2407,CUST3407,Robert Phillips,Pune,Retail,Rahul Verma,Referral,10-03-2026,83776.8,Won,Email,8
2408,CUST3408,Stephen Watkins,Chennai,Healthcare,Kiran Das,Advertisement,19-04-2026,21107.92,Won,Email,9
2409,CUST3409,Brian Dunlap,Bangalore,Finance,Kiran Das,Referral,10-09-2025,83877.19,Won,Phone,3
2410,CUST3410,Barbara Wagner,Hyderabad,Healthcare,Rahul Verma,Advertisement,10-04-2026,41402.69,Open,Meeting,4
2411,CUST3411,Derek Medina,Pune,Finance,Anjali Rao,LinkedIn,18-05-2026,30588.22,Won,Email,1
2412,CUST3412,Brent Brown,Chennai,IT,Kiran Das,LinkedIn,29-10-2025,27966.66,Lost,Meeting,4
2413,CUST3413,Meghan Ross,Hyderabad,Healthcare,Kiran Das,Advertisement,15-05-2026,41824.84,Won,Phone,6
2414,CUST3414,Emily Griffin,Delhi,Manufacturing,Anjali Rao,Referral,05-07-2025,69433.23,Lost,Phone,4
2415,CUST3415,Beth Williams,Bangalore,Retail,Anjali Rao,Event,10-03-2026,33387.07,Won,Phone,2
2416,CUST3416,Larry Lee,Bangalore,Finance,Priya Sharma,Event,15-09-2025,51874.81,Lost,Phone,3
2417,CUST3417,Jerry Maldonado,Hyderabad,Retail,Anjali Rao,Event,09-03-2026,84659.44,Won,Email,2
2418,CUST3418,Sara Duarte,Mumbai,Manufacturing,Priya Sharma,Website,16-12-2025,64303.47,Won,Email,1
2419,CUST3419,William Lucas,Mumbai,IT,Priya Sharma,Event,02-04-2026,57434.98,Open,Email,1
2420,CUST3420,Travis Rush,Bangalore,Retail,Anjali Rao,Referral,22-07-2025,85094.11,Won,Email,3
2421,CUST3421,Mrs. Donna Davis,Hyderabad,Finance,Priya Sharma,Referral,11-02-2026,17386.95,Lost,Meeting,5
2422,CUST3422,Troy Martinez,Mumbai,Healthcare,Priya Sharma,Referral,22-12-2025,12299.39,Open,Email,10
2423,CUST3423,Natalie Lamb,Hyderabad,IT,Anjali Rao,LinkedIn,27-09-2025,70785.53,Lost,Email,7
2424,CUST3424,Latoya Sanders,Delhi,Finance,Kiran Das,Referral,03-06-2026,15530.86,Open,Meeting,7
2425,CUST3425,Joseph Barnett,Pune,IT,Rahul Verma,Referral,12-02-2026,88530.87,Open,Meeting,5
2426,CUST3426,Todd Wright,Pune,Healthcare,Priya Sharma,LinkedIn,06-09-2025,88986.14,Open,Phone,6
2427,CUST3427,Mary Robinson,Chennai,Retail,Anjali Rao,Referral,04-07-2025,8404.83,Won,Email,9
2428,CUST3428,David Bryant,Bangalore,Retail,Kiran Das,Advertisement,26-09-2025,31585.25,Won,Meeting,8
2429,CUST3429,Eugene Brown,Chennai,Healthcare,Anjali Rao,Advertisement,02-06-2026,18159.52,Lost,Email,2
2430,CUST3430,Tyler Johnson,Chennai,IT,Anjali Rao,LinkedIn,04-02-2026,78539.68,Won,Meeting,4
2431,CUST3431,Jennifer Ramirez,Bangalore,IT,Kiran Das,LinkedIn,09-03-2026,53020.34,Won,Meeting,10
2432,CUST3432,Shawn Brown,Chennai,Finance,Priya Sharma,Advertisement,20-08-2025,43279.52,Open,Meeting,8
2433,CUST3433,Jeremy Richardson,Delhi,Healthcare,Rahul Verma,Referral,09-11-2025,32565.64,Lost,Phone,5
2434,CUST3434,Stefanie Williams,Bangalore,IT,Rahul Verma,Event,25-12-2025,57554.51,Open,Email,2
2435,CUST3435,Mackenzie Morris,Bangalore,Retail,Kiran Das,LinkedIn,07-06-2026,19841.82,Lost,Email,3
2436,CUST3436,Amber Montgomery,Mumbai,IT,Priya Sharma,Website,12-06-2026,9116.71,Lost,Meeting,10
2437,CUST3437,Phillip Cabrera,Delhi,Retail,Priya Sharma,Event,24-06-2026,35904.96,Lost,Email,8
2438,CUST3438,Mark Owens,Mumbai,Finance,Anjali Rao,LinkedIn,12-04-2026,13962.51,Won,Meeting,1
2439,CUST3439,Christina Smith,Chennai,Healthcare,Rahul Verma,Event,05-11-2025,9262.06,Lost,Email,6
2440,CUST3440,Paula Wood,Bangalore,IT,Rahul Verma,Website,20-09-2025,16155.68,Won,Phone,2
2441,CUST3441,Alexandra Herrera,Mumbai,Healthcare,Anjali Rao,LinkedIn,30-04-2026,42831.99,Lost,Email,4
2442,CUST3442,Christopher Villegas,Mumbai,Manufacturing,Kiran Das,Referral,12-03-2026,99167.16,Won,Meeting,10
2443,CUST3443,Andrew Carroll,Hyderabad,IT,Priya Sharma,Event,28-04-2026,81359.03,Open,Email,5
2444,CUST3444,Gordon Brown,Chennai,Healthcare,Anjali Rao,Referral,15-12-2025,60529.67,Won,Phone,8
2445,CUST3445,Kevin Grant,Pune,Healthcare,Kiran Das,Referral,02-06-2026,69367.92,Lost,Meeting,1
2446,CUST3446,Tracy Reyes,Pune,IT,Rahul Verma,LinkedIn,28-10-2025,15095.25,Open,Meeting,1
2447,CUST3447,Frances Gomez,Chennai,Manufacturing,Priya Sharma,Advertisement,18-12-2025,54139.04,Open,Email,7
2448,CUST3448,Kathryn Jacobs,Bangalore,Retail,Anjali Rao,Advertisement,10-07-2025,48020.19,Won,Meeting,4
2449,CUST3449,Katherine Garcia,Hyderabad,Healthcare,Kiran Das,Event,12-08-2025,31518.55,Open,Meeting,5
2450,CUST3450,William Brown,Bangalore,Healthcare,Priya Sharma,LinkedIn,19-08-2025,99081.69,Lost,Email,1
2451,CUST3451,Alexis Lee,Mumbai,IT,Rahul Verma,Website,13-01-2026,53685.01,Open,Phone,2
2452,CUST3452,Tracy Andrews,Chennai,Healthcare,Rahul Verma,Advertisement,20-06-2026,94451.65,Open,Meeting,3
2453,CUST3453,Jenna Little,Hyderabad,Manufacturing,Priya Sharma,Event,31-03-2026,66512.13,Lost,Phone,5
2454,CUST3454,Tyler Bishop,Bangalore,Healthcare,Kiran Das,Referral,12-05-2026,74629.07,Open,Meeting,5
2455,CUST3455,Krystal Sanchez,Mumbai,Finance,Kiran Das,Website,02-12-2025,45337.39,Lost,Phone,5
2456,CUST3456,Kristi Grant,Pune,Manufacturing,Priya Sharma,Referral,22-08-2025,88598.05,Open,Email,2
2457,CUST3457,Shawn Arias,Chennai,IT,Kiran Das,Website,03-09-2025,24386.43,Lost,Phone,10
2458,CUST3458,Annette Leach,Chennai,Retail,Kiran Das,Website,28-07-2025,49201.88,Open,Phone,4
2459,CUST3459,Eric Wang,Bangalore,Retail,Priya Sharma,LinkedIn,29-04-2026,69519.23,Lost,Meeting,6
2460,CUST3460,Stephen Butler,Pune,IT,Rahul Verma,Event,01-04-2026,22423.78,Won,Email,4
2461,CUST3461,Leah Dyer,Pune,Retail,Rahul Verma,Event,29-10-2025,54567.09,Open,Meeting,5
2462,CUST3462,Joseph Johnson,Chennai,Retail,Kiran Das,Referral,30-11-2025,90645.5,Won,Email,8
2463,CUST3463,Tamara Hart,Delhi,Finance,Kiran Das,Event,21-09-2025,58002.56,Won,Phone,2
2464,CUST3464,Tyler Allison,Pune,Healthcare,Priya Sharma,Website,17-11-2025,62580.82,Won,Meeting,10
2465,CUST3465,Andre Gonzalez,Delhi,IT,Priya Sharma,Website,30-03-2026,82403.73,Open,Meeting,1
2466,CUST3466,Joshua Cooper,Pune,Healthcare,Rahul Verma,Website,11-01-2026,59920.36,Lost,Email,8
2467,CUST3467,Samuel Kirby,Hyderabad,Retail,Anjali Rao,LinkedIn,28-05-2026,34239.27,Lost,Phone,6
2468,CUST3468,Aaron Dunn,Pune,IT,Rahul Verma,Referral,06-07-2025,37879.35,Lost,Email,5
2469,CUST3469,Shannon Lewis,Chennai,Finance,Anjali Rao,Advertisement,11-01-2026,58024.73,Lost,Meeting,4
2470,CUST3470,Cathy Baldwin,Bangalore,Finance,Priya Sharma,Website,04-06-2026,55012.16,Lost,Email,8
2471,CUST3471,Kenneth Burke,Bangalore,Finance,Rahul Verma,Advertisement,08-12-2025,71032.15,Won,Meeting,8
2472,CUST3472,Michelle Elliott,Bangalore,Finance,Rahul Verma,Event,03-04-2026,55771.16,Open,Phone,5
2473,CUST3473,Donna Christensen,Hyderabad,Finance,Priya Sharma,Website,26-08-2025,98559.95,Open,Meeting,4
2474,CUST3474,David Mercado,Delhi,Retail,Rahul Verma,Advertisement,20-07-2025,74694.57,Lost,Email,5
2475,CUST3475,Jodi Burns,Pune,Finance,Anjali Rao,Advertisement,04-05-2026,63935.87,Lost,Phone,1
2476,CUST3476,Amanda Mcdaniel,Hyderabad,Retail,Priya Sharma,Website,08-08-2025,77096.71,Lost,Meeting,4
2477,CUST3477,Matthew Garcia,Pune,IT,Kiran Das,Website,25-12-2025,57345.02,Open,Meeting,7
2478,CUST3478,Kimberly Butler,Hyderabad,Retail,Anjali Rao,Advertisement,08-07-2025,43682.49,Open,Meeting,1
2479,CUST3479,Omar Foster,Hyderabad,IT,Kiran Das,Website,07-10-2025,27765.15,Won,Meeting,2
2480,CUST3480,Raymond Sanders,Hyderabad,Healthcare,Kiran Das,Website,30-06-2025,14256.12,Lost,Meeting,2
2481,CUST3481,Jennifer Taylor MD,Hyderabad,Healthcare,Anjali Rao,LinkedIn,24-07-2025,91445.59,Lost,Phone,4
2482,CUST3482,Stephen Oliver,Delhi,Finance,Kiran Das,Website,09-07-2025,88179.13,Open,Meeting,7
2483,CUST3483,Charles Tucker,Mumbai,Manufacturing,Rahul Verma,Website,16-03-2026,27051.21,Lost,Email,5
2484,CUST3484,Kimberly Griffin,Delhi,IT,Rahul Verma,Website,28-04-2026,85570.11,Won,Phone,1
2485,CUST3485,Amanda Donovan,Mumbai,Manufacturing,Anjali Rao,Referral,09-03-2026,34300.2,Won,Phone,8
2486,CUST3486,Thomas Nguyen,Delhi,Retail,Priya Sharma,Event,26-08-2025,32098.86,Won,Meeting,5
2487,CUST3487,Allen Lara,Pune,Healthcare,Priya Sharma,Referral,17-06-2026,47339.18,Open,Meeting,9
2488,CUST3488,Robert Trujillo,Mumbai,Healthcare,Anjali Rao,Advertisement,07-02-2026,74734.45,Lost,Phone,7
2489,CUST3489,Amanda Harris,Mumbai,Healthcare,Kiran Das,Event,12-04-2026,9721,Won,Phone,8
2490,CUST3490,Karen Rosales,Bangalore,IT,Anjali Rao,Event,06-04-2026,42291.6,Won,Phone,5
2491,CUST3491,Cassandra Vaughn,Chennai,Healthcare,Anjali Rao,Website,22-06-2026,26450.96,Lost,Email,6
2492,CUST3492,Kimberly Manning,Delhi,Finance,Rahul Verma,Event,15-07-2025,61967.93,Open,Meeting,9
2493,CUST3493,Joseph Harris,Bangalore,IT,Rahul Verma,Event,18-11-2025,85066.18,Lost,Phone,3
2494,CUST3494,Scott Ramos,Bangalore,Healthcare,Rahul Verma,Advertisement,18-10-2025,81695.03,Won,Email,9
2495,CUST3495,Sherri Dennis,Bangalore,Finance,Priya Sharma,Referral,03-12-2025,25359.17,Won,Meeting,4
2496,CUST3496,Jason Davis,Chennai,IT,Priya Sharma,LinkedIn,25-06-2025,73691.61,Lost,Email,2
2497,CUST3497,Sara Williams,Delhi,Manufacturing,Kiran Das,Website,26-01-2026,78423.33,Lost,Email,3
2498,CUST3498,Joanna Morales,Pune,Manufacturing,Priya Sharma,Event,22-01-2026,32201.88,Lost,Meeting,9
2499,CUST3499,Fred Alexander,Pune,IT,Kiran Das,Website,11-10-2025,19177.64,Lost,Meeting,7
2500,CUST3500,Regina Thompson,Bangalore,Healthcare,Anjali Rao,Website,27-05-2026,34052.8,Lost,Meeting,9
2501,CUST3501,Steven Reynolds,Pune,IT,Priya Sharma,Website,24-04-2026,46952.18,Open,Email,3
2502,CUST3502,Christopher Goodwin MD,Mumbai,Retail,Kiran Das,Advertisement,22-09-2025,45830.38,Won,Email,1
2503,CUST3503,Jesse Gilbert,Pune,IT,Rahul Verma,Referral,12-02-2026,89580.38,Won,Email,5
2504,CUST3504,Wesley Andrade,Hyderabad,IT,Kiran Das,Website,05-07-2025,41172.72,Open,Email,5
2505,CUST3505,Michael Parker,Mumbai,Finance,Anjali Rao,Referral,24-05-2026,67212.71,Won,Email,2
2506,CUST3506,Lauren Beasley,Mumbai,Healthcare,Anjali Rao,Website,09-09-2025,81986.83,Open,Meeting,6
2507,CUST3507,Tanya Johnson,Chennai,Retail,Anjali Rao,LinkedIn,06-05-2026,88868.06,Won,Phone,3
2508,CUST3508,David Walker,Chennai,IT,Priya Sharma,LinkedIn,09-10-2025,75591.86,Lost,Meeting,8
2509,CUST3509,Rebecca Lam,Chennai,Finance,Priya Sharma,Event,18-04-2026,36377.74,Lost,Email,6
2510,CUST3510,Steven Jarvis,Chennai,Healthcare,Kiran Das,Advertisement,01-01-2026,82367.83,Open,Email,1
2511,CUST3511,Jason Bennett,Chennai,Finance,Rahul Verma,Advertisement,26-05-2026,28285.05,Lost,Email,4
2512,CUST3512,Dr. Joseph Davenport,Mumbai,Retail,Priya Sharma,Website,28-11-2025,19758.66,Won,Meeting,3
2513,CUST3513,Erin Nichols,Pune,Manufacturing,Kiran Das,Event,22-08-2025,47160.49,Open,Phone,7
2514,CUST3514,Barbara Salazar,Delhi,Retail,Rahul Verma,LinkedIn,10-05-2026,28365.01,Lost,Meeting,6
2515,CUST3515,Rhonda Patel,Bangalore,IT,Rahul Verma,Advertisement,08-04-2026,13067.7,Won,Meeting,6
2516,CUST3516,Lisa Walker,Hyderabad,Finance,Kiran Das,Website,09-06-2026,36248.01,Lost,Phone,3
2517,CUST3517,Charles Sanchez,Chennai,Finance,Kiran Das,Website,03-12-2025,76200.2,Won,Phone,7
2518,CUST3518,Sean Howard,Hyderabad,Finance,Anjali Rao,Advertisement,22-02-2026,35262,Won,Phone,6
2519,CUST3519,Joseph Ward,Chennai,IT,Kiran Das,Website,06-01-2026,53944.2,Open,Email,4
2520,CUST3520,Cindy Riddle,Chennai,IT,Rahul Verma,Referral,03-09-2025,20405.14,Won,Meeting,7
2521,CUST3521,David Mays,Bangalore,Finance,Rahul Verma,Website,29-05-2026,14062.34,Lost,Phone,8
2522,CUST3522,Heather Ball,Delhi,Retail,Rahul Verma,LinkedIn,01-03-2026,70769.72,Lost,Meeting,6
2523,CUST3523,Philip Ramirez,Hyderabad,Retail,Priya Sharma,Advertisement,14-12-2025,48424.22,Open,Email,7
2524,CUST3524,Dakota Lowery,Chennai,Manufacturing,Anjali Rao,LinkedIn,09-07-2025,48580.64,Open,Meeting,9
2525,CUST3525,Tammy Torres,Pune,Finance,Priya Sharma,Advertisement,30-08-2025,85876.86,Open,Email,10
2526,CUST3526,Jason Brown,Hyderabad,Healthcare,Kiran Das,Advertisement,09-03-2026,82918.34,Won,Meeting,8
2527,CUST3527,Tony Rivera,Hyderabad,IT,Rahul Verma,Referral,25-06-2025,29499.73,Lost,Meeting,5
2528,CUST3528,Lisa Mitchell,Mumbai,Retail,Anjali Rao,Website,31-07-2025,88950.74,Open,Phone,6
2529,CUST3529,Angela Pena,Hyderabad,IT,Priya Sharma,Advertisement,01-12-2025,53321.02,Lost,Phone,9
2530,CUST3530,Mrs. April Young,Mumbai,IT,Kiran Das,LinkedIn,06-07-2025,99556.1,Won,Email,5
2531,CUST3531,Brent White,Pune,Manufacturing,Kiran Das,LinkedIn,23-09-2025,82455.36,Open,Meeting,8
2532,CUST3532,Andrea Flores,Mumbai,Retail,Kiran Das,Advertisement,03-08-2025,17598.71,Lost,Meeting,3
2533,CUST3533,Brianna Jones,Delhi,Finance,Rahul Verma,Website,01-09-2025,18742.29,Won,Email,4
2534,CUST3534,Ashley Martinez,Delhi,Manufacturing,Kiran Das,LinkedIn,18-09-2025,64859.05,Open,Phone,8
2535,CUST3535,Amy Pitts,Mumbai,Healthcare,Rahul Verma,Advertisement,01-02-2026,17846.32,Won,Phone,5
2536,CUST3536,James Mcgrath,Bangalore,Finance,Kiran Das,Referral,26-01-2026,71605.18,Won,Email,9
2537,CUST3537,Jennifer Mitchell,Pune,Finance,Rahul Verma,Event,30-01-2026,41507.56,Open,Meeting,2
2538,CUST3538,Michael Fritz,Chennai,Finance,Anjali Rao,Event,01-03-2026,49282.04,Won,Phone,3
2539,CUST3539,Susan Taylor,Pune,Healthcare,Kiran Das,Referral,14-05-2026,70627.17,Lost,Phone,2
2540,CUST3540,Darren Thomas,Pune,IT,Rahul Verma,LinkedIn,10-07-2025,84049.47,Open,Phone,7
2541,CUST3541,Melissa Ramirez,Chennai,Healthcare,Anjali Rao,Advertisement,05-09-2025,98116.19,Lost,Phone,3
2542,CUST3542,Francis Miller,Chennai,IT,Rahul Verma,Event,10-11-2025,69404.86,Won,Phone,5
2543,CUST3543,Crystal Snyder,Delhi,IT,Kiran Das,Website,22-11-2025,17143.64,Lost,Email,2
2544,CUST3544,Derek Conner,Bangalore,Finance,Rahul Verma,Website,23-11-2025,63953.74,Won,Phone,3
2545,CUST3545,Julia Hawkins,Bangalore,IT,Rahul Verma,Referral,08-12-2025,31842.64,Open,Phone,10
2546,CUST3546,Catherine Ruiz,Delhi,Finance,Rahul Verma,LinkedIn,15-05-2026,28850.91,Open,Meeting,2
2547,CUST3547,Nathan Smith,Mumbai,IT,Anjali Rao,Website,23-12-2025,72645.62,Won,Meeting,10
2548,CUST3548,Claudia Johnson,Delhi,Finance,Rahul Verma,Event,26-12-2025,33870.36,Open,Phone,3
2549,CUST3549,Kaitlyn Booth,Chennai,Retail,Priya Sharma,Referral,17-11-2025,94531.9,Lost,Phone,6
2550,CUST3550,Steven Pitts,Bangalore,Manufacturing,Kiran Das,Event,27-06-2025,30776.27,Lost,Meeting,4
2551,CUST3551,Christopher Hampton,Hyderabad,Finance,Priya Sharma,Advertisement,09-07-2025,66572.15,Open,Phone,8
2552,CUST3552,Ariana Gonzalez,Pune,IT,Priya Sharma,Advertisement,23-09-2025,81857.05,Won,Meeting,7
2553,CUST3553,Austin Kaufman,Bangalore,Finance,Priya Sharma,Event,23-12-2025,50614.04,Open,Phone,2
2554,CUST3554,Lisa Walter,Delhi,Manufacturing,Kiran Das,Website,11-11-2025,14813.27,Lost,Meeting,4
2555,CUST3555,Mark Smith,Mumbai,Finance,Kiran Das,Event,25-09-2025,34509.6,Open,Meeting,4
2556,CUST3556,Emily Davis,Chennai,Finance,Anjali Rao,Advertisement,30-10-2025,71650.66,Won,Email,4
2557,CUST3557,Angela Lucas,Pune,Finance,Priya Sharma,LinkedIn,26-11-2025,37686.13,Lost,Phone,10
2558,CUST3558,Matthew Stewart,Mumbai,IT,Rahul Verma,Advertisement,27-06-2025,52561.89,Won,Email,9
2559,CUST3559,Tyrone Bradley MD,Chennai,Healthcare,Rahul Verma,Website,06-11-2025,39892.51,Open,Email,8
2560,CUST3560,John Sanchez,Delhi,Manufacturing,Rahul Verma,LinkedIn,04-03-2026,74165.71,Open,Email,7
2561,CUST3561,Danielle Roman,Hyderabad,Retail,Anjali Rao,Referral,10-11-2025,28371.89,Lost,Phone,6
2562,CUST3562,Benjamin Meyers,Bangalore,Healthcare,Priya Sharma,Website,27-10-2025,66900.92,Won,Email,10
2563,CUST3563,Jason Mendoza,Hyderabad,Finance,Kiran Das,Event,18-10-2025,5022.58,Lost,Phone,6
2564,CUST3564,Curtis Young,Delhi,Retail,Anjali Rao,Advertisement,18-12-2025,19099.02,Open,Phone,8
2565,CUST3565,Erin Lucas,Pune,Finance,Anjali Rao,LinkedIn,06-02-2026,43414.7,Lost,Meeting,9
2566,CUST3566,Jennifer Hanson,Mumbai,IT,Rahul Verma,Advertisement,01-12-2025,90398.31,Won,Meeting,3
2567,CUST3567,Lisa Wilson,Delhi,Healthcare,Anjali Rao,Event,08-03-2026,83321.13,Lost,Email,7
2568,CUST3568,John Hernandez,Hyderabad,Healthcare,Anjali Rao,Advertisement,16-07-2025,67626.82,Won,Meeting,7
2569,CUST3569,Zachary Barrera,Hyderabad,Healthcare,Rahul Verma,Event,01-09-2025,74957.9,Lost,Email,6
2570,CUST3570,Brittany Collins,Hyderabad,Healthcare,Anjali Rao,Website,11-07-2025,49361.93,Open,Meeting,9
2571,CUST3571,Kristy Williams,Mumbai,Finance,Kiran Das,Referral,02-07-2025,71200.52,Lost,Meeting,9
2572,CUST3572,Christopher Greene,Chennai,Finance,Priya Sharma,Advertisement,09-07-2025,83543.22,Open,Meeting,2
2573,CUST3573,Thomas Williams,Delhi,IT,Priya Sharma,Advertisement,09-04-2026,40740.72,Won,Meeting,7
2574,CUST3574,Raymond Bolton,Pune,Healthcare,Anjali Rao,Advertisement,18-04-2026,91562.1,Open,Email,6
2575,CUST3575,Steven Beard,Pune,Manufacturing,Anjali Rao,Event,09-07-2025,53063.74,Won,Meeting,1
2576,CUST3576,Jennifer Harper,Bangalore,IT,Anjali Rao,Advertisement,27-03-2026,12486.06,Open,Email,3
2577,CUST3577,Robert Medina,Mumbai,Manufacturing,Kiran Das,Referral,28-12-2025,76479.91,Won,Meeting,6
2578,CUST3578,Kaitlyn Wilson,Bangalore,Manufacturing,Kiran Das,Website,07-06-2026,99145.83,Won,Phone,9
2579,CUST3579,Melissa Kelly,Delhi,IT,Priya Sharma,Referral,18-07-2025,98773.5,Open,Phone,1
2580,CUST3580,Rebecca Smith PhD,Pune,Manufacturing,Priya Sharma,Referral,07-04-2026,25550.78,Won,Email,9
2581,CUST3581,Laura Wright,Delhi,Manufacturing,Kiran Das,Website,09-06-2026,17442.49,Open,Phone,3
2582,CUST3582,James Manning,Pune,Retail,Anjali Rao,Website,29-12-2025,41050.92,Lost,Email,5
2583,CUST3583,Samantha Dawson,Bangalore,Manufacturing,Priya Sharma,Advertisement,23-12-2025,57901.81,Won,Meeting,2
2584,CUST3584,Rodney Wright,Bangalore,IT,Anjali Rao,Advertisement,01-04-2026,68788.68,Won,Phone,6
2585,CUST3585,Ashley Bryan,Pune,Manufacturing,Kiran Das,Advertisement,05-11-2025,51990.11,Won,Meeting,4
2586,CUST3586,Jerry Cole,Pune,Healthcare,Rahul Verma,Advertisement,15-05-2026,98300.59,Lost,Phone,9
2587,CUST3587,Nathaniel Gomez,Mumbai,Healthcare,Priya Sharma,Advertisement,01-10-2025,74117.94,Won,Email,5
2588,CUST3588,Bradley Jackson,Hyderabad,IT,Kiran Das,LinkedIn,28-09-2025,29819.02,Open,Meeting,4
2589,CUST3589,Kathleen Rivers,Pune,IT,Rahul Verma,Website,26-03-2026,68509.78,Won,Email,5
2590,CUST3590,Eric Olsen,Chennai,IT,Anjali Rao,Referral,03-02-2026,69134,Lost,Meeting,6
2591,CUST3591,Leslie Khan,Delhi,Manufacturing,Anjali Rao,LinkedIn,13-09-2025,16495.25,Won,Meeting,10
2592,CUST3592,Stanley Cuevas,Delhi,Finance,Priya Sharma,Advertisement,13-05-2026,7446.43,Open,Email,5
2593,CUST3593,Jack Johnson,Chennai,Finance,Rahul Verma,LinkedIn,21-11-2025,22647.71,Open,Phone,1
2594,CUST3594,Brooke Sanders,Hyderabad,Healthcare,Priya Sharma,Advertisement,11-01-2026,69808.98,Lost,Meeting,4
2595,CUST3595,Amanda Nelson,Mumbai,Retail,Priya Sharma,LinkedIn,19-04-2026,47232.96,Open,Email,1
2596,CUST3596,Brandon Armstrong,Bangalore,IT,Rahul Verma,Event,19-04-2026,48761.6,Open,Phone,1
2597,CUST3597,James Daniels,Bangalore,IT,Priya Sharma,Event,22-07-2025,85962.7,Won,Email,2
2598,CUST3598,Christopher Robinson,Bangalore,Healthcare,Kiran Das,LinkedIn,16-05-2026,51260.21,Open,Meeting,10
2599,CUST3599,Devin White,Mumbai,Healthcare,Priya Sharma,Event,11-11-2025,54338.5,Won,Phone,3
2600,CUST3600,Jonathan Williams,Mumbai,Manufacturing,Kiran Das,Website,05-09-2025,30953.78,Won,Phone,1
2601,CUST3601,Tristan Solomon,Bangalore,Healthcare,Priya Sharma,Website,21-01-2026,16473.64,Lost,Phone,5
2602,CUST3602,Sergio Beck,Hyderabad,Retail,Rahul Verma,LinkedIn,16-05-2026,98574.47,Won,Email,10
2603,CUST3603,Janet King,Chennai,Retail,Kiran Das,Event,27-07-2025,48871.66,Won,Meeting,6
2604,CUST3604,William Cortez,Pune,Healthcare,Rahul Verma,Event,21-03-2026,31674.8,Lost,Email,5
2605,CUST3605,Melissa Adams,Pune,Retail,Rahul Verma,Event,01-02-2026,19025.64,Won,Email,7
2606,CUST3606,Karen Martinez,Bangalore,Healthcare,Rahul Verma,Website,03-08-2025,45898.55,Open,Meeting,2
2607,CUST3607,Peter Middleton,Chennai,IT,Anjali Rao,Advertisement,03-01-2026,24287.98,Open,Email,5
2608,CUST3608,Amy Young,Mumbai,Healthcare,Kiran Das,Referral,18-08-2025,49974.77,Won,Meeting,9
2609,CUST3609,Lucas Roth,Chennai,Healthcare,Priya Sharma,LinkedIn,21-07-2025,50162.49,Won,Meeting,6
2610,CUST3610,Michelle Meyers,Pune,Retail,Rahul Verma,Website,28-05-2026,16886.96,Lost,Email,9
2611,CUST3611,Kenneth Brown,Bangalore,Manufacturing,Anjali Rao,Referral,19-06-2026,44192.46,Won,Email,4
2612,CUST3612,Michael Patel PhD,Delhi,Retail,Rahul Verma,Advertisement,18-02-2026,62697.85,Lost,Phone,2
2613,CUST3613,Jose Foley,Delhi,Retail,Rahul Verma,Advertisement,01-01-2026,86602.87,Lost,Email,6
2614,CUST3614,Dustin Crawford,Chennai,Healthcare,Rahul Verma,LinkedIn,18-11-2025,78903.49,Lost,Email,7
2615,CUST3615,Luke Burnett,Pune,IT,Anjali Rao,LinkedIn,13-02-2026,95071.98,Won,Email,5
2616,CUST3616,Todd Nelson,Chennai,Manufacturing,Rahul Verma,Website,26-03-2026,55956.26,Lost,Meeting,3
2617,CUST3617,Kevin Mills,Delhi,Healthcare,Rahul Verma,Referral,26-05-2026,19825.53,Lost,Phone,2
2618,CUST3618,William Robinson,Bangalore,IT,Kiran Das,Event,14-11-2025,74214.87,Open,Phone,4
2619,CUST3619,Jonathan Mckinney,Chennai,IT,Rahul Verma,Referral,11-03-2026,6937.3,Won,Email,8
2620,CUST3620,Terry Cobb,Bangalore,Retail,Priya Sharma,Website,15-02-2026,38580.73,Open,Phone,4
2621,CUST3621,Samantha Jenkins,Delhi,IT,Anjali Rao,Referral,27-08-2025,93479.96,Won,Phone,1
2622,CUST3622,Charles Lynn DDS,Mumbai,Healthcare,Anjali Rao,Advertisement,15-08-2025,96451.37,Lost,Phone,7
2623,CUST3623,Teresa Jones,Chennai,Finance,Anjali Rao,Website,23-12-2025,97330.97,Won,Phone,10
2624,CUST3624,Timothy Freeman,Mumbai,Retail,Anjali Rao,Website,28-10-2025,96292.33,Won,Meeting,1
2625,CUST3625,Micheal Brown,Mumbai,Retail,Kiran Das,LinkedIn,25-05-2026,26603.16,Open,Email,2
2626,CUST3626,Marcus Smith,Hyderabad,Manufacturing,Anjali Rao,LinkedIn,16-11-2025,7066.38,Won,Email,6
2627,CUST3627,Julie Hughes,Hyderabad,Manufacturing,Anjali Rao,LinkedIn,29-11-2025,72056.96,Lost,Phone,5
2628,CUST3628,Jeremy Mccoy,Hyderabad,Retail,Priya Sharma,Website,08-02-2026,67944.56,Won,Meeting,2
2629,CUST3629,Crystal Lynn,Mumbai,Retail,Kiran Das,Advertisement,15-06-2026,99699.24,Lost,Meeting,1
2630,CUST3630,Erika Booth,Hyderabad,Finance,Kiran Das,LinkedIn,12-09-2025,79568.15,Lost,Meeting,5
2631,CUST3631,Joshua Sheppard,Delhi,Manufacturing,Anjali Rao,Advertisement,28-01-2026,24052.06,Won,Meeting,10
2632,CUST3632,Robert Hernandez,Bangalore,Retail,Anjali Rao,LinkedIn,16-04-2026,93907.48,Lost,Phone,4
2633,CUST3633,Patricia Nelson,Pune,IT,Priya Sharma,Website,06-09-2025,8163.29,Open,Phone,6
2634,CUST3634,Dominique Werner,Bangalore,Finance,Anjali Rao,Referral,08-05-2026,67642.08,Open,Email,7
2635,CUST3635,Patricia Mcmillan,Delhi,Manufacturing,Priya Sharma,Referral,09-08-2025,35933.59,Lost,Phone,5
2636,CUST3636,Jimmy Ponce,Pune,Retail,Anjali Rao,Website,09-04-2026,50298.3,Lost,Email,10
2637,CUST3637,Heather Wang,Chennai,Finance,Kiran Das,Event,26-10-2025,40250.83,Won,Phone,8
2638,CUST3638,Dale Taylor,Hyderabad,Finance,Priya Sharma,LinkedIn,25-02-2026,34875.94,Open,Phone,9
2639,CUST3639,Beverly Lopez,Delhi,Finance,Priya Sharma,LinkedIn,15-11-2025,98753.13,Won,Phone,1
2640,CUST3640,Michael Wang,Bangalore,Retail,Priya Sharma,Advertisement,11-09-2025,91917.8,Lost,Meeting,2
2641,CUST3641,Bailey Hudson,Delhi,IT,Priya Sharma,Referral,04-02-2026,38071.8,Open,Email,9
2642,CUST3642,Andrew Mclaughlin,Hyderabad,IT,Priya Sharma,Website,21-11-2025,71873.68,Lost,Email,6
2643,CUST3643,Gregory Evans,Bangalore,IT,Anjali Rao,Referral,05-11-2025,87169.45,Lost,Meeting,5
2644,CUST3644,Ashley Johnson,Chennai,Finance,Anjali Rao,Event,01-11-2025,58901.82,Won,Meeting,4
2645,CUST3645,Michelle Martinez,Chennai,Healthcare,Kiran Das,LinkedIn,24-11-2025,74542.23,Lost,Phone,4
2646,CUST3646,Richard Mathis,Chennai,IT,Kiran Das,LinkedIn,07-06-2026,41238.21,Won,Email,7
2647,CUST3647,Jeffrey Smith,Delhi,IT,Anjali Rao,Referral,15-03-2026,91601.44,Won,Meeting,2
2648,CUST3648,Kevin Peterson,Pune,Healthcare,Priya Sharma,Referral,27-02-2026,12826.85,Lost,Meeting,10
2649,CUST3649,Steven Cruz,Pune,Retail,Priya Sharma,LinkedIn,10-06-2026,87964.86,Won,Phone,5
2650,CUST3650,Alexander White,Bangalore,Finance,Kiran Das,Event,10-11-2025,60931.58,Won,Email,2
2651,CUST3651,Kimberly Rodriguez DDS,Delhi,Finance,Priya Sharma,Advertisement,20-06-2026,14176.43,Lost,Email,9
2652,CUST3652,Tyler Welch,Mumbai,Finance,Kiran Das,Event,28-01-2026,72035.22,Won,Email,2
2653,CUST3653,Carrie Villanueva,Chennai,Finance,Anjali Rao,Event,11-01-2026,10914.83,Lost,Phone,4
2654,CUST3654,Kent Thomas,Chennai,Finance,Kiran Das,Referral,21-10-2025,77322.36,Open,Meeting,3
2655,CUST3655,Joseph Higgins,Delhi,IT,Priya Sharma,LinkedIn,19-09-2025,70893.81,Lost,Phone,3
2656,CUST3656,Jonathan Bartlett,Hyderabad,Finance,Anjali Rao,Website,12-09-2025,26072.03,Won,Email,8
2657,CUST3657,John Hull,Mumbai,Healthcare,Anjali Rao,Website,29-06-2025,83285.06,Lost,Email,10
2658,CUST3658,Connie Holloway,Bangalore,Manufacturing,Kiran Das,Advertisement,12-04-2026,68323.94,Open,Phone,4
2659,CUST3659,Christina Foster,Bangalore,Manufacturing,Rahul Verma,Advertisement,04-06-2026,95215.91,Won,Meeting,1
2660,CUST3660,Kimberly Romero,Mumbai,Manufacturing,Anjali Rao,Website,28-04-2026,70414.85,Won,Meeting,7
2661,CUST3661,Joseph Gross,Chennai,Manufacturing,Rahul Verma,LinkedIn,28-02-2026,58417.83,Won,Meeting,8
2662,CUST3662,Ryan Moore,Delhi,IT,Rahul Verma,Event,18-06-2026,5003.5,Lost,Meeting,10
2663,CUST3663,Alicia Murphy,Delhi,Retail,Anjali Rao,Event,21-09-2025,36382.91,Won,Meeting,6
2664,CUST3664,Michael Dunn,Delhi,Retail,Anjali Rao,Event,12-08-2025,61961.73,Lost,Email,8
2665,CUST3665,Mrs. Debra Terry,Chennai,Retail,Anjali Rao,Website,04-06-2026,16206.09,Open,Meeting,7
2666,CUST3666,Tracy Donaldson,Bangalore,Manufacturing,Priya Sharma,Event,24-06-2026,34676.75,Open,Meeting,1
2667,CUST3667,Dr. Patricia Simmons MD,Mumbai,IT,Rahul Verma,LinkedIn,27-10-2025,32780.82,Lost,Meeting,4
2668,CUST3668,Jordan Young,Chennai,Manufacturing,Rahul Verma,Website,28-02-2026,21527.56,Won,Email,5
2669,CUST3669,Brittany Holder,Hyderabad,Retail,Kiran Das,Event,20-08-2025,28358.57,Lost,Meeting,7
2670,CUST3670,William Thompson,Chennai,Manufacturing,Anjali Rao,Referral,12-03-2026,93827.81,Won,Phone,7
2671,CUST3671,Nicholas Garcia,Pune,Manufacturing,Priya Sharma,Advertisement,26-05-2026,42856.66,Won,Email,4
2672,CUST3672,Amanda Collins,Bangalore,Finance,Rahul Verma,LinkedIn,10-03-2026,14790.37,Won,Email,2
2673,CUST3673,Jennifer Cooper,Mumbai,Finance,Anjali Rao,LinkedIn,19-08-2025,20111.43,Won,Phone,5
2674,CUST3674,Becky Silva,Mumbai,Retail,Priya Sharma,Event,23-01-2026,12690.06,Open,Phone,9
2675,CUST3675,Angela Kaiser,Delhi,Healthcare,Rahul Verma,Website,17-11-2025,53348.31,Won,Phone,4
2676,CUST3676,Ashley Santiago,Bangalore,Healthcare,Kiran Das,Advertisement,10-12-2025,77773.81,Open,Email,9
2677,CUST3677,Sara Robinson,Hyderabad,Manufacturing,Kiran Das,Event,29-11-2025,91789.35,Open,Phone,4
2678,CUST3678,Erica Mcknight,Hyderabad,Retail,Kiran Das,Event,27-01-2026,29267.3,Lost,Phone,5
2679,CUST3679,Victoria Warren,Hyderabad,Retail,Priya Sharma,Advertisement,09-09-2025,78871.04,Lost,Phone,3
2680,CUST3680,Nancy Garner,Pune,Manufacturing,Priya Sharma,Referral,07-11-2025,37497.26,Open,Email,1
2681,CUST3681,Mary Mcgrath,Bangalore,Manufacturing,Anjali Rao,LinkedIn,05-01-2026,90595.07,Lost,Meeting,6
2682,CUST3682,Jessica Hunter,Pune,Finance,Anjali Rao,LinkedIn,27-04-2026,68557.97,Lost,Email,10
2683,CUST3683,Madison Chung,Bangalore,Manufacturing,Priya Sharma,Event,22-11-2025,53453.97,Won,Phone,4
2684,CUST3684,Melissa Morris,Delhi,Retail,Priya Sharma,Referral,29-11-2025,16330.74,Open,Email,5
2685,CUST3685,Jason Marshall,Chennai,IT,Priya Sharma,Website,28-07-2025,97112.36,Open,Phone,3
2686,CUST3686,Sydney Hoffman,Bangalore,IT,Kiran Das,Event,15-09-2025,96171.91,Open,Meeting,4
2687,CUST3687,Mr. Michael Vincent,Pune,Retail,Kiran Das,Event,21-10-2025,77556.36,Lost,Email,5
2688,CUST3688,Mary Mathis,Hyderabad,Manufacturing,Priya Sharma,Referral,18-05-2026,17709.8,Open,Phone,4
2689,CUST3689,Robert Ross,Delhi,Manufacturing,Rahul Verma,Event,05-11-2025,92066.55,Won,Meeting,7
2690,CUST3690,Brianna Thomas,Chennai,IT,Priya Sharma,Advertisement,11-08-2025,10161.93,Lost,Meeting,10
2691,CUST3691,Gregory Johnson,Chennai,IT,Rahul Verma,Website,07-10-2025,7289.12,Lost,Email,6
2692,CUST3692,Stefanie Owen,Bangalore,IT,Kiran Das,Advertisement,03-07-2025,70399.08,Won,Email,4
2693,CUST3693,Henry Adkins,Pune,IT,Anjali Rao,Advertisement,23-07-2025,56066.02,Won,Meeting,10
2694,CUST3694,Kristen Graham,Hyderabad,Healthcare,Priya Sharma,Advertisement,13-11-2025,5072.43,Won,Phone,2
2695,CUST3695,Wesley Cherry,Mumbai,Manufacturing,Kiran Das,Referral,27-05-2026,54934.86,Lost,Phone,8
2696,CUST3696,Susan Arnold,Mumbai,Manufacturing,Kiran Das,Event,25-11-2025,82599.35,Won,Phone,3
2697,CUST3697,Grace Ruiz,Mumbai,Retail,Priya Sharma,Referral,21-05-2026,19039.45,Lost,Email,8
2698,CUST3698,Charles Obrien,Chennai,IT,Rahul Verma,Advertisement,07-07-2025,40438.8,Won,Phone,4
2699,CUST3699,Angela Smith,Pune,Finance,Kiran Das,Advertisement,16-10-2025,40139.47,Won,Email,9
2700,CUST3700,William Schroeder,Bangalore,IT,Rahul Verma,Advertisement,02-06-2026,25420.16,Won,Email,7
2701,CUST3701,Alicia Ayala,Chennai,Healthcare,Rahul Verma,Website,24-11-2025,61815.16,Lost,Phone,4
2702,CUST3702,Julie Knight,Bangalore,IT,Anjali Rao,Event,01-03-2026,83697.47,Open,Email,10
2703,CUST3703,Alison Phillips,Mumbai,Retail,Rahul Verma,LinkedIn,31-01-2026,56553.57,Lost,Meeting,5
2704,CUST3704,Meghan Carter,Hyderabad,Retail,Rahul Verma,Event,29-03-2026,29368.24,Lost,Meeting,6
2705,CUST3705,Amy Meyers,Mumbai,Healthcare,Rahul Verma,Event,08-01-2026,14149.08,Won,Email,10
2706,CUST3706,Carla Vasquez,Delhi,Healthcare,Rahul Verma,Advertisement,26-11-2025,19913.12,Lost,Email,6
2707,CUST3707,Gregory Carter,Delhi,Retail,Anjali Rao,Advertisement,27-06-2025,61006.36,Lost,Email,2
2708,CUST3708,Bruce Rodriguez,Bangalore,IT,Rahul Verma,Referral,21-03-2026,82711.27,Won,Email,1
2709,CUST3709,Vanessa Rogers,Delhi,Retail,Priya Sharma,Referral,15-08-2025,86553.73,Open,Email,6
2710,CUST3710,Brandon Salazar,Hyderabad,Manufacturing,Priya Sharma,Website,03-03-2026,49798.94,Won,Phone,8
2711,CUST3711,Mitchell Graham,Hyderabad,Retail,Priya Sharma,Advertisement,09-09-2025,47015.32,Won,Email,4
2712,CUST3712,Matthew Thompson,Mumbai,Retail,Kiran Das,Event,29-07-2025,67566.52,Won,Phone,5
2713,CUST3713,Ashley Foley,Delhi,IT,Rahul Verma,LinkedIn,23-03-2026,52677.01,Open,Email,7
2714,CUST3714,Chad Mccoy,Pune,Healthcare,Rahul Verma,Website,16-01-2026,44480.11,Lost,Phone,10
2715,CUST3715,Roy Edwards,Hyderabad,Manufacturing,Rahul Verma,LinkedIn,19-06-2026,37084.59,Lost,Meeting,1
2716,CUST3716,Lynn Hampton,Pune,IT,Priya Sharma,Advertisement,21-09-2025,71416.86,Open,Phone,4
2717,CUST3717,Kristie Tanner,Mumbai,Healthcare,Anjali Rao,Advertisement,15-12-2025,37227.35,Open,Phone,2
2718,CUST3718,Lori Lynch,Mumbai,Retail,Anjali Rao,LinkedIn,28-06-2025,98367.55,Lost,Phone,6
2719,CUST3719,Megan Martin,Hyderabad,Manufacturing,Priya Sharma,Website,01-04-2026,80096.28,Won,Meeting,10
2720,CUST3720,Shari Greene,Chennai,Finance,Rahul Verma,LinkedIn,23-08-2025,5210.02,Open,Email,10
2721,CUST3721,Sara Miller,Pune,Healthcare,Rahul Verma,Referral,08-12-2025,39142.56,Won,Phone,7
2722,CUST3722,Richard Scott,Delhi,Retail,Kiran Das,Event,07-09-2025,11052.88,Won,Email,9
2723,CUST3723,Evan Mckenzie,Mumbai,Retail,Priya Sharma,LinkedIn,22-09-2025,53094.96,Lost,Email,6
2724,CUST3724,Jane Myers,Chennai,Retail,Priya Sharma,LinkedIn,28-05-2026,49063.46,Lost,Email,5
2725,CUST3725,Larry Black,Delhi,Finance,Kiran Das,Referral,31-08-2025,14585.32,Open,Email,9
2726,CUST3726,Corey Patterson,Pune,Retail,Kiran Das,Website,01-03-2026,39968.21,Won,Meeting,1
2727,CUST3727,Brandon Waters,Mumbai,Healthcare,Priya Sharma,Advertisement,20-06-2026,98151.22,Open,Meeting,6
2728,CUST3728,Steve Pearson,Chennai,Manufacturing,Rahul Verma,Advertisement,16-04-2026,74295.82,Open,Email,9
2729,CUST3729,Stephanie Perez,Pune,Retail,Anjali Rao,Event,11-06-2026,92652.41,Open,Phone,10
2730,CUST3730,James Noble,Chennai,Finance,Anjali Rao,Referral,21-12-2025,55076.59,Open,Email,2
2731,CUST3731,Michael Thompson,Pune,Finance,Kiran Das,Referral,26-06-2025,71765.95,Open,Phone,7
2732,CUST3732,Angela Jackson,Pune,IT,Rahul Verma,Event,03-01-2026,41329.1,Won,Email,4
2733,CUST3733,Nancy Monroe,Pune,IT,Anjali Rao,Advertisement,25-04-2026,56805.41,Won,Phone,10
2734,CUST3734,Grace Davis,Bangalore,Manufacturing,Kiran Das,Referral,09-02-2026,15751.8,Open,Email,10
2735,CUST3735,David Rojas,Chennai,Healthcare,Kiran Das,Referral,17-04-2026,8259.5,Lost,Meeting,2
2736,CUST3736,Jonathan Lopez,Bangalore,Manufacturing,Rahul Verma,Website,04-08-2025,85820.48,Open,Meeting,7
2737,CUST3737,Jennifer Weiss,Chennai,Finance,Priya Sharma,Website,07-02-2026,64342.03,Lost,Meeting,10
2738,CUST3738,Anthony Cook,Pune,Finance,Rahul Verma,LinkedIn,13-10-2025,44546.87,Won,Meeting,8
2739,CUST3739,Madison Allen,Hyderabad,IT,Priya Sharma,Event,09-09-2025,35860.98,Won,Phone,9
2740,CUST3740,Matthew Rodriguez,Pune,IT,Priya Sharma,LinkedIn,11-01-2026,63570.19,Open,Email,2
2741,CUST3741,James Rodgers,Pune,Finance,Rahul Verma,Referral,25-10-2025,37364.32,Won,Meeting,1
2742,CUST3742,Sarah Smith,Bangalore,Healthcare,Priya Sharma,LinkedIn,01-10-2025,7978.81,Won,Phone,5
2743,CUST3743,John Nelson,Mumbai,Finance,Anjali Rao,Website,10-09-2025,27823.67,Lost,Meeting,6
2744,CUST3744,Tanya Montoya,Mumbai,Healthcare,Kiran Das,Event,21-04-2026,64435.66,Open,Phone,9
2745,CUST3745,Peter Sanders,Bangalore,Healthcare,Anjali Rao,Referral,15-07-2025,19627.11,Open,Meeting,9
2746,CUST3746,Philip Ortiz,Hyderabad,Healthcare,Priya Sharma,Advertisement,15-01-2026,27811.16,Open,Email,2
2747,CUST3747,Jerome Chaney,Delhi,IT,Anjali Rao,Referral,26-10-2025,65582.66,Won,Phone,9
2748,CUST3748,Christopher Foster,Chennai,IT,Priya Sharma,Advertisement,26-04-2026,52335.62,Open,Phone,10
2749,CUST3749,Benjamin Elliott,Delhi,IT,Anjali Rao,LinkedIn,07-01-2026,57268.01,Open,Meeting,1
2750,CUST3750,Maria Whitney DDS,Chennai,Retail,Rahul Verma,Referral,10-08-2025,76760.14,Won,Phone,1
2751,CUST3751,Colleen Chandler,Mumbai,IT,Priya Sharma,Event,01-07-2025,34208.21,Open,Phone,9
2752,CUST3752,Carrie Gutierrez,Chennai,Retail,Kiran Das,Website,08-10-2025,90947.98,Open,Meeting,1
2753,CUST3753,Austin Duffy,Bangalore,Manufacturing,Anjali Rao,Event,27-07-2025,45818.89,Open,Phone,9
2754,CUST3754,Lisa Wood,Pune,IT,Rahul Verma,Website,17-12-2025,43323.47,Open,Meeting,3
2755,CUST3755,Paula Burnett,Chennai,Finance,Priya Sharma,Event,08-08-2025,91906.19,Open,Email,4
2756,CUST3756,Megan Hanson,Pune,Finance,Rahul Verma,Website,30-03-2026,9164.83,Won,Email,3
2757,CUST3757,Karen Vaughan,Bangalore,Retail,Kiran Das,Advertisement,18-06-2026,10756.36,Lost,Phone,8
2758,CUST3758,Kyle Fleming,Hyderabad,Healthcare,Rahul Verma,Event,21-01-2026,44774.8,Won,Phone,10
2759,CUST3759,Cheyenne Smith,Hyderabad,Finance,Priya Sharma,Advertisement,11-12-2025,91076,Lost,Meeting,4
2760,CUST3760,Mrs. Laura English,Bangalore,Finance,Priya Sharma,Event,16-04-2026,73165.11,Open,Email,8
2761,CUST3761,Patrick Harris,Bangalore,Retail,Anjali Rao,Advertisement,17-02-2026,25356.98,Open,Email,9
2762,CUST3762,Natalie Williams,Chennai,Retail,Rahul Verma,LinkedIn,16-10-2025,6670.37,Lost,Meeting,2
2763,CUST3763,Gregg Macdonald,Chennai,Healthcare,Priya Sharma,Advertisement,15-11-2025,66999.33,Open,Email,3
2764,CUST3764,Bianca Mora,Pune,Manufacturing,Priya Sharma,Website,26-12-2025,12060.16,Lost,Email,8
2765,CUST3765,Daniel Stone,Mumbai,IT,Priya Sharma,LinkedIn,11-07-2025,66856.47,Won,Email,7
2766,CUST3766,Thomas Walker,Pune,Finance,Rahul Verma,Advertisement,12-06-2026,72342.67,Lost,Email,8
2767,CUST3767,Timothy Reilly,Chennai,Finance,Rahul Verma,Event,05-03-2026,63555.43,Won,Meeting,7
2768,CUST3768,Eric Davis,Bangalore,Retail,Kiran Das,Event,17-10-2025,80356.77,Won,Meeting,6
2769,CUST3769,Wanda Thompson,Bangalore,Finance,Priya Sharma,Website,10-04-2026,83675.69,Won,Email,6
2770,CUST3770,Luis Huynh,Chennai,Healthcare,Anjali Rao,Referral,15-08-2025,20678.13,Won,Phone,4
2771,CUST3771,Brandon Vang,Bangalore,Manufacturing,Rahul Verma,LinkedIn,23-08-2025,54268.83,Won,Meeting,5
2772,CUST3772,Brandon Hines,Pune,Manufacturing,Priya Sharma,Referral,25-01-2026,77912.59,Won,Phone,1
2773,CUST3773,Kellie Schmidt,Chennai,IT,Kiran Das,Referral,28-10-2025,27757.91,Lost,Meeting,9
2774,CUST3774,Michael Johnson,Pune,IT,Priya Sharma,Event,13-10-2025,28375.9,Lost,Meeting,9
2775,CUST3775,Christopher Garcia,Chennai,Finance,Anjali Rao,LinkedIn,16-11-2025,21555.39,Won,Phone,4
2776,CUST3776,Shelley Li,Mumbai,IT,Kiran Das,Website,03-07-2025,37805.69,Open,Phone,3
2777,CUST3777,Christopher Martinez,Pune,Healthcare,Rahul Verma,Referral,04-07-2025,51638.91,Won,Email,5
2778,CUST3778,Tammy Knox,Bangalore,Healthcare,Rahul Verma,LinkedIn,26-04-2026,37040.56,Won,Email,2
2779,CUST3779,Felicia Adams,Hyderabad,Manufacturing,Anjali Rao,Event,29-01-2026,76746.02,Open,Email,8
2780,CUST3780,Stephen Barker,Bangalore,Manufacturing,Anjali Rao,Referral,03-07-2025,59895.08,Won,Email,9
2781,CUST3781,Erik Simmons,Mumbai,IT,Anjali Rao,Event,21-06-2026,84499.41,Won,Phone,7
2782,CUST3782,Cheryl Smith,Mumbai,Manufacturing,Kiran Das,Advertisement,01-11-2025,74328.03,Won,Phone,2
2783,CUST3783,Roberta Gibson,Pune,Finance,Rahul Verma,Referral,02-10-2025,74633.66,Lost,Email,2
2784,CUST3784,Scott Duffy,Chennai,Finance,Kiran Das,Advertisement,15-06-2026,52296.34,Open,Email,10
2785,CUST3785,Kimberly Ali,Chennai,Finance,Rahul Verma,Event,02-08-2025,33953.94,Open,Phone,7
2786,CUST3786,Andrew Williams,Bangalore,IT,Anjali Rao,Event,10-08-2025,45527.65,Lost,Phone,10
2787,CUST3787,Kenneth Andrews,Delhi,Finance,Priya Sharma,Advertisement,05-02-2026,8676.87,Lost,Meeting,3
2788,CUST3788,Heather Taylor,Pune,Manufacturing,Anjali Rao,LinkedIn,27-01-2026,16524.75,Won,Meeting,7
2789,CUST3789,George Mullins,Bangalore,IT,Priya Sharma,Event,17-11-2025,71278.63,Lost,Meeting,3
2790,CUST3790,Sarah Miles,Bangalore,Retail,Rahul Verma,Advertisement,26-09-2025,63101.65,Won,Phone,8
2791,CUST3791,Scott Rangel PhD,Pune,Finance,Kiran Das,Event,18-08-2025,35680.56,Won,Meeting,4
2792,CUST3792,Mary Jensen,Bangalore,Retail,Rahul Verma,Advertisement,29-10-2025,95886.45,Open,Email,8
2793,CUST3793,Robert Finley,Hyderabad,Manufacturing,Priya Sharma,Website,01-01-2026,47607.53,Lost,Meeting,9
2794,CUST3794,Samantha Williams,Hyderabad,Finance,Anjali Rao,Referral,14-02-2026,98278.1,Open,Meeting,9
2795,CUST3795,William Martin,Mumbai,Retail,Kiran Das,LinkedIn,27-11-2025,67257.65,Open,Email,1
2796,CUST3796,Rachel Rogers,Delhi,Retail,Priya Sharma,Advertisement,08-11-2025,59854.68,Open,Meeting,1
2797,CUST3797,Walter Prince,Pune,Finance,Priya Sharma,LinkedIn,24-06-2025,72235.44,Lost,Meeting,6
2798,CUST3798,Courtney Allen,Hyderabad,Retail,Rahul Verma,Advertisement,21-06-2026,62885.57,Open,Meeting,9
2799,CUST3799,James Ward,Bangalore,IT,Rahul Verma,Website,09-07-2025,30624.89,Won,Phone,5
2800,CUST3800,Eric Johnson,Chennai,Manufacturing,Anjali Rao,LinkedIn,28-06-2025,65532.87,Won,Meeting,3
2801,CUST3801,Kathryn Palmer,Chennai,IT,Rahul Verma,LinkedIn,31-03-2026,70221.59,Won,Meeting,1
2802,CUST3802,Gabriela Castro,Bangalore,Healthcare,Priya Sharma,Event,01-04-2026,68509.53,Open,Email,9
2803,CUST3803,Anna Ayers,Hyderabad,Healthcare,Priya Sharma,Event,06-05-2026,71981.73,Lost,Phone,9
2804,CUST3804,Courtney Allen,Pune,Finance,Priya Sharma,Website,05-03-2026,91518.53,Open,Email,5
2805,CUST3805,April Hammond,Bangalore,Retail,Anjali Rao,Advertisement,14-02-2026,28104.69,Won,Phone,4
2806,CUST3806,Brett Gates,Pune,Finance,Priya Sharma,Referral,21-09-2025,68600.74,Won,Email,6
2807,CUST3807,Aaron Malone,Delhi,Finance,Priya Sharma,Referral,09-07-2025,28387.36,Lost,Email,2
2808,CUST3808,Deborah Lang,Chennai,Finance,Anjali Rao,Referral,24-06-2026,79946.61,Lost,Phone,3
2809,CUST3809,Ricardo Robinson,Mumbai,Retail,Rahul Verma,Advertisement,06-03-2026,54707.37,Open,Phone,3
2810,CUST3810,Sergio George,Hyderabad,Healthcare,Kiran Das,LinkedIn,03-01-2026,97009.32,Won,Email,1
2811,CUST3811,Deborah Johnson,Pune,Finance,Anjali Rao,Referral,15-07-2025,91299.56,Open,Phone,7
2812,CUST3812,Erica Turner,Bangalore,Healthcare,Priya Sharma,Advertisement,18-05-2026,31779.39,Lost,Meeting,2
2813,CUST3813,Brian Nelson,Bangalore,Finance,Rahul Verma,Advertisement,23-08-2025,44418.76,Won,Meeting,3
2814,CUST3814,Sean Harmon,Mumbai,Retail,Rahul Verma,Referral,25-03-2026,78167.71,Won,Meeting,7
2815,CUST3815,Nicholas Davis,Chennai,Retail,Kiran Das,Event,20-12-2025,82432.94,Won,Phone,3
2816,CUST3816,Jennifer Doyle,Delhi,Healthcare,Anjali Rao,LinkedIn,14-10-2025,56957.64,Won,Email,3
2817,CUST3817,Phillip Williams,Chennai,Retail,Anjali Rao,Website,02-09-2025,21049.54,Won,Phone,9
2818,CUST3818,Taylor Smith,Chennai,IT,Kiran Das,Website,28-11-2025,85877.5,Open,Phone,1
2819,CUST3819,Sarah Leon,Chennai,Retail,Rahul Verma,Website,13-11-2025,68709.81,Won,Meeting,3
2820,CUST3820,Crystal Thompson,Delhi,Manufacturing,Priya Sharma,Advertisement,19-07-2025,26200.24,Open,Email,4
2821,CUST3821,Nicole Charles,Pune,Healthcare,Anjali Rao,Website,16-08-2025,38655.46,Lost,Meeting,6
2822,CUST3822,Jeffrey Mccullough,Mumbai,Retail,Priya Sharma,Website,10-02-2026,69396.59,Lost,Phone,6
2823,CUST3823,Amanda Edwards,Mumbai,Manufacturing,Kiran Das,Website,21-04-2026,41268.73,Open,Phone,3
2824,CUST3824,Matthew Santos,Delhi,Manufacturing,Rahul Verma,Advertisement,12-08-2025,97798.3,Lost,Meeting,1
2825,CUST3825,Louis Skinner,Hyderabad,Finance,Kiran Das,Event,23-03-2026,13995.23,Open,Phone,3
2826,CUST3826,Rhonda Potter,Pune,IT,Anjali Rao,Advertisement,28-04-2026,72028.16,Won,Phone,3
2827,CUST3827,Michael Gibson,Pune,Finance,Kiran Das,LinkedIn,09-05-2026,48830.65,Open,Meeting,2
2828,CUST3828,Joann Huerta,Delhi,IT,Anjali Rao,Advertisement,19-10-2025,19389.15,Open,Email,4
2829,CUST3829,Donald Cooper,Chennai,Manufacturing,Kiran Das,Advertisement,21-07-2025,23943.17,Lost,Email,9
2830,CUST3830,Zachary Berry,Hyderabad,Manufacturing,Anjali Rao,LinkedIn,20-09-2025,95241.71,Lost,Meeting,3
2831,CUST3831,Jimmy Gordon,Bangalore,Healthcare,Rahul Verma,Event,28-02-2026,92520.39,Won,Email,10
2832,CUST3832,Kristen Walker,Bangalore,Healthcare,Anjali Rao,Referral,14-11-2025,33316,Lost,Email,10
2833,CUST3833,Marilyn Franco,Bangalore,Finance,Priya Sharma,LinkedIn,05-04-2026,77458.04,Open,Meeting,4
2834,CUST3834,Michelle Watson,Bangalore,Retail,Kiran Das,Referral,11-10-2025,96067.26,Open,Meeting,2
2835,CUST3835,Kenneth Rogers,Chennai,IT,Kiran Das,Website,25-08-2025,99858.03,Won,Phone,4
2836,CUST3836,Megan Smith,Hyderabad,Healthcare,Rahul Verma,LinkedIn,01-08-2025,14035.51,Won,Phone,8
2837,CUST3837,Michael Ellis,Chennai,Retail,Anjali Rao,Website,22-05-2026,67476.32,Lost,Phone,2
2838,CUST3838,Juan Reed,Hyderabad,Healthcare,Anjali Rao,Referral,07-08-2025,12637.26,Open,Email,6
2839,CUST3839,Michael Farmer,Mumbai,IT,Kiran Das,Website,15-04-2026,52259.29,Lost,Phone,8
2840,CUST3840,Stephanie Lewis,Delhi,Retail,Rahul Verma,Referral,27-03-2026,15297.64,Open,Phone,1
2841,CUST3841,Sara Johnson,Pune,Retail,Priya Sharma,Advertisement,30-01-2026,32754.98,Lost,Phone,10
2842,CUST3842,Christopher Oliver,Hyderabad,Manufacturing,Rahul Verma,Website,24-05-2026,20446.1,Lost,Meeting,5
2843,CUST3843,Jennifer Davis,Bangalore,Healthcare,Kiran Das,Referral,28-12-2025,34440.22,Open,Email,8
2844,CUST3844,Betty Calderon,Pune,IT,Anjali Rao,Website,15-12-2025,62970.44,Won,Email,8
2845,CUST3845,Emily Mosley DDS,Mumbai,Healthcare,Anjali Rao,Advertisement,26-04-2026,48274.63,Lost,Meeting,6
2846,CUST3846,Steven Sims,Chennai,IT,Anjali Rao,Referral,09-06-2026,55576.09,Won,Phone,8
2847,CUST3847,Marco Edwards,Chennai,Retail,Priya Sharma,Referral,07-06-2026,92992.43,Won,Meeting,3
2848,CUST3848,Candace Gonzalez,Delhi,Retail,Anjali Rao,LinkedIn,14-02-2026,60127.22,Open,Phone,7
2849,CUST3849,Melissa Sanders,Pune,IT,Anjali Rao,Advertisement,27-11-2025,92696.77,Open,Email,6
2850,CUST3850,Cody Mccullough,Pune,Finance,Anjali Rao,LinkedIn,02-03-2026,67893.74,Lost,Meeting,8
2851,CUST3851,Albert Zavala,Pune,Finance,Anjali Rao,Event,05-07-2025,27968.01,Open,Meeting,3
2852,CUST3852,David Little,Delhi,Retail,Rahul Verma,Website,07-05-2026,65493.88,Won,Email,10
2853,CUST3853,Michelle Graham,Pune,Healthcare,Kiran Das,Website,23-12-2025,74368.14,Open,Phone,7
2854,CUST3854,Richard Perez,Chennai,Retail,Rahul Verma,Referral,19-02-2026,39894.42,Won,Phone,6
2855,CUST3855,Sarah Barnett,Delhi,Retail,Anjali Rao,Event,24-07-2025,31297.91,Won,Meeting,3
2856,CUST3856,Melissa Davis,Delhi,Manufacturing,Kiran Das,Referral,24-05-2026,9597.22,Won,Email,10
2857,CUST3857,Timothy Briggs,Mumbai,Retail,Kiran Das,Event,04-11-2025,63261.52,Lost,Phone,2
2858,CUST3858,Carrie Barnes,Bangalore,Retail,Anjali Rao,Advertisement,08-07-2025,81216.73,Lost,Meeting,5
2859,CUST3859,Angela Barry,Hyderabad,Retail,Anjali Rao,LinkedIn,28-05-2026,6641.76,Won,Meeting,9
2860,CUST3860,Ann Farmer,Hyderabad,Manufacturing,Kiran Das,Advertisement,25-08-2025,94068.65,Lost,Meeting,2
2861,CUST3861,Bridget Warner,Bangalore,Finance,Anjali Rao,Website,24-11-2025,24871.06,Lost,Email,8
2862,CUST3862,Russell Smith,Bangalore,Retail,Priya Sharma,Referral,06-05-2026,56998.75,Won,Email,8
2863,CUST3863,Maria Burns,Delhi,Healthcare,Kiran Das,Event,23-04-2026,12133.12,Lost,Phone,5
2864,CUST3864,Tiffany Poole,Hyderabad,IT,Kiran Das,Referral,29-07-2025,23503.06,Lost,Phone,7
2865,CUST3865,Pamela Vargas,Mumbai,Finance,Kiran Das,LinkedIn,08-01-2026,84316.09,Won,Meeting,3
2866,CUST3866,Vanessa Maxwell,Delhi,Retail,Priya Sharma,Advertisement,05-12-2025,82047.24,Open,Phone,2
2867,CUST3867,Trevor Diaz,Chennai,Finance,Anjali Rao,LinkedIn,05-03-2026,7076.23,Won,Meeting,2
2868,CUST3868,Daniel Smith,Chennai,IT,Priya Sharma,Advertisement,24-06-2026,32662.55,Lost,Email,6
2869,CUST3869,Christopher Martin,Mumbai,IT,Kiran Das,Referral,27-10-2025,15663.86,Open,Phone,7
2870,CUST3870,Amanda Roberts,Bangalore,Healthcare,Anjali Rao,Event,10-08-2025,14160.3,Open,Phone,6
2871,CUST3871,Julia Miller,Mumbai,IT,Anjali Rao,Advertisement,27-06-2025,99662.35,Lost,Email,1
2872,CUST3872,Kimberly Massey,Pune,Finance,Rahul Verma,Referral,28-03-2026,38442.12,Open,Meeting,1
2873,CUST3873,Shelly Mcdonald,Delhi,Healthcare,Priya Sharma,Referral,03-08-2025,53012.83,Open,Phone,8
2874,CUST3874,Brittney Gonzalez,Pune,IT,Priya Sharma,Advertisement,30-12-2025,65109.52,Open,Meeting,4
2875,CUST3875,Elizabeth Rogers,Pune,Manufacturing,Kiran Das,Website,15-07-2025,57088.88,Lost,Phone,6
2876,CUST3876,John Ingram,Pune,Retail,Anjali Rao,LinkedIn,25-03-2026,65707.86,Open,Phone,1
2877,CUST3877,Tracy Martin,Pune,Manufacturing,Kiran Das,Referral,03-03-2026,61158.77,Won,Email,6
2878,CUST3878,Zachary Decker,Hyderabad,Manufacturing,Rahul Verma,Website,29-11-2025,92327.51,Lost,Phone,3
2879,CUST3879,Mary Morales,Mumbai,Healthcare,Rahul Verma,Referral,24-05-2026,21716.28,Lost,Meeting,3
2880,CUST3880,Olivia Martinez,Delhi,Healthcare,Priya Sharma,Referral,21-04-2026,76214.38,Lost,Meeting,5
2881,CUST3881,Jason Huang,Mumbai,Manufacturing,Rahul Verma,LinkedIn,25-11-2025,35678.97,Lost,Meeting,8
2882,CUST3882,Barbara Myers,Mumbai,Finance,Kiran Das,Event,18-10-2025,20598.36,Won,Email,8
2883,CUST3883,Anthony Turner,Delhi,Healthcare,Kiran Das,Advertisement,01-04-2026,95617.2,Open,Email,10
2884,CUST3884,James Warren,Bangalore,Manufacturing,Kiran Das,Referral,11-07-2025,65065.63,Lost,Phone,4
2885,CUST3885,Lisa Coffey DDS,Mumbai,Retail,Rahul Verma,Advertisement,23-11-2025,30409.16,Lost,Email,3
2886,CUST3886,Nina Mcfarland,Mumbai,Retail,Anjali Rao,LinkedIn,30-03-2026,34344.49,Open,Phone,1
2887,CUST3887,Heather Harrison,Delhi,Finance,Priya Sharma,Event,19-05-2026,10795.91,Open,Phone,7
2888,CUST3888,Amber Dodson,Chennai,Manufacturing,Anjali Rao,LinkedIn,14-12-2025,73058.86,Open,Email,4
2889,CUST3889,Kim Berry,Mumbai,Retail,Priya Sharma,Referral,20-10-2025,71386.35,Won,Meeting,6
2890,CUST3890,Aaron Valdez,Chennai,Finance,Priya Sharma,Website,08-12-2025,65179.49,Won,Email,3
2891,CUST3891,Anthony Nelson,Bangalore,Retail,Rahul Verma,Referral,22-05-2026,40120.29,Open,Phone,10
2892,CUST3892,Maria Vazquez,Delhi,Manufacturing,Anjali Rao,LinkedIn,01-12-2025,61664.49,Lost,Meeting,2
2893,CUST3893,George Horton,Bangalore,Healthcare,Priya Sharma,Advertisement,11-02-2026,39197.91,Won,Email,7
2894,CUST3894,Alex Pierce,Hyderabad,Healthcare,Kiran Das,Advertisement,20-01-2026,6577.63,Open,Meeting,9
2895,CUST3895,Steven Williams,Chennai,Finance,Rahul Verma,Advertisement,03-03-2026,76911.26,Open,Email,3
2896,CUST3896,Alexandra Flores,Mumbai,Healthcare,Priya Sharma,Referral,14-08-2025,39988.09,Lost,Phone,8
2897,CUST3897,Ronald Martinez,Mumbai,IT,Priya Sharma,Event,06-09-2025,80098.08,Lost,Phone,1
2898,CUST3898,Alexis Gutierrez,Chennai,Manufacturing,Rahul Verma,Event,28-10-2025,61330.06,Open,Phone,4
2899,CUST3899,Jeffrey Woods,Mumbai,Manufacturing,Priya Sharma,LinkedIn,20-05-2026,86152.27,Won,Email,2
2900,CUST3900,Joanne Morales,Pune,Retail,Rahul Verma,Referral,25-05-2026,40349.31,Open,Meeting,6
2901,CUST3901,David Jones,Chennai,Finance,Priya Sharma,Advertisement,27-09-2025,70077.84,Won,Email,1
2902,CUST3902,Billy Cummings,Mumbai,Healthcare,Rahul Verma,Event,17-12-2025,34047.25,Won,Meeting,4
2903,CUST3903,Abigail Alvarez,Delhi,Manufacturing,Priya Sharma,LinkedIn,18-05-2026,11296.12,Open,Email,8
2904,CUST3904,Bruce Guerra,Mumbai,IT,Anjali Rao,Event,04-10-2025,47907.28,Open,Email,6
2905,CUST3905,David Brown,Pune,Healthcare,Priya Sharma,Advertisement,16-05-2026,25718.73,Open,Meeting,6
2906,CUST3906,Christopher Wheeler,Hyderabad,Manufacturing,Rahul Verma,Event,24-10-2025,62996.59,Lost,Email,7
2907,CUST3907,Michael Summers,Chennai,IT,Anjali Rao,Advertisement,15-11-2025,81889.79,Open,Phone,9
2908,CUST3908,Toni Roberts,Bangalore,Retail,Anjali Rao,Referral,15-12-2025,15872.26,Won,Phone,10
2909,CUST3909,Adam Cisneros,Hyderabad,Finance,Kiran Das,Referral,09-09-2025,11784.84,Open,Phone,3
2910,CUST3910,Joshua Edwards,Mumbai,Finance,Anjali Rao,Advertisement,07-06-2026,12406.3,Lost,Email,5
2911,CUST3911,Robert Avery,Bangalore,Retail,Rahul Verma,Website,09-04-2026,40498.65,Lost,Meeting,6
2912,CUST3912,Michael Walton,Chennai,Finance,Priya Sharma,LinkedIn,29-10-2025,92788.34,Open,Phone,4
2913,CUST3913,Cheryl Arellano,Mumbai,IT,Priya Sharma,Event,08-11-2025,11165.38,Won,Phone,10
2914,CUST3914,Jessica Garcia,Bangalore,IT,Anjali Rao,Referral,18-02-2026,15308.67,Lost,Email,8
2915,CUST3915,Laura Stark,Hyderabad,IT,Anjali Rao,Referral,30-03-2026,91465.6,Open,Meeting,7
2916,CUST3916,Paul Anderson,Hyderabad,Manufacturing,Kiran Das,Website,19-10-2025,57613.12,Lost,Email,8
2917,CUST3917,Cynthia Chambers,Hyderabad,Manufacturing,Rahul Verma,Website,07-03-2026,92257.81,Open,Email,8
2918,CUST3918,Susan Burke,Bangalore,Healthcare,Anjali Rao,LinkedIn,24-10-2025,9184.34,Lost,Email,9
2919,CUST3919,Steven Flores,Hyderabad,Manufacturing,Kiran Das,LinkedIn,24-06-2026,14908.22,Lost,Phone,5
2920,CUST3920,Erica Bush,Mumbai,Retail,Priya Sharma,LinkedIn,31-08-2025,85294.46,Won,Email,10
2921,CUST3921,Julie King,Pune,Finance,Rahul Verma,Advertisement,26-03-2026,49954.57,Open,Email,3
2922,CUST3922,Emily Brady,Chennai,Manufacturing,Rahul Verma,Referral,30-07-2025,8703.27,Lost,Phone,3
2923,CUST3923,Tamara Rosales,Hyderabad,Manufacturing,Priya Sharma,Website,21-12-2025,84109.67,Won,Email,8
2924,CUST3924,Richard Chavez,Delhi,Healthcare,Anjali Rao,Referral,18-11-2025,92671.95,Lost,Phone,1
2925,CUST3925,Corey Rangel,Chennai,Retail,Anjali Rao,LinkedIn,19-07-2025,19390.74,Lost,Phone,1
2926,CUST3926,Kristen Perry,Hyderabad,Manufacturing,Priya Sharma,Referral,26-11-2025,82140.43,Lost,Email,3
2927,CUST3927,Elizabeth Mendez,Mumbai,Finance,Priya Sharma,Website,27-03-2026,13785.73,Open,Email,10
2928,CUST3928,William Mccormick,Hyderabad,Manufacturing,Kiran Das,Advertisement,24-12-2025,9120.82,Lost,Meeting,8
2929,CUST3929,William Floyd,Mumbai,Retail,Kiran Das,LinkedIn,01-08-2025,61304.35,Won,Phone,1
2930,CUST3930,Stacy Barrett,Delhi,IT,Anjali Rao,Event,01-06-2026,10010.88,Won,Phone,7
2931,CUST3931,David Flowers,Delhi,Finance,Kiran Das,Website,11-05-2026,67747.61,Open,Meeting,9
2932,CUST3932,Daniel Gonzales,Chennai,IT,Rahul Verma,LinkedIn,31-08-2025,94504.86,Open,Phone,5
2933,CUST3933,Elizabeth Ellison,Mumbai,Healthcare,Kiran Das,Advertisement,04-09-2025,70250.34,Won,Email,1
2934,CUST3934,Kevin Simpson,Pune,Retail,Kiran Das,Advertisement,04-10-2025,8759.55,Won,Meeting,4
2935,CUST3935,Douglas Hogan,Chennai,Retail,Priya Sharma,Event,08-12-2025,49825.38,Won,Phone,7
2936,CUST3936,Patricia Young,Delhi,Manufacturing,Priya Sharma,Referral,18-08-2025,84579.77,Lost,Meeting,3
2937,CUST3937,Sarah Briggs,Mumbai,Healthcare,Anjali Rao,Event,29-12-2025,49689.26,Won,Email,5
2938,CUST3938,Miss Emily Hunt,Bangalore,Manufacturing,Priya Sharma,Event,24-12-2025,81099.16,Open,Email,5
2939,CUST3939,Charles Hopkins,Chennai,Healthcare,Anjali Rao,LinkedIn,06-09-2025,42756.93,Lost,Phone,8
2940,CUST3940,Pamela Webb MD,Bangalore,Finance,Anjali Rao,LinkedIn,25-12-2025,61141.95,Won,Email,2
2941,CUST3941,Matthew Williams,Delhi,Retail,Rahul Verma,Event,25-10-2025,96063.86,Lost,Phone,3
2942,CUST3942,James Harris,Mumbai,Healthcare,Rahul Verma,Event,29-05-2026,39854.76,Open,Phone,9
2943,CUST3943,Reginald Massey,Chennai,Finance,Rahul Verma,Referral,28-12-2025,81822.65,Open,Phone,5
2944,CUST3944,Grace Padilla,Bangalore,IT,Kiran Das,LinkedIn,09-11-2025,80317.38,Open,Email,10
2945,CUST3945,James Russell,Hyderabad,Healthcare,Kiran Das,Website,24-01-2026,62744.56,Won,Phone,6
2946,CUST3946,Victoria Smith,Chennai,IT,Kiran Das,Website,13-12-2025,5396.8,Won,Email,8
2947,CUST3947,Amanda Myers,Delhi,Retail,Priya Sharma,LinkedIn,27-06-2025,33557.42,Won,Phone,10
2948,CUST3948,Robert Carter,Hyderabad,Manufacturing,Rahul Verma,Advertisement,26-08-2025,8474.6,Open,Meeting,2
2949,CUST3949,Shawn Thompson,Hyderabad,IT,Priya Sharma,LinkedIn,12-08-2025,34221.63,Open,Email,10
2950,CUST3950,Rachel Huff,Pune,Manufacturing,Rahul Verma,Referral,23-08-2025,8152.49,Lost,Email,4
2951,CUST3951,Donna Fernandez,Bangalore,Finance,Rahul Verma,Event,28-11-2025,43280.39,Lost,Meeting,8
2952,CUST3952,Elijah Ruiz,Mumbai,Retail,Anjali Rao,LinkedIn,01-05-2026,71862.93,Lost,Meeting,7
2953,CUST3953,Stephanie Shah,Delhi,Manufacturing,Kiran Das,Website,16-03-2026,54622.82,Open,Email,9
2954,CUST3954,James Phillips,Mumbai,Finance,Anjali Rao,Referral,31-10-2025,34142.37,Won,Phone,6
2955,CUST3955,Beverly White,Bangalore,IT,Anjali Rao,Advertisement,08-04-2026,97034.62,Open,Email,7
2956,CUST3956,Preston Adams,Mumbai,Retail,Rahul Verma,LinkedIn,26-06-2025,66903.42,Won,Phone,2
2957,CUST3957,Thomas Hart,Hyderabad,IT,Anjali Rao,Event,11-03-2026,42271.61,Open,Email,7
2958,CUST3958,Annette Williams,Chennai,IT,Anjali Rao,Event,28-11-2025,60906.35,Lost,Phone,10
2959,CUST3959,Brianna Garcia,Bangalore,Healthcare,Kiran Das,Website,11-03-2026,65220.94,Lost,Email,7
2960,CUST3960,William Greene,Delhi,Finance,Kiran Das,LinkedIn,13-04-2026,19065.56,Lost,Meeting,4
2961,CUST3961,Rick Fernandez,Hyderabad,Finance,Priya Sharma,Event,19-08-2025,29559.01,Open,Email,9
2962,CUST3962,Barry Johnson,Chennai,IT,Rahul Verma,LinkedIn,22-04-2026,18798.16,Won,Meeting,9
2963,CUST3963,Dennis Byrd,Chennai,Retail,Rahul Verma,Event,11-08-2025,62084.57,Open,Email,5
2964,CUST3964,Marcus West,Delhi,Healthcare,Kiran Das,Referral,16-12-2025,45678.12,Open,Email,9
2965,CUST3965,Jared House,Chennai,Retail,Kiran Das,Advertisement,21-09-2025,34619.14,Open,Meeting,10
2966,CUST3966,Haley Martinez,Chennai,Finance,Rahul Verma,Website,12-05-2026,44823.42,Open,Meeting,9
2967,CUST3967,Jennifer Ochoa,Pune,Retail,Kiran Das,Advertisement,25-09-2025,52758.26,Open,Phone,6
2968,CUST3968,Patrick Christensen,Chennai,Healthcare,Anjali Rao,Event,09-08-2025,56288.54,Lost,Meeting,4
2969,CUST3969,Chloe Fox,Pune,Manufacturing,Priya Sharma,LinkedIn,10-05-2026,81913.45,Won,Phone,6
2970,CUST3970,Heather Beasley,Hyderabad,Finance,Anjali Rao,Referral,07-01-2026,48224.78,Won,Email,6
2971,CUST3971,Kimberly Ortiz,Chennai,Healthcare,Kiran Das,LinkedIn,09-01-2026,92449.27,Open,Phone,8
2972,CUST3972,Melissa Hill,Mumbai,Manufacturing,Kiran Das,LinkedIn,21-08-2025,48882.48,Lost,Meeting,9
2973,CUST3973,Nicole Mejia,Mumbai,Manufacturing,Kiran Das,Advertisement,09-09-2025,62234.33,Won,Meeting,3
2974,CUST3974,Kimberly Lawrence,Pune,Manufacturing,Anjali Rao,Event,15-08-2025,26615.14,Open,Email,1
2975,CUST3975,Mr. Jason Mccoy,Delhi,IT,Rahul Verma,Referral,20-01-2026,74117.42,Open,Meeting,8
2976,CUST3976,Maria Brown,Hyderabad,Manufacturing,Rahul Verma,Website,22-03-2026,92795.82,Won,Email,3
2977,CUST3977,William Price,Pune,Healthcare,Priya Sharma,Referral,26-09-2025,35658.08,Lost,Meeting,9
2978,CUST3978,Rachel Kirby,Pune,Finance,Anjali Rao,LinkedIn,09-12-2025,49023.43,Open,Phone,3
2979,CUST3979,Thomas Deleon,Pune,Healthcare,Kiran Das,Referral,08-07-2025,46201.46,Open,Meeting,7
2980,CUST3980,Mark Davis,Delhi,Finance,Anjali Rao,LinkedIn,27-09-2025,27527.12,Lost,Phone,9
2981,CUST3981,Tyler Grimes,Delhi,Retail,Anjali Rao,Advertisement,21-02-2026,74644.34,Won,Email,3
2982,CUST3982,David Beard,Bangalore,Healthcare,Rahul Verma,Website,21-10-2025,80844.11,Won,Meeting,3
2983,CUST3983,Edward Marquez,Delhi,IT,Rahul Verma,Website,20-12-2025,57855.74,Won,Email,5
2984,CUST3984,Jeremy Williams,Delhi,IT,Priya Sharma,Event,08-09-2025,74904.8,Won,Email,4
2985,CUST3985,Larry Stephens,Chennai,Finance,Rahul Verma,Referral,23-04-2026,62775.05,Lost,Phone,9
2986,CUST3986,Michael Johnson,Bangalore,Finance,Priya Sharma,Website,31-12-2025,92813.15,Lost,Email,1
2987,CUST3987,Brandon Mitchell,Mumbai,IT,Priya Sharma,LinkedIn,02-08-2025,18050.61,Open,Email,10
2988,CUST3988,Jonathan Fletcher,Pune,Manufacturing,Kiran Das,LinkedIn,11-04-2026,58633.53,Open,Phone,6
2989,CUST3989,Lisa Hall,Pune,Manufacturing,Rahul Verma,Referral,21-11-2025,96466.22,Open,Email,2
2990,CUST3990,Kenneth Foster DDS,Pune,Finance,Rahul Verma,Advertisement,08-08-2025,15251.48,Won,Meeting,9
2991,CUST3991,Dennis Good,Chennai,Finance,Anjali Rao,Referral,21-08-2025,48706.96,Lost,Phone,6
2992,CUST3992,Benjamin Harrell,Mumbai,Finance,Anjali Rao,Event,01-05-2026,6326.31,Won,Email,6
2993,CUST3993,Robert Good,Chennai,IT,Rahul Verma,Event,24-05-2026,34887.14,Won,Email,2
2994,CUST3994,Victoria Mann,Bangalore,Manufacturing,Priya Sharma,LinkedIn,09-05-2026,10352.31,Lost,Phone,10
2995,CUST3995,Jocelyn Wilson,Mumbai,Manufacturing,Kiran Das,Event,09-11-2025,30268.24,Open,Email,2
2996,CUST3996,Marie Lynch,Hyderabad,Retail,Priya Sharma,Website,28-03-2026,71461.2,Open,Meeting,10
2997,CUST3997,James Snow,Chennai,Manufacturing,Priya Sharma,LinkedIn,13-08-2025,9320.55,Open,Email,5
2998,CUST3998,Cory Ray,Chennai,Finance,Rahul Verma,LinkedIn,05-08-2025,98879.66,Lost,Meeting,8
2999,CUST3999,Nancy Hartman,Bangalore,Finance,Priya Sharma,Event,26-11-2025,52046.21,Open,Email,2
3000,CUST4000,Joshua Fox,Chennai,Manufacturing,Rahul Verma,Referral,22-04-2026,42123.82,Won,Phone,1
3001,CUST4001,Brittany Clements,Delhi,Manufacturing,Kiran Das,Referral,06-02-2026,26821.37,Open,Email,9
3002,CUST4002,Scott Smith,Pune,Healthcare,Priya Sharma,Referral,01-09-2025,40860.09,Lost,Phone,10
3003,CUST4003,Elizabeth Burch,Bangalore,Retail,Anjali Rao,Referral,16-08-2025,33501.52,Lost,Email,6
3004,CUST4004,Matthew Kelley,Pune,Healthcare,Kiran Das,Advertisement,04-04-2026,36665.4,Open,Email,1
3005,CUST4005,Tracey Richardson,Bangalore,Healthcare,Priya Sharma,LinkedIn,09-06-2026,97221.6,Won,Phone,3
3006,CUST4006,Julie Hall,Hyderabad,Finance,Anjali Rao,Advertisement,15-09-2025,60684.74,Open,Meeting,6
3007,CUST4007,Brandon Arellano,Delhi,Finance,Anjali Rao,Advertisement,14-04-2026,15386.83,Open,Email,1
3008,CUST4008,Tonya Whitney,Mumbai,Healthcare,Kiran Das,Event,26-11-2025,67601.38,Won,Phone,10
3009,CUST4009,Brad Peterson,Delhi,Manufacturing,Rahul Verma,Event,01-09-2025,23593.25,Lost,Phone,7
3010,CUST4010,Christina Mccullough,Bangalore,IT,Kiran Das,LinkedIn,25-02-2026,24451.88,Lost,Email,8
3011,CUST4011,Dawn Meyer,Delhi,Healthcare,Priya Sharma,Referral,10-12-2025,93808.55,Won,Phone,1
3012,CUST4012,Linda Hale,Mumbai,Healthcare,Anjali Rao,Referral,02-11-2025,55597.1,Open,Meeting,1
3013,CUST4013,Stephen Kennedy,Pune,Retail,Kiran Das,Event,11-06-2026,92853.82,Lost,Phone,1
3014,CUST4014,Martha Grant,Hyderabad,IT,Anjali Rao,Event,18-09-2025,51478.46,Open,Meeting,6
3015,CUST4015,Lisa Peters,Chennai,IT,Anjali Rao,Event,12-09-2025,27854.44,Lost,Email,6
3016,CUST4016,William Cook,Mumbai,Retail,Anjali Rao,Referral,01-10-2025,12394.96,Lost,Phone,10
3017,CUST4017,Sharon Case,Mumbai,Finance,Priya Sharma,Event,07-08-2025,56100.6,Open,Phone,4
3018,CUST4018,Jacqueline Frederick,Chennai,Healthcare,Rahul Verma,Event,07-05-2026,19174.36,Won,Meeting,6
3019,CUST4019,Dustin Lee,Chennai,Healthcare,Kiran Das,Event,11-07-2025,94905.59,Lost,Meeting,2
3020,CUST4020,Heather Wilkerson,Hyderabad,IT,Anjali Rao,Referral,11-01-2026,15667.96,Open,Meeting,5
3021,CUST4021,James Jones,Hyderabad,Retail,Priya Sharma,Event,13-11-2025,75868.61,Lost,Meeting,10
3022,CUST4022,Brianna Jackson,Mumbai,IT,Anjali Rao,Advertisement,11-09-2025,82808.35,Won,Phone,5
3023,CUST4023,Joseph Daniel,Chennai,Healthcare,Kiran Das,Referral,13-11-2025,97411.35,Lost,Meeting,2
3024,CUST4024,Brian Lee,Bangalore,Finance,Kiran Das,Website,16-12-2025,61839.9,Won,Email,2
3025,CUST4025,Christopher Ford,Hyderabad,Retail,Anjali Rao,Website,05-07-2025,24957.99,Lost,Meeting,10
3026,CUST4026,Carolyn Cox,Delhi,IT,Anjali Rao,Website,16-10-2025,25647.3,Won,Phone,9
3027,CUST4027,Kristin Kim,Chennai,Retail,Anjali Rao,Advertisement,10-11-2025,90628.1,Open,Meeting,3
3028,CUST4028,Michael Jefferson,Mumbai,Finance,Rahul Verma,Referral,26-05-2026,17316.16,Won,Phone,2
3029,CUST4029,Gordon Anderson,Hyderabad,Healthcare,Kiran Das,Website,15-08-2025,81668.61,Lost,Email,9
3030,CUST4030,Jason Hamilton,Delhi,Manufacturing,Anjali Rao,LinkedIn,17-06-2026,91712.04,Lost,Email,5
3031,CUST4031,David Lambert,Delhi,Manufacturing,Anjali Rao,LinkedIn,30-05-2026,62026.79,Open,Email,3
3032,CUST4032,Patrick Simpson,Mumbai,IT,Anjali Rao,Advertisement,15-10-2025,43975.51,Won,Phone,4
3033,CUST4033,Charles Valdez,Pune,Finance,Anjali Rao,Advertisement,17-10-2025,99524.91,Won,Phone,5
3034,CUST4034,Thomas Dalton,Hyderabad,IT,Rahul Verma,Referral,15-11-2025,14097.62,Lost,Email,3
3035,CUST4035,Anna Walker,Chennai,Finance,Anjali Rao,Website,02-03-2026,85290.21,Open,Phone,2
3036,CUST4036,Christopher Sanchez,Pune,IT,Anjali Rao,Referral,01-10-2025,99896.84,Lost,Meeting,8
3037,CUST4037,Scott Jones,Bangalore,Healthcare,Kiran Das,Event,18-02-2026,89719.18,Open,Meeting,6
3038,CUST4038,Christina Ramos,Bangalore,Retail,Anjali Rao,Advertisement,20-12-2025,23788.01,Lost,Email,10
3039,CUST4039,Bradley Williams,Mumbai,Finance,Kiran Das,LinkedIn,25-10-2025,98457.38,Open,Email,5
3040,CUST4040,Jennifer Davis,Bangalore,Manufacturing,Anjali Rao,Event,30-04-2026,34093.56,Open,Email,4
3041,CUST4041,Nathan Welch,Bangalore,Manufacturing,Anjali Rao,Event,14-02-2026,24247.67,Lost,Phone,9
3042,CUST4042,Alan Evans,Chennai,Retail,Priya Sharma,Referral,10-02-2026,77999.61,Open,Phone,2
3043,CUST4043,Adam Davis,Pune,Healthcare,Rahul Verma,LinkedIn,30-01-2026,24731.02,Lost,Phone,2
3044,CUST4044,Christina Mitchell,Delhi,Retail,Priya Sharma,Referral,19-11-2025,30468.73,Lost,Email,9
3045,CUST4045,James Reese,Chennai,Finance,Rahul Verma,LinkedIn,28-01-2026,31087.91,Won,Email,10
3046,CUST4046,Vickie Burnett,Pune,Retail,Anjali Rao,LinkedIn,08-01-2026,19026.35,Lost,Email,8
3047,CUST4047,Rachel Robertson,Hyderabad,Finance,Priya Sharma,Website,03-05-2026,50313.25,Won,Meeting,4
3048,CUST4048,Christopher Scott,Delhi,Healthcare,Rahul Verma,Website,13-01-2026,48843.05,Lost,Email,9
3049,CUST4049,John Hall,Mumbai,Healthcare,Rahul Verma,Referral,25-03-2026,75532.66,Lost,Email,6
3050,CUST4050,Corey Brown,Bangalore,Healthcare,Rahul Verma,Advertisement,12-10-2025,51401.11,Won,Meeting,9
3051,CUST4051,Jay Bray,Delhi,Finance,Priya Sharma,Website,01-12-2025,61549.87,Open,Phone,2
3052,CUST4052,Jennifer Miller,Mumbai,Finance,Rahul Verma,Referral,23-02-2026,22496.32,Open,Email,8
3053,CUST4053,Mary Clark,Bangalore,Healthcare,Priya Sharma,Advertisement,04-10-2025,77612.12,Lost,Phone,7
3054,CUST4054,Billy Garrett,Chennai,IT,Anjali Rao,Referral,11-12-2025,80619.1,Open,Meeting,9
3055,CUST4055,Vanessa Castillo,Mumbai,Healthcare,Rahul Verma,Advertisement,14-06-2026,39177.16,Lost,Email,2
3056,CUST4056,David Miller,Hyderabad,Manufacturing,Anjali Rao,Event,21-10-2025,12847.78,Won,Email,2
3057,CUST4057,Alex Smith,Pune,Retail,Anjali Rao,Referral,17-05-2026,37748.08,Lost,Meeting,3
3058,CUST4058,Sara Acosta,Bangalore,IT,Kiran Das,Website,17-09-2025,96057.31,Open,Email,1
3059,CUST4059,Shannon Dougherty,Hyderabad,Healthcare,Priya Sharma,Referral,10-10-2025,46209.9,Lost,Meeting,7
3060,CUST4060,Travis Pratt,Chennai,Finance,Rahul Verma,Website,31-01-2026,66401.78,Lost,Email,3
3061,CUST4061,Lindsay Gray,Mumbai,IT,Anjali Rao,Advertisement,11-01-2026,58137.29,Lost,Phone,1
3062,CUST4062,Gerald Martin,Delhi,Manufacturing,Anjali Rao,Advertisement,11-08-2025,12171.31,Lost,Email,9
3063,CUST4063,Leah Cline,Pune,IT,Kiran Das,Advertisement,13-12-2025,75139.33,Lost,Phone,9
3064,CUST4064,Mark Nielsen,Pune,Retail,Priya Sharma,LinkedIn,03-08-2025,37765.52,Won,Email,3
3065,CUST4065,Nicholas Howell,Mumbai,IT,Rahul Verma,Event,13-03-2026,97368.84,Lost,Email,6
3066,CUST4066,Christina Johnson,Hyderabad,IT,Priya Sharma,LinkedIn,10-08-2025,31374.38,Won,Meeting,6
3067,CUST4067,Margaret Perez,Hyderabad,Retail,Rahul Verma,LinkedIn,18-06-2026,76614.7,Lost,Phone,6
3068,CUST4068,Chad Martin,Mumbai,Retail,Rahul Verma,Advertisement,16-09-2025,25512.18,Lost,Phone,6
3069,CUST4069,Andrea Young,Bangalore,Retail,Rahul Verma,Website,20-08-2025,39332.27,Lost,Phone,7
3070,CUST4070,James Rosario,Bangalore,Finance,Rahul Verma,Website,22-06-2026,87365.3,Open,Meeting,3
3071,CUST4071,Marc Holmes,Bangalore,Healthcare,Priya Sharma,Advertisement,05-12-2025,61804.34,Lost,Phone,3
3072,CUST4072,Amy Kaufman,Pune,IT,Kiran Das,LinkedIn,26-11-2025,19616.22,Won,Meeting,7
3073,CUST4073,Robert Smith,Mumbai,IT,Kiran Das,Advertisement,30-10-2025,41156.17,Open,Email,2
3074,CUST4074,Erica Davis,Chennai,Manufacturing,Anjali Rao,Event,16-09-2025,17211.58,Lost,Phone,9
3075,CUST4075,Melissa Morris MD,Chennai,Retail,Anjali Rao,LinkedIn,02-02-2026,7916.77,Lost,Email,8
3076,CUST4076,Krystal Turner DDS,Delhi,Manufacturing,Kiran Das,Event,24-06-2026,44607.06,Won,Phone,9
3077,CUST4077,Christian Nelson,Mumbai,Finance,Anjali Rao,LinkedIn,11-09-2025,15043.48,Won,Meeting,2
3078,CUST4078,Joshua Heath,Pune,IT,Priya Sharma,LinkedIn,20-01-2026,97036.62,Won,Meeting,3
3079,CUST4079,Susan Rodriguez,Hyderabad,IT,Anjali Rao,Website,27-02-2026,87944.26,Won,Email,10
3080,CUST4080,David Gray,Hyderabad,Healthcare,Anjali Rao,Referral,30-06-2025,56944.8,Lost,Email,8
3081,CUST4081,Joshua Lamb,Hyderabad,Finance,Anjali Rao,Advertisement,31-05-2026,31539.57,Won,Email,1
3082,CUST4082,Thomas Gibson,Chennai,Finance,Anjali Rao,Referral,01-09-2025,13067.44,Won,Phone,6
3083,CUST4083,Bradley Brooks,Chennai,Healthcare,Priya Sharma,Advertisement,24-07-2025,96770.53,Won,Meeting,4
3084,CUST4084,Danielle Le,Mumbai,IT,Kiran Das,Advertisement,26-01-2026,48803.29,Won,Phone,8
3085,CUST4085,Steven Valdez,Mumbai,IT,Rahul Verma,Website,03-03-2026,49959.48,Lost,Phone,6
3086,CUST4086,Christian Pacheco,Chennai,Finance,Rahul Verma,Event,03-10-2025,58186.51,Lost,Meeting,7
3087,CUST4087,Kelly Wilkerson,Mumbai,Finance,Priya Sharma,LinkedIn,01-01-2026,39879.52,Won,Phone,2
3088,CUST4088,Nicole Kemp,Mumbai,IT,Anjali Rao,Website,11-07-2025,74751.43,Open,Email,4
3089,CUST4089,Lindsey White,Delhi,Manufacturing,Kiran Das,Event,31-07-2025,41416.9,Lost,Phone,4
3090,CUST4090,Robin Mcdonald,Chennai,Finance,Kiran Das,Event,25-02-2026,8427.76,Open,Meeting,9
3091,CUST4091,Regina Sanchez,Chennai,Finance,Kiran Das,Advertisement,14-04-2026,15432.44,Lost,Email,6
3092,CUST4092,Amber Becker,Bangalore,Healthcare,Anjali Rao,Referral,12-09-2025,32109.62,Lost,Meeting,3
3093,CUST4093,Benjamin Nelson,Delhi,Retail,Kiran Das,LinkedIn,14-01-2026,64968.29,Open,Email,2
3094,CUST4094,Francisco Hayes,Mumbai,IT,Priya Sharma,Referral,19-11-2025,40394.87,Lost,Email,2
3095,CUST4095,Monica Nunez,Bangalore,IT,Kiran Das,Event,04-03-2026,91678.06,Open,Meeting,6
3096,CUST4096,Richard Padilla,Pune,Retail,Kiran Das,Website,01-09-2025,98924.58,Lost,Phone,4
3097,CUST4097,Kathryn Luna,Chennai,Manufacturing,Kiran Das,Website,22-07-2025,67061.24,Won,Phone,2
3098,CUST4098,Joshua Davis,Bangalore,Finance,Anjali Rao,Website,30-08-2025,59706.18,Lost,Phone,5
3099,CUST4099,Donald Allen,Chennai,IT,Rahul Verma,Event,01-07-2025,66979.61,Lost,Email,4
3100,CUST4100,Christine Reynolds,Bangalore,Healthcare,Anjali Rao,Event,05-02-2026,47816.48,Lost,Meeting,1
3101,CUST4101,Richard Lester,Mumbai,Manufacturing,Anjali Rao,Referral,07-11-2025,92954.42,Open,Meeting,3
3102,CUST4102,Teresa Carpenter,Mumbai,Retail,Kiran Das,Advertisement,11-08-2025,98772.88,Open,Email,1
3103,CUST4103,Amanda Santana,Pune,Finance,Anjali Rao,Event,03-06-2026,83475.92,Won,Phone,2
3104,CUST4104,Vincent Craig,Mumbai,IT,Anjali Rao,Advertisement,11-02-2026,79742.58,Lost,Email,5
3105,CUST4105,Kristen Cisneros,Hyderabad,Healthcare,Anjali Rao,Website,11-06-2026,99651.64,Open,Meeting,9
3106,CUST4106,Brandon Adams,Chennai,Retail,Anjali Rao,Website,27-11-2025,39427.66,Won,Email,6
3107,CUST4107,Lori Peterson,Pune,Manufacturing,Priya Sharma,LinkedIn,17-02-2026,9833,Lost,Email,5
3108,CUST4108,Meredith Stout,Bangalore,Finance,Anjali Rao,LinkedIn,16-01-2026,39591.84,Lost,Email,6
3109,CUST4109,Robert Hoover,Delhi,Manufacturing,Rahul Verma,Referral,05-03-2026,85969.41,Open,Meeting,7
3110,CUST4110,Ronald Carter,Hyderabad,Finance,Anjali Rao,Referral,07-03-2026,59260.51,Open,Phone,10
3111,CUST4111,Kimberly Hess,Pune,Healthcare,Rahul Verma,Referral,25-04-2026,9508.97,Lost,Email,2
3112,CUST4112,Rebecca Gross,Hyderabad,Manufacturing,Kiran Das,Referral,26-11-2025,97922.16,Won,Phone,1
3113,CUST4113,Harold Barnes,Bangalore,Healthcare,Priya Sharma,Website,12-05-2026,29453.05,Lost,Phone,10
3114,CUST4114,Michelle Jones,Hyderabad,Retail,Kiran Das,Advertisement,20-01-2026,28444.35,Won,Phone,6
3115,CUST4115,Matthew Griffin,Hyderabad,Healthcare,Rahul Verma,Event,02-07-2025,8318.18,Open,Meeting,10
3116,CUST4116,Joshua Murphy,Chennai,Manufacturing,Anjali Rao,Advertisement,20-01-2026,62060.27,Won,Email,4
3117,CUST4117,Lance Harris,Pune,Retail,Anjali Rao,Event,18-05-2026,89787.32,Open,Meeting,5
3118,CUST4118,Dana Alvarado,Chennai,Retail,Priya Sharma,LinkedIn,02-07-2025,48257.78,Open,Meeting,5
3119,CUST4119,William Fox,Hyderabad,Finance,Anjali Rao,Event,09-06-2026,87708.89,Won,Phone,10
3120,CUST4120,Megan Rivera,Pune,Finance,Priya Sharma,Website,04-11-2025,7489.04,Lost,Phone,8
3121,CUST4121,Robert Heath Jr.,Pune,Healthcare,Rahul Verma,Website,03-06-2026,83976.81,Open,Meeting,1
3122,CUST4122,Robert Smith,Delhi,Retail,Priya Sharma,Event,20-04-2026,76800.56,Won,Meeting,8
3123,CUST4123,Pam Phillips,Hyderabad,IT,Priya Sharma,Referral,29-05-2026,67287.14,Lost,Email,3
3124,CUST4124,Margaret Collins,Hyderabad,IT,Kiran Das,LinkedIn,14-03-2026,93300.89,Lost,Meeting,5
3125,CUST4125,Mr. Kevin Waters,Pune,IT,Priya Sharma,Referral,27-10-2025,42583.53,Lost,Meeting,3
3126,CUST4126,Alexander Dixon,Pune,Manufacturing,Anjali Rao,LinkedIn,23-10-2025,8652.18,Open,Email,5
3127,CUST4127,Jordan Brown,Bangalore,Retail,Kiran Das,LinkedIn,05-02-2026,78517.78,Open,Phone,7
3128,CUST4128,Henry Smith,Chennai,Healthcare,Rahul Verma,LinkedIn,01-03-2026,10058.82,Lost,Meeting,6
3129,CUST4129,Robert Murphy,Mumbai,Healthcare,Rahul Verma,Advertisement,17-11-2025,66241.29,Open,Email,4
3130,CUST4130,Brandi Martin,Mumbai,Finance,Priya Sharma,Referral,08-05-2026,57742.22,Lost,Email,10
3131,CUST4131,Miguel Williams,Hyderabad,Healthcare,Rahul Verma,Referral,18-10-2025,95750.17,Won,Phone,5
3132,CUST4132,Daniel Evans,Hyderabad,IT,Rahul Verma,LinkedIn,20-12-2025,48818.15,Lost,Phone,5
3133,CUST4133,Thomas Nicholson,Chennai,Healthcare,Kiran Das,Referral,19-09-2025,98097.39,Lost,Meeting,5
3134,CUST4134,Katherine Hunter,Mumbai,Manufacturing,Kiran Das,LinkedIn,28-04-2026,5560.21,Won,Meeting,10
3135,CUST4135,Austin Navarro,Pune,Finance,Kiran Das,Website,31-07-2025,59737.07,Won,Meeting,8
3136,CUST4136,Stephanie Nash,Chennai,Healthcare,Anjali Rao,Advertisement,18-04-2026,83336.04,Won,Meeting,8
3137,CUST4137,Lori Brandt,Hyderabad,IT,Anjali Rao,Advertisement,15-11-2025,31155.75,Won,Email,3
3138,CUST4138,Jeremiah Lutz,Bangalore,Retail,Rahul Verma,Referral,21-11-2025,88136.89,Won,Email,3
3139,CUST4139,Shelly Ellis,Mumbai,Retail,Anjali Rao,Advertisement,11-09-2025,42137.18,Won,Phone,6
3140,CUST4140,Anthony Berry,Hyderabad,IT,Priya Sharma,LinkedIn,30-05-2026,5394.66,Lost,Email,9
3141,CUST4141,Jessica Burke,Pune,IT,Kiran Das,Referral,28-01-2026,57283.45,Lost,Email,3
3142,CUST4142,Jennifer Evans,Hyderabad,Retail,Priya Sharma,Website,26-04-2026,40829.88,Won,Email,1
3143,CUST4143,Tammy Duncan,Chennai,Finance,Anjali Rao,Referral,01-11-2025,16054.37,Lost,Email,8
3144,CUST4144,Barbara Gonzalez,Delhi,Healthcare,Priya Sharma,Referral,18-03-2026,39068.64,Lost,Email,8
3145,CUST4145,Casey Perez,Hyderabad,Healthcare,Anjali Rao,Event,02-12-2025,68200.4,Open,Meeting,2
3146,CUST4146,Andrew Hayden,Delhi,IT,Anjali Rao,Referral,15-11-2025,64476.83,Lost,Phone,9
3147,CUST4147,Kevin Thompson,Pune,IT,Priya Sharma,Website,01-01-2026,33352.88,Lost,Email,4
3148,CUST4148,Melissa Castillo,Delhi,Retail,Anjali Rao,Event,12-12-2025,29198.18,Won,Meeting,6
3149,CUST4149,Tara Aguilar,Pune,Retail,Anjali Rao,Advertisement,12-12-2025,54519.44,Open,Phone,1
3150,CUST4150,Anna Charles,Bangalore,Manufacturing,Priya Sharma,Referral,18-04-2026,24103.41,Won,Meeting,10
3151,CUST4151,Anthony Hurst,Chennai,IT,Kiran Das,Event,24-07-2025,42639.48,Open,Meeting,8
3152,CUST4152,Raymond Cuevas,Hyderabad,Manufacturing,Rahul Verma,Website,20-12-2025,71697.16,Won,Phone,8
3153,CUST4153,Timothy King,Pune,IT,Anjali Rao,LinkedIn,21-04-2026,89274.1,Won,Phone,3
3154,CUST4154,Darren Mays,Hyderabad,Finance,Kiran Das,Advertisement,16-07-2025,21532.5,Won,Meeting,7
3155,CUST4155,Mario Conley,Pune,Retail,Priya Sharma,LinkedIn,05-04-2026,99430.23,Lost,Email,3
3156,CUST4156,Dawn Sutton,Mumbai,Retail,Kiran Das,Referral,28-03-2026,44093.54,Won,Meeting,7
3157,CUST4157,Norma Davis,Pune,Healthcare,Kiran Das,Referral,19-12-2025,26287.36,Won,Phone,9
3158,CUST4158,Zachary Lynch,Pune,Retail,Anjali Rao,LinkedIn,05-10-2025,67977.43,Won,Phone,2
3159,CUST4159,Barbara Warren,Chennai,Healthcare,Rahul Verma,Event,01-05-2026,47578.01,Lost,Meeting,8
3160,CUST4160,Vanessa Downs,Delhi,Manufacturing,Kiran Das,Advertisement,16-11-2025,56828.47,Open,Email,3
3161,CUST4161,Matthew Martin,Delhi,Finance,Rahul Verma,Event,17-07-2025,14561.09,Lost,Meeting,5
3162,CUST4162,Ryan Rodriguez,Pune,Healthcare,Anjali Rao,Website,10-07-2025,69359.23,Lost,Meeting,8
3163,CUST4163,Toni Miller,Chennai,Retail,Anjali Rao,Referral,20-06-2026,39915.65,Open,Phone,4
3164,CUST4164,Rebecca Hensley,Pune,Manufacturing,Rahul Verma,LinkedIn,17-11-2025,55882.55,Lost,Meeting,4
3165,CUST4165,Alyssa Simmons,Delhi,Finance,Anjali Rao,Referral,31-01-2026,50845.24,Won,Meeting,5
3166,CUST4166,Taylor Wheeler,Hyderabad,IT,Priya Sharma,Website,29-06-2025,25955.19,Open,Phone,9
3167,CUST4167,Melinda Herrera,Delhi,IT,Priya Sharma,Event,14-07-2025,19290.5,Won,Email,3
3168,CUST4168,Matthew Bird,Chennai,IT,Rahul Verma,LinkedIn,05-05-2026,43927.61,Open,Meeting,7
3169,CUST4169,Tara Potter,Mumbai,Retail,Anjali Rao,Advertisement,14-01-2026,18460.19,Open,Meeting,6
3170,CUST4170,Brett Wright,Hyderabad,Retail,Rahul Verma,Event,21-01-2026,46436.69,Lost,Meeting,2
3171,CUST4171,Gregory Brennan,Pune,Healthcare,Anjali Rao,Advertisement,15-09-2025,90831.64,Lost,Phone,4
3172,CUST4172,Julie Pearson,Delhi,Finance,Anjali Rao,LinkedIn,05-04-2026,28866.28,Won,Email,7
3173,CUST4173,Jacqueline West,Mumbai,Retail,Anjali Rao,Event,20-08-2025,12560.75,Won,Email,3
3174,CUST4174,Erin Richardson,Delhi,Retail,Priya Sharma,LinkedIn,18-03-2026,82933.95,Won,Phone,7
3175,CUST4175,Anita Howell,Delhi,Retail,Priya Sharma,Event,13-11-2025,54144.44,Open,Phone,2
3176,CUST4176,Connie Hensley,Pune,Healthcare,Rahul Verma,Website,23-10-2025,23030.31,Won,Email,2
3177,CUST4177,Nicholas Johnson,Chennai,Retail,Rahul Verma,Website,10-07-2025,96544.64,Won,Phone,4
3178,CUST4178,Tonya Robinson,Chennai,Retail,Priya Sharma,Advertisement,23-11-2025,57908.55,Open,Meeting,7
3179,CUST4179,Dylan Johnson,Chennai,Retail,Anjali Rao,LinkedIn,20-04-2026,40544.63,Lost,Email,10
3180,CUST4180,Joshua Brown,Hyderabad,Healthcare,Anjali Rao,Advertisement,13-07-2025,10721.53,Won,Email,4
3181,CUST4181,Brenda Bauer,Bangalore,Manufacturing,Anjali Rao,Referral,04-01-2026,18531.85,Open,Email,3
3182,CUST4182,Tiffany Webb,Bangalore,IT,Kiran Das,Referral,09-03-2026,49389.02,Lost,Phone,1
3183,CUST4183,Julie Williams,Bangalore,IT,Priya Sharma,Advertisement,29-09-2025,81491.44,Won,Phone,1
3184,CUST4184,Cheryl Yu,Hyderabad,Finance,Anjali Rao,Event,05-05-2026,41026.08,Won,Meeting,4
3185,CUST4185,Joseph Dickerson,Pune,Retail,Anjali Rao,Website,02-03-2026,75057.94,Lost,Email,8
3186,CUST4186,Harry Gray,Delhi,Healthcare,Kiran Das,Advertisement,13-07-2025,54443.73,Won,Phone,10
3187,CUST4187,Danny Peck,Hyderabad,Healthcare,Kiran Das,LinkedIn,27-10-2025,27442.59,Open,Meeting,9
3188,CUST4188,Kyle Hawkins,Bangalore,Finance,Anjali Rao,Advertisement,06-04-2026,73202.58,Lost,Phone,10
3189,CUST4189,Rebecca Baldwin,Hyderabad,Healthcare,Kiran Das,Website,19-03-2026,76344.06,Lost,Meeting,2
3190,CUST4190,William White,Delhi,Healthcare,Rahul Verma,Event,07-03-2026,90890.28,Lost,Meeting,10
3191,CUST4191,Denise Greene,Chennai,IT,Priya Sharma,Event,19-04-2026,40172.92,Won,Phone,1
3192,CUST4192,Gary Rodriguez,Delhi,Finance,Anjali Rao,LinkedIn,28-09-2025,95361.39,Open,Phone,3
3193,CUST4193,Troy Nguyen,Hyderabad,Finance,Kiran Das,Referral,17-11-2025,51095.34,Won,Phone,8
3194,CUST4194,Tammy Santos,Mumbai,Healthcare,Rahul Verma,LinkedIn,11-11-2025,22046.27,Lost,Email,5
3195,CUST4195,Timothy White,Hyderabad,Finance,Anjali Rao,Website,12-09-2025,72930.9,Open,Meeting,6
3196,CUST4196,Heidi Johnson,Delhi,IT,Priya Sharma,Advertisement,11-08-2025,57841.76,Open,Meeting,7
3197,CUST4197,Benjamin Lutz,Bangalore,Manufacturing,Rahul Verma,Website,12-06-2026,46803.89,Lost,Phone,8
3198,CUST4198,Diane Warren,Hyderabad,Manufacturing,Priya Sharma,LinkedIn,24-06-2026,57128.32,Lost,Email,9
3199,CUST4199,Timothy Graham,Chennai,Manufacturing,Anjali Rao,Advertisement,03-03-2026,17669.09,Won,Email,3
3200,CUST4200,Carrie Moses,Bangalore,IT,Anjali Rao,Advertisement,26-11-2025,11537.63,Won,Meeting,4
3201,CUST4201,Meghan White,Chennai,IT,Priya Sharma,Website,28-06-2025,23363.55,Open,Meeting,1
3202,CUST4202,Zachary Powell,Chennai,IT,Rahul Verma,Website,04-06-2026,36447.15,Open,Phone,3
3203,CUST4203,Debra Gregory,Hyderabad,Healthcare,Anjali Rao,Referral,26-09-2025,45067.13,Lost,Email,3
3204,CUST4204,Jackson Rodriguez,Hyderabad,Finance,Priya Sharma,Event,31-12-2025,98547.8,Open,Phone,2
3205,CUST4205,Lindsay Anderson,Pune,Retail,Anjali Rao,Advertisement,22-08-2025,79863.47,Won,Phone,4
3206,CUST4206,Robert Jones,Chennai,Manufacturing,Rahul Verma,LinkedIn,04-01-2026,20354.74,Won,Phone,6
3207,CUST4207,Brenda Thomas,Chennai,Healthcare,Kiran Das,Event,05-11-2025,46107.63,Open,Email,3
3208,CUST4208,Alexandra Roberts,Pune,Finance,Kiran Das,Referral,05-11-2025,64602.17,Open,Meeting,9
3209,CUST4209,Stephen Baker,Mumbai,Healthcare,Priya Sharma,Website,02-08-2025,89735.95,Won,Phone,5
3210,CUST4210,Eric Brown,Bangalore,Finance,Anjali Rao,Advertisement,28-11-2025,11368.74,Lost,Meeting,8
3211,CUST4211,Jessica Leonard,Delhi,Retail,Rahul Verma,Website,04-01-2026,27582.5,Won,Phone,6
3212,CUST4212,Daniel Frye,Hyderabad,IT,Kiran Das,Advertisement,08-08-2025,21531.98,Lost,Phone,2
3213,CUST4213,Courtney Evans,Hyderabad,Retail,Anjali Rao,Event,22-06-2026,71138.08,Lost,Meeting,6
3214,CUST4214,Nichole Turner,Mumbai,IT,Rahul Verma,Referral,08-09-2025,40800.16,Won,Phone,1
3215,CUST4215,Steven Ferguson,Mumbai,Retail,Priya Sharma,LinkedIn,23-07-2025,32190.52,Lost,Email,2
3216,CUST4216,Matthew King,Chennai,Retail,Kiran Das,LinkedIn,13-06-2026,28196.72,Lost,Email,4
3217,CUST4217,Angela Franklin,Bangalore,Retail,Kiran Das,Website,30-01-2026,93335.87,Won,Meeting,9
3218,CUST4218,Eric Brown,Delhi,Retail,Anjali Rao,Advertisement,17-11-2025,61176.99,Lost,Email,10
3219,CUST4219,John Martinez,Pune,Retail,Priya Sharma,LinkedIn,16-06-2026,57864.61,Lost,Email,6
3220,CUST4220,Howard Gross,Pune,Finance,Priya Sharma,Advertisement,17-05-2026,97236.61,Open,Meeting,3
3221,CUST4221,Kenneth Hawkins,Chennai,Healthcare,Priya Sharma,Event,26-02-2026,14385.46,Lost,Phone,8
3222,CUST4222,Ashley Thomas,Delhi,Retail,Anjali Rao,Website,02-06-2026,59904.74,Won,Email,9
3223,CUST4223,Jessica Bell,Delhi,Manufacturing,Kiran Das,Referral,25-12-2025,61639.44,Lost,Meeting,8
3224,CUST4224,Nicholas Mullen,Pune,Retail,Anjali Rao,Website,07-11-2025,12441.37,Lost,Phone,10
3225,CUST4225,Tom Johnson,Bangalore,Finance,Anjali Rao,LinkedIn,05-08-2025,19839.52,Lost,Email,6
3226,CUST4226,Monica Smith,Delhi,Manufacturing,Priya Sharma,Website,25-06-2025,91418.92,Won,Phone,4
3227,CUST4227,Ashley Cook,Chennai,Retail,Kiran Das,LinkedIn,11-10-2025,11908.02,Lost,Meeting,4
3228,CUST4228,Jennifer Rush,Pune,Healthcare,Rahul Verma,Website,14-03-2026,54580.64,Won,Email,5
3229,CUST4229,Patrick Hayes,Pune,IT,Rahul Verma,Advertisement,30-01-2026,82186.17,Open,Phone,3
3230,CUST4230,Andre Griffin,Mumbai,Manufacturing,Anjali Rao,Event,28-10-2025,25171.18,Won,Meeting,1
3231,CUST4231,Jennifer Martin,Hyderabad,Finance,Kiran Das,Event,13-12-2025,32663.55,Open,Meeting,1
3232,CUST4232,Mark Travis,Hyderabad,IT,Anjali Rao,Advertisement,28-10-2025,56058.29,Lost,Email,2
3233,CUST4233,Eric Miller,Bangalore,IT,Anjali Rao,LinkedIn,16-04-2026,8817.79,Won,Meeting,8
3234,CUST4234,Jamie Day,Chennai,Healthcare,Priya Sharma,Event,16-09-2025,39141.82,Open,Meeting,1
3235,CUST4235,Douglas Ray,Mumbai,Retail,Anjali Rao,Referral,23-10-2025,96997.28,Won,Meeting,2
3236,CUST4236,Kathy Reed,Chennai,Manufacturing,Kiran Das,Referral,19-09-2025,95143.41,Won,Meeting,7
3237,CUST4237,Edward Aguirre,Bangalore,Finance,Anjali Rao,Website,16-11-2025,61652.42,Open,Email,8
3238,CUST4238,Thomas Knapp,Pune,Finance,Kiran Das,Referral,11-08-2025,59407.02,Open,Phone,9
3239,CUST4239,Joshua Gonzalez,Hyderabad,Retail,Anjali Rao,Advertisement,11-02-2026,39761.99,Open,Phone,3
3240,CUST4240,Pamela Lee,Chennai,Retail,Priya Sharma,Website,15-04-2026,89375.7,Lost,Phone,2
3241,CUST4241,Sandra Hoffman,Mumbai,Finance,Anjali Rao,Website,08-03-2026,97168.72,Lost,Phone,7
3242,CUST4242,Kelsey Gardner,Chennai,Manufacturing,Anjali Rao,Event,16-12-2025,44660.48,Lost,Meeting,4
3243,CUST4243,Brad Cohen,Bangalore,Retail,Kiran Das,Referral,18-07-2025,85540.02,Open,Meeting,10
3244,CUST4244,Fernando Kirby,Chennai,IT,Kiran Das,Website,21-05-2026,14611.51,Won,Phone,7
3245,CUST4245,John Eaton,Mumbai,Manufacturing,Priya Sharma,Advertisement,01-05-2026,90731.94,Open,Phone,6
3246,CUST4246,Anne Erickson,Hyderabad,IT,Priya Sharma,Referral,13-11-2025,19238.35,Open,Email,9
3247,CUST4247,John Campbell,Mumbai,Manufacturing,Anjali Rao,LinkedIn,07-04-2026,84157.58,Open,Meeting,7
3248,CUST4248,Russell King,Hyderabad,IT,Priya Sharma,LinkedIn,27-10-2025,15479.47,Won,Phone,4
3249,CUST4249,Kathryn Thomas,Bangalore,IT,Anjali Rao,Website,22-10-2025,95842.06,Open,Phone,1
3250,CUST4250,Collin White,Bangalore,Manufacturing,Rahul Verma,Website,11-10-2025,32447.93,Open,Meeting,7
3251,CUST4251,Christopher Rojas,Pune,Retail,Anjali Rao,LinkedIn,15-04-2026,97478.86,Open,Phone,1
3252,CUST4252,Dawn Woodard,Bangalore,Healthcare,Anjali Rao,Advertisement,23-05-2026,87942.03,Lost,Email,2
3253,CUST4253,Ronald Alvarado,Bangalore,Retail,Rahul Verma,Referral,05-02-2026,98032.33,Won,Phone,4
3254,CUST4254,Melinda Clayton,Delhi,IT,Priya Sharma,Advertisement,19-03-2026,40769.99,Won,Meeting,4
3255,CUST4255,Brandon James,Pune,Manufacturing,Priya Sharma,Website,11-09-2025,36649.45,Won,Meeting,9
3256,CUST4256,Barbara Williams,Bangalore,IT,Priya Sharma,Referral,26-06-2025,52510.49,Open,Email,8
3257,CUST4257,Marissa Jones,Bangalore,Manufacturing,Priya Sharma,Website,17-12-2025,15065.16,Open,Email,5
3258,CUST4258,Sheila Cameron,Hyderabad,IT,Priya Sharma,Event,02-08-2025,98002.59,Lost,Meeting,10
3259,CUST4259,Angela Clark,Pune,Finance,Anjali Rao,LinkedIn,31-01-2026,52003.05,Lost,Meeting,7
3260,CUST4260,Diana Miller,Mumbai,Retail,Rahul Verma,Website,29-10-2025,24745.94,Won,Meeting,5
3261,CUST4261,Allison Hill,Mumbai,Finance,Kiran Das,Event,11-02-2026,62673.69,Open,Email,1
3262,CUST4262,Richard Jones,Mumbai,IT,Rahul Verma,Event,11-01-2026,18365.71,Won,Meeting,4
3263,CUST4263,Natalie Lamb,Mumbai,Healthcare,Kiran Das,Referral,20-12-2025,96209.52,Lost,Phone,9
3264,CUST4264,Alejandra Baker,Pune,Finance,Kiran Das,Referral,18-10-2025,36175.25,Open,Meeting,3
3265,CUST4265,Nicole Reynolds,Hyderabad,Healthcare,Rahul Verma,LinkedIn,04-06-2026,23387.52,Open,Phone,10
3266,CUST4266,Ernest King,Bangalore,Healthcare,Kiran Das,Website,22-03-2026,67812.34,Won,Meeting,3
3267,CUST4267,Michael Davis,Pune,Manufacturing,Rahul Verma,Advertisement,11-12-2025,84549.36,Open,Email,9
3268,CUST4268,Jessica Fry,Mumbai,Healthcare,Kiran Das,LinkedIn,01-10-2025,78174.33,Open,Email,10
3269,CUST4269,Steven Vasquez,Pune,Retail,Rahul Verma,Website,11-01-2026,54215.67,Won,Phone,1
3270,CUST4270,Joseph Nguyen,Bangalore,IT,Priya Sharma,Event,09-07-2025,55242.49,Won,Phone,4
3271,CUST4271,Jenna Ashley,Pune,Retail,Anjali Rao,Referral,24-02-2026,78808.7,Won,Email,1
3272,CUST4272,Bryan Nunez,Chennai,Retail,Kiran Das,Referral,20-02-2026,15586.35,Won,Phone,5
3273,CUST4273,Stacy Griffin,Mumbai,Manufacturing,Anjali Rao,Event,10-07-2025,87167.78,Open,Meeting,5
3274,CUST4274,Thomas Donovan,Hyderabad,Healthcare,Kiran Das,LinkedIn,10-07-2025,62918.24,Won,Meeting,7
3275,CUST4275,Dale Schultz,Mumbai,IT,Kiran Das,Advertisement,17-03-2026,56011.05,Won,Email,1
3276,CUST4276,Megan Rodriguez,Delhi,IT,Rahul Verma,Referral,21-10-2025,54171.99,Open,Email,4
3277,CUST4277,Daniel Lewis,Chennai,IT,Rahul Verma,LinkedIn,02-03-2026,84717.97,Lost,Phone,8
3278,CUST4278,Mrs. Nancy Smith,Hyderabad,Retail,Anjali Rao,Advertisement,24-08-2025,98804.3,Open,Meeting,2
3279,CUST4279,Eric Martinez,Mumbai,Retail,Priya Sharma,Advertisement,25-10-2025,65648.19,Open,Phone,10
3280,CUST4280,Sarah Randall,Chennai,Retail,Rahul Verma,LinkedIn,14-12-2025,26313.72,Won,Meeting,5
3281,CUST4281,John Fowler,Hyderabad,Finance,Rahul Verma,Website,10-10-2025,57347.54,Won,Meeting,3
3282,CUST4282,Jason Garcia,Chennai,Manufacturing,Priya Sharma,Website,24-01-2026,92932.62,Lost,Email,7
3283,CUST4283,Leah Walton,Mumbai,Healthcare,Anjali Rao,Website,22-03-2026,55495.41,Won,Meeting,10
3284,CUST4284,Nathaniel Bell,Hyderabad,IT,Rahul Verma,Event,27-08-2025,69229.43,Open,Phone,9
3285,CUST4285,Andre Anderson,Bangalore,IT,Anjali Rao,Website,29-01-2026,16076.05,Open,Meeting,10
3286,CUST4286,Jeremy Reynolds,Bangalore,Retail,Anjali Rao,Website,06-04-2026,96290.83,Lost,Phone,2
3287,CUST4287,Thomas Harris,Mumbai,Healthcare,Rahul Verma,LinkedIn,26-05-2026,32341.02,Won,Phone,5
3288,CUST4288,Judy Wyatt,Bangalore,Healthcare,Rahul Verma,Event,10-04-2026,48825.24,Won,Phone,9
3289,CUST4289,Elizabeth Torres,Bangalore,Manufacturing,Anjali Rao,Event,29-06-2025,29026.58,Won,Meeting,10
3290,CUST4290,Anthony Brewer,Pune,IT,Rahul Verma,Website,11-06-2026,36593.45,Lost,Phone,7
3291,CUST4291,Michelle Gibson,Bangalore,Finance,Anjali Rao,Advertisement,03-11-2025,10253.48,Lost,Email,4
3292,CUST4292,Lisa Hardy,Delhi,IT,Kiran Das,Advertisement,28-08-2025,97487.33,Open,Meeting,9
3293,CUST4293,Michael Whitaker,Bangalore,Finance,Rahul Verma,Website,18-01-2026,67448.17,Won,Meeting,5
3294,CUST4294,Pamela Smith,Bangalore,Finance,Priya Sharma,Referral,14-07-2025,76154.96,Won,Phone,2
3295,CUST4295,Stephen Nelson,Hyderabad,Healthcare,Priya Sharma,Referral,10-05-2026,84408.24,Won,Meeting,9
3296,CUST4296,Lisa Paul,Hyderabad,Retail,Kiran Das,Website,09-12-2025,79472.23,Lost,Phone,10
3297,CUST4297,Charles Perez,Hyderabad,Finance,Priya Sharma,Referral,18-08-2025,77116.71,Lost,Email,1
3298,CUST4298,David Vaughn,Pune,Retail,Anjali Rao,Advertisement,20-02-2026,93118.2,Won,Email,5
3299,CUST4299,Douglas Flowers,Pune,Finance,Rahul Verma,Referral,10-07-2025,84156.3,Won,Phone,2
3300,CUST4300,Russell Smith,Chennai,IT,Anjali Rao,Advertisement,17-01-2026,78843.97,Lost,Phone,9
3301,CUST4301,Edwin Thomas DDS,Delhi,Finance,Priya Sharma,Referral,28-08-2025,35496.2,Lost,Meeting,8
3302,CUST4302,John Keller,Pune,IT,Priya Sharma,Event,01-08-2025,15158.85,Open,Email,9
3303,CUST4303,Andrea Barrett,Hyderabad,Finance,Kiran Das,Advertisement,23-08-2025,49991.93,Won,Meeting,1
3304,CUST4304,Jennifer Scott,Chennai,Finance,Anjali Rao,Referral,10-01-2026,36223.72,Open,Email,8
3305,CUST4305,Brianna Salazar,Chennai,Manufacturing,Anjali Rao,Referral,09-07-2025,54970.28,Open,Meeting,5
3306,CUST4306,Charles Hall,Mumbai,Healthcare,Kiran Das,Event,29-01-2026,54486.62,Open,Email,2
3307,CUST4307,Justin Smith,Chennai,Healthcare,Kiran Das,LinkedIn,28-05-2026,58202.03,Won,Meeting,2
3308,CUST4308,Gary Martinez,Pune,Retail,Rahul Verma,Advertisement,14-10-2025,16071.2,Won,Email,1
3309,CUST4309,Kenneth Morris,Bangalore,Manufacturing,Anjali Rao,Referral,28-01-2026,84095.04,Won,Email,10
3310,CUST4310,Suzanne Washington,Delhi,Healthcare,Kiran Das,Referral,13-03-2026,96456.51,Won,Email,1
3311,CUST4311,Brian Banks,Bangalore,Retail,Rahul Verma,Advertisement,17-12-2025,63310.52,Won,Email,7
3312,CUST4312,Ethan Rios,Delhi,Healthcare,Priya Sharma,Event,05-11-2025,96343.03,Won,Phone,4
3313,CUST4313,Michael Miller,Mumbai,Manufacturing,Anjali Rao,Event,09-03-2026,43982.2,Lost,Email,9
3314,CUST4314,David Lopez,Chennai,Retail,Anjali Rao,Advertisement,20-06-2026,71372.37,Won,Phone,8
3315,CUST4315,Evelyn White,Delhi,Healthcare,Kiran Das,Advertisement,11-03-2026,71040.34,Won,Meeting,5
3316,CUST4316,Tanner Maldonado,Hyderabad,Retail,Rahul Verma,Event,31-07-2025,36744.57,Lost,Phone,2
3317,CUST4317,Christine Ross,Pune,IT,Anjali Rao,Advertisement,21-01-2026,63504.68,Open,Phone,4
3318,CUST4318,Lori Lee,Bangalore,Retail,Anjali Rao,Website,07-03-2026,76120.95,Won,Phone,9
3319,CUST4319,James Evans,Pune,Retail,Rahul Verma,Referral,19-01-2026,36843.15,Open,Meeting,1
3320,CUST4320,Dan Hernandez,Chennai,Finance,Kiran Das,LinkedIn,04-11-2025,80855.27,Open,Email,5
3321,CUST4321,Justin Ortiz,Pune,Healthcare,Anjali Rao,Referral,05-09-2025,69591.18,Won,Phone,4
3322,CUST4322,Jacqueline Guerra,Pune,IT,Kiran Das,LinkedIn,05-09-2025,58777.75,Lost,Email,3
3323,CUST4323,Teresa Smith,Chennai,Finance,Rahul Verma,Event,04-06-2026,77786.53,Won,Email,2
3324,CUST4324,Sean Lee,Chennai,Manufacturing,Kiran Das,Advertisement,26-04-2026,47205.85,Open,Meeting,2
3325,CUST4325,Mike Smith,Chennai,Retail,Rahul Verma,Referral,24-07-2025,40266.82,Won,Email,1
3326,CUST4326,Jessica Burton,Chennai,IT,Kiran Das,Referral,21-09-2025,31230.92,Won,Meeting,9
3327,CUST4327,Christopher Baker,Hyderabad,Retail,Kiran Das,Referral,29-10-2025,41348.93,Open,Email,10
3328,CUST4328,Jessica Villarreal,Mumbai,Healthcare,Kiran Das,LinkedIn,07-03-2026,30718.81,Open,Phone,10
3329,CUST4329,Denise Rojas,Hyderabad,IT,Anjali Rao,LinkedIn,25-01-2026,64943.13,Open,Meeting,9
3330,CUST4330,Jennifer Bolton,Bangalore,Retail,Kiran Das,LinkedIn,04-12-2025,18429.38,Won,Email,5
3331,CUST4331,Brittney Madden,Delhi,IT,Kiran Das,Website,12-03-2026,16595.93,Open,Phone,7
3332,CUST4332,Misty Serrano,Hyderabad,Retail,Rahul Verma,Referral,15-02-2026,30148.98,Lost,Email,4
3333,CUST4333,John Garcia,Hyderabad,Finance,Kiran Das,Website,25-08-2025,60039.14,Won,Email,3
3334,CUST4334,Jerry Price,Hyderabad,Healthcare,Priya Sharma,LinkedIn,11-04-2026,38080.11,Won,Email,6
3335,CUST4335,Alyssa Riley,Mumbai,Healthcare,Kiran Das,Website,03-07-2025,97364.21,Lost,Meeting,4
3336,CUST4336,Terry Norman,Hyderabad,Manufacturing,Anjali Rao,Referral,01-07-2025,48841.32,Lost,Phone,6
3337,CUST4337,Christian Jenkins,Hyderabad,Retail,Priya Sharma,Advertisement,27-03-2026,51552.07,Lost,Phone,4
3338,CUST4338,Oscar Moon,Pune,Finance,Anjali Rao,Advertisement,05-07-2025,13204.79,Open,Email,8
3339,CUST4339,Ryan Rogers,Delhi,Manufacturing,Rahul Verma,Event,03-04-2026,84936.97,Lost,Meeting,5
3340,CUST4340,Daniel Mcgee,Bangalore,Healthcare,Anjali Rao,Referral,18-08-2025,36140.27,Won,Phone,7
3341,CUST4341,James Houston,Delhi,Manufacturing,Anjali Rao,Advertisement,28-03-2026,91854.92,Lost,Phone,1
3342,CUST4342,Frank Martin,Chennai,Manufacturing,Kiran Das,Referral,16-05-2026,18757.68,Open,Meeting,4
3343,CUST4343,Kyle Santos,Chennai,Healthcare,Anjali Rao,LinkedIn,06-10-2025,23051.21,Won,Phone,4
3344,CUST4344,Valerie Hall,Chennai,Finance,Priya Sharma,Event,22-11-2025,81332.93,Lost,Meeting,9
3345,CUST4345,Ashley Obrien,Pune,IT,Priya Sharma,LinkedIn,20-07-2025,64847.91,Lost,Email,10
3346,CUST4346,Allison Alvarado,Delhi,Manufacturing,Priya Sharma,Advertisement,27-05-2026,71807.95,Won,Meeting,5
3347,CUST4347,Carrie Cruz,Mumbai,Finance,Anjali Rao,Website,17-03-2026,49981.52,Open,Phone,6
3348,CUST4348,Nathaniel Moore,Bangalore,Manufacturing,Rahul Verma,Referral,30-08-2025,41642.65,Lost,Email,2
3349,CUST4349,Angela Johnson,Mumbai,Finance,Priya Sharma,Referral,15-04-2026,5161.92,Lost,Meeting,4
3350,CUST4350,Amanda Schroeder,Delhi,Manufacturing,Rahul Verma,Advertisement,23-04-2026,91586.61,Won,Email,7
3351,CUST4351,John Jones,Delhi,Healthcare,Anjali Rao,Referral,15-03-2026,94369.98,Won,Email,7
3352,CUST4352,Robert Jones,Hyderabad,Finance,Kiran Das,Website,10-10-2025,38794.94,Won,Email,10
3353,CUST4353,Joshua Bishop,Mumbai,Manufacturing,Priya Sharma,LinkedIn,03-02-2026,71713.04,Won,Phone,1
3354,CUST4354,Larry Garza,Delhi,Manufacturing,Anjali Rao,Referral,20-04-2026,19170.86,Won,Email,6
3355,CUST4355,John Hernandez,Hyderabad,IT,Anjali Rao,LinkedIn,18-02-2026,93629.95,Open,Phone,3
3356,CUST4356,James Lopez,Delhi,Retail,Anjali Rao,Referral,24-03-2026,94970.44,Won,Phone,1
3357,CUST4357,Haley Johnson,Delhi,Manufacturing,Priya Sharma,Website,25-07-2025,92560.53,Open,Phone,9
3358,CUST4358,Wesley Johnston,Bangalore,Finance,Rahul Verma,Advertisement,21-07-2025,75324.51,Lost,Email,4
3359,CUST4359,Albert Russell,Pune,Manufacturing,Priya Sharma,Event,04-11-2025,51351.55,Lost,Email,3
3360,CUST4360,Christine Briggs,Delhi,Retail,Anjali Rao,Event,17-03-2026,43683.75,Won,Meeting,2
3361,CUST4361,Natasha Hamilton,Pune,IT,Priya Sharma,Advertisement,01-01-2026,34670.58,Won,Meeting,1
3362,CUST4362,Ellen Hammond,Chennai,IT,Kiran Das,LinkedIn,08-01-2026,96018.07,Open,Meeting,3
3363,CUST4363,Danny Adams,Mumbai,Healthcare,Priya Sharma,Advertisement,20-04-2026,11883.47,Lost,Meeting,8
3364,CUST4364,Kylie Robinson,Hyderabad,Finance,Rahul Verma,Event,02-03-2026,44027.6,Lost,Phone,3
3365,CUST4365,Laurie Simmons,Delhi,Manufacturing,Rahul Verma,Advertisement,23-05-2026,73208.59,Won,Phone,6
3366,CUST4366,Kelly Velazquez,Delhi,Finance,Priya Sharma,Referral,12-05-2026,14073.35,Open,Email,9
3367,CUST4367,Bryan Gonzalez,Chennai,IT,Priya Sharma,Event,02-10-2025,64793.74,Won,Meeting,5
3368,CUST4368,Devin Davis,Bangalore,Retail,Rahul Verma,Advertisement,08-12-2025,87311.65,Open,Phone,4
3369,CUST4369,Mary Patterson,Pune,Finance,Priya Sharma,Advertisement,13-11-2025,9739.75,Won,Email,7
3370,CUST4370,Leslie Jackson,Delhi,Finance,Rahul Verma,LinkedIn,10-02-2026,93718.45,Won,Email,9
3371,CUST4371,Michael Blake,Hyderabad,Retail,Kiran Das,Referral,12-06-2026,46436.77,Open,Meeting,10
3372,CUST4372,Justin Deleon,Bangalore,IT,Rahul Verma,Event,15-05-2026,64384.91,Lost,Meeting,3
3373,CUST4373,Adrian Orozco,Delhi,IT,Anjali Rao,Advertisement,17-08-2025,67264.37,Open,Meeting,6
3374,CUST4374,Michael Carney,Bangalore,Finance,Priya Sharma,LinkedIn,01-07-2025,93688.52,Open,Meeting,4
3375,CUST4375,Andrea Morris,Delhi,IT,Rahul Verma,LinkedIn,12-03-2026,17325.29,Won,Email,4
3376,CUST4376,Miss Karen Wilkerson DDS,Hyderabad,IT,Rahul Verma,Advertisement,27-09-2025,62764.48,Lost,Email,5
3377,CUST4377,James Robles,Hyderabad,Manufacturing,Rahul Verma,Referral,10-01-2026,17530.41,Won,Email,1
3378,CUST4378,Ernest Blair,Bangalore,Healthcare,Priya Sharma,Website,14-08-2025,22193.84,Open,Email,2
3379,CUST4379,Patricia Ryan,Bangalore,IT,Rahul Verma,Referral,01-09-2025,66386.09,Open,Phone,4
3380,CUST4380,Kelly Cordova,Delhi,Manufacturing,Kiran Das,Event,17-01-2026,92172.38,Won,Meeting,4
3381,CUST4381,Mason Cruz,Bangalore,IT,Anjali Rao,Event,14-10-2025,81133.08,Open,Phone,3
3382,CUST4382,Robert Williams,Hyderabad,IT,Anjali Rao,Website,28-09-2025,9613.24,Open,Meeting,7
3383,CUST4383,Jaime Combs,Delhi,Finance,Priya Sharma,Advertisement,09-08-2025,33765.08,Open,Phone,8
3384,CUST4384,Andrew Chavez,Mumbai,Manufacturing,Anjali Rao,Referral,22-10-2025,49658.71,Open,Meeting,4
3385,CUST4385,Philip Cisneros,Delhi,IT,Rahul Verma,LinkedIn,22-08-2025,11212.1,Won,Meeting,5
3386,CUST4386,Andre Day,Bangalore,Manufacturing,Priya Sharma,LinkedIn,24-06-2026,92712.06,Won,Email,2
3387,CUST4387,Carol Gentry,Chennai,Healthcare,Priya Sharma,Referral,07-11-2025,45346.5,Won,Email,3
3388,CUST4388,Dr. Lisa Shannon,Bangalore,Retail,Rahul Verma,LinkedIn,10-09-2025,6623.59,Won,Meeting,4
3389,CUST4389,Amanda Salazar,Hyderabad,IT,Anjali Rao,Website,28-06-2025,34804.04,Lost,Email,4
3390,CUST4390,Angela Parker,Bangalore,Retail,Kiran Das,Advertisement,09-08-2025,92089.16,Lost,Meeting,2
3391,CUST4391,Makayla Fields,Bangalore,Healthcare,Anjali Rao,Advertisement,07-03-2026,49517.97,Lost,Phone,1
3392,CUST4392,Vernon Patterson,Hyderabad,Retail,Priya Sharma,Website,05-03-2026,24684.48,Open,Email,5
3393,CUST4393,Karen Reid,Pune,Manufacturing,Rahul Verma,Website,16-10-2025,38261.24,Lost,Phone,7
3394,CUST4394,William Hale,Mumbai,IT,Rahul Verma,LinkedIn,09-08-2025,19258.56,Won,Email,7
3395,CUST4395,Mikayla Sullivan,Delhi,IT,Rahul Verma,Event,05-05-2026,7211.4,Open,Phone,9
3396,CUST4396,Mr. Bradley Tucker,Hyderabad,IT,Rahul Verma,Advertisement,21-06-2026,81324.73,Won,Email,4
3397,CUST4397,Angela Lee,Pune,IT,Rahul Verma,Referral,13-04-2026,85272.19,Lost,Phone,1
3398,CUST4398,Lisa Burke,Mumbai,Retail,Priya Sharma,Website,03-04-2026,43699.21,Lost,Meeting,4
3399,CUST4399,Ryan Johnson,Hyderabad,Finance,Rahul Verma,Referral,18-10-2025,48915.95,Lost,Email,10
3400,CUST4400,Briana Hoover,Bangalore,Manufacturing,Anjali Rao,Event,26-05-2026,82712.01,Open,Meeting,3
3401,CUST4401,Hannah Oconnell,Chennai,Healthcare,Priya Sharma,Website,26-04-2026,12948.97,Lost,Email,2
3402,CUST4402,Jennifer Adams,Mumbai,Healthcare,Rahul Verma,LinkedIn,24-03-2026,24767.48,Open,Email,2
3403,CUST4403,Marcus Porter,Chennai,Healthcare,Anjali Rao,Website,02-05-2026,71447.69,Open,Email,10
3404,CUST4404,Alicia Robles,Delhi,IT,Rahul Verma,Event,15-12-2025,16524.35,Won,Meeting,8
3405,CUST4405,Travis Barr,Chennai,Manufacturing,Anjali Rao,Advertisement,28-05-2026,41567.94,Won,Meeting,8
3406,CUST4406,Kathy Bautista,Mumbai,IT,Kiran Das,Advertisement,10-01-2026,75228.67,Won,Meeting,4
3407,CUST4407,Jeffrey Chase,Mumbai,Finance,Rahul Verma,Event,17-11-2025,93517.1,Won,Email,2
3408,CUST4408,Joshua Dudley,Mumbai,Finance,Kiran Das,Event,06-03-2026,55767.48,Lost,Email,6
3409,CUST4409,Janet Ray,Hyderabad,Manufacturing,Priya Sharma,Referral,04-07-2025,45677,Won,Email,8
3410,CUST4410,Jill Fry,Pune,Healthcare,Priya Sharma,Referral,20-07-2025,80421.58,Won,Email,2
3411,CUST4411,Stephanie Smith,Mumbai,IT,Priya Sharma,LinkedIn,15-02-2026,64501.7,Won,Meeting,7
3412,CUST4412,Timothy Stanley,Chennai,IT,Rahul Verma,Website,05-12-2025,53275.88,Open,Email,5
3413,CUST4413,Dean Pennington,Delhi,Healthcare,Rahul Verma,Event,11-03-2026,22497.68,Lost,Email,9
3414,CUST4414,Stephanie Pena,Delhi,IT,Priya Sharma,Advertisement,23-09-2025,61653.98,Open,Phone,7
3415,CUST4415,Sarah Pruitt,Hyderabad,IT,Kiran Das,Event,01-10-2025,83913.1,Lost,Email,5
3416,CUST4416,Tracie Hanson,Hyderabad,Manufacturing,Rahul Verma,Website,20-09-2025,12645.91,Lost,Email,4
3417,CUST4417,Joshua Carter,Hyderabad,Finance,Anjali Rao,Website,08-02-2026,90459.55,Open,Meeting,1
3418,CUST4418,Robert Nguyen,Mumbai,Retail,Kiran Das,Event,24-12-2025,47562.76,Open,Email,8
3419,CUST4419,Victoria Carter,Hyderabad,IT,Anjali Rao,LinkedIn,23-03-2026,55201.36,Won,Email,7
3420,CUST4420,Cory Burke,Hyderabad,Healthcare,Kiran Das,LinkedIn,15-09-2025,6434.67,Open,Email,3
3421,CUST4421,Elizabeth Cunningham,Delhi,IT,Anjali Rao,Event,28-05-2026,58748.21,Open,Phone,7
3422,CUST4422,Edward Guzman,Pune,Healthcare,Rahul Verma,Website,03-03-2026,98213.49,Won,Meeting,6
3423,CUST4423,Adam Simpson,Mumbai,Finance,Anjali Rao,Advertisement,24-04-2026,33261.27,Won,Meeting,4
3424,CUST4424,Sandra Drake,Hyderabad,Finance,Kiran Das,Advertisement,11-12-2025,95142.45,Won,Phone,5
3425,CUST4425,Stephanie Moore,Delhi,Finance,Kiran Das,Advertisement,04-12-2025,72717.89,Lost,Meeting,4
3426,CUST4426,Michael Garcia,Hyderabad,Finance,Anjali Rao,Referral,28-06-2025,62495.14,Lost,Email,5
3427,CUST4427,Shane Hayes,Delhi,Retail,Anjali Rao,LinkedIn,20-04-2026,34644.33,Lost,Phone,10
3428,CUST4428,Daniel Garcia,Pune,Finance,Priya Sharma,Referral,17-05-2026,18732.66,Open,Meeting,8
3429,CUST4429,Heidi Robinson DDS,Pune,Manufacturing,Rahul Verma,Event,16-02-2026,27981.26,Lost,Email,2
3430,CUST4430,Corey Brown,Delhi,IT,Rahul Verma,Referral,19-12-2025,30757.98,Lost,Phone,6
3431,CUST4431,Antonio Cole,Mumbai,IT,Rahul Verma,Website,20-02-2026,9451.36,Open,Meeting,2
3432,CUST4432,Cole Hill,Pune,Manufacturing,Kiran Das,Referral,19-03-2026,6944.09,Open,Meeting,10
3433,CUST4433,Rebecca George,Mumbai,Retail,Anjali Rao,Advertisement,28-12-2025,31856.78,Lost,Meeting,5
3434,CUST4434,Paul James,Hyderabad,Manufacturing,Kiran Das,LinkedIn,18-11-2025,87121.24,Lost,Meeting,4
3435,CUST4435,Daniel Haney,Bangalore,Retail,Kiran Das,Website,25-02-2026,70749.33,Won,Meeting,1
3436,CUST4436,Jo Davidson,Chennai,IT,Priya Sharma,Website,06-02-2026,29761.97,Open,Phone,5
3437,CUST4437,Matthew Haley,Bangalore,Manufacturing,Priya Sharma,Website,11-01-2026,82565.81,Lost,Phone,2
3438,CUST4438,Pamela Hernandez,Mumbai,Manufacturing,Kiran Das,LinkedIn,18-09-2025,59445.59,Lost,Phone,1
3439,CUST4439,Daryl Warren,Hyderabad,IT,Kiran Das,LinkedIn,28-03-2026,33190.62,Lost,Email,4
3440,CUST4440,Mary Gonzalez,Bangalore,Manufacturing,Priya Sharma,Advertisement,07-09-2025,72983.85,Lost,Meeting,6
3441,CUST4441,Jaime Chaney,Hyderabad,Finance,Kiran Das,Event,15-04-2026,46076.47,Won,Email,6
3442,CUST4442,Angela Lynn,Pune,Retail,Anjali Rao,LinkedIn,16-03-2026,11986,Won,Email,7
3443,CUST4443,Alice Gomez,Chennai,Healthcare,Rahul Verma,Referral,05-05-2026,99248.93,Lost,Meeting,1
3444,CUST4444,Robert Mcmahon,Chennai,Manufacturing,Kiran Das,Website,26-06-2025,80263.72,Lost,Phone,3
3445,CUST4445,Tara Barber,Bangalore,Manufacturing,Kiran Das,Referral,21-03-2026,39573.1,Won,Email,2
3446,CUST4446,Mary Owens,Pune,Healthcare,Rahul Verma,LinkedIn,16-10-2025,9225.94,Won,Meeting,4
3447,CUST4447,John Patel,Mumbai,IT,Anjali Rao,Event,09-01-2026,8464.37,Open,Phone,4
3448,CUST4448,David Peck,Hyderabad,Finance,Rahul Verma,LinkedIn,09-12-2025,15627.93,Lost,Phone,10
3449,CUST4449,Joyce Smith,Pune,Retail,Priya Sharma,Event,16-03-2026,27370.34,Lost,Email,10
3450,CUST4450,Jonathan Garcia,Mumbai,IT,Anjali Rao,LinkedIn,25-12-2025,79447.33,Lost,Meeting,6
3451,CUST4451,Matthew Ashley,Hyderabad,IT,Anjali Rao,Website,21-05-2026,39281.81,Open,Email,4
3452,CUST4452,Erik Anderson,Mumbai,Retail,Rahul Verma,Website,08-10-2025,72837.36,Open,Email,7
3453,CUST4453,David Moore,Hyderabad,Finance,Priya Sharma,Advertisement,06-08-2025,43376.26,Lost,Phone,8
3454,CUST4454,Joseph Cuevas,Mumbai,Healthcare,Rahul Verma,Event,06-05-2026,99007.42,Lost,Meeting,5
3455,CUST4455,Daniel Richardson,Delhi,Healthcare,Rahul Verma,Referral,06-09-2025,35429.3,Open,Phone,8
3456,CUST4456,Christopher Morgan,Bangalore,IT,Rahul Verma,Advertisement,16-05-2026,87744.57,Won,Meeting,8
3457,CUST4457,Darlene Colon,Pune,Manufacturing,Anjali Rao,Advertisement,10-09-2025,52288.4,Won,Email,4
3458,CUST4458,Linda Adams,Hyderabad,Healthcare,Anjali Rao,Referral,20-01-2026,25984.2,Open,Phone,9
3459,CUST4459,Nicholas Horton,Chennai,Finance,Kiran Das,Event,23-01-2026,81370.77,Open,Meeting,9
3460,CUST4460,Sarah Rios DDS,Pune,IT,Anjali Rao,Advertisement,21-05-2026,76145.75,Won,Phone,5
3461,CUST4461,Jessica Lowe,Pune,Manufacturing,Anjali Rao,Referral,12-07-2025,82815.75,Won,Phone,3
3462,CUST4462,Rachel Pennington,Chennai,Healthcare,Rahul Verma,LinkedIn,23-01-2026,39329.73,Lost,Phone,9
3463,CUST4463,Melinda Kelly,Hyderabad,IT,Priya Sharma,Advertisement,13-09-2025,73634.81,Won,Email,5
3464,CUST4464,Lindsay Jones,Delhi,Healthcare,Kiran Das,Referral,11-07-2025,7400.55,Won,Phone,4
3465,CUST4465,Shannon Osborne,Mumbai,Manufacturing,Priya Sharma,Website,29-05-2026,72567.59,Lost,Email,2
3466,CUST4466,Jason Perez,Delhi,Manufacturing,Kiran Das,Referral,29-12-2025,71379.65,Won,Email,9
3467,CUST4467,Richard Travis,Chennai,Retail,Rahul Verma,Website,14-10-2025,46587.05,Lost,Email,9
3468,CUST4468,Matthew Berry,Delhi,IT,Rahul Verma,LinkedIn,20-07-2025,94318.51,Open,Meeting,2
3469,CUST4469,Robert Moody,Chennai,Retail,Kiran Das,Referral,20-05-2026,89874.44,Open,Phone,9
3470,CUST4470,Jessica Raymond,Hyderabad,Healthcare,Kiran Das,Advertisement,18-07-2025,51625.55,Lost,Meeting,7
3471,CUST4471,Michael Andrade,Bangalore,Retail,Priya Sharma,Advertisement,28-02-2026,75670.11,Lost,Phone,8
3472,CUST4472,Jeffrey Daniel,Delhi,IT,Kiran Das,Advertisement,09-07-2025,66207.35,Won,Email,2
3473,CUST4473,William Miller,Hyderabad,IT,Priya Sharma,Website,27-10-2025,36985.09,Lost,Email,10
3474,CUST4474,Jordan Tucker,Delhi,Manufacturing,Priya Sharma,Website,14-08-2025,27024.64,Open,Meeting,2
3475,CUST4475,Frederick Ellison,Pune,Healthcare,Anjali Rao,LinkedIn,28-12-2025,91586.55,Open,Meeting,7
3476,CUST4476,Richard Nguyen,Delhi,Retail,Rahul Verma,LinkedIn,10-12-2025,25120.91,Open,Phone,9
3477,CUST4477,Johnny Mercer,Mumbai,IT,Rahul Verma,Advertisement,09-07-2025,20011.88,Open,Phone,9
3478,CUST4478,Joy Walker,Hyderabad,Healthcare,Kiran Das,Referral,05-06-2026,7110.22,Lost,Email,9
3479,CUST4479,Sarah Simmons,Delhi,Manufacturing,Priya Sharma,Referral,05-08-2025,74510.5,Lost,Meeting,8
3480,CUST4480,Michael Pena Jr.,Delhi,Healthcare,Rahul Verma,Event,08-07-2025,43798.04,Lost,Meeting,5
3481,CUST4481,Janice Robbins,Pune,Finance,Priya Sharma,Referral,31-01-2026,26832.64,Won,Email,5
3482,CUST4482,Veronica Lee,Pune,Healthcare,Anjali Rao,Event,07-10-2025,18970.97,Lost,Meeting,5
3483,CUST4483,Marisa Montgomery,Pune,IT,Anjali Rao,Advertisement,20-09-2025,68877.42,Open,Email,1
3484,CUST4484,Krista Andersen,Chennai,Finance,Priya Sharma,Event,22-03-2026,95925.33,Won,Email,8
3485,CUST4485,Miguel Hall,Pune,Manufacturing,Priya Sharma,LinkedIn,10-02-2026,54481.56,Won,Phone,10
3486,CUST4486,Kenneth Cortez,Delhi,Finance,Rahul Verma,Advertisement,21-10-2025,95865.3,Lost,Phone,5
3487,CUST4487,Michelle Guzman,Hyderabad,Finance,Kiran Das,Referral,14-08-2025,75679.47,Open,Phone,4
3488,CUST4488,Janice Vega,Mumbai,Retail,Rahul Verma,Event,03-09-2025,93466.87,Won,Meeting,3
3489,CUST4489,Megan Cruz,Chennai,IT,Anjali Rao,Website,06-12-2025,10040.75,Won,Phone,10
3490,CUST4490,Randall Combs,Delhi,Healthcare,Priya Sharma,Website,18-10-2025,43582.44,Lost,Meeting,7
3491,CUST4491,Amy Holmes,Mumbai,IT,Rahul Verma,Advertisement,24-03-2026,59717.71,Lost,Meeting,7
3492,CUST4492,Travis Patel,Delhi,Manufacturing,Anjali Rao,Website,27-10-2025,60206.22,Won,Email,9
3493,CUST4493,Brenda Howell,Bangalore,Retail,Anjali Rao,Referral,07-03-2026,13930.46,Open,Meeting,1
3494,CUST4494,Michael Burns,Hyderabad,Retail,Kiran Das,Referral,06-02-2026,38086.84,Open,Meeting,4
3495,CUST4495,Natasha Miller,Hyderabad,Manufacturing,Anjali Rao,Event,12-04-2026,16163.02,Lost,Phone,8
3496,CUST4496,Audrey Pitts,Delhi,Healthcare,Anjali Rao,Referral,04-05-2026,7475.51,Won,Meeting,2
3497,CUST4497,James Thompson,Bangalore,IT,Priya Sharma,Advertisement,07-05-2026,52545.54,Open,Meeting,5
3498,CUST4498,Theresa Cooley,Delhi,Finance,Anjali Rao,Advertisement,14-04-2026,18294.76,Won,Meeting,8
3499,CUST4499,Melvin Forbes,Pune,IT,Priya Sharma,Website,27-11-2025,36174.17,Won,Email,8
3500,CUST4500,Daniel Davis,Hyderabad,Healthcare,Rahul Verma,Advertisement,10-09-2025,87826.34,Lost,Phone,7
3501,CUST4501,Lawrence Walker,Mumbai,Healthcare,Rahul Verma,Referral,09-08-2025,29042.93,Open,Phone,4
3502,CUST4502,Crystal Atkinson,Delhi,Retail,Kiran Das,Website,22-03-2026,16073.76,Open,Phone,4
3503,CUST4503,Nicole Lawson,Delhi,Retail,Rahul Verma,Event,28-06-2025,67683.73,Won,Meeting,4
3504,CUST4504,Marcus Montgomery,Delhi,Manufacturing,Kiran Das,Advertisement,10-11-2025,76822.51,Lost,Meeting,1
3505,CUST4505,Ricardo Johnson,Chennai,Healthcare,Kiran Das,Advertisement,04-01-2026,18968.7,Won,Meeting,5
3506,CUST4506,Sherri Mitchell,Mumbai,Healthcare,Rahul Verma,Event,28-09-2025,27503.5,Won,Meeting,7
3507,CUST4507,Mallory Whitaker,Hyderabad,Healthcare,Priya Sharma,LinkedIn,25-06-2025,77032.65,Won,Meeting,7
3508,CUST4508,Lisa Kennedy,Chennai,Manufacturing,Kiran Das,Advertisement,07-02-2026,37086.9,Lost,Meeting,4
3509,CUST4509,Rachel Everett,Delhi,Finance,Priya Sharma,Referral,20-11-2025,67391.98,Lost,Meeting,2
3510,CUST4510,David Flynn,Delhi,Manufacturing,Kiran Das,Website,12-06-2026,11790.24,Won,Phone,5
3511,CUST4511,Katherine Keith,Delhi,IT,Kiran Das,LinkedIn,17-06-2026,51203.1,Open,Meeting,8
3512,CUST4512,Courtney Taylor,Hyderabad,Healthcare,Rahul Verma,LinkedIn,17-06-2026,52029.71,Lost,Email,2
3513,CUST4513,Stacy Johnson,Chennai,Manufacturing,Priya Sharma,Advertisement,04-12-2025,78949.22,Open,Phone,3
3514,CUST4514,David Blackburn,Hyderabad,Manufacturing,Kiran Das,Advertisement,08-01-2026,89826.21,Lost,Email,1
3515,CUST4515,Peter Mullen,Mumbai,IT,Priya Sharma,Referral,20-06-2026,98457.96,Lost,Phone,8
3516,CUST4516,Greg Smith,Mumbai,Manufacturing,Priya Sharma,Event,24-04-2026,42747.7,Open,Meeting,6
3517,CUST4517,Michael Brennan,Delhi,Finance,Priya Sharma,Referral,15-10-2025,35645.61,Won,Phone,6
3518,CUST4518,Mrs. Ashley Harmon,Mumbai,Manufacturing,Anjali Rao,Advertisement,04-06-2026,94528.81,Open,Meeting,9
3519,CUST4519,Amy Lowe,Chennai,Retail,Kiran Das,LinkedIn,05-02-2026,19010.67,Won,Meeting,3
3520,CUST4520,Joseph Ramirez,Pune,IT,Kiran Das,Event,18-06-2026,62971.88,Open,Meeting,8
3521,CUST4521,Paul Durham,Chennai,Retail,Priya Sharma,Website,29-12-2025,66391.27,Open,Phone,6
3522,CUST4522,Brittney Harris,Mumbai,Retail,Priya Sharma,Event,22-01-2026,84718.84,Won,Meeting,8
3523,CUST4523,Alyssa Clark,Hyderabad,Healthcare,Anjali Rao,Referral,20-11-2025,89943.77,Open,Email,3
3524,CUST4524,Matthew Miller,Bangalore,IT,Anjali Rao,Advertisement,21-11-2025,70187.81,Open,Email,2
3525,CUST4525,David Harvey,Chennai,Finance,Anjali Rao,Website,07-10-2025,33630.76,Open,Meeting,7
3526,CUST4526,Christopher Rogers,Bangalore,Healthcare,Rahul Verma,Website,08-05-2026,10537.15,Won,Phone,5
3527,CUST4527,Christopher Perez,Mumbai,Manufacturing,Kiran Das,Event,10-07-2025,63408.85,Lost,Email,4
3528,CUST4528,Michael Ellis,Mumbai,IT,Kiran Das,Referral,09-10-2025,59667.74,Open,Phone,4
3529,CUST4529,Vanessa Wilson,Chennai,Retail,Kiran Das,Referral,30-11-2025,90231.62,Lost,Email,9
3530,CUST4530,Laura Gonzalez,Pune,Healthcare,Priya Sharma,Referral,12-10-2025,6256.3,Lost,Meeting,8
3531,CUST4531,Anna Hutchinson,Mumbai,Manufacturing,Kiran Das,Event,17-01-2026,43909.26,Won,Meeting,6
3532,CUST4532,Matthew Leon,Mumbai,Manufacturing,Rahul Verma,Referral,11-07-2025,28087.79,Lost,Email,7
3533,CUST4533,John Peterson,Hyderabad,Finance,Priya Sharma,Advertisement,09-01-2026,59359.89,Open,Email,4
3534,CUST4534,Kathy Randall,Mumbai,Healthcare,Kiran Das,LinkedIn,04-02-2026,58080.19,Lost,Email,6
3535,CUST4535,Jasmine Spencer,Bangalore,Healthcare,Kiran Das,LinkedIn,23-07-2025,92075.14,Won,Meeting,10
3536,CUST4536,Kenneth Marshall,Delhi,Manufacturing,Rahul Verma,Website,09-12-2025,16361.14,Lost,Phone,7
3537,CUST4537,Brent Nguyen,Pune,Manufacturing,Rahul Verma,Event,23-06-2026,78757.46,Won,Meeting,3
3538,CUST4538,Jay Stephens,Chennai,Manufacturing,Anjali Rao,Advertisement,02-05-2026,68476.09,Won,Phone,2
3539,CUST4539,Ashley Hamilton,Bangalore,Healthcare,Rahul Verma,Advertisement,25-12-2025,88947.14,Open,Meeting,10
3540,CUST4540,Joseph Gonzalez,Chennai,IT,Rahul Verma,Advertisement,11-04-2026,16717.23,Lost,Meeting,8
3541,CUST4541,Michael Stewart,Bangalore,Manufacturing,Kiran Das,Advertisement,10-01-2026,56798.86,Won,Email,5
3542,CUST4542,Laurie Wood,Hyderabad,Finance,Priya Sharma,Event,21-05-2026,87635.89,Lost,Email,8
3543,CUST4543,Rachel Lowery,Pune,Finance,Rahul Verma,Advertisement,01-09-2025,63046.81,Won,Email,2
3544,CUST4544,Brandon Allen,Hyderabad,Healthcare,Anjali Rao,Website,21-01-2026,26223.57,Won,Meeting,1
3545,CUST4545,Samantha Simmons,Bangalore,Manufacturing,Rahul Verma,Referral,07-07-2025,31699.63,Lost,Meeting,4
3546,CUST4546,Rachel Padilla,Mumbai,Manufacturing,Kiran Das,LinkedIn,09-01-2026,31228.15,Lost,Email,3
3547,CUST4547,Janet Clay,Delhi,Retail,Anjali Rao,Event,03-02-2026,97125.77,Lost,Meeting,1
3548,CUST4548,Wanda Harris,Mumbai,Healthcare,Kiran Das,Event,07-06-2026,7967.91,Lost,Meeting,4
3549,CUST4549,Jason Kemp,Delhi,Retail,Kiran Das,Referral,06-10-2025,29912.65,Open,Phone,5
3550,CUST4550,Jamie Pacheco,Bangalore,Healthcare,Priya Sharma,LinkedIn,16-06-2026,59116.68,Lost,Meeting,6
3551,CUST4551,Connor Boyd,Hyderabad,IT,Priya Sharma,Advertisement,08-05-2026,25092.99,Lost,Meeting,7
3552,CUST4552,Cynthia Salazar,Chennai,Manufacturing,Rahul Verma,Website,02-07-2025,50610.92,Won,Phone,1
3553,CUST4553,Michael Roberts,Delhi,IT,Priya Sharma,Referral,28-02-2026,92508.52,Open,Meeting,5
3554,CUST4554,David Wu,Delhi,IT,Kiran Das,Website,20-05-2026,6244.8,Lost,Email,6
3555,CUST4555,Meghan Cole,Pune,Retail,Kiran Das,LinkedIn,18-07-2025,87197.83,Open,Meeting,4
3556,CUST4556,Diane Burns,Hyderabad,Retail,Anjali Rao,LinkedIn,13-05-2026,9114.67,Open,Phone,7
3557,CUST4557,Nicholas Neal,Chennai,Manufacturing,Priya Sharma,Referral,27-05-2026,84069.6,Lost,Email,8
3558,CUST4558,Mrs. Erin Howard,Delhi,Finance,Anjali Rao,Advertisement,14-12-2025,79508.28,Lost,Email,3
3559,CUST4559,Patricia Miles,Mumbai,Healthcare,Anjali Rao,Website,25-10-2025,58425.27,Won,Meeting,7
3560,CUST4560,Jessica Sosa,Hyderabad,Healthcare,Rahul Verma,Referral,09-12-2025,74444.28,Lost,Email,7
3561,CUST4561,Stephanie Erickson,Mumbai,Finance,Anjali Rao,LinkedIn,22-08-2025,44052.3,Open,Meeting,1
3562,CUST4562,Jennifer Collier,Mumbai,IT,Priya Sharma,Referral,14-09-2025,33094.7,Won,Email,3
3563,CUST4563,Christopher Downs,Pune,IT,Anjali Rao,Website,18-05-2026,61975.53,Won,Meeting,8
3564,CUST4564,Vincent Johnson,Pune,Retail,Kiran Das,LinkedIn,12-06-2026,97785.68,Open,Phone,4
3565,CUST4565,Joshua Smith,Hyderabad,Manufacturing,Priya Sharma,Referral,25-07-2025,29225.21,Open,Phone,4
3566,CUST4566,Stacie Duran,Pune,Finance,Anjali Rao,Website,03-06-2026,14750.45,Open,Meeting,3
3567,CUST4567,Jacob Silva DVM,Pune,Finance,Kiran Das,Event,22-06-2026,89497.84,Open,Email,7
3568,CUST4568,Kyle Barker,Pune,IT,Anjali Rao,Event,24-08-2025,67955.4,Open,Email,10
3569,CUST4569,Sarah Powell,Bangalore,Retail,Rahul Verma,LinkedIn,24-06-2025,11584.58,Won,Email,7
3570,CUST4570,Bailey Young,Chennai,IT,Priya Sharma,Website,03-07-2025,26571.13,Open,Email,9
3571,CUST4571,Joan Robles,Mumbai,Manufacturing,Rahul Verma,Referral,05-11-2025,15484.41,Won,Phone,6
3572,CUST4572,Daniel Cooper,Bangalore,Manufacturing,Anjali Rao,LinkedIn,05-02-2026,95450.78,Won,Phone,7
3573,CUST4573,Jared Arroyo,Hyderabad,Finance,Kiran Das,Referral,20-02-2026,11931.01,Lost,Meeting,5
3574,CUST4574,Christopher Gutierrez,Mumbai,Manufacturing,Kiran Das,Advertisement,10-04-2026,83331.49,Won,Phone,8
3575,CUST4575,Allison Norman,Pune,Retail,Kiran Das,LinkedIn,04-04-2026,72400.85,Won,Email,5
3576,CUST4576,Amber Jones,Hyderabad,Finance,Priya Sharma,Advertisement,09-08-2025,47027.76,Won,Email,1
3577,CUST4577,Chelsea King,Mumbai,IT,Priya Sharma,LinkedIn,06-07-2025,40841.82,Open,Phone,10
3578,CUST4578,Michael Rose,Delhi,Manufacturing,Priya Sharma,Referral,01-02-2026,79155.77,Lost,Email,8
3579,CUST4579,Melanie Davis,Bangalore,Healthcare,Priya Sharma,LinkedIn,12-12-2025,33872.32,Won,Phone,1
3580,CUST4580,Cheryl Graves,Mumbai,IT,Rahul Verma,Advertisement,24-06-2026,55604.04,Open,Meeting,7
3581,CUST4581,Kathryn Oliver,Pune,Finance,Priya Sharma,Website,01-12-2025,21425.65,Won,Email,10
3582,CUST4582,Kathryn Hayden,Mumbai,Healthcare,Anjali Rao,Advertisement,25-06-2025,60412.34,Won,Email,8
3583,CUST4583,Rebecca Horn,Pune,Manufacturing,Rahul Verma,LinkedIn,31-07-2025,28172.37,Lost,Phone,6
3584,CUST4584,Crystal Jackson,Hyderabad,IT,Anjali Rao,Event,20-01-2026,24409.01,Won,Meeting,1
3585,CUST4585,Andres George,Hyderabad,Healthcare,Kiran Das,Event,09-09-2025,34065.99,Open,Phone,3
3586,CUST4586,Michael Russell,Chennai,Retail,Rahul Verma,LinkedIn,17-04-2026,9636.26,Lost,Phone,2
3587,CUST4587,John Bailey,Hyderabad,Finance,Anjali Rao,Website,04-08-2025,89961.93,Lost,Meeting,10
3588,CUST4588,Jacob Oneill,Chennai,Manufacturing,Rahul Verma,Event,25-08-2025,56143.78,Won,Meeting,10
3589,CUST4589,Bradley Soto,Delhi,Finance,Kiran Das,LinkedIn,13-11-2025,70064.04,Lost,Phone,9
3590,CUST4590,Karen Sanders,Delhi,IT,Rahul Verma,LinkedIn,27-03-2026,74014.6,Open,Email,7
3591,CUST4591,Christopher Nguyen,Chennai,IT,Rahul Verma,LinkedIn,05-02-2026,39708.67,Lost,Email,9
3592,CUST4592,Gwendolyn Mcclain,Bangalore,Finance,Anjali Rao,Advertisement,24-09-2025,21315.34,Lost,Email,6
3593,CUST4593,Mrs. Laura Henderson,Hyderabad,Manufacturing,Anjali Rao,LinkedIn,27-01-2026,65982.94,Lost,Phone,1
3594,CUST4594,Elizabeth Cox DVM,Chennai,Manufacturing,Kiran Das,Advertisement,15-08-2025,83057.24,Lost,Email,8
3595,CUST4595,Barbara Christian,Mumbai,Healthcare,Anjali Rao,Event,12-01-2026,65259.23,Lost,Email,9
3596,CUST4596,Sabrina Murphy,Chennai,Healthcare,Rahul Verma,Event,01-07-2025,16921.74,Open,Meeting,5
3597,CUST4597,Emily Stevens,Bangalore,Healthcare,Kiran Das,LinkedIn,04-01-2026,40590.56,Open,Email,1
3598,CUST4598,Amanda Warren,Bangalore,Manufacturing,Priya Sharma,Event,24-09-2025,98816.36,Open,Meeting,3
3599,CUST4599,Stacey Rodgers,Hyderabad,Finance,Rahul Verma,Event,01-11-2025,59062.31,Lost,Phone,5
3600,CUST4600,Joseph Harris,Mumbai,Retail,Rahul Verma,Referral,25-02-2026,62742.13,Lost,Meeting,9
3601,CUST4601,Deborah Miller,Pune,Finance,Kiran Das,Advertisement,23-12-2025,84970.16,Won,Phone,8
3602,CUST4602,Ricky Barrera,Hyderabad,Manufacturing,Priya Sharma,Referral,03-11-2025,33061.98,Won,Email,6
3603,CUST4603,Leslie Franklin,Pune,Manufacturing,Priya Sharma,LinkedIn,21-04-2026,90640.87,Lost,Email,2
3604,CUST4604,Rodney Clark,Delhi,Manufacturing,Anjali Rao,LinkedIn,29-04-2026,56410.21,Open,Meeting,7
3605,CUST4605,Audrey Crane,Bangalore,Finance,Priya Sharma,LinkedIn,17-02-2026,52336.83,Open,Phone,10
3606,CUST4606,Christopher Allison,Hyderabad,IT,Anjali Rao,LinkedIn,27-10-2025,79141.48,Won,Phone,3
3607,CUST4607,Alicia Cohen,Mumbai,Finance,Kiran Das,Advertisement,11-12-2025,39569.07,Won,Phone,4
3608,CUST4608,Robert Wilcox,Delhi,Retail,Rahul Verma,Event,19-12-2025,21324.48,Open,Email,10
3609,CUST4609,Kenneth Harris DDS,Hyderabad,Manufacturing,Priya Sharma,Advertisement,02-03-2026,15328.91,Lost,Phone,6
3610,CUST4610,Heather Roberts,Hyderabad,Healthcare,Kiran Das,LinkedIn,16-04-2026,41581.39,Open,Email,8
3611,CUST4611,Emily Ross,Bangalore,Retail,Rahul Verma,Advertisement,14-04-2026,10820.3,Won,Email,2
3612,CUST4612,Jennifer Sanchez,Hyderabad,Manufacturing,Anjali Rao,Event,07-03-2026,15411.52,Open,Phone,10
3613,CUST4613,Jon Williams MD,Pune,Retail,Priya Sharma,Referral,29-03-2026,81011.26,Lost,Meeting,5
3614,CUST4614,Jonathan Flores,Pune,Retail,Priya Sharma,Website,04-01-2026,62935.63,Lost,Email,5
3615,CUST4615,Christine Mcintyre,Bangalore,IT,Rahul Verma,LinkedIn,24-05-2026,48097.01,Lost,Meeting,1
3616,CUST4616,Brittany Lopez,Mumbai,Finance,Priya Sharma,LinkedIn,20-10-2025,93474.65,Lost,Phone,8
3617,CUST4617,Whitney Copeland,Mumbai,Retail,Kiran Das,Event,09-08-2025,12530.18,Lost,Meeting,2
3618,CUST4618,Sara Lester,Mumbai,Manufacturing,Rahul Verma,LinkedIn,14-10-2025,30542.64,Open,Meeting,9
3619,CUST4619,John Pratt,Hyderabad,Retail,Priya Sharma,Referral,27-10-2025,76154.84,Open,Phone,4
3620,CUST4620,Jared Leon,Chennai,Finance,Anjali Rao,Advertisement,21-10-2025,34571.26,Lost,Phone,6
3621,CUST4621,Lisa Rogers,Pune,Healthcare,Priya Sharma,LinkedIn,02-05-2026,14786.15,Lost,Meeting,6
3622,CUST4622,Patricia Bell,Bangalore,Retail,Rahul Verma,Event,29-04-2026,97410.02,Lost,Meeting,3
3623,CUST4623,Tyler Patterson,Mumbai,IT,Kiran Das,LinkedIn,28-02-2026,81954.34,Won,Meeting,2
3624,CUST4624,Mrs. Tiffany Fleming,Pune,Healthcare,Kiran Das,Event,04-04-2026,58719.03,Open,Email,4
3625,CUST4625,Amy Rubio,Bangalore,IT,Kiran Das,LinkedIn,07-07-2025,77172.33,Open,Email,10
3626,CUST4626,William Clark,Delhi,Retail,Rahul Verma,Website,28-03-2026,41550.47,Won,Meeting,1
3627,CUST4627,Nicole Gonzalez,Chennai,Finance,Rahul Verma,Event,02-03-2026,73127.21,Lost,Email,9
3628,CUST4628,Michelle Collins,Chennai,Retail,Anjali Rao,Event,09-05-2026,34481.63,Won,Meeting,2
3629,CUST4629,Jeffrey Guzman,Delhi,Retail,Rahul Verma,Advertisement,16-05-2026,26700.59,Lost,Phone,2
3630,CUST4630,Jessica Miller,Mumbai,Healthcare,Anjali Rao,Referral,15-06-2026,32245.28,Won,Meeting,7
3631,CUST4631,Jacob King,Delhi,Manufacturing,Anjali Rao,LinkedIn,06-12-2025,87561.64,Lost,Phone,4
3632,CUST4632,Daniel Smith,Bangalore,Retail,Rahul Verma,Event,08-04-2026,38788.54,Open,Meeting,5
3633,CUST4633,Hannah Blair,Pune,Healthcare,Anjali Rao,Event,07-04-2026,47930.15,Lost,Email,7
3634,CUST4634,Jessica Patterson,Mumbai,Finance,Rahul Verma,Referral,19-09-2025,94176.73,Lost,Email,7
3635,CUST4635,Leslie Flores,Delhi,Manufacturing,Priya Sharma,Event,05-07-2025,39298.21,Lost,Email,10
3636,CUST4636,Deborah Snow,Bangalore,IT,Kiran Das,Event,29-11-2025,90986.17,Open,Meeting,7
3637,CUST4637,Julian Morrow,Delhi,Manufacturing,Rahul Verma,Referral,16-08-2025,47469.51,Lost,Email,8
3638,CUST4638,Sandy Soto,Pune,Retail,Priya Sharma,Advertisement,27-02-2026,12514.64,Won,Meeting,2
3639,CUST4639,Mrs. Kathryn Mitchell MD,Bangalore,Retail,Priya Sharma,Advertisement,08-05-2026,17070.84,Lost,Phone,7
3640,CUST4640,Kristina Martinez,Bangalore,Retail,Anjali Rao,Referral,28-10-2025,96135.47,Lost,Phone,1
3641,CUST4641,Edward Castro,Mumbai,Retail,Priya Sharma,Website,12-06-2026,8161.05,Lost,Meeting,3
3642,CUST4642,Bobby Moore,Pune,Manufacturing,Anjali Rao,LinkedIn,08-04-2026,58165.4,Lost,Meeting,8
3643,CUST4643,Andre Donovan,Chennai,Manufacturing,Priya Sharma,Event,07-06-2026,94237.2,Open,Email,7
3644,CUST4644,Sarah Mckinney,Delhi,Retail,Kiran Das,Referral,19-01-2026,43354.54,Won,Meeting,10
3645,CUST4645,Kyle Wilkinson,Chennai,Finance,Kiran Das,Advertisement,10-10-2025,70790.04,Won,Email,7
3646,CUST4646,Michael Callahan,Chennai,Healthcare,Priya Sharma,Website,11-10-2025,51821.65,Won,Email,1
3647,CUST4647,Sierra Friedman,Mumbai,Healthcare,Rahul Verma,Event,17-07-2025,60465.54,Lost,Meeting,6
3648,CUST4648,Manuel Ramirez,Pune,Healthcare,Kiran Das,Advertisement,23-10-2025,46439.8,Open,Meeting,8
3649,CUST4649,Nancy Mcguire,Hyderabad,IT,Kiran Das,LinkedIn,21-07-2025,44920.03,Open,Meeting,9
3650,CUST4650,Jesse Freeman,Mumbai,Healthcare,Priya Sharma,LinkedIn,17-09-2025,44505.99,Open,Email,9
3651,CUST4651,Bethany Olsen,Mumbai,IT,Priya Sharma,Referral,31-05-2026,62352.9,Lost,Meeting,8
3652,CUST4652,Tracy Barber,Bangalore,IT,Anjali Rao,Website,24-04-2026,33649.95,Open,Phone,1
3653,CUST4653,Vincent Barton,Mumbai,Healthcare,Rahul Verma,Website,13-09-2025,62909.07,Won,Meeting,9
3654,CUST4654,John Reynolds,Hyderabad,Retail,Rahul Verma,Advertisement,25-04-2026,99504.8,Lost,Email,2
3655,CUST4655,Natalie Bolton,Mumbai,IT,Anjali Rao,Website,06-07-2025,21235.94,Open,Email,10
3656,CUST4656,Lynn Smith,Hyderabad,Manufacturing,Anjali Rao,Advertisement,29-10-2025,36358.93,Open,Phone,2
3657,CUST4657,Lisa Gilbert,Mumbai,IT,Kiran Das,Event,26-05-2026,51815.57,Lost,Email,1
3658,CUST4658,Daniel Warren,Delhi,Retail,Anjali Rao,Website,21-10-2025,79011.54,Open,Email,5
3659,CUST4659,Joy Hernandez,Chennai,IT,Rahul Verma,LinkedIn,28-07-2025,44165.43,Lost,Meeting,4
3660,CUST4660,Dylan Mckay,Chennai,Retail,Anjali Rao,LinkedIn,30-01-2026,35204.06,Open,Phone,6
3661,CUST4661,Kenneth Lindsey,Mumbai,Healthcare,Kiran Das,LinkedIn,05-03-2026,47704.16,Lost,Meeting,4
3662,CUST4662,Nicholas Johnson,Pune,Finance,Rahul Verma,Advertisement,24-10-2025,96336.52,Lost,Phone,3
3663,CUST4663,Edwin Morales,Bangalore,IT,Kiran Das,LinkedIn,22-06-2026,21133.25,Won,Meeting,1
3664,CUST4664,Jonathan Wilson,Chennai,Manufacturing,Anjali Rao,LinkedIn,03-06-2026,23570.17,Won,Phone,3
3665,CUST4665,Dawn Chang,Mumbai,Healthcare,Rahul Verma,LinkedIn,29-01-2026,84667.35,Won,Email,9
3666,CUST4666,Robin Ray,Chennai,Manufacturing,Kiran Das,Event,30-08-2025,85913.09,Open,Phone,2
3667,CUST4667,Shelly Hill,Bangalore,Healthcare,Priya Sharma,Referral,19-03-2026,90730.04,Won,Email,6
3668,CUST4668,Julie Smith,Pune,Healthcare,Anjali Rao,Event,09-06-2026,12360.27,Open,Phone,10
3669,CUST4669,Kara Hurley,Bangalore,Healthcare,Rahul Verma,Referral,23-06-2026,99590.81,Lost,Meeting,8
3670,CUST4670,Gail Mcdowell,Hyderabad,IT,Kiran Das,Referral,07-04-2026,15518.38,Open,Meeting,4
3671,CUST4671,Samuel Brown,Hyderabad,Healthcare,Anjali Rao,LinkedIn,27-02-2026,50730.38,Open,Phone,9
3672,CUST4672,Lauren Jones,Chennai,IT,Rahul Verma,Advertisement,22-12-2025,93549.62,Open,Phone,4
3673,CUST4673,Kristen Cochran,Hyderabad,Finance,Rahul Verma,LinkedIn,10-06-2026,21746.04,Won,Meeting,6
3674,CUST4674,Angel Stewart,Bangalore,IT,Rahul Verma,LinkedIn,10-07-2025,55174.7,Won,Email,10
3675,CUST4675,Darrell Simpson,Chennai,Finance,Anjali Rao,Event,22-03-2026,40594.56,Won,Phone,2
3676,CUST4676,Jeffrey White,Hyderabad,Retail,Kiran Das,Event,24-04-2026,18581.31,Won,Meeting,8
3677,CUST4677,Carol Floyd,Mumbai,Manufacturing,Kiran Das,LinkedIn,10-02-2026,44928.67,Won,Email,3
3678,CUST4678,Paul Brown,Mumbai,Manufacturing,Anjali Rao,Website,20-11-2025,89181.56,Open,Meeting,7
3679,CUST4679,Michael Burch,Mumbai,Healthcare,Rahul Verma,Event,04-09-2025,76926.9,Won,Email,5
3680,CUST4680,Michael Waters,Hyderabad,Finance,Kiran Das,Website,22-11-2025,82264.65,Open,Meeting,8
3681,CUST4681,Lisa Campbell,Mumbai,IT,Priya Sharma,Advertisement,30-07-2025,12036.62,Open,Meeting,2
3682,CUST4682,Karen Ware,Mumbai,Healthcare,Anjali Rao,Referral,21-09-2025,66511.81,Lost,Meeting,3
3683,CUST4683,Bailey Pollard,Bangalore,Manufacturing,Priya Sharma,LinkedIn,09-02-2026,46359.45,Won,Phone,1
3684,CUST4684,Lisa Miller,Pune,Healthcare,Priya Sharma,Referral,26-02-2026,86185.27,Open,Email,9
3685,CUST4685,Tracy Vargas,Delhi,Manufacturing,Priya Sharma,Referral,06-11-2025,44502.96,Open,Meeting,3
3686,CUST4686,Jason Price,Mumbai,Finance,Kiran Das,Advertisement,27-12-2025,53008.27,Lost,Email,4
3687,CUST4687,Larry Marshall,Mumbai,Finance,Anjali Rao,Website,29-06-2025,77230.74,Won,Email,9
3688,CUST4688,Christopher Miller,Pune,Finance,Anjali Rao,LinkedIn,22-10-2025,58914.3,Lost,Phone,3
3689,CUST4689,Jacqueline Schwartz,Hyderabad,Manufacturing,Anjali Rao,Event,06-02-2026,92297.38,Won,Meeting,3
3690,CUST4690,Brent Tran,Mumbai,Retail,Anjali Rao,Website,01-02-2026,50356.84,Won,Email,10
3691,CUST4691,Mrs. Jessica Wilson,Mumbai,Healthcare,Kiran Das,Event,24-02-2026,43086.59,Lost,Phone,8
3692,CUST4692,Sean Zimmerman,Bangalore,IT,Rahul Verma,Event,19-07-2025,29929.8,Lost,Email,3
3693,CUST4693,Lisa Francis,Chennai,Healthcare,Rahul Verma,LinkedIn,11-08-2025,62305.04,Won,Meeting,8
3694,CUST4694,Elizabeth Johnson,Mumbai,IT,Priya Sharma,LinkedIn,02-08-2025,79606.26,Won,Meeting,1
3695,CUST4695,Ronald Garcia,Delhi,IT,Kiran Das,LinkedIn,21-08-2025,54929.97,Lost,Phone,9
3696,CUST4696,Gerald Lawson,Mumbai,Finance,Kiran Das,Referral,09-05-2026,89945.55,Open,Meeting,8
3697,CUST4697,Mr. Bradley Calderon,Bangalore,IT,Anjali Rao,Referral,28-05-2026,31377.16,Won,Email,5
3698,CUST4698,Logan Parker,Mumbai,Retail,Priya Sharma,Advertisement,14-02-2026,75725.64,Lost,Email,4
3699,CUST4699,Erik Rhodes,Mumbai,Retail,Anjali Rao,Advertisement,03-04-2026,90401.96,Open,Email,4
3700,CUST4700,Michael Horne,Hyderabad,Finance,Priya Sharma,Website,20-11-2025,24485.78,Won,Phone,2
3701,CUST4701,Manuel Cuevas,Pune,IT,Kiran Das,Event,30-12-2025,68403.19,Lost,Phone,1
3702,CUST4702,Amanda Miranda,Pune,Healthcare,Rahul Verma,LinkedIn,01-05-2026,25720.66,Open,Phone,1
3703,CUST4703,Tracy Peterson,Bangalore,IT,Kiran Das,LinkedIn,13-05-2026,42631.58,Lost,Phone,7
3704,CUST4704,William Torres,Delhi,Healthcare,Anjali Rao,Event,13-02-2026,18251.1,Open,Email,9
3705,CUST4705,Mr. Robert Booth,Chennai,IT,Anjali Rao,Advertisement,08-11-2025,37096.26,Lost,Email,9
3706,CUST4706,Brandon Morales,Hyderabad,Healthcare,Kiran Das,Website,20-06-2026,70580.33,Won,Phone,3
3707,CUST4707,Robert Conway,Hyderabad,IT,Rahul Verma,Event,11-08-2025,21673.68,Open,Phone,7
3708,CUST4708,Richard Long,Bangalore,IT,Priya Sharma,Referral,27-06-2025,33792.08,Open,Meeting,1
3709,CUST4709,Mary Hill,Delhi,Retail,Rahul Verma,Event,08-01-2026,94567.38,Open,Phone,9
3710,CUST4710,Devin Walter,Chennai,Retail,Kiran Das,Website,16-03-2026,42268.23,Won,Phone,6
3711,CUST4711,Justin Newman,Pune,IT,Priya Sharma,LinkedIn,13-12-2025,74252.54,Won,Meeting,9
3712,CUST4712,Theresa Guerrero,Bangalore,Finance,Priya Sharma,Referral,04-03-2026,49357.63,Won,Meeting,7
3713,CUST4713,Catherine Compton,Mumbai,Healthcare,Rahul Verma,Advertisement,17-10-2025,42180.55,Won,Email,7
3714,CUST4714,Benjamin Kelley,Bangalore,IT,Priya Sharma,Referral,24-01-2026,14809.11,Lost,Email,6
3715,CUST4715,Mary Mitchell,Delhi,IT,Kiran Das,Website,23-10-2025,47768.14,Won,Phone,3
3716,CUST4716,Willie Jackson,Chennai,Finance,Kiran Das,Referral,30-07-2025,93649.03,Open,Phone,1
3717,CUST4717,Amanda Rhodes,Chennai,IT,Rahul Verma,LinkedIn,20-12-2025,99860.9,Lost,Meeting,5
3718,CUST4718,Anthony Alexander,Pune,Healthcare,Priya Sharma,Referral,06-08-2025,32296.85,Open,Phone,3
3719,CUST4719,Gary Davis,Hyderabad,IT,Rahul Verma,Website,17-12-2025,13657.9,Open,Email,6
3720,CUST4720,John Gonzalez,Pune,Manufacturing,Rahul Verma,Referral,07-02-2026,34712.13,Open,Phone,4
3721,CUST4721,Jasmine Dennis,Hyderabad,IT,Priya Sharma,Advertisement,25-10-2025,88426.58,Lost,Email,1
3722,CUST4722,Tanya Mccoy,Delhi,Manufacturing,Priya Sharma,Event,24-01-2026,85244.51,Lost,Meeting,2
3723,CUST4723,Melissa Cox DDS,Mumbai,Retail,Rahul Verma,Advertisement,19-05-2026,26709.99,Won,Phone,1
3724,CUST4724,Jenny Kennedy,Pune,Manufacturing,Anjali Rao,Event,10-12-2025,31755.26,Won,Meeting,9
3725,CUST4725,Mary Taylor,Mumbai,Manufacturing,Priya Sharma,Website,19-02-2026,31159.37,Won,Meeting,10
3726,CUST4726,Michael Rojas,Delhi,Manufacturing,Rahul Verma,Referral,15-02-2026,60690.64,Won,Phone,4
3727,CUST4727,Tony Davis,Mumbai,Retail,Kiran Das,Event,26-10-2025,30650.86,Lost,Email,8
3728,CUST4728,Gina Cruz,Hyderabad,Healthcare,Kiran Das,Website,22-10-2025,80762.11,Won,Meeting,5
3729,CUST4729,David Williams,Mumbai,Healthcare,Priya Sharma,Advertisement,30-03-2026,11220.49,Lost,Email,4
3730,CUST4730,Daniel Scott,Bangalore,Manufacturing,Kiran Das,Website,21-05-2026,84374.49,Open,Email,5
3731,CUST4731,Tyler Carroll,Delhi,Retail,Anjali Rao,Advertisement,16-03-2026,51148.5,Won,Email,1
3732,CUST4732,Frank Beasley,Delhi,IT,Priya Sharma,LinkedIn,16-03-2026,35998.62,Won,Email,6
3733,CUST4733,Patricia Harris,Bangalore,Healthcare,Rahul Verma,Website,11-09-2025,33485.58,Won,Meeting,10
3734,CUST4734,Beth Young,Mumbai,Healthcare,Anjali Rao,Advertisement,13-10-2025,89859.9,Open,Phone,9
3735,CUST4735,Michael Richardson,Hyderabad,Retail,Anjali Rao,Event,06-01-2026,49716.87,Lost,Phone,10
3736,CUST4736,Michael Roy,Chennai,Finance,Rahul Verma,Referral,09-04-2026,43511.37,Lost,Email,6
3737,CUST4737,Mitchell Smith,Chennai,IT,Priya Sharma,Event,08-10-2025,96316.69,Open,Meeting,4
3738,CUST4738,Nicole Newman,Hyderabad,Manufacturing,Kiran Das,Event,02-04-2026,41490.03,Open,Phone,10
3739,CUST4739,Andrea Miller,Pune,Manufacturing,Priya Sharma,LinkedIn,11-02-2026,21345.14,Won,Email,5
3740,CUST4740,Matthew Johnson,Delhi,Manufacturing,Anjali Rao,Website,31-12-2025,25755.61,Won,Email,2
3741,CUST4741,Breanna Lewis,Mumbai,Retail,Priya Sharma,LinkedIn,03-09-2025,23996.14,Won,Meeting,10
3742,CUST4742,Madison Scott,Pune,Manufacturing,Kiran Das,Referral,28-07-2025,16085.6,Open,Phone,3
3743,CUST4743,Angel Miller,Mumbai,Manufacturing,Priya Sharma,Advertisement,28-06-2025,53488.49,Open,Phone,9
3744,CUST4744,Michael Morales,Chennai,Retail,Rahul Verma,Referral,13-04-2026,48636.36,Lost,Meeting,8
3745,CUST4745,Meghan Miller,Chennai,IT,Kiran Das,Event,04-10-2025,54909.55,Lost,Phone,6
3746,CUST4746,James Dickerson,Bangalore,Retail,Rahul Verma,Referral,27-08-2025,8816.82,Open,Email,3
3747,CUST4747,Linda Torres,Hyderabad,Finance,Kiran Das,Advertisement,25-09-2025,10331.87,Lost,Email,6
3748,CUST4748,Julia Smith,Bangalore,IT,Priya Sharma,LinkedIn,11-04-2026,89244.92,Won,Meeting,1
3749,CUST4749,Christopher Orr,Pune,Retail,Priya Sharma,Website,28-03-2026,5402.68,Lost,Meeting,10
3750,CUST4750,Richard Garcia,Mumbai,Manufacturing,Priya Sharma,Event,27-07-2025,49858.67,Lost,Meeting,9
3751,CUST4751,Whitney Nielsen,Bangalore,Manufacturing,Rahul Verma,Website,25-02-2026,72085.39,Open,Phone,6
3752,CUST4752,Daniel Schmidt,Delhi,Retail,Priya Sharma,Event,24-06-2026,68572.42,Open,Email,8
3753,CUST4753,Lori Morrow,Mumbai,Manufacturing,Kiran Das,Website,22-10-2025,76119.33,Lost,Email,1
3754,CUST4754,Mariah Holden,Pune,Healthcare,Kiran Das,Referral,07-08-2025,83249.08,Open,Meeting,10
3755,CUST4755,Michael Roberts,Bangalore,Manufacturing,Anjali Rao,Advertisement,20-01-2026,45274.34,Open,Email,8
3756,CUST4756,Raymond Thompson,Delhi,Finance,Kiran Das,Website,11-11-2025,68067.47,Won,Phone,6
3757,CUST4757,Amanda Vasquez DDS,Chennai,Finance,Priya Sharma,Event,05-12-2025,33581.71,Open,Email,6
3758,CUST4758,Debra Taylor,Delhi,IT,Kiran Das,LinkedIn,15-04-2026,10950.32,Lost,Phone,5
3759,CUST4759,Diane Allen,Chennai,Healthcare,Anjali Rao,Referral,17-08-2025,53432.78,Lost,Meeting,6
3760,CUST4760,Shannon Olson,Hyderabad,Retail,Priya Sharma,Referral,20-11-2025,73161.82,Lost,Phone,2
3761,CUST4761,Janice Price,Bangalore,Healthcare,Anjali Rao,Referral,20-01-2026,52331.64,Lost,Email,9
3762,CUST4762,Julie Dean,Chennai,Finance,Anjali Rao,LinkedIn,27-06-2025,77546.08,Open,Meeting,9
3763,CUST4763,Mary Finley,Delhi,IT,Kiran Das,Event,11-03-2026,58947.09,Won,Meeting,2
3764,CUST4764,Dr. David Robinson,Mumbai,Healthcare,Rahul Verma,Event,23-07-2025,76310.67,Won,Phone,1
3765,CUST4765,Vicki Riley,Bangalore,Manufacturing,Kiran Das,Referral,23-02-2026,69497.41,Won,Meeting,4
3766,CUST4766,Amanda Butler,Pune,IT,Rahul Verma,Advertisement,06-04-2026,9930.86,Lost,Meeting,7
3767,CUST4767,Eric Bailey,Delhi,Finance,Priya Sharma,Advertisement,19-05-2026,77964.07,Open,Email,9
3768,CUST4768,Troy Wall,Mumbai,Healthcare,Priya Sharma,Advertisement,11-07-2025,28561.44,Won,Meeting,3
3769,CUST4769,Kevin Hayes,Chennai,Healthcare,Anjali Rao,Referral,25-04-2026,14249.51,Lost,Meeting,7
3770,CUST4770,Kyle Montgomery,Chennai,Retail,Rahul Verma,Website,29-08-2025,52211.76,Won,Phone,2
3771,CUST4771,Sarah Rose,Hyderabad,IT,Rahul Verma,Referral,15-05-2026,58987.37,Open,Phone,10
3772,CUST4772,Richard York,Pune,IT,Priya Sharma,Advertisement,21-05-2026,95702.36,Open,Phone,7
3773,CUST4773,Amy Matthews,Delhi,IT,Rahul Verma,LinkedIn,03-06-2026,30003.89,Won,Email,10
3774,CUST4774,Jordan Johnson,Delhi,IT,Kiran Das,Referral,18-03-2026,8605.55,Open,Meeting,1
3775,CUST4775,David Davis,Delhi,IT,Priya Sharma,LinkedIn,21-07-2025,89424.05,Won,Email,6
3776,CUST4776,Thomas Jones,Delhi,Finance,Priya Sharma,Referral,26-08-2025,56222.98,Open,Meeting,6
3777,CUST4777,Michael Lee,Delhi,Healthcare,Kiran Das,Website,16-09-2025,93455.16,Lost,Meeting,5
3778,CUST4778,Sergio Lee,Pune,Finance,Priya Sharma,Advertisement,24-12-2025,33222.99,Won,Email,2
3779,CUST4779,Alexandra Bowman,Mumbai,Manufacturing,Kiran Das,LinkedIn,11-12-2025,6273.88,Open,Phone,5
3780,CUST4780,Scott Jordan,Hyderabad,Healthcare,Anjali Rao,Advertisement,17-01-2026,45367.44,Won,Meeting,2
3781,CUST4781,Brittany Parker,Bangalore,Retail,Anjali Rao,Website,27-12-2025,25604.12,Open,Email,10
3782,CUST4782,Danielle Martin,Hyderabad,IT,Rahul Verma,Website,27-11-2025,47750.33,Open,Meeting,7
3783,CUST4783,Rebecca Mcmillan,Hyderabad,Retail,Anjali Rao,Advertisement,13-05-2026,57195.42,Won,Email,1
3784,CUST4784,Steven Jensen,Delhi,Manufacturing,Anjali Rao,Website,30-07-2025,83389.15,Won,Email,5
3785,CUST4785,Leslie Brown,Chennai,Healthcare,Kiran Das,Website,13-06-2026,88076.69,Lost,Email,9
3786,CUST4786,Brandon Carr,Bangalore,Healthcare,Priya Sharma,Event,20-10-2025,88230.11,Won,Phone,5
3787,CUST4787,Jodi Everett,Hyderabad,Retail,Priya Sharma,Advertisement,10-10-2025,18779.32,Lost,Phone,2
3788,CUST4788,Joshua Mitchell,Hyderabad,Manufacturing,Rahul Verma,Website,07-04-2026,26288.53,Open,Phone,4
3789,CUST4789,Brian Morris,Chennai,Manufacturing,Priya Sharma,Advertisement,28-11-2025,36466.83,Lost,Email,3
3790,CUST4790,Pamela Tate,Mumbai,IT,Anjali Rao,LinkedIn,24-11-2025,92538.9,Lost,Meeting,1
3791,CUST4791,Brandon Johnson,Mumbai,Finance,Rahul Verma,Advertisement,09-12-2025,88287.78,Won,Email,8
3792,CUST4792,Judy Webster,Bangalore,Manufacturing,Kiran Das,LinkedIn,07-10-2025,70731.28,Open,Meeting,5
3793,CUST4793,Tina Melendez,Delhi,Manufacturing,Priya Sharma,Event,04-01-2026,37502.55,Lost,Meeting,8
3794,CUST4794,Lisa Baldwin,Chennai,Retail,Anjali Rao,Website,15-12-2025,26899.49,Open,Meeting,8
3795,CUST4795,Tony Rivas,Chennai,Healthcare,Kiran Das,LinkedIn,20-03-2026,82117.63,Won,Phone,1
3796,CUST4796,Bruce Davis,Chennai,Retail,Anjali Rao,LinkedIn,09-10-2025,72699.87,Won,Meeting,3
3797,CUST4797,Holly Greene,Hyderabad,Finance,Rahul Verma,Advertisement,16-12-2025,7071.94,Open,Phone,3
3798,CUST4798,Rachel Figueroa,Bangalore,Retail,Priya Sharma,Advertisement,29-01-2026,7311.78,Lost,Email,10
3799,CUST4799,Martin Davis,Hyderabad,Healthcare,Kiran Das,Referral,29-01-2026,83915.62,Won,Phone,4
3800,CUST4800,Shari Bauer,Bangalore,Finance,Anjali Rao,Advertisement,25-02-2026,13083.15,Open,Email,5
3801,CUST4801,Dana Williams,Chennai,Finance,Priya Sharma,Referral,25-12-2025,30025.55,Won,Phone,9
3802,CUST4802,Michael Johnson,Delhi,IT,Anjali Rao,Referral,06-03-2026,85759.66,Won,Meeting,3
3803,CUST4803,Ryan Bridges,Chennai,Healthcare,Kiran Das,Event,12-07-2025,20340.17,Open,Meeting,1
3804,CUST4804,Robert Bradley,Chennai,IT,Anjali Rao,Advertisement,05-07-2025,58902.68,Won,Meeting,4
3805,CUST4805,Ann Mcbride,Mumbai,Healthcare,Anjali Rao,LinkedIn,15-01-2026,62241.84,Won,Email,9
3806,CUST4806,Cameron Woods,Delhi,IT,Priya Sharma,Website,17-01-2026,24672.37,Open,Phone,4
3807,CUST4807,Steven Dunn,Delhi,Retail,Anjali Rao,Advertisement,30-11-2025,29907.49,Won,Phone,8
3808,CUST4808,William Bean,Chennai,Finance,Anjali Rao,Website,19-11-2025,87555.68,Open,Phone,6
3809,CUST4809,Alexander Higgins,Bangalore,Retail,Rahul Verma,LinkedIn,10-02-2026,45641.99,Won,Phone,3
3810,CUST4810,Joshua Roberts,Pune,IT,Anjali Rao,Event,16-07-2025,22934.56,Lost,Phone,8
3811,CUST4811,Gary Thomas,Pune,Retail,Rahul Verma,Event,04-12-2025,43940.8,Won,Phone,2
3812,CUST4812,Richard Thomas,Pune,Finance,Rahul Verma,Referral,11-05-2026,73685.16,Won,Phone,3
3813,CUST4813,Angela Miller,Chennai,IT,Rahul Verma,Referral,16-12-2025,93589.61,Open,Phone,10
3814,CUST4814,Kenneth Moreno,Bangalore,Finance,Anjali Rao,Advertisement,18-03-2026,76660.93,Won,Phone,7
3815,CUST4815,Katherine Cortez,Pune,IT,Rahul Verma,Website,26-05-2026,59847.92,Lost,Meeting,10
3816,CUST4816,Lisa Aguirre,Pune,Finance,Priya Sharma,Referral,11-01-2026,66317.02,Won,Meeting,5
3817,CUST4817,Margaret Robinson,Chennai,IT,Rahul Verma,Event,28-05-2026,76274.52,Open,Meeting,2
3818,CUST4818,Rachel Shea,Mumbai,Manufacturing,Priya Sharma,Referral,18-05-2026,89051.68,Won,Phone,5
3819,CUST4819,David Evans,Mumbai,Healthcare,Kiran Das,Website,24-09-2025,87128.71,Open,Email,3
3820,CUST4820,Pamela Brown,Chennai,IT,Anjali Rao,Event,27-05-2026,19949.99,Won,Phone,7
3821,CUST4821,Kathryn Sanchez,Pune,Manufacturing,Priya Sharma,Website,24-06-2025,71228.45,Won,Meeting,6
3822,CUST4822,Mary Williams,Mumbai,Retail,Rahul Verma,Referral,05-06-2026,36771.82,Won,Phone,4
3823,CUST4823,Gabriel Simmons,Pune,Retail,Kiran Das,LinkedIn,02-04-2026,39749.79,Lost,Meeting,9
3824,CUST4824,Linda Foster,Mumbai,IT,Rahul Verma,Referral,25-09-2025,74202.79,Open,Email,8
3825,CUST4825,Jessica Patterson,Delhi,Manufacturing,Anjali Rao,Advertisement,01-01-2026,85815.76,Won,Phone,1
3826,CUST4826,Wendy Fernandez,Chennai,Retail,Kiran Das,Advertisement,17-05-2026,92091.07,Won,Meeting,1
3827,CUST4827,Daniel Cruz,Bangalore,Finance,Anjali Rao,Event,27-04-2026,16432.01,Open,Phone,8
3828,CUST4828,Heidi Brennan,Hyderabad,Retail,Priya Sharma,Event,21-09-2025,27906.18,Open,Phone,2
3829,CUST4829,Brian Newton,Chennai,Finance,Kiran Das,LinkedIn,07-10-2025,81521.82,Lost,Phone,8
3830,CUST4830,Michael Schneider,Delhi,Finance,Priya Sharma,LinkedIn,22-03-2026,6101.45,Open,Meeting,10
3831,CUST4831,Arthur Lawrence,Hyderabad,Manufacturing,Kiran Das,Advertisement,06-04-2026,86574.89,Open,Email,5
3832,CUST4832,Rachel Anderson,Mumbai,Healthcare,Kiran Das,Referral,21-07-2025,89278.66,Won,Phone,6
3833,CUST4833,Tracy Bryan,Chennai,Manufacturing,Anjali Rao,Referral,19-09-2025,63726.56,Open,Email,4
3834,CUST4834,Kaitlyn Morris,Chennai,Healthcare,Anjali Rao,Website,05-06-2026,56949.69,Won,Meeting,5
3835,CUST4835,Jennifer Dean,Delhi,IT,Priya Sharma,Referral,08-03-2026,53506.01,Won,Email,8
3836,CUST4836,Patricia Wilson,Delhi,Manufacturing,Priya Sharma,Referral,22-11-2025,79708.15,Won,Email,9
3837,CUST4837,Holly Clements,Mumbai,Retail,Kiran Das,Referral,04-03-2026,81425.09,Open,Email,3
3838,CUST4838,Christopher Salas,Chennai,Manufacturing,Priya Sharma,Referral,21-09-2025,53838.84,Lost,Email,7
3839,CUST4839,Haley Johnson,Hyderabad,Healthcare,Kiran Das,Referral,11-11-2025,48276.24,Lost,Phone,5
3840,CUST4840,John Meyer,Chennai,IT,Rahul Verma,Website,16-04-2026,46875.64,Open,Phone,10
3841,CUST4841,Terri Garcia,Mumbai,IT,Anjali Rao,LinkedIn,14-02-2026,77269.3,Lost,Meeting,6
3842,CUST4842,Kristine Farley,Hyderabad,Finance,Priya Sharma,Referral,01-04-2026,81146.15,Won,Meeting,3
3843,CUST4843,Jaime Gilbert,Hyderabad,Manufacturing,Priya Sharma,LinkedIn,30-06-2025,47309.42,Open,Phone,10
3844,CUST4844,David Vargas,Bangalore,Finance,Anjali Rao,Website,06-06-2026,51842.27,Open,Meeting,4
3845,CUST4845,Cassidy Miller,Mumbai,Finance,Kiran Das,Event,01-05-2026,66578.39,Open,Meeting,9
3846,CUST4846,James Hansen,Hyderabad,Retail,Rahul Verma,Advertisement,05-06-2026,61210.28,Lost,Email,10
3847,CUST4847,Stephanie Lopez,Delhi,Finance,Kiran Das,Advertisement,23-06-2026,16858.31,Lost,Email,10
3848,CUST4848,Cheryl Clark,Delhi,Healthcare,Priya Sharma,Event,11-02-2026,98664.16,Open,Phone,2
3849,CUST4849,Nicholas Moore,Delhi,Finance,Rahul Verma,Referral,22-08-2025,91852.32,Open,Meeting,9
3850,CUST4850,Jessica Vance,Delhi,Manufacturing,Priya Sharma,LinkedIn,16-06-2026,5079.43,Lost,Email,9
3851,CUST4851,Jeffrey King,Bangalore,Finance,Kiran Das,Event,18-12-2025,17273.61,Lost,Email,9
3852,CUST4852,Marissa Wood,Pune,Manufacturing,Priya Sharma,Advertisement,24-06-2026,77960.87,Open,Email,7
3853,CUST4853,Kayla Robbins,Bangalore,Retail,Anjali Rao,Advertisement,29-01-2026,57705.73,Open,Email,6
3854,CUST4854,Lauren Stuart,Mumbai,Healthcare,Anjali Rao,Website,16-04-2026,82949.61,Open,Email,4
3855,CUST4855,Andrew Gonzalez,Chennai,Finance,Priya Sharma,LinkedIn,06-08-2025,61743.52,Open,Email,9
3856,CUST4856,Benjamin Green,Pune,Healthcare,Kiran Das,Website,22-06-2026,10175.62,Open,Meeting,3
3857,CUST4857,Janice Park,Delhi,Finance,Priya Sharma,Referral,15-08-2025,41145.15,Won,Meeting,7
3858,CUST4858,Mitchell Sutton,Pune,Retail,Kiran Das,Advertisement,27-12-2025,14583.44,Open,Phone,7
3859,CUST4859,Cheyenne Giles,Bangalore,IT,Rahul Verma,Referral,08-05-2026,58307.65,Won,Phone,3
3860,CUST4860,Amber Hardy MD,Pune,Finance,Anjali Rao,Website,24-12-2025,61236.13,Lost,Meeting,8
3861,CUST4861,Jessica Orr DDS,Bangalore,Manufacturing,Priya Sharma,Website,28-06-2025,55827.23,Open,Phone,2
3862,CUST4862,Jessica Cook,Chennai,Manufacturing,Rahul Verma,Referral,14-08-2025,60324.06,Won,Meeting,10
3863,CUST4863,Jack Miller,Hyderabad,IT,Kiran Das,Advertisement,18-12-2025,86205.78,Won,Meeting,10
3864,CUST4864,Samuel Villa,Delhi,Manufacturing,Priya Sharma,Referral,05-09-2025,92193.66,Won,Email,6
3865,CUST4865,Michael Humphrey,Chennai,Retail,Priya Sharma,LinkedIn,11-09-2025,98199.35,Lost,Phone,10
3866,CUST4866,Jennifer Knight,Bangalore,Manufacturing,Kiran Das,LinkedIn,12-01-2026,60531.28,Open,Meeting,9
3867,CUST4867,Kevin Butler,Bangalore,Healthcare,Priya Sharma,Referral,03-11-2025,20103.56,Lost,Email,8
3868,CUST4868,Vanessa Armstrong,Pune,Manufacturing,Anjali Rao,Referral,19-02-2026,74501.31,Won,Phone,10
3869,CUST4869,Heather Henry,Bangalore,Healthcare,Rahul Verma,Advertisement,12-10-2025,83047.59,Won,Email,6
3870,CUST4870,Diane Roy,Hyderabad,Healthcare,Priya Sharma,LinkedIn,24-12-2025,13248.59,Lost,Meeting,6
3871,CUST4871,Rebecca Howell,Bangalore,Healthcare,Rahul Verma,Website,25-06-2025,14038.1,Open,Meeting,3
3872,CUST4872,Mark Navarro,Pune,Retail,Priya Sharma,Referral,02-06-2026,79091.73,Won,Meeting,7
3873,CUST4873,John Robinson,Hyderabad,Finance,Kiran Das,Event,04-07-2025,31028.55,Lost,Meeting,4
3874,CUST4874,Anthony Richardson,Hyderabad,Manufacturing,Kiran Das,Event,09-03-2026,26298.95,Lost,Email,1
3875,CUST4875,Jeremiah Duncan,Hyderabad,IT,Rahul Verma,LinkedIn,18-05-2026,67546.21,Won,Email,2
3876,CUST4876,Aaron Powell,Hyderabad,Healthcare,Rahul Verma,Event,26-11-2025,94327.62,Open,Meeting,3
3877,CUST4877,Mrs. Angela Johnson,Delhi,Finance,Anjali Rao,Website,18-11-2025,95372.56,Open,Meeting,8
3878,CUST4878,Hunter Green,Mumbai,IT,Priya Sharma,Event,01-09-2025,81097.69,Lost,Email,4
3879,CUST4879,Andrea Robertson,Delhi,IT,Kiran Das,Advertisement,06-12-2025,19817.61,Open,Meeting,10
3880,CUST4880,Lawrence Fields,Pune,Retail,Kiran Das,Advertisement,07-06-2026,65383.54,Won,Meeting,2
3881,CUST4881,Jesse Ortiz,Chennai,Retail,Rahul Verma,Event,20-04-2026,90840.97,Lost,Phone,9
3882,CUST4882,Maria Brooks,Bangalore,Manufacturing,Rahul Verma,LinkedIn,17-11-2025,91418.47,Lost,Phone,7
3883,CUST4883,John Haynes,Delhi,Retail,Priya Sharma,Event,15-07-2025,7432.32,Open,Email,10
3884,CUST4884,Natasha Smith,Delhi,Finance,Anjali Rao,Advertisement,22-02-2026,90408.56,Lost,Meeting,10
3885,CUST4885,Ryan Dawson,Pune,Manufacturing,Anjali Rao,Referral,15-12-2025,51193.92,Lost,Phone,8
3886,CUST4886,Elizabeth Mckinney,Delhi,Manufacturing,Anjali Rao,LinkedIn,30-03-2026,46739.26,Lost,Phone,8
3887,CUST4887,Elizabeth Lowe,Delhi,Finance,Anjali Rao,Advertisement,19-05-2026,70437.52,Lost,Phone,2
3888,CUST4888,Kevin Davis,Chennai,Healthcare,Anjali Rao,Referral,22-05-2026,15046.1,Won,Meeting,7
3889,CUST4889,Cindy Walker,Delhi,Healthcare,Rahul Verma,Website,01-08-2025,77569.51,Lost,Meeting,10
3890,CUST4890,Angela Mccarthy,Mumbai,IT,Priya Sharma,Website,08-05-2026,43692.96,Won,Email,10
3891,CUST4891,Nancy Johnson,Pune,Finance,Kiran Das,Advertisement,06-08-2025,96040.95,Open,Meeting,4
3892,CUST4892,Justin Hernandez,Pune,Finance,Priya Sharma,LinkedIn,29-04-2026,70638.38,Won,Email,2
3893,CUST4893,Brian Miller,Pune,Manufacturing,Anjali Rao,Advertisement,06-07-2025,34952.99,Won,Email,8
3894,CUST4894,Felicia Manning,Hyderabad,Healthcare,Priya Sharma,Event,24-07-2025,81863.78,Lost,Email,9
3895,CUST4895,Vanessa Lynch,Hyderabad,Retail,Rahul Verma,LinkedIn,29-11-2025,65156.44,Lost,Email,7
3896,CUST4896,Joseph Cervantes,Hyderabad,Manufacturing,Rahul Verma,Referral,26-12-2025,45064.24,Lost,Email,6
3897,CUST4897,David Jensen,Mumbai,Manufacturing,Priya Sharma,Website,19-12-2025,64799.79,Lost,Phone,9
3898,CUST4898,Christopher Bolton,Mumbai,Manufacturing,Kiran Das,Referral,18-04-2026,9937.33,Won,Phone,9
3899,CUST4899,Kara Henson,Mumbai,Retail,Priya Sharma,LinkedIn,09-01-2026,23951.86,Lost,Meeting,8
3900,CUST4900,Scott Lara,Mumbai,Healthcare,Anjali Rao,Event,28-09-2025,59993.42,Lost,Phone,5
3901,CUST4901,Emily Velasquez,Mumbai,Manufacturing,Rahul Verma,Advertisement,09-12-2025,52664.68,Open,Meeting,5
3902,CUST4902,Susan Meyer,Delhi,Finance,Rahul Verma,Website,05-04-2026,53887.12,Won,Phone,7
3903,CUST4903,Donald White,Delhi,Retail,Priya Sharma,Referral,13-02-2026,15971.27,Lost,Email,3
3904,CUST4904,Mark Turner,Mumbai,Healthcare,Anjali Rao,Website,27-05-2026,74276.91,Lost,Phone,7
3905,CUST4905,Angel Gibson,Delhi,Finance,Anjali Rao,LinkedIn,22-05-2026,64233.21,Open,Email,2
3906,CUST4906,John Gamble,Pune,Finance,Kiran Das,Event,15-05-2026,63796.8,Won,Email,7
3907,CUST4907,Veronica Patel,Pune,Healthcare,Priya Sharma,LinkedIn,13-04-2026,42971.42,Lost,Meeting,6
3908,CUST4908,Mrs. Casey Eaton PhD,Chennai,Manufacturing,Anjali Rao,LinkedIn,08-07-2025,14393.57,Lost,Meeting,6
3909,CUST4909,Erin Davis,Hyderabad,Retail,Rahul Verma,Website,28-12-2025,47080.59,Open,Meeting,8
3910,CUST4910,Dr. Tommy Ward,Pune,Retail,Rahul Verma,Event,06-07-2025,83966.07,Lost,Meeting,5
3911,CUST4911,Mark Perry,Chennai,Finance,Priya Sharma,Advertisement,01-07-2025,72438.97,Lost,Meeting,7
3912,CUST4912,Dana Woodard,Mumbai,Healthcare,Rahul Verma,Advertisement,25-01-2026,29185.8,Lost,Meeting,10
3913,CUST4913,Danielle Willis,Chennai,Retail,Priya Sharma,Advertisement,21-07-2025,75585.24,Won,Email,10
3914,CUST4914,John West,Pune,Manufacturing,Anjali Rao,Website,17-11-2025,47070.05,Lost,Email,9
3915,CUST4915,Christopher Hernandez,Bangalore,Manufacturing,Rahul Verma,Advertisement,07-05-2026,32558.47,Won,Phone,2
3916,CUST4916,Shirley Bauer,Hyderabad,Retail,Rahul Verma,Website,26-01-2026,33537.01,Won,Email,9
3917,CUST4917,Daniel Hampton,Delhi,Healthcare,Priya Sharma,LinkedIn,19-09-2025,85107.42,Open,Meeting,8
3918,CUST4918,Michaela Carey,Bangalore,IT,Priya Sharma,Event,18-01-2026,47408.93,Won,Email,7
3919,CUST4919,Isaac Carter,Delhi,Healthcare,Anjali Rao,Event,19-02-2026,74931.04,Open,Phone,8
3920,CUST4920,Lori King,Hyderabad,IT,Anjali Rao,Event,10-04-2026,66947.68,Won,Meeting,4
3921,CUST4921,Nicholas Robertson,Bangalore,Manufacturing,Rahul Verma,LinkedIn,13-07-2025,67604.72,Open,Email,3
3922,CUST4922,Susan Bonilla,Mumbai,Finance,Rahul Verma,Event,09-09-2025,72896.98,Lost,Phone,4
3923,CUST4923,Jeremy Hamilton,Hyderabad,Healthcare,Priya Sharma,Advertisement,17-08-2025,5869.36,Won,Email,1
3924,CUST4924,Kevin Li,Bangalore,Manufacturing,Rahul Verma,Website,26-06-2025,34513.53,Lost,Phone,7
3925,CUST4925,Jason Park,Chennai,IT,Anjali Rao,Event,26-01-2026,62442.91,Lost,Phone,1
3926,CUST4926,Julie Wise,Hyderabad,IT,Anjali Rao,LinkedIn,14-03-2026,73968.45,Won,Phone,2
3927,CUST4927,Joshua Carpenter,Bangalore,Finance,Priya Sharma,Event,05-01-2026,78510.92,Lost,Meeting,7
3928,CUST4928,William Estrada,Mumbai,IT,Priya Sharma,LinkedIn,25-11-2025,49180.99,Open,Email,2
3929,CUST4929,Erin Fitzpatrick,Pune,Manufacturing,Rahul Verma,Advertisement,25-06-2025,39483.11,Open,Email,2
3930,CUST4930,Andrew Mills,Mumbai,IT,Anjali Rao,Website,23-08-2025,69806.35,Lost,Meeting,8
3931,CUST4931,Phyllis Stevens,Chennai,IT,Priya Sharma,LinkedIn,24-06-2025,23611.19,Won,Phone,8
3932,CUST4932,Jeff Edwards,Bangalore,IT,Kiran Das,LinkedIn,03-05-2026,17022.69,Open,Phone,2
3933,CUST4933,Mr. Christopher Donaldson,Pune,Manufacturing,Priya Sharma,Referral,11-07-2025,82060.35,Open,Phone,1
3934,CUST4934,John Walls,Chennai,Finance,Anjali Rao,Advertisement,06-04-2026,27013.28,Open,Meeting,4
3935,CUST4935,Kristen Parker,Pune,Healthcare,Priya Sharma,Event,25-08-2025,83005.53,Lost,Phone,6
3936,CUST4936,Anthony Schwartz,Delhi,Finance,Anjali Rao,Website,13-07-2025,12164.38,Open,Phone,9
3937,CUST4937,Alexander Boyd,Delhi,Manufacturing,Priya Sharma,Event,03-07-2025,11320.3,Open,Email,3
3938,CUST4938,Sarah Anderson,Delhi,IT,Rahul Verma,Referral,01-09-2025,13244.92,Open,Phone,5
3939,CUST4939,Patrick Weber,Hyderabad,Finance,Priya Sharma,Referral,21-04-2026,85898.77,Lost,Phone,7
3940,CUST4940,Courtney Miller,Mumbai,Manufacturing,Priya Sharma,Website,21-04-2026,26073.56,Won,Meeting,2
3941,CUST4941,Nicholas Vazquez,Pune,Finance,Anjali Rao,Event,21-01-2026,50036.97,Open,Email,4
3942,CUST4942,Karen Dunn,Chennai,Retail,Priya Sharma,Referral,12-09-2025,93401.71,Won,Phone,6
3943,CUST4943,Ann Phillips,Pune,Retail,Anjali Rao,LinkedIn,07-06-2026,5352.79,Open,Phone,3
3944,CUST4944,Keith Graves,Mumbai,Healthcare,Kiran Das,Event,09-01-2026,61935.8,Lost,Email,7
3945,CUST4945,Peter Mueller,Chennai,Manufacturing,Kiran Das,Advertisement,15-10-2025,99664.26,Lost,Phone,9
3946,CUST4946,Teresa Carter,Mumbai,Healthcare,Kiran Das,Website,14-11-2025,19726.26,Won,Phone,9
3947,CUST4947,Russell Carlson,Pune,Retail,Rahul Verma,Referral,10-05-2026,96736.91,Lost,Phone,2
3948,CUST4948,Kathleen Peterson,Bangalore,Finance,Kiran Das,LinkedIn,11-12-2025,53403.24,Lost,Meeting,9
3949,CUST4949,Barbara Brown MD,Pune,Finance,Priya Sharma,LinkedIn,17-09-2025,29155.88,Lost,Email,10
3950,CUST4950,Thomas Carter,Chennai,IT,Kiran Das,Event,22-10-2025,73926.63,Lost,Meeting,2
3951,CUST4951,Kenneth Bradley,Chennai,Finance,Priya Sharma,Website,02-05-2026,58723.25,Open,Meeting,9
3952,CUST4952,Pamela Gomez,Delhi,Healthcare,Anjali Rao,Advertisement,02-07-2025,93555.71,Open,Meeting,6
3953,CUST4953,Scott Henry,Chennai,Healthcare,Anjali Rao,Referral,04-10-2025,47265.08,Won,Email,1
3954,CUST4954,Nicholas Medina,Chennai,Finance,Kiran Das,LinkedIn,13-03-2026,74947.78,Open,Email,4
3955,CUST4955,Sara Gray,Pune,Manufacturing,Kiran Das,Referral,04-03-2026,18587.01,Won,Meeting,5
3956,CUST4956,Steven Ryan,Bangalore,Retail,Priya Sharma,Referral,11-06-2026,80618.4,Open,Email,2
3957,CUST4957,Jordan Hunt,Pune,Finance,Rahul Verma,Event,02-07-2025,24107.12,Won,Email,1
3958,CUST4958,Whitney Ortiz,Chennai,Finance,Priya Sharma,Referral,17-05-2026,11780.47,Open,Phone,10
3959,CUST4959,Mark Gordon,Pune,Finance,Priya Sharma,LinkedIn,29-11-2025,94466.68,Open,Email,5
3960,CUST4960,Daniel Ryan,Chennai,IT,Rahul Verma,LinkedIn,17-04-2026,41886.74,Open,Email,5
3961,CUST4961,Mark Miller,Bangalore,Finance,Kiran Das,Referral,09-03-2026,80746.73,Open,Meeting,9
3962,CUST4962,Bryan Bradley,Bangalore,Manufacturing,Kiran Das,Website,13-05-2026,50505.88,Open,Meeting,8
3963,CUST4963,Robert Flores,Delhi,Retail,Rahul Verma,Website,16-12-2025,63826.56,Won,Phone,7
3964,CUST4964,Erika Hamilton,Mumbai,Healthcare,Rahul Verma,Event,02-05-2026,77434.72,Open,Email,9
3965,CUST4965,Kristin Nash,Pune,Healthcare,Priya Sharma,Referral,15-07-2025,69709.37,Lost,Email,10
3966,CUST4966,Amanda Jimenez MD,Delhi,Finance,Rahul Verma,Website,28-09-2025,46251.93,Open,Email,3
3967,CUST4967,Veronica Jefferson,Bangalore,Healthcare,Rahul Verma,Website,07-07-2025,17401.81,Open,Phone,5
3968,CUST4968,John Ramirez,Pune,Finance,Priya Sharma,Website,11-07-2025,61212.65,Won,Meeting,4
3969,CUST4969,Heather Harris,Chennai,IT,Kiran Das,Event,19-12-2025,88603.1,Won,Phone,6
3970,CUST4970,Joseph Atkinson,Hyderabad,Finance,Rahul Verma,Website,23-09-2025,44486.01,Lost,Email,2
3971,CUST4971,James Walker,Pune,Finance,Rahul Verma,Referral,21-12-2025,43800.88,Open,Phone,8
3972,CUST4972,Melissa Swanson,Delhi,Retail,Rahul Verma,Event,04-04-2026,43907.61,Open,Meeting,3
3973,CUST4973,Megan Bennett,Pune,Retail,Kiran Das,Event,27-07-2025,49038.49,Won,Email,8
3974,CUST4974,Jill Jefferson,Bangalore,IT,Rahul Verma,Referral,09-02-2026,98050.8,Lost,Phone,3
3975,CUST4975,Jeffrey Gonzalez,Delhi,Healthcare,Kiran Das,Referral,14-03-2026,85753.84,Lost,Meeting,2
3976,CUST4976,David Gutierrez,Mumbai,Healthcare,Kiran Das,Advertisement,22-06-2026,82729.91,Open,Meeting,6
3977,CUST4977,Patrick Shelton,Mumbai,Manufacturing,Priya Sharma,Referral,07-07-2025,9633.9,Lost,Meeting,9
3978,CUST4978,Taylor Bernard,Bangalore,Manufacturing,Kiran Das,Referral,21-04-2026,38958.45,Won,Email,4
3979,CUST4979,Kelly Rodriguez,Mumbai,Finance,Kiran Das,Advertisement,07-09-2025,14816.6,Open,Email,5
3980,CUST4980,Robert Contreras,Pune,IT,Anjali Rao,Website,09-08-2025,55422.03,Won,Phone,7
3981,CUST4981,John Howard,Mumbai,Retail,Priya Sharma,Advertisement,15-05-2026,43527.31,Won,Phone,4
3982,CUST4982,Jeff Holt,Hyderabad,IT,Priya Sharma,Referral,22-03-2026,70337.19,Won,Meeting,6
3983,CUST4983,Casey Guzman,Mumbai,IT,Rahul Verma,Event,15-08-2025,86767.55,Open,Meeting,2
3984,CUST4984,April Mckinney,Chennai,IT,Anjali Rao,Advertisement,20-01-2026,94643.8,Open,Email,10
3985,CUST4985,Norma Greene,Pune,Manufacturing,Rahul Verma,Advertisement,09-09-2025,73376.04,Lost,Meeting,2
3986,CUST4986,Jennifer Cox,Hyderabad,Manufacturing,Kiran Das,Event,07-01-2026,71523.44,Open,Email,4
3987,CUST4987,Jason Tran,Hyderabad,Finance,Priya Sharma,Event,14-05-2026,19977.94,Won,Meeting,6
3988,CUST4988,James Taylor,Hyderabad,Finance,Priya Sharma,Event,02-11-2025,25273.14,Lost,Email,9
3989,CUST4989,Hailey Bautista,Bangalore,Manufacturing,Kiran Das,LinkedIn,26-02-2026,62375.12,Won,Meeting,5
3990,CUST4990,Ebony Miller,Hyderabad,Retail,Rahul Verma,Event,04-04-2026,85412.04,Lost,Email,2
3991,CUST4991,Michael Roberts,Chennai,Finance,Anjali Rao,Event,20-03-2026,73063.67,Won,Phone,3
3992,CUST4992,Alan Horton,Hyderabad,IT,Kiran Das,LinkedIn,15-12-2025,36055.89,Lost,Phone,5
3993,CUST4993,Sarah Mercer,Pune,IT,Priya Sharma,Event,07-02-2026,57085.48,Open,Email,6
3994,CUST4994,Lauren Alvarez,Hyderabad,Finance,Rahul Verma,Advertisement,11-06-2026,20339.61,Lost,Meeting,8
3995,CUST4995,Ryan Carter,Delhi,Healthcare,Priya Sharma,Website,12-08-2025,78969.76,Won,Meeting,10
3996,CUST4996,Rebecca Anderson,Bangalore,Healthcare,Priya Sharma,Referral,21-10-2025,46512.28,Won,Phone,10
3997,CUST4997,Dan Meza,Bangalore,IT,Priya Sharma,Advertisement,22-03-2026,62098.7,Lost,Phone,10
3998,CUST4998,Kevin Payne,Mumbai,IT,Priya Sharma,Advertisement,26-09-2025,17058.43,Open,Phone,5
3999,CUST4999,Claire Black,Mumbai,Finance,Rahul Verma,Event,05-07-2025,14850.2,Won,Email,5
4000,CUST5000,Linda Fox,Hyderabad,IT,Anjali Rao,Event,28-11-2025,19421.47,Lost,Phone,9
4001,CUST5001,Anna Osborn,Bangalore,IT,Anjali Rao,Event,19-08-2025,55615.17,Open,Meeting,8
4002,CUST5002,Helen Gonzalez,Pune,Retail,Rahul Verma,Referral,30-06-2025,19845.65,Open,Email,8
4003,CUST5003,Christine Cunningham,Hyderabad,Finance,Kiran Das,Website,19-01-2026,33709.49,Won,Email,3
4004,CUST5004,Jason Yang,Bangalore,Manufacturing,Rahul Verma,Event,05-03-2026,84965.95,Won,Phone,9
4005,CUST5005,Bradley Walters,Bangalore,Manufacturing,Anjali Rao,Website,30-09-2025,97676.88,Lost,Email,2
4006,CUST5006,John Reid,Delhi,Healthcare,Priya Sharma,Referral,21-04-2026,82119.35,Won,Meeting,10
4007,CUST5007,Brandon Thompson,Chennai,Finance,Anjali Rao,Advertisement,13-06-2026,85717.57,Won,Meeting,2
4008,CUST5008,Marie Dixon,Delhi,Manufacturing,Rahul Verma,Website,04-07-2025,80848.26,Open,Phone,1
4009,CUST5009,Christopher Sellers,Bangalore,Healthcare,Kiran Das,LinkedIn,23-07-2025,37696.33,Open,Email,5
4010,CUST5010,Shari Williams,Bangalore,IT,Anjali Rao,Website,05-01-2026,68064.53,Lost,Meeting,1
4011,CUST5011,Kristen Valenzuela,Mumbai,Manufacturing,Priya Sharma,Referral,26-05-2026,59300.83,Won,Email,5
4012,CUST5012,Sherri King,Chennai,Finance,Kiran Das,LinkedIn,28-05-2026,86371.24,Won,Phone,10
4013,CUST5013,Regina Bennett,Chennai,IT,Rahul Verma,Referral,17-12-2025,44221.52,Won,Email,6
4014,CUST5014,John Hart,Pune,Finance,Kiran Das,LinkedIn,21-09-2025,12273.72,Lost,Phone,10
4015,CUST5015,Matthew Parker,Delhi,Healthcare,Anjali Rao,Website,11-08-2025,46194.47,Open,Meeting,8
4016,CUST5016,Mary Franklin,Bangalore,IT,Rahul Verma,Website,20-01-2026,53962.6,Open,Phone,9
4017,CUST5017,Anthony Griffith,Hyderabad,Retail,Anjali Rao,Event,19-02-2026,21969.8,Won,Phone,5
4018,CUST5018,Jennifer Salazar,Hyderabad,Finance,Rahul Verma,Website,09-02-2026,78927.41,Open,Meeting,7
4019,CUST5019,Vincent Horton,Delhi,Healthcare,Anjali Rao,Event,16-07-2025,39889.08,Open,Email,4
4020,CUST5020,Chase Cabrera,Hyderabad,Finance,Anjali Rao,LinkedIn,02-03-2026,14807.54,Won,Email,9
4021,CUST5021,Anna Duke,Pune,IT,Priya Sharma,Website,01-12-2025,92104.67,Open,Meeting,9
4022,CUST5022,Omar Thomas,Chennai,Finance,Kiran Das,Event,05-08-2025,76017.88,Lost,Phone,10
4023,CUST5023,Emily Martin,Hyderabad,Finance,Kiran Das,LinkedIn,29-09-2025,82844.69,Lost,Meeting,3
4024,CUST5024,Robert Bowen,Hyderabad,Finance,Kiran Das,Event,17-07-2025,62272.53,Lost,Email,6
4025,CUST5025,Jessica Sharp,Delhi,Finance,Anjali Rao,Website,19-11-2025,16622.71,Open,Meeting,2
4026,CUST5026,Tonya Ward,Hyderabad,Finance,Rahul Verma,Advertisement,20-07-2025,15983.88,Won,Phone,2
4027,CUST5027,Michael Ramirez,Mumbai,Healthcare,Kiran Das,Website,19-07-2025,46834.96,Open,Email,7
4028,CUST5028,Amy Garcia,Delhi,IT,Kiran Das,Referral,18-07-2025,55031,Open,Meeting,6
4029,CUST5029,Joseph Leonard,Chennai,Retail,Rahul Verma,Event,03-08-2025,96719.03,Won,Email,7
4030,CUST5030,Jason Roberson,Bangalore,Retail,Anjali Rao,LinkedIn,25-04-2026,57163.53,Open,Phone,4
4031,CUST5031,Troy Dunn,Chennai,Manufacturing,Rahul Verma,Advertisement,16-08-2025,91407.71,Won,Phone,5
4032,CUST5032,Jennifer Phillips,Hyderabad,Manufacturing,Kiran Das,Event,18-04-2026,14082.56,Open,Meeting,2
4033,CUST5033,Dan Krause,Hyderabad,Finance,Anjali Rao,Event,20-08-2025,8277.81,Lost,Meeting,9
4034,CUST5034,Mary Boyd,Mumbai,Finance,Anjali Rao,Website,10-10-2025,69563.79,Open,Meeting,3
4035,CUST5035,Omar Barber,Delhi,Healthcare,Kiran Das,Advertisement,28-12-2025,74978.23,Won,Phone,6
4036,CUST5036,Timothy Wells,Bangalore,Manufacturing,Kiran Das,Event,06-09-2025,47561.64,Lost,Phone,2
4037,CUST5037,Chase Woods,Chennai,Finance,Rahul Verma,Advertisement,24-04-2026,26395.57,Lost,Meeting,10
4038,CUST5038,Lori Garcia,Chennai,Retail,Anjali Rao,Website,30-12-2025,11300.12,Won,Phone,1
4039,CUST5039,Mr. Benjamin Flores,Hyderabad,Finance,Anjali Rao,Advertisement,02-09-2025,18900.01,Won,Phone,6
4040,CUST5040,Joseph Adams,Mumbai,Retail,Anjali Rao,Website,27-03-2026,94296.02,Won,Meeting,6
4041,CUST5041,Brian Taylor,Bangalore,Retail,Anjali Rao,Referral,06-12-2025,54008.75,Won,Email,3
4042,CUST5042,Lucas Olson,Mumbai,Retail,Priya Sharma,LinkedIn,01-09-2025,78197.02,Lost,Meeting,3
4043,CUST5043,Andrea Sexton,Pune,Retail,Anjali Rao,LinkedIn,26-09-2025,13539.73,Open,Phone,8
4044,CUST5044,John Miller,Mumbai,Healthcare,Priya Sharma,Advertisement,09-04-2026,26452.07,Won,Phone,5
4045,CUST5045,David Kim,Delhi,Manufacturing,Anjali Rao,LinkedIn,17-12-2025,47739.87,Lost,Meeting,8
4046,CUST5046,James Cooley,Chennai,IT,Anjali Rao,Website,23-11-2025,25957.58,Lost,Email,2
4047,CUST5047,Ronnie Vasquez,Mumbai,Retail,Rahul Verma,Event,31-05-2026,55866.38,Open,Meeting,2
4048,CUST5048,Jacob Barber,Hyderabad,IT,Rahul Verma,LinkedIn,08-03-2026,35424.41,Lost,Phone,7
4049,CUST5049,Daniel Hays,Pune,Healthcare,Anjali Rao,Website,28-03-2026,14803.42,Lost,Email,9
4050,CUST5050,Karen Medina,Hyderabad,Manufacturing,Kiran Das,Event,04-02-2026,58091.75,Lost,Meeting,6
4051,CUST5051,Amber Cruz,Delhi,Retail,Priya Sharma,Event,15-06-2026,51086.87,Lost,Meeting,4
4052,CUST5052,Tracy Weaver,Mumbai,Healthcare,Rahul Verma,Advertisement,15-01-2026,78982.83,Won,Email,4
4053,CUST5053,Mark Evans,Delhi,IT,Priya Sharma,Event,21-10-2025,32638.18,Lost,Phone,2
4054,CUST5054,Juan Cervantes,Chennai,IT,Priya Sharma,Referral,21-10-2025,41783.87,Won,Phone,1
4055,CUST5055,Dr. Bonnie Chavez MD,Pune,Manufacturing,Rahul Verma,Referral,25-11-2025,95237.1,Lost,Meeting,7
4056,CUST5056,Kurt Williams,Pune,Retail,Anjali Rao,Referral,23-06-2026,75188.74,Lost,Meeting,4
4057,CUST5057,Michael Watson,Bangalore,Healthcare,Anjali Rao,Event,13-09-2025,13193.02,Won,Phone,2
4058,CUST5058,Don Lozano,Bangalore,Manufacturing,Anjali Rao,Event,29-09-2025,73985.97,Won,Phone,6
4059,CUST5059,Nicholas Mcgrath,Delhi,Retail,Anjali Rao,Event,19-06-2026,38615.25,Lost,Email,3
4060,CUST5060,Brittany Lewis,Mumbai,IT,Anjali Rao,Referral,30-04-2026,58607.14,Won,Meeting,9
4061,CUST5061,Colin Cole,Delhi,IT,Kiran Das,LinkedIn,15-05-2026,90513.53,Lost,Meeting,4
4062,CUST5062,Kevin Matthews,Mumbai,Manufacturing,Priya Sharma,Website,19-08-2025,40377.97,Lost,Email,9
4063,CUST5063,Brenda Miller,Mumbai,Finance,Priya Sharma,LinkedIn,08-10-2025,29239.89,Open,Meeting,2
4064,CUST5064,Robert Gilmore,Delhi,Healthcare,Kiran Das,Referral,23-05-2026,49028.89,Lost,Meeting,7
4065,CUST5065,Jennifer Taylor,Bangalore,IT,Anjali Rao,Website,18-03-2026,44575.13,Won,Email,2
4066,CUST5066,Raymond Long,Pune,Healthcare,Kiran Das,LinkedIn,05-07-2025,29857.38,Lost,Phone,9
4067,CUST5067,Theresa Cobb,Delhi,Finance,Rahul Verma,LinkedIn,25-10-2025,76334.47,Won,Email,9
4068,CUST5068,Paul Hernandez,Mumbai,IT,Anjali Rao,LinkedIn,04-08-2025,83768.79,Lost,Phone,9
4069,CUST5069,Melanie Moore,Pune,Manufacturing,Anjali Rao,Referral,12-04-2026,85498.36,Open,Email,2
4070,CUST5070,Andrew Curtis,Pune,Manufacturing,Priya Sharma,Referral,23-02-2026,63603.64,Won,Meeting,7
4071,CUST5071,Nicholas Goodwin,Chennai,Retail,Kiran Das,Event,16-03-2026,82815.64,Lost,Phone,3
4072,CUST5072,Shane Mack DDS,Hyderabad,Finance,Rahul Verma,LinkedIn,18-08-2025,47696.92,Won,Phone,1
4073,CUST5073,April Murray,Delhi,Finance,Anjali Rao,Event,20-01-2026,96263.05,Won,Meeting,1
4074,CUST5074,Joshua Logan,Delhi,Retail,Priya Sharma,Website,16-10-2025,99115.88,Lost,Phone,7
4075,CUST5075,Kristin Smith,Chennai,Healthcare,Kiran Das,Website,06-09-2025,87684.95,Lost,Phone,1
4076,CUST5076,Daniel Hughes,Bangalore,Finance,Kiran Das,Event,27-03-2026,87921.68,Open,Email,4
4077,CUST5077,Pamela Meza,Bangalore,Healthcare,Priya Sharma,LinkedIn,03-05-2026,23923.85,Open,Phone,7
4078,CUST5078,Nicole Clark,Hyderabad,Retail,Rahul Verma,LinkedIn,09-02-2026,66400.57,Lost,Phone,5
4079,CUST5079,Crystal Frazier,Chennai,Manufacturing,Rahul Verma,LinkedIn,11-03-2026,76013.51,Lost,Meeting,2
4080,CUST5080,Mark Watkins,Chennai,Manufacturing,Priya Sharma,LinkedIn,11-02-2026,31149.13,Open,Meeting,1
4081,CUST5081,Michael Stewart,Bangalore,Manufacturing,Anjali Rao,LinkedIn,03-07-2025,97872.05,Won,Phone,2
4082,CUST5082,Charles Richardson,Pune,Manufacturing,Rahul Verma,Referral,26-10-2025,45678.14,Won,Email,3
4083,CUST5083,Stephen Miller,Bangalore,Retail,Anjali Rao,Event,08-02-2026,9543.82,Won,Meeting,8
4084,CUST5084,John Miller,Hyderabad,Manufacturing,Anjali Rao,LinkedIn,02-08-2025,20277.28,Won,Meeting,5
4085,CUST5085,Latasha Cruz,Chennai,Retail,Kiran Das,Event,30-01-2026,69884.99,Open,Phone,9
4086,CUST5086,Charles Buchanan,Pune,Retail,Priya Sharma,Website,16-03-2026,36093.27,Open,Phone,6
4087,CUST5087,Gilbert Thornton,Bangalore,Healthcare,Kiran Das,LinkedIn,15-08-2025,59031.68,Lost,Meeting,1
4088,CUST5088,James Ward,Chennai,Manufacturing,Rahul Verma,Website,12-10-2025,74496.77,Lost,Email,2
4089,CUST5089,Michael Benson,Bangalore,Finance,Anjali Rao,Event,22-10-2025,92797.18,Lost,Phone,3
4090,CUST5090,Michael Wilson,Delhi,Healthcare,Priya Sharma,LinkedIn,04-08-2025,12528.93,Lost,Email,7
4091,CUST5091,Nathan Bauer,Chennai,Healthcare,Kiran Das,Referral,03-03-2026,69955.87,Lost,Email,10
4092,CUST5092,Tiffany Salinas,Mumbai,Finance,Rahul Verma,Event,26-09-2025,55522.38,Lost,Email,6
4093,CUST5093,Kelsey Serrano,Hyderabad,Retail,Kiran Das,Event,22-10-2025,20225.94,Won,Phone,6
4094,CUST5094,Cynthia Stevenson,Delhi,Healthcare,Priya Sharma,Event,20-07-2025,77868.73,Open,Email,4
4095,CUST5095,Rachel Mendoza,Mumbai,IT,Rahul Verma,Website,15-05-2026,89921.28,Lost,Email,1
4096,CUST5096,Kaitlin Martinez,Bangalore,Manufacturing,Priya Sharma,Referral,19-02-2026,11017.36,Lost,Phone,6
4097,CUST5097,Kevin Carrillo,Chennai,IT,Anjali Rao,Referral,19-11-2025,57840.06,Lost,Meeting,8
4098,CUST5098,Mrs. Destiny Matthews,Chennai,Manufacturing,Rahul Verma,Event,07-03-2026,99268.43,Open,Meeting,6
4099,CUST5099,Andrew Valdez,Hyderabad,Manufacturing,Rahul Verma,Referral,21-05-2026,69871.24,Open,Email,9
4100,CUST5100,Matthew Oliver,Hyderabad,Retail,Rahul Verma,Referral,04-11-2025,88094.14,Won,Email,10
4101,CUST5101,Kathryn Silva,Bangalore,Finance,Rahul Verma,Website,17-05-2026,10310.45,Won,Meeting,10
4102,CUST5102,Kathryn Smith,Chennai,Finance,Kiran Das,Referral,27-11-2025,94689.28,Won,Phone,5
4103,CUST5103,Nicole Robinson,Mumbai,Healthcare,Rahul Verma,Website,04-08-2025,95533.15,Lost,Email,2
4104,CUST5104,Colleen Snyder,Chennai,Manufacturing,Priya Sharma,Event,15-02-2026,92435.28,Open,Phone,3
4105,CUST5105,Elizabeth Johnson,Mumbai,Healthcare,Anjali Rao,Event,10-01-2026,96249.66,Won,Meeting,6
4106,CUST5106,Eddie Harris,Pune,IT,Priya Sharma,Website,13-08-2025,29814.03,Won,Meeting,7
4107,CUST5107,Barbara Flynn,Mumbai,Manufacturing,Priya Sharma,Referral,20-10-2025,89907.74,Lost,Email,3
4108,CUST5108,Bryan Clark,Mumbai,Retail,Rahul Verma,LinkedIn,16-08-2025,18278.18,Open,Email,5
4109,CUST5109,Brandon Edwards,Bangalore,Manufacturing,Anjali Rao,Website,06-02-2026,52007.21,Open,Phone,10
4110,CUST5110,Lisa Castro,Delhi,Healthcare,Priya Sharma,Advertisement,26-12-2025,41843.62,Open,Meeting,7
4111,CUST5111,Cynthia Meyer,Pune,Finance,Priya Sharma,LinkedIn,14-09-2025,53323.01,Open,Meeting,4
4112,CUST5112,Ashley Lewis,Hyderabad,Healthcare,Rahul Verma,LinkedIn,08-03-2026,77842.88,Open,Meeting,3
4113,CUST5113,Alec Ayers,Bangalore,Healthcare,Priya Sharma,Advertisement,26-10-2025,71108.86,Won,Phone,7
4114,CUST5114,Mark Taylor,Bangalore,Finance,Rahul Verma,Referral,12-12-2025,60060.51,Lost,Meeting,1
4115,CUST5115,Cynthia Morrison,Hyderabad,IT,Rahul Verma,Event,12-10-2025,82324.5,Lost,Email,9
4116,CUST5116,James Jackson,Hyderabad,Manufacturing,Kiran Das,Advertisement,10-12-2025,80143.11,Won,Email,8
4117,CUST5117,Rebecca Smith,Pune,IT,Anjali Rao,Advertisement,09-08-2025,52058.69,Open,Phone,6
4118,CUST5118,Lori Boyd,Bangalore,IT,Kiran Das,Advertisement,05-08-2025,80040.22,Won,Phone,8
4119,CUST5119,Charles Juarez,Hyderabad,Retail,Anjali Rao,Referral,19-09-2025,76652.14,Open,Meeting,10
4120,CUST5120,Carol Brock,Delhi,Healthcare,Priya Sharma,Advertisement,02-01-2026,91345.63,Lost,Phone,1
4121,CUST5121,Dakota Williams,Pune,Manufacturing,Priya Sharma,LinkedIn,11-02-2026,89010.22,Won,Meeting,7
4122,CUST5122,John Alexander DDS,Pune,IT,Kiran Das,LinkedIn,19-01-2026,33584.29,Won,Phone,9
4123,CUST5123,Tyler Cross,Mumbai,Retail,Rahul Verma,Referral,13-05-2026,64840.08,Lost,Email,4
4124,CUST5124,Jason Avila,Hyderabad,IT,Kiran Das,Event,16-02-2026,7787.43,Open,Phone,5
4125,CUST5125,Robert Grant,Hyderabad,IT,Anjali Rao,Referral,05-03-2026,85058.13,Won,Meeting,2
4126,CUST5126,Dr. Jeremiah Ortiz,Delhi,IT,Priya Sharma,LinkedIn,21-04-2026,72354.07,Open,Phone,6
4127,CUST5127,Melissa Guzman,Bangalore,IT,Anjali Rao,Website,19-09-2025,68290.76,Lost,Phone,6
4128,CUST5128,Adam Perez,Bangalore,Manufacturing,Priya Sharma,Event,20-11-2025,7327.69,Open,Phone,9
4129,CUST5129,Brian Cunningham,Bangalore,IT,Rahul Verma,Referral,07-03-2026,44703.42,Won,Meeting,4
4130,CUST5130,Kenneth Jensen,Mumbai,Manufacturing,Kiran Das,Website,12-07-2025,56738.46,Won,Email,10
4131,CUST5131,Nicole Dodson,Hyderabad,Healthcare,Rahul Verma,Advertisement,16-04-2026,43376.04,Won,Email,3
4132,CUST5132,Joshua Moon,Delhi,Retail,Anjali Rao,Referral,27-09-2025,88896.26,Lost,Email,9
4133,CUST5133,Kelly Simon,Chennai,IT,Priya Sharma,Advertisement,19-11-2025,13246.01,Won,Email,7
4134,CUST5134,Stephanie Lopez,Hyderabad,Healthcare,Kiran Das,LinkedIn,06-05-2026,91730.25,Won,Phone,2
4135,CUST5135,Aaron Greene,Delhi,IT,Priya Sharma,Advertisement,13-12-2025,61347.13,Won,Phone,7
4136,CUST5136,Christian Williams,Hyderabad,Retail,Rahul Verma,Advertisement,28-06-2025,58819.54,Open,Email,9
4137,CUST5137,Cindy Thomas,Pune,Healthcare,Rahul Verma,Advertisement,23-12-2025,18388.55,Lost,Meeting,4
4138,CUST5138,Chad Ellis,Hyderabad,IT,Rahul Verma,Website,07-03-2026,49193.24,Open,Meeting,9
4139,CUST5139,Michael Jones,Pune,Finance,Kiran Das,Advertisement,03-10-2025,98125.88,Won,Email,4
4140,CUST5140,Susan Stevenson,Bangalore,Retail,Anjali Rao,Event,14-05-2026,83788.63,Lost,Phone,10
4141,CUST5141,David Rose,Delhi,Finance,Priya Sharma,LinkedIn,22-02-2026,54737,Won,Email,3
4142,CUST5142,Melissa Hayes,Mumbai,IT,Priya Sharma,LinkedIn,11-08-2025,90214.74,Won,Email,8
4143,CUST5143,Stephanie Dickerson,Delhi,Healthcare,Anjali Rao,LinkedIn,24-10-2025,22698.21,Open,Email,1
4144,CUST5144,Amanda Jensen,Mumbai,IT,Priya Sharma,Advertisement,01-03-2026,89307.35,Open,Meeting,4
4145,CUST5145,Alison Kent,Hyderabad,IT,Priya Sharma,LinkedIn,21-03-2026,27546.74,Won,Email,7
4146,CUST5146,Brian Parrish,Pune,Manufacturing,Priya Sharma,Website,15-09-2025,16754.89,Open,Email,5
4147,CUST5147,Julie Hayes,Hyderabad,IT,Anjali Rao,Advertisement,08-11-2025,92400.72,Open,Email,1
4148,CUST5148,Theresa Roberts,Delhi,Manufacturing,Rahul Verma,Event,25-03-2026,96401.98,Won,Phone,5
4149,CUST5149,Kathryn Owen,Pune,Finance,Priya Sharma,Event,12-10-2025,47594.57,Won,Meeting,9
4150,CUST5150,James Calderon,Bangalore,Manufacturing,Anjali Rao,Advertisement,02-01-2026,10415.67,Open,Meeting,6
4151,CUST5151,Jane Gray,Mumbai,Finance,Rahul Verma,Website,18-09-2025,61516.96,Won,Meeting,5
4152,CUST5152,Joel Stout,Mumbai,Manufacturing,Anjali Rao,Referral,24-02-2026,78371.01,Open,Meeting,8
4153,CUST5153,Austin Edwards,Hyderabad,Finance,Anjali Rao,LinkedIn,07-06-2026,89553.31,Won,Meeting,1
4154,CUST5154,Roberto Arroyo,Hyderabad,IT,Priya Sharma,Website,30-09-2025,27167.95,Won,Meeting,3
4155,CUST5155,Jacob Good,Delhi,Retail,Anjali Rao,LinkedIn,16-01-2026,65511.18,Open,Phone,6
4156,CUST5156,Rebecca Cain,Pune,IT,Kiran Das,Event,31-01-2026,60670.99,Lost,Email,2
4157,CUST5157,Charles Leon,Hyderabad,IT,Rahul Verma,Event,14-01-2026,41961.52,Won,Email,8
4158,CUST5158,Stephen Clark,Pune,IT,Kiran Das,LinkedIn,12-02-2026,40383.82,Open,Phone,4
4159,CUST5159,Sandra Dougherty,Hyderabad,Finance,Anjali Rao,Referral,04-07-2025,17023.11,Open,Email,3
4160,CUST5160,Brent Roberts,Pune,Finance,Anjali Rao,LinkedIn,18-06-2026,98482.19,Won,Meeting,9
4161,CUST5161,Christine Simpson,Mumbai,Retail,Priya Sharma,Event,29-04-2026,77211.24,Open,Email,8
4162,CUST5162,Anthony Lamb,Pune,Manufacturing,Rahul Verma,Referral,27-07-2025,35889.16,Won,Email,8
4163,CUST5163,Dr. Alexander Hernandez,Pune,Manufacturing,Rahul Verma,Event,01-03-2026,46001.13,Open,Phone,8
4164,CUST5164,Amanda Myers,Pune,Healthcare,Priya Sharma,Website,28-02-2026,86380.27,Won,Phone,6
4165,CUST5165,Ryan Shaw,Chennai,Manufacturing,Kiran Das,LinkedIn,23-03-2026,87806.29,Open,Email,8
4166,CUST5166,Timothy Moore,Hyderabad,Manufacturing,Kiran Das,LinkedIn,07-05-2026,79456.21,Lost,Email,9
4167,CUST5167,Justin Barnes,Mumbai,IT,Kiran Das,Referral,30-03-2026,11996.06,Lost,Phone,10
4168,CUST5168,Ashley Freeman,Chennai,Finance,Rahul Verma,Website,18-11-2025,80879.87,Open,Phone,8
4169,CUST5169,Brandon Conner,Bangalore,Healthcare,Kiran Das,LinkedIn,29-01-2026,31534.36,Lost,Email,9
4170,CUST5170,Robert Manning,Mumbai,Healthcare,Anjali Rao,LinkedIn,01-11-2025,37769.32,Won,Email,6
4171,CUST5171,Cynthia Boone,Pune,Manufacturing,Kiran Das,Advertisement,19-12-2025,91157.4,Open,Phone,2
4172,CUST5172,Christopher Miller,Delhi,Finance,Priya Sharma,Website,11-03-2026,58887.42,Open,Email,3
4173,CUST5173,Gerald Gilmore,Hyderabad,Finance,Priya Sharma,Website,04-06-2026,29506.95,Won,Meeting,6
4174,CUST5174,Debra Baker,Hyderabad,Healthcare,Priya Sharma,Website,20-05-2026,62384.5,Won,Phone,1
4175,CUST5175,Lisa Gross,Mumbai,Retail,Anjali Rao,Advertisement,21-05-2026,46053.19,Won,Phone,9
4176,CUST5176,Kevin Smith,Bangalore,Retail,Anjali Rao,Advertisement,05-01-2026,9454.52,Lost,Meeting,9
4177,CUST5177,Gary Evans,Hyderabad,IT,Priya Sharma,Event,19-09-2025,32962.31,Lost,Email,4
4178,CUST5178,Joseph Frost,Delhi,IT,Kiran Das,Referral,03-11-2025,55615.14,Open,Meeting,6
4179,CUST5179,Lawrence Bishop,Pune,Retail,Kiran Das,LinkedIn,29-05-2026,31296.84,Won,Phone,2
4180,CUST5180,Amber Tran,Bangalore,Healthcare,Kiran Das,Website,24-01-2026,66839.38,Lost,Meeting,9
4181,CUST5181,Kenneth Price,Hyderabad,Finance,Kiran Das,Advertisement,09-07-2025,7688.84,Won,Phone,10
4182,CUST5182,Joyce Johnson,Pune,Healthcare,Rahul Verma,LinkedIn,21-09-2025,57227.65,Open,Meeting,9
4183,CUST5183,Karen Booth,Pune,Healthcare,Kiran Das,Advertisement,28-10-2025,58737.23,Won,Meeting,10
4184,CUST5184,Joshua Roberts,Chennai,Retail,Anjali Rao,LinkedIn,12-11-2025,7693.97,Open,Meeting,8
4185,CUST5185,Theodore Hall,Pune,Retail,Anjali Rao,Referral,29-10-2025,34455.18,Won,Phone,1
4186,CUST5186,Adam Eaton,Mumbai,IT,Anjali Rao,LinkedIn,14-01-2026,36009.04,Lost,Email,9
4187,CUST5187,Rebecca Phillips,Mumbai,Manufacturing,Priya Sharma,Referral,29-04-2026,13753.8,Won,Meeting,6
4188,CUST5188,Jessica Cain,Delhi,Healthcare,Rahul Verma,Referral,27-03-2026,95691.54,Won,Email,6
4189,CUST5189,Alexander Crawford,Delhi,Retail,Priya Sharma,Website,04-03-2026,17119.09,Open,Email,6
4190,CUST5190,Cynthia Krueger,Chennai,Healthcare,Priya Sharma,Referral,31-01-2026,58122.9,Lost,Meeting,3
4191,CUST5191,Rhonda Gamble,Bangalore,Manufacturing,Kiran Das,Website,08-08-2025,56804.71,Open,Email,8
4192,CUST5192,Whitney Matthews,Delhi,IT,Rahul Verma,Event,12-12-2025,34221.39,Lost,Email,10
4193,CUST5193,Stephanie Perkins,Pune,Finance,Priya Sharma,Event,11-04-2026,62171.39,Lost,Meeting,6
4194,CUST5194,Katie Hall MD,Pune,IT,Kiran Das,Referral,29-06-2025,57818.71,Lost,Meeting,1
4195,CUST5195,Belinda Brown,Pune,Manufacturing,Kiran Das,Event,07-01-2026,5112.43,Open,Email,5
4196,CUST5196,Bobby Larsen,Bangalore,Healthcare,Priya Sharma,Website,04-10-2025,61988.14,Won,Email,5
4197,CUST5197,Mrs. Christine Mcintyre,Mumbai,Manufacturing,Kiran Das,Referral,27-01-2026,69222.41,Lost,Email,5
4198,CUST5198,Todd Ryan,Bangalore,IT,Kiran Das,LinkedIn,02-10-2025,7532.91,Lost,Phone,7
4199,CUST5199,John Wilson,Delhi,IT,Anjali Rao,Advertisement,17-12-2025,92056.99,Won,Meeting,10
4200,CUST5200,Ronald Johnson,Bangalore,Manufacturing,Rahul Verma,Advertisement,21-04-2026,46869.46,Open,Meeting,10
4201,CUST5201,Megan Page,Pune,Manufacturing,Anjali Rao,Advertisement,11-06-2026,72776.54,Open,Phone,8
4202,CUST5202,Margaret Jones,Delhi,Retail,Priya Sharma,Referral,30-05-2026,7220.39,Open,Meeting,9
4203,CUST5203,Victor Mitchell,Delhi,IT,Priya Sharma,Referral,19-07-2025,62595.57,Open,Email,1
4204,CUST5204,Joel Johnson,Hyderabad,Finance,Rahul Verma,Website,19-03-2026,5476.54,Open,Email,7
4205,CUST5205,Carlos Williams,Chennai,Manufacturing,Kiran Das,Referral,16-03-2026,57977.21,Open,Email,5
4206,CUST5206,Anthony Bailey,Pune,Finance,Rahul Verma,Website,25-03-2026,9564.93,Open,Email,9
4207,CUST5207,Yesenia Hester,Bangalore,Retail,Kiran Das,LinkedIn,14-12-2025,16058.88,Lost,Email,7
4208,CUST5208,Patty Kelly,Mumbai,Retail,Anjali Rao,Referral,23-04-2026,30445.8,Open,Meeting,6
4209,CUST5209,Michael Shields,Chennai,Retail,Kiran Das,Referral,12-02-2026,36920.6,Lost,Phone,9
4210,CUST5210,Alex Ferguson,Mumbai,Finance,Rahul Verma,Advertisement,07-04-2026,58788.29,Won,Phone,7
4211,CUST5211,David Reed,Hyderabad,Manufacturing,Priya Sharma,Website,22-04-2026,55414.25,Won,Meeting,8
4212,CUST5212,Kristina Hammond,Pune,IT,Priya Sharma,Event,05-11-2025,20430.62,Open,Meeting,5
4213,CUST5213,Melinda Peterson,Bangalore,Finance,Priya Sharma,Website,02-07-2025,36646.77,Won,Email,5
4214,CUST5214,Joseph Schneider,Delhi,Healthcare,Rahul Verma,Event,26-08-2025,34405.61,Lost,Email,10
4215,CUST5215,Joel Howell,Mumbai,Healthcare,Anjali Rao,Advertisement,09-05-2026,56568.46,Open,Email,2
4216,CUST5216,Nathan Valencia,Pune,IT,Rahul Verma,LinkedIn,08-01-2026,51761.58,Lost,Phone,8
4217,CUST5217,Thomas Wade,Delhi,Manufacturing,Priya Sharma,Advertisement,16-01-2026,95116.16,Open,Phone,5
4218,CUST5218,Natasha Ramirez,Chennai,Finance,Anjali Rao,LinkedIn,26-01-2026,24303.79,Won,Meeting,3
4219,CUST5219,Francisco Knight,Mumbai,IT,Priya Sharma,Referral,09-07-2025,26287.34,Open,Email,6
4220,CUST5220,Anthony Collins,Bangalore,Retail,Kiran Das,Website,21-03-2026,64421.1,Open,Meeting,9
4221,CUST5221,Sabrina Mercado,Mumbai,Finance,Anjali Rao,Event,22-08-2025,12413.23,Won,Email,6
4222,CUST5222,Helen Sanders,Pune,Manufacturing,Rahul Verma,Website,24-02-2026,49160.83,Lost,Phone,10
4223,CUST5223,Vanessa Williams,Pune,Healthcare,Anjali Rao,Referral,30-06-2025,88295.39,Won,Email,9
4224,CUST5224,Jennifer Mata,Hyderabad,Retail,Rahul Verma,Advertisement,09-07-2025,52559.77,Lost,Phone,2
4225,CUST5225,Danny Green,Pune,Retail,Kiran Das,Advertisement,18-01-2026,83148.92,Won,Phone,4
4226,CUST5226,Christopher Morgan,Hyderabad,Manufacturing,Anjali Rao,Advertisement,10-04-2026,38922.09,Open,Email,10
4227,CUST5227,Erin Garza,Hyderabad,Finance,Rahul Verma,Event,29-12-2025,42558.44,Open,Meeting,9
4228,CUST5228,Samantha White,Chennai,Finance,Rahul Verma,Event,24-10-2025,70125.7,Won,Meeting,9
4229,CUST5229,Robert Wall,Chennai,Manufacturing,Rahul Verma,Referral,18-03-2026,64821.16,Won,Phone,8
4230,CUST5230,Christina James,Hyderabad,IT,Anjali Rao,LinkedIn,25-06-2025,82315.75,Open,Phone,4
4231,CUST5231,Kurt Evans,Pune,Manufacturing,Priya Sharma,Website,29-01-2026,50273.17,Open,Email,7
4232,CUST5232,Dr. Dennis Brooks,Mumbai,IT,Rahul Verma,Event,08-05-2026,75880.08,Open,Phone,6
4233,CUST5233,Jamie Gonzales,Pune,Retail,Priya Sharma,Advertisement,19-11-2025,5865.89,Won,Email,1
4234,CUST5234,Sharon Benson,Chennai,Manufacturing,Anjali Rao,Advertisement,09-01-2026,42176.96,Lost,Email,9
4235,CUST5235,Carrie Frye,Bangalore,Manufacturing,Priya Sharma,LinkedIn,14-12-2025,28697.82,Won,Meeting,1
4236,CUST5236,Rachel Huerta,Hyderabad,Finance,Rahul Verma,Website,01-11-2025,10462.88,Open,Email,2
4237,CUST5237,Steven Smith,Delhi,Healthcare,Anjali Rao,Event,24-06-2026,56883.71,Won,Phone,5
4238,CUST5238,Susan Gordon,Mumbai,Finance,Priya Sharma,Advertisement,29-08-2025,23240.89,Lost,Phone,1
4239,CUST5239,Dr. Anthony King MD,Chennai,Retail,Rahul Verma,Referral,26-09-2025,48289.94,Lost,Phone,10
4240,CUST5240,Ricky Duncan,Mumbai,Finance,Rahul Verma,Referral,08-04-2026,81907.06,Open,Email,2
4241,CUST5241,Dawn Roach,Chennai,Retail,Rahul Verma,Event,10-09-2025,42921.38,Lost,Email,5
4242,CUST5242,Monica Wood,Bangalore,IT,Anjali Rao,Website,20-12-2025,18333.96,Won,Meeting,5
4243,CUST5243,Gerald Rodriguez,Hyderabad,IT,Rahul Verma,Website,15-12-2025,27825.89,Open,Email,1
4244,CUST5244,Karen Shields,Mumbai,IT,Priya Sharma,Referral,21-09-2025,81278.72,Lost,Email,2
4245,CUST5245,Crystal Mcdaniel,Hyderabad,Retail,Rahul Verma,Website,29-09-2025,44886.86,Open,Email,3
4246,CUST5246,Kristin Shaffer,Bangalore,Manufacturing,Rahul Verma,Event,09-07-2025,47456.48,Lost,Meeting,5
4247,CUST5247,Mary Ward,Pune,Finance,Anjali Rao,Website,30-06-2025,14700.34,Open,Meeting,5
4248,CUST5248,Donald Miller,Bangalore,Healthcare,Anjali Rao,Referral,16-06-2026,22737.12,Lost,Email,5
4249,CUST5249,Melissa Horton,Pune,Retail,Kiran Das,Website,31-07-2025,5849.44,Open,Email,5
4250,CUST5250,Kelly Franklin,Bangalore,Retail,Priya Sharma,Advertisement,17-07-2025,98898.23,Lost,Email,2
4251,CUST5251,Erin Lynn,Mumbai,Finance,Rahul Verma,Event,11-10-2025,90336.79,Lost,Email,7
4252,CUST5252,Natalie Harris,Hyderabad,Retail,Priya Sharma,Event,15-02-2026,47576.43,Won,Phone,2
4253,CUST5253,Jennifer Arnold,Delhi,Manufacturing,Kiran Das,Advertisement,01-03-2026,98677.09,Lost,Email,2
4254,CUST5254,Mary Carr,Delhi,Retail,Priya Sharma,Website,28-03-2026,66074.23,Open,Meeting,4
4255,CUST5255,Collin Stuart,Delhi,IT,Rahul Verma,LinkedIn,25-11-2025,31906.57,Won,Meeting,4
4256,CUST5256,Lauren Spencer,Bangalore,Healthcare,Rahul Verma,Referral,22-11-2025,50328.26,Open,Phone,3
4257,CUST5257,Kristin Beltran,Hyderabad,Manufacturing,Rahul Verma,Referral,14-07-2025,64282.8,Won,Email,5
4258,CUST5258,James James,Bangalore,Retail,Priya Sharma,LinkedIn,22-06-2026,70674.35,Lost,Email,2
4259,CUST5259,Shannon Jensen,Delhi,Retail,Anjali Rao,Website,02-11-2025,34481.86,Open,Phone,9
4260,CUST5260,Betty Jones,Chennai,IT,Kiran Das,Website,15-11-2025,7743.22,Won,Meeting,4
4261,CUST5261,Robin Le,Pune,Healthcare,Rahul Verma,Advertisement,14-11-2025,55674.99,Won,Email,8
4262,CUST5262,Lawrence Moore,Bangalore,IT,Priya Sharma,Referral,03-03-2026,72901.21,Open,Phone,5
4263,CUST5263,Karen Young,Chennai,IT,Priya Sharma,Event,20-06-2026,80798.2,Lost,Email,5
4264,CUST5264,Brandon Dyer,Delhi,Healthcare,Priya Sharma,Advertisement,04-03-2026,65802.12,Open,Email,9
4265,CUST5265,Jennifer Sosa,Bangalore,IT,Kiran Das,LinkedIn,01-04-2026,44920.39,Open,Phone,5
4266,CUST5266,Michael Roberts,Mumbai,Retail,Anjali Rao,Referral,05-09-2025,77845.41,Open,Meeting,6
4267,CUST5267,Bryan Cox,Chennai,IT,Rahul Verma,Advertisement,04-05-2026,40914.46,Won,Email,8
4268,CUST5268,Dale Daniels,Mumbai,Retail,Anjali Rao,LinkedIn,18-05-2026,67594.62,Lost,Email,10
4269,CUST5269,Matthew Moore,Hyderabad,Manufacturing,Rahul Verma,Website,28-12-2025,33102.66,Won,Phone,1
4270,CUST5270,Stephen Soto,Delhi,Finance,Kiran Das,Referral,05-09-2025,32340.75,Lost,Email,6
4271,CUST5271,Kimberly Gomez,Chennai,Finance,Kiran Das,Website,24-01-2026,70669.26,Open,Meeting,3
4272,CUST5272,Michael Mclaughlin,Delhi,Manufacturing,Rahul Verma,Event,12-10-2025,87859.44,Lost,Phone,8
4273,CUST5273,Tina Williams,Bangalore,IT,Rahul Verma,Website,10-02-2026,68136.26,Lost,Phone,2
4274,CUST5274,Meghan Dixon,Hyderabad,Healthcare,Anjali Rao,Event,11-01-2026,82037.49,Open,Meeting,1
4275,CUST5275,David Pugh,Pune,Retail,Anjali Rao,Event,09-07-2025,8298.21,Open,Phone,9
4276,CUST5276,Jimmy Olsen,Delhi,IT,Priya Sharma,Event,30-07-2025,70129.8,Lost,Email,9
4277,CUST5277,Eric Cline,Bangalore,Manufacturing,Priya Sharma,Website,15-11-2025,24834.98,Won,Phone,3
4278,CUST5278,Matthew Davis,Hyderabad,Retail,Priya Sharma,Website,08-09-2025,82725.38,Won,Email,8
4279,CUST5279,Sharon Butler,Delhi,IT,Rahul Verma,Advertisement,04-04-2026,94892.65,Won,Meeting,2
4280,CUST5280,Allen Rose,Mumbai,IT,Kiran Das,Advertisement,01-04-2026,88072.63,Lost,Phone,7
4281,CUST5281,Brian Johnson DDS,Chennai,IT,Rahul Verma,Referral,01-09-2025,38171.77,Won,Email,1
4282,CUST5282,Scott Thompson,Hyderabad,Healthcare,Rahul Verma,Advertisement,04-05-2026,77806.49,Won,Phone,1
4283,CUST5283,Richard Jordan,Hyderabad,Manufacturing,Kiran Das,Event,09-01-2026,69443.9,Open,Email,8
4284,CUST5284,Allison Chan,Pune,Finance,Priya Sharma,Website,02-05-2026,66276.18,Won,Phone,9
4285,CUST5285,Michael Lam,Mumbai,Manufacturing,Priya Sharma,Event,17-04-2026,16661.36,Lost,Meeting,3
4286,CUST5286,Tina Jackson,Bangalore,Retail,Anjali Rao,Advertisement,01-01-2026,96784.39,Open,Meeting,1
4287,CUST5287,Miss Meredith Donaldson MD,Mumbai,Healthcare,Rahul Verma,Event,11-07-2025,48232.1,Won,Email,7
4288,CUST5288,Adrian Smith,Hyderabad,Finance,Anjali Rao,Referral,16-11-2025,61316.52,Won,Phone,9
4289,CUST5289,Francisco Price,Chennai,Finance,Priya Sharma,Event,02-09-2025,91975.58,Won,Phone,8
4290,CUST5290,Bonnie Quinn,Pune,Finance,Priya Sharma,Advertisement,15-03-2026,60448.95,Lost,Email,5
4291,CUST5291,Hannah Miller,Delhi,IT,Priya Sharma,Advertisement,27-01-2026,43287.24,Lost,Meeting,10
4292,CUST5292,Jesse Brown,Hyderabad,Manufacturing,Priya Sharma,Referral,18-03-2026,17978.32,Lost,Phone,7
4293,CUST5293,Mark Hamilton,Delhi,Healthcare,Priya Sharma,LinkedIn,25-06-2025,5382.68,Open,Meeting,7
4294,CUST5294,Janice Johnson,Hyderabad,Healthcare,Anjali Rao,LinkedIn,25-08-2025,97369.56,Lost,Email,9
4295,CUST5295,Kathleen Hart,Hyderabad,IT,Anjali Rao,Website,17-02-2026,61390.88,Lost,Email,6
4296,CUST5296,Matthew Johnson,Delhi,Retail,Anjali Rao,Website,23-01-2026,88626.8,Open,Phone,4
4297,CUST5297,Richard Hunt,Pune,IT,Anjali Rao,Website,20-05-2026,34444.22,Lost,Phone,3
4298,CUST5298,Patrick Peters,Delhi,IT,Rahul Verma,Event,19-11-2025,73040.35,Won,Phone,10
4299,CUST5299,Peter Ramirez,Chennai,IT,Priya Sharma,LinkedIn,26-03-2026,76625.03,Won,Email,8
4300,CUST5300,Elizabeth Gross,Delhi,Manufacturing,Rahul Verma,Website,28-03-2026,19022.72,Won,Email,5
4301,CUST5301,Kathryn Oliver DDS,Chennai,Finance,Priya Sharma,Referral,03-10-2025,35412.28,Open,Meeting,4
4302,CUST5302,Mary Martinez,Hyderabad,Finance,Kiran Das,Advertisement,25-08-2025,47492.99,Open,Phone,7
4303,CUST5303,Holly Sweeney,Hyderabad,IT,Kiran Das,Advertisement,31-08-2025,64300.32,Lost,Email,2
4304,CUST5304,George Wolfe,Bangalore,IT,Rahul Verma,LinkedIn,29-06-2025,60331.45,Won,Phone,7
4305,CUST5305,Colleen Fischer,Delhi,IT,Rahul Verma,Website,11-09-2025,14741.55,Lost,Meeting,6
4306,CUST5306,Angela Vaughan,Hyderabad,Retail,Anjali Rao,LinkedIn,13-11-2025,33779.35,Won,Phone,8
4307,CUST5307,John Hall,Chennai,Healthcare,Rahul Verma,Event,15-10-2025,81321.73,Open,Meeting,4
4308,CUST5308,Makayla Phillips,Pune,Manufacturing,Priya Sharma,Website,15-01-2026,63224.86,Won,Email,1
4309,CUST5309,Nicholas Cohen,Bangalore,Healthcare,Rahul Verma,Website,24-12-2025,43472.47,Open,Email,9
4310,CUST5310,David Santana,Chennai,Healthcare,Kiran Das,Event,08-07-2025,65584.59,Open,Meeting,7
4311,CUST5311,Casey Jones,Delhi,Healthcare,Kiran Das,Event,21-08-2025,92967.73,Open,Email,1
4312,CUST5312,Elizabeth Gross,Mumbai,Finance,Anjali Rao,Event,21-03-2026,49068.7,Open,Email,4
4313,CUST5313,Aaron Harrison,Pune,IT,Kiran Das,LinkedIn,07-06-2026,75465.67,Lost,Meeting,1
4314,CUST5314,George Nichols,Bangalore,Healthcare,Priya Sharma,Website,14-04-2026,78750.63,Lost,Phone,2
4315,CUST5315,Victor Mayer,Delhi,Finance,Anjali Rao,LinkedIn,07-06-2026,74332.36,Open,Phone,6
4316,CUST5316,Sarah Padilla,Mumbai,Finance,Priya Sharma,Referral,11-03-2026,49748.56,Open,Phone,9
4317,CUST5317,Kimberly Harrington,Delhi,Manufacturing,Priya Sharma,Website,01-03-2026,68705.05,Won,Email,10
4318,CUST5318,Kari Wall,Mumbai,Healthcare,Anjali Rao,LinkedIn,24-12-2025,30424.27,Open,Phone,5
4319,CUST5319,Michelle Smith,Hyderabad,Healthcare,Rahul Verma,Referral,12-05-2026,12520.91,Won,Phone,2
4320,CUST5320,Stephanie Stewart,Mumbai,IT,Rahul Verma,Website,17-02-2026,80933.93,Lost,Phone,6
4321,CUST5321,Victoria Turner,Mumbai,IT,Priya Sharma,LinkedIn,15-04-2026,45641.35,Open,Email,1
4322,CUST5322,Isaac Payne,Pune,Healthcare,Kiran Das,LinkedIn,25-03-2026,79414.54,Won,Meeting,9
4323,CUST5323,Joy Jones,Mumbai,Healthcare,Kiran Das,Referral,07-08-2025,13672.17,Open,Meeting,8
4324,CUST5324,Kathleen Williams,Delhi,IT,Anjali Rao,Event,16-12-2025,81538.23,Open,Meeting,7
4325,CUST5325,Michael Horton,Delhi,Healthcare,Priya Sharma,Referral,16-10-2025,18578.3,Won,Phone,3
4326,CUST5326,Joseph Chase Jr.,Pune,Manufacturing,Anjali Rao,Event,16-01-2026,83985.43,Lost,Phone,5
4327,CUST5327,Jesus Noble,Delhi,Manufacturing,Kiran Das,Event,25-08-2025,25764.06,Lost,Phone,10
4328,CUST5328,Miss Laura Kirk DDS,Bangalore,Manufacturing,Kiran Das,Advertisement,28-11-2025,63175.04,Open,Meeting,6
4329,CUST5329,Barbara Lynch,Mumbai,Retail,Rahul Verma,Referral,07-07-2025,19870.82,Won,Meeting,9
4330,CUST5330,Melissa Day,Bangalore,Retail,Priya Sharma,Advertisement,19-12-2025,26008.94,Open,Meeting,2
4331,CUST5331,Lindsey Reyes,Pune,IT,Rahul Verma,Referral,14-01-2026,81464.33,Won,Email,4
4332,CUST5332,Dr. Wendy Taylor DDS,Pune,Finance,Kiran Das,Event,15-11-2025,39353.4,Lost,Meeting,10
4333,CUST5333,Michelle Jones,Pune,Finance,Anjali Rao,Website,29-12-2025,41016.88,Won,Phone,2
4334,CUST5334,Sergio Lloyd,Delhi,IT,Anjali Rao,Advertisement,22-01-2026,27574.84,Open,Meeting,1
4335,CUST5335,Javier Coleman,Chennai,Manufacturing,Rahul Verma,Referral,19-01-2026,15542.71,Won,Email,10
4336,CUST5336,Rachel Kelly,Pune,Healthcare,Priya Sharma,Website,20-06-2026,30559.37,Lost,Email,3
4337,CUST5337,Justin Smith,Mumbai,IT,Priya Sharma,LinkedIn,21-06-2026,16366.12,Won,Phone,3
4338,CUST5338,Sean Erickson,Mumbai,IT,Kiran Das,Referral,22-04-2026,40259.19,Won,Phone,3
4339,CUST5339,Richard Williams,Delhi,Finance,Priya Sharma,Event,30-04-2026,57004.46,Won,Email,8
4340,CUST5340,Justin Gutierrez,Delhi,Manufacturing,Rahul Verma,Event,11-02-2026,37480.77,Won,Meeting,3
4341,CUST5341,Victoria Maynard,Delhi,Manufacturing,Priya Sharma,LinkedIn,21-02-2026,27091.34,Won,Phone,3
4342,CUST5342,Karen Reed,Chennai,Finance,Priya Sharma,Referral,14-07-2025,96199.93,Won,Meeting,3
4343,CUST5343,Nicholas Lynch,Chennai,Retail,Rahul Verma,Referral,18-05-2026,68305.25,Won,Email,5
4344,CUST5344,Robert Allison,Delhi,IT,Kiran Das,Referral,29-12-2025,79766.35,Lost,Phone,10
4345,CUST5345,Tommy Jackson,Delhi,Retail,Priya Sharma,Advertisement,26-07-2025,72209.85,Open,Meeting,10
4346,CUST5346,Lisa Reyes,Mumbai,IT,Kiran Das,LinkedIn,15-01-2026,89559.14,Open,Meeting,9
4347,CUST5347,Joshua Peck,Pune,Healthcare,Priya Sharma,Website,24-09-2025,72041.96,Won,Phone,4
4348,CUST5348,David Bailey,Hyderabad,Healthcare,Kiran Das,Referral,23-08-2025,76812.87,Open,Email,3
4349,CUST5349,Angela Chen,Hyderabad,Finance,Anjali Rao,Advertisement,21-03-2026,47180.57,Lost,Phone,10
4350,CUST5350,Sarah Smith,Chennai,Manufacturing,Priya Sharma,Referral,05-12-2025,19981.39,Open,Email,3
4351,CUST5351,William Edwards,Bangalore,Healthcare,Kiran Das,Referral,01-10-2025,58305.47,Won,Email,10
4352,CUST5352,Amy Watts,Mumbai,Manufacturing,Priya Sharma,LinkedIn,02-07-2025,69178.46,Won,Email,4
4353,CUST5353,Scott Burke,Pune,Retail,Priya Sharma,LinkedIn,29-11-2025,25464.28,Open,Meeting,2
4354,CUST5354,Jennifer Archer,Chennai,Manufacturing,Priya Sharma,Website,16-04-2026,50511.94,Lost,Phone,6
4355,CUST5355,Cindy Powell,Mumbai,Finance,Priya Sharma,Website,02-03-2026,68890.58,Lost,Meeting,10
4356,CUST5356,Joe Davis,Pune,Healthcare,Anjali Rao,LinkedIn,12-04-2026,63825.13,Lost,Phone,2
4357,CUST5357,John Barnes,Pune,IT,Anjali Rao,LinkedIn,04-08-2025,57377.28,Lost,Meeting,3
4358,CUST5358,Kristina Mcintyre,Hyderabad,Healthcare,Rahul Verma,Website,29-06-2025,55732.16,Lost,Meeting,6
4359,CUST5359,Ralph Evans,Delhi,Manufacturing,Anjali Rao,Event,09-05-2026,40962.39,Lost,Email,7
4360,CUST5360,Logan Thomas,Pune,Healthcare,Priya Sharma,Event,24-08-2025,89748.99,Lost,Email,8
4361,CUST5361,Christopher Lee,Pune,Manufacturing,Rahul Verma,Advertisement,28-01-2026,69640.93,Lost,Phone,1
4362,CUST5362,Allison Vazquez,Chennai,Retail,Kiran Das,Advertisement,17-11-2025,42148.08,Won,Email,9
4363,CUST5363,Dana Dudley,Chennai,Manufacturing,Priya Sharma,Referral,29-08-2025,58363.67,Won,Email,3
4364,CUST5364,Michael Rodriguez,Mumbai,Healthcare,Priya Sharma,Event,31-03-2026,26075.79,Won,Phone,5
4365,CUST5365,Stacy Klein,Chennai,Healthcare,Anjali Rao,Advertisement,04-03-2026,33976.54,Open,Phone,3
4366,CUST5366,Theresa Smith,Hyderabad,Retail,Kiran Das,Advertisement,26-02-2026,26185.38,Won,Email,8
4367,CUST5367,Eric Horn,Delhi,IT,Kiran Das,Event,23-04-2026,56642.19,Won,Email,10
4368,CUST5368,John Snyder,Hyderabad,IT,Anjali Rao,Referral,21-06-2026,9767.45,Lost,Phone,10
4369,CUST5369,Michael Lam,Hyderabad,Retail,Priya Sharma,Referral,09-05-2026,59211.85,Lost,Phone,8
4370,CUST5370,Ryan Jimenez,Hyderabad,Manufacturing,Rahul Verma,Event,24-11-2025,13900.62,Won,Phone,4
4371,CUST5371,Olivia Alvarez,Bangalore,Retail,Rahul Verma,Referral,22-10-2025,41602.54,Won,Email,8
4372,CUST5372,Chase Roman,Delhi,Healthcare,Kiran Das,Referral,29-03-2026,10634.2,Won,Email,2
4373,CUST5373,Hannah Harris,Chennai,Manufacturing,Anjali Rao,LinkedIn,28-12-2025,29287.15,Won,Phone,1
4374,CUST5374,Kimberly Boyle,Bangalore,Manufacturing,Rahul Verma,Advertisement,08-02-2026,71758.6,Won,Email,5
4375,CUST5375,Amanda Moore,Chennai,Healthcare,Priya Sharma,Event,14-02-2026,89973.28,Won,Meeting,6
4376,CUST5376,Carly Gomez,Bangalore,Finance,Priya Sharma,LinkedIn,15-01-2026,79507.03,Open,Email,6
4377,CUST5377,Brian Carpenter,Chennai,Finance,Priya Sharma,Advertisement,05-12-2025,59757.74,Lost,Meeting,3
4378,CUST5378,Jennifer Solomon,Chennai,IT,Anjali Rao,Event,11-03-2026,87564.53,Open,Email,3
4379,CUST5379,Joseph White,Mumbai,Manufacturing,Priya Sharma,Referral,29-05-2026,87973.47,Open,Meeting,10
4380,CUST5380,Kevin Willis,Hyderabad,Finance,Rahul Verma,Referral,07-12-2025,31043.15,Won,Phone,7
4381,CUST5381,William Hughes Jr.,Pune,Healthcare,Rahul Verma,Advertisement,08-03-2026,54745.16,Won,Phone,1
4382,CUST5382,Tony Stone,Chennai,Finance,Kiran Das,Website,01-02-2026,61598.23,Open,Email,3
4383,CUST5383,Barbara Mccoy,Pune,Retail,Kiran Das,LinkedIn,20-08-2025,9467.14,Lost,Phone,6
4384,CUST5384,Amber Pacheco,Mumbai,Healthcare,Kiran Das,Advertisement,27-09-2025,69158.49,Won,Meeting,8
4385,CUST5385,Susan Stokes,Pune,Healthcare,Priya Sharma,Event,24-11-2025,11963.65,Open,Phone,7
4386,CUST5386,Brian Mcdonald,Bangalore,IT,Priya Sharma,Advertisement,26-03-2026,61880.38,Won,Meeting,3
4387,CUST5387,Jason Compton,Mumbai,Healthcare,Anjali Rao,Event,27-04-2026,44358.94,Lost,Meeting,10
4388,CUST5388,Mrs. Heather Lawrence,Delhi,IT,Rahul Verma,Event,20-12-2025,14270.3,Lost,Meeting,7
4389,CUST5389,Robert Owen,Hyderabad,Finance,Priya Sharma,Referral,13-01-2026,42456.74,Won,Meeting,7
4390,CUST5390,Laura Williams,Delhi,Manufacturing,Anjali Rao,Advertisement,27-07-2025,7775.36,Open,Phone,5
4391,CUST5391,Kimberly Craig,Hyderabad,Healthcare,Kiran Das,Event,30-01-2026,63717.43,Won,Phone,5
4392,CUST5392,Sarah Warren,Delhi,Finance,Priya Sharma,Event,14-05-2026,61106.22,Open,Email,7
4393,CUST5393,Anthony Hayes,Hyderabad,Manufacturing,Priya Sharma,Advertisement,02-01-2026,48146.76,Lost,Phone,7
4394,CUST5394,Steven Lee,Chennai,Manufacturing,Rahul Verma,LinkedIn,18-05-2026,42551.6,Lost,Meeting,6
4395,CUST5395,Ryan Bennett,Hyderabad,Healthcare,Kiran Das,LinkedIn,27-01-2026,20357.98,Open,Phone,4
4396,CUST5396,Anna Moore,Hyderabad,Healthcare,Priya Sharma,Event,22-11-2025,81459.84,Open,Email,8
4397,CUST5397,Francisco Baxter,Chennai,Finance,Rahul Verma,Website,30-12-2025,68507.21,Won,Email,9
4398,CUST5398,Levi Adams,Bangalore,Finance,Kiran Das,Referral,24-11-2025,74808.43,Open,Phone,9
4399,CUST5399,Ronald Perry PhD,Pune,IT,Rahul Verma,Advertisement,26-05-2026,56500.04,Won,Meeting,7
4400,CUST5400,Kimberly Patel,Hyderabad,Finance,Kiran Das,Referral,14-07-2025,91399.4,Lost,Meeting,2
4401,CUST5401,Cameron Gill,Bangalore,Finance,Anjali Rao,Website,06-04-2026,14034.25,Won,Email,2
4402,CUST5402,Dwayne Ortega,Bangalore,Retail,Kiran Das,Advertisement,03-10-2025,8882.45,Open,Phone,1
4403,CUST5403,David Anderson,Bangalore,Retail,Priya Sharma,Event,06-10-2025,6606.31,Won,Phone,3
4404,CUST5404,Charlene Moreno,Bangalore,IT,Kiran Das,Website,15-10-2025,76864.39,Lost,Meeting,8
4405,CUST5405,Matthew Scott,Pune,Finance,Kiran Das,Referral,25-12-2025,56214.05,Lost,Meeting,2
4406,CUST5406,Michele Bautista,Pune,Manufacturing,Rahul Verma,Advertisement,04-07-2025,49936.86,Won,Phone,1
4407,CUST5407,Donna Dickerson,Delhi,Manufacturing,Priya Sharma,Website,20-04-2026,98729.04,Open,Meeting,3
4408,CUST5408,Stephanie Hernandez,Hyderabad,Healthcare,Anjali Rao,Referral,28-07-2025,34949.08,Lost,Meeting,6
4409,CUST5409,Timothy Munoz,Delhi,Retail,Priya Sharma,Referral,03-09-2025,7619.38,Won,Phone,7
4410,CUST5410,Alexandra Colon,Mumbai,IT,Priya Sharma,Advertisement,03-08-2025,37918.17,Lost,Email,4
4411,CUST5411,Andrew Campbell,Mumbai,Healthcare,Anjali Rao,Advertisement,04-07-2025,66355.38,Open,Email,6
4412,CUST5412,Derek Sanders,Mumbai,Finance,Anjali Rao,Event,24-08-2025,43224.57,Open,Email,4
4413,CUST5413,Melinda Lawson,Chennai,Finance,Anjali Rao,Event,13-02-2026,7585.24,Won,Email,3
4414,CUST5414,Kevin Jones,Delhi,Manufacturing,Priya Sharma,LinkedIn,12-11-2025,64122.13,Lost,Phone,3
4415,CUST5415,Jonathan Coleman,Delhi,IT,Rahul Verma,Advertisement,02-10-2025,70836.28,Open,Email,1
4416,CUST5416,Alicia Mcdaniel,Delhi,Manufacturing,Kiran Das,Event,08-09-2025,62585.95,Won,Email,3
4417,CUST5417,Kendra Dillon,Hyderabad,Healthcare,Priya Sharma,Event,04-03-2026,59808.28,Lost,Email,5
4418,CUST5418,Lynn Hale,Hyderabad,Healthcare,Rahul Verma,LinkedIn,31-03-2026,24907.46,Open,Phone,2
4419,CUST5419,George Willis,Bangalore,IT,Rahul Verma,Website,17-06-2026,99859.64,Open,Phone,3
4420,CUST5420,Andrew Velazquez,Chennai,Finance,Priya Sharma,LinkedIn,01-02-2026,46986.5,Won,Meeting,8
4421,CUST5421,William Fowler,Hyderabad,IT,Priya Sharma,Event,17-09-2025,7641.94,Open,Email,1
4422,CUST5422,Virginia Moore,Bangalore,Retail,Priya Sharma,Referral,23-01-2026,51140.39,Won,Phone,7
4423,CUST5423,Melvin Hunt,Chennai,IT,Anjali Rao,Referral,14-11-2025,25431.83,Won,Meeting,4
4424,CUST5424,Mrs. Alexis Graham,Chennai,IT,Rahul Verma,Website,27-10-2025,30603.3,Lost,Email,10
4425,CUST5425,Andrea Thompson,Delhi,Retail,Priya Sharma,Website,09-06-2026,22303.79,Lost,Meeting,5
4426,CUST5426,Hannah Herrera,Delhi,Finance,Priya Sharma,Referral,20-06-2026,66685.58,Open,Meeting,4
4427,CUST5427,Emily Miller DDS,Hyderabad,IT,Rahul Verma,Event,02-05-2026,98004.13,Open,Email,10
4428,CUST5428,Kathy Hays,Hyderabad,Finance,Rahul Verma,Event,12-09-2025,28721.18,Lost,Email,7
4429,CUST5429,Antonio Martinez,Bangalore,IT,Kiran Das,Advertisement,17-05-2026,29876.97,Won,Email,9
4430,CUST5430,Courtney Woods,Hyderabad,IT,Priya Sharma,Event,22-04-2026,20248.46,Lost,Meeting,4
4431,CUST5431,Briana Ryan,Delhi,Finance,Rahul Verma,Event,19-12-2025,43474.41,Lost,Phone,8
4432,CUST5432,Natalie Bryant,Delhi,Retail,Priya Sharma,LinkedIn,31-10-2025,38761.42,Won,Phone,7
4433,CUST5433,Heather Kim,Chennai,Manufacturing,Anjali Rao,Referral,10-10-2025,11428.39,Open,Email,8
4434,CUST5434,Andrew Baker,Hyderabad,IT,Priya Sharma,Event,07-10-2025,51046.87,Won,Email,10
4435,CUST5435,Brenda Blankenship,Delhi,Healthcare,Priya Sharma,Website,25-03-2026,15661.13,Open,Email,4
4436,CUST5436,Brooke Goodman,Hyderabad,Retail,Anjali Rao,Advertisement,11-12-2025,53576.86,Open,Meeting,10
4437,CUST5437,Mark Brandt,Delhi,Retail,Kiran Das,Website,19-12-2025,97665.85,Open,Email,8
4438,CUST5438,Tiffany Sandoval,Mumbai,Manufacturing,Rahul Verma,Referral,25-03-2026,33715.04,Lost,Phone,10
4439,CUST5439,Brenda Torres,Chennai,Manufacturing,Priya Sharma,Event,25-08-2025,97191.83,Lost,Phone,2
4440,CUST5440,Miranda Nichols,Hyderabad,IT,Priya Sharma,Referral,28-04-2026,11052.12,Open,Email,1
4441,CUST5441,Timothy Thomas,Delhi,Manufacturing,Kiran Das,Website,18-05-2026,93005.54,Open,Email,7
4442,CUST5442,Derek Jones,Hyderabad,Finance,Priya Sharma,Website,20-01-2026,48979.61,Lost,Email,9
4443,CUST5443,Jeffrey Hall,Pune,Manufacturing,Priya Sharma,Advertisement,16-04-2026,7343.41,Lost,Phone,7
4444,CUST5444,Nicole Santos,Delhi,Retail,Priya Sharma,Advertisement,18-11-2025,71850.21,Won,Email,7
4445,CUST5445,Henry Morales,Pune,Retail,Anjali Rao,Event,08-04-2026,93769.9,Lost,Phone,5
4446,CUST5446,Zachary Porter,Chennai,Healthcare,Kiran Das,Website,07-04-2026,67952.41,Open,Phone,2
4447,CUST5447,Adam Knox,Bangalore,Finance,Priya Sharma,Advertisement,27-02-2026,72749.31,Won,Phone,6
4448,CUST5448,Mike Crawford,Delhi,Healthcare,Anjali Rao,Event,23-06-2026,59836.84,Open,Phone,3
4449,CUST5449,Natasha Jackson,Chennai,Retail,Priya Sharma,Referral,04-01-2026,67403.26,Open,Phone,6
4450,CUST5450,Christina Le,Chennai,IT,Priya Sharma,LinkedIn,12-05-2026,32913.82,Won,Phone,2
4451,CUST5451,Madison Turner,Chennai,Manufacturing,Priya Sharma,Event,08-02-2026,27700.92,Won,Meeting,1
4452,CUST5452,James Reese,Mumbai,Finance,Rahul Verma,Advertisement,24-04-2026,85689.45,Won,Meeting,8
4453,CUST5453,Michael Johnson,Delhi,Finance,Anjali Rao,Website,30-05-2026,56307.29,Lost,Email,1
4454,CUST5454,Anthony Flores MD,Mumbai,IT,Priya Sharma,Referral,02-04-2026,65033.98,Won,Meeting,2
4455,CUST5455,David Ochoa,Pune,Retail,Anjali Rao,LinkedIn,15-06-2026,80967.9,Open,Meeting,9
4456,CUST5456,Eric Smith,Pune,Healthcare,Kiran Das,LinkedIn,06-07-2025,90496.12,Lost,Email,3
4457,CUST5457,John Johnson,Hyderabad,Healthcare,Rahul Verma,Website,09-06-2026,10380.18,Won,Meeting,4
4458,CUST5458,Amanda Martinez,Delhi,Retail,Kiran Das,LinkedIn,14-08-2025,87993.08,Open,Phone,2
4459,CUST5459,Stephen Gardner,Hyderabad,Retail,Kiran Das,LinkedIn,16-12-2025,82870.4,Won,Email,3
4460,CUST5460,Michael Stewart,Chennai,Manufacturing,Priya Sharma,Referral,05-04-2026,63816.75,Won,Phone,3
4461,CUST5461,Jane Velasquez,Delhi,Manufacturing,Anjali Rao,Advertisement,06-06-2026,40838.33,Open,Email,5
4462,CUST5462,Gordon Cortez,Delhi,Healthcare,Anjali Rao,Event,28-03-2026,57914.85,Open,Meeting,4
4463,CUST5463,Megan Wagner,Delhi,Manufacturing,Priya Sharma,Event,08-10-2025,8176.2,Won,Email,2
4464,CUST5464,Alexis Martin,Pune,IT,Rahul Verma,Advertisement,19-08-2025,52004.64,Open,Email,9
4465,CUST5465,Leslie Holland,Hyderabad,Retail,Rahul Verma,LinkedIn,20-01-2026,98761.05,Won,Meeting,9
4466,CUST5466,Alexander Romero,Chennai,IT,Kiran Das,Website,03-09-2025,18156.8,Lost,Phone,1
4467,CUST5467,Jessica Barnes,Delhi,IT,Priya Sharma,Referral,10-06-2026,91106.13,Lost,Email,7
4468,CUST5468,Ryan Caldwell,Pune,Retail,Rahul Verma,Referral,18-03-2026,98148.95,Open,Email,7
4469,CUST5469,James Martinez,Mumbai,IT,Anjali Rao,Advertisement,17-05-2026,19717.45,Lost,Phone,5
4470,CUST5470,Kyle Miller,Pune,Retail,Rahul Verma,LinkedIn,05-04-2026,43266.84,Open,Phone,6
4471,CUST5471,Stephen Adkins,Bangalore,Healthcare,Kiran Das,Advertisement,27-06-2025,13269.88,Lost,Meeting,8
4472,CUST5472,Kathleen Harris,Delhi,Retail,Kiran Das,LinkedIn,23-09-2025,69462.38,Won,Meeting,9
4473,CUST5473,Donald Taylor,Chennai,Manufacturing,Kiran Das,Referral,30-12-2025,45759.64,Lost,Email,6
4474,CUST5474,Melissa Wilson,Mumbai,Finance,Kiran Das,Referral,15-04-2026,47102.11,Lost,Email,3
4475,CUST5475,Elizabeth Scott,Pune,Healthcare,Rahul Verma,Event,06-09-2025,18041.68,Open,Meeting,3
4476,CUST5476,Sandra Watts,Bangalore,Retail,Kiran Das,LinkedIn,23-12-2025,79697.14,Lost,Email,1
4477,CUST5477,Deborah Bowman,Chennai,Manufacturing,Rahul Verma,Referral,23-06-2026,52252.36,Won,Phone,3
4478,CUST5478,Andrew Gordon,Bangalore,Manufacturing,Kiran Das,Advertisement,09-03-2026,29528.7,Open,Email,1
4479,CUST5479,Heather Phillips,Mumbai,Healthcare,Anjali Rao,Advertisement,14-09-2025,26813.12,Won,Phone,1
4480,CUST5480,Evan Lopez,Mumbai,Retail,Kiran Das,Referral,10-09-2025,6155.82,Open,Meeting,10
4481,CUST5481,Sharon Meyer,Delhi,Healthcare,Kiran Das,Advertisement,18-03-2026,69932.74,Won,Email,10
4482,CUST5482,Kyle Pacheco,Hyderabad,Retail,Anjali Rao,LinkedIn,08-10-2025,98207.28,Lost,Email,2
4483,CUST5483,Mrs. Jennifer Reynolds,Hyderabad,IT,Anjali Rao,Advertisement,05-11-2025,82157.31,Open,Email,7
4484,CUST5484,Matthew Mitchell,Mumbai,Healthcare,Rahul Verma,Event,23-10-2025,96124.42,Open,Meeting,9
4485,CUST5485,Debra Clark,Delhi,Retail,Rahul Verma,LinkedIn,15-07-2025,21949.18,Lost,Phone,3
4486,CUST5486,Daniel Turner,Mumbai,IT,Rahul Verma,LinkedIn,02-09-2025,75664.76,Lost,Phone,10
4487,CUST5487,Jennifer Edwards,Mumbai,Finance,Kiran Das,LinkedIn,26-10-2025,47920.4,Lost,Phone,6
4488,CUST5488,Kelly Rivera,Bangalore,IT,Priya Sharma,Website,03-06-2026,96178.75,Open,Meeting,6
4489,CUST5489,Steven Galloway,Pune,IT,Anjali Rao,Website,20-10-2025,16573.16,Lost,Email,9
4490,CUST5490,Paul Johnson,Chennai,Finance,Rahul Verma,Advertisement,09-12-2025,42441.97,Won,Meeting,8
4491,CUST5491,Cathy Callahan,Mumbai,Retail,Priya Sharma,Advertisement,28-03-2026,47308.07,Open,Meeting,2
4492,CUST5492,Monica Martinez,Chennai,Healthcare,Anjali Rao,LinkedIn,06-12-2025,80767.46,Won,Email,8
4493,CUST5493,Brandon Chavez,Bangalore,IT,Priya Sharma,Advertisement,09-05-2026,54839.06,Won,Phone,3
4494,CUST5494,Larry Reynolds,Mumbai,Healthcare,Rahul Verma,Website,24-04-2026,76122.05,Won,Phone,6
4495,CUST5495,Joy Morales,Bangalore,Retail,Kiran Das,Event,12-06-2026,82870.21,Won,Meeting,8
4496,CUST5496,Michael Fowler,Delhi,Finance,Priya Sharma,LinkedIn,26-12-2025,64282.35,Open,Email,8
4497,CUST5497,John Anderson,Delhi,Healthcare,Anjali Rao,Referral,25-11-2025,79777.07,Lost,Phone,2
4498,CUST5498,Kelli Williams,Pune,Healthcare,Rahul Verma,Advertisement,23-03-2026,65845.26,Open,Meeting,5
4499,CUST5499,Toni Peterson,Bangalore,Finance,Kiran Das,Referral,21-04-2026,54692.29,Open,Phone,4
4500,CUST5500,Jordan Lopez,Bangalore,Manufacturing,Kiran Das,Referral,28-02-2026,33272.94,Won,Phone,6
4501,CUST5501,Terri Martin,Hyderabad,Healthcare,Priya Sharma,Website,03-07-2025,42573.81,Lost,Email,3
4502,CUST5502,Susan Barrett,Chennai,IT,Rahul Verma,Advertisement,05-08-2025,18857.54,Open,Email,10
4503,CUST5503,Carmen Brown,Hyderabad,Healthcare,Anjali Rao,Website,12-08-2025,44121.08,Won,Meeting,4
4504,CUST5504,Travis Hall,Bangalore,Manufacturing,Priya Sharma,Website,23-12-2025,24848.35,Lost,Email,9
4505,CUST5505,Wyatt Jefferson,Hyderabad,IT,Rahul Verma,Event,11-08-2025,5887.63,Open,Meeting,2
4506,CUST5506,Patricia Vazquez,Delhi,Retail,Priya Sharma,Referral,02-02-2026,17299.81,Won,Email,2
4507,CUST5507,Keith Harris,Pune,Retail,Priya Sharma,Event,20-06-2026,92986.16,Won,Phone,10
4508,CUST5508,John Clay,Delhi,IT,Kiran Das,Advertisement,30-01-2026,12131.11,Lost,Meeting,4
4509,CUST5509,Sandra Hernandez,Pune,Retail,Kiran Das,Referral,28-03-2026,7809.55,Lost,Meeting,7
4510,CUST5510,Mr. Austin Smith,Hyderabad,Retail,Priya Sharma,Referral,08-08-2025,83701.45,Won,Email,7
4511,CUST5511,Carlos Brown,Pune,Manufacturing,Rahul Verma,Referral,11-03-2026,53424.94,Open,Email,8
4512,CUST5512,Savannah Fisher,Hyderabad,Finance,Anjali Rao,Advertisement,25-08-2025,42378.85,Won,Phone,9
4513,CUST5513,Rachel Reilly,Bangalore,IT,Rahul Verma,Referral,03-01-2026,6542.9,Open,Email,7
4514,CUST5514,Christopher Graham,Mumbai,Retail,Priya Sharma,LinkedIn,30-09-2025,43707.29,Open,Phone,10
4515,CUST5515,Joanna Cruz,Chennai,Manufacturing,Anjali Rao,LinkedIn,14-03-2026,45394.18,Open,Email,10
4516,CUST5516,Christine Hess,Pune,IT,Anjali Rao,Advertisement,07-08-2025,12191.18,Open,Meeting,7
4517,CUST5517,Denise Drake MD,Hyderabad,IT,Rahul Verma,Event,22-06-2026,37877.73,Lost,Meeting,9
4518,CUST5518,Meghan Carter,Delhi,IT,Rahul Verma,Website,24-07-2025,79335.07,Open,Meeting,5
4519,CUST5519,Michael Gonzales,Hyderabad,Finance,Rahul Verma,Event,18-03-2026,37473.74,Won,Phone,8
4520,CUST5520,Sara Garcia,Bangalore,Retail,Anjali Rao,LinkedIn,11-06-2026,21079.4,Lost,Email,7
4521,CUST5521,Denise Bradley,Delhi,Finance,Anjali Rao,Website,30-03-2026,48735.98,Lost,Phone,10
4522,CUST5522,Linda Greene,Hyderabad,Retail,Anjali Rao,Referral,11-08-2025,6104.8,Lost,Meeting,6
4523,CUST5523,Zachary Gutierrez,Delhi,Manufacturing,Priya Sharma,Event,22-09-2025,67349.41,Won,Email,8
4524,CUST5524,Steven Estes,Mumbai,Retail,Kiran Das,Event,13-04-2026,48245.9,Open,Phone,1
4525,CUST5525,Michaela Banks,Mumbai,Healthcare,Kiran Das,Event,01-10-2025,25409.26,Open,Meeting,2
4526,CUST5526,Jose Russell,Mumbai,Finance,Kiran Das,Referral,18-02-2026,77755.5,Won,Email,5
4527,CUST5527,Angela Morgan,Mumbai,Manufacturing,Rahul Verma,Referral,26-07-2025,5408.13,Won,Meeting,8
4528,CUST5528,Noah Ruiz,Delhi,Healthcare,Rahul Verma,Referral,10-12-2025,20406.73,Open,Phone,8
4529,CUST5529,Juan Hernandez,Bangalore,Manufacturing,Kiran Das,LinkedIn,16-08-2025,95282.91,Lost,Meeting,4
4530,CUST5530,Ashley Hebert,Hyderabad,Healthcare,Kiran Das,Advertisement,29-07-2025,28558.81,Lost,Phone,6
4531,CUST5531,Janet Spencer,Hyderabad,IT,Rahul Verma,LinkedIn,31-12-2025,15378.96,Won,Meeting,7
4532,CUST5532,Brendan Livingston,Mumbai,Healthcare,Priya Sharma,Event,22-01-2026,29367.38,Won,Phone,10
4533,CUST5533,Angela Zimmerman PhD,Delhi,IT,Kiran Das,Website,13-07-2025,50066.93,Lost,Meeting,9
4534,CUST5534,Kristin Cook,Mumbai,Healthcare,Priya Sharma,Event,30-03-2026,42386.6,Won,Meeting,2
4535,CUST5535,Joanna Gonzales,Chennai,Finance,Rahul Verma,Event,12-10-2025,90857.98,Open,Phone,5
4536,CUST5536,Kara Singh,Bangalore,IT,Priya Sharma,Website,07-08-2025,72753.94,Open,Email,8
4537,CUST5537,Elizabeth Hale,Chennai,Manufacturing,Rahul Verma,Event,06-12-2025,24241.55,Lost,Meeting,10
4538,CUST5538,Robin Good,Mumbai,IT,Kiran Das,LinkedIn,21-10-2025,49015.19,Lost,Meeting,4
4539,CUST5539,Shirley Middleton,Mumbai,Finance,Anjali Rao,LinkedIn,12-06-2026,23909.07,Won,Email,10
4540,CUST5540,Sonya Mckee,Chennai,Retail,Kiran Das,Advertisement,24-04-2026,42188.24,Lost,Email,6
4541,CUST5541,Jesus Moran,Chennai,Finance,Priya Sharma,Event,22-01-2026,76987.71,Lost,Meeting,3
4542,CUST5542,Maria Rios,Mumbai,Finance,Priya Sharma,Advertisement,31-01-2026,35739.9,Lost,Phone,8
4543,CUST5543,Amanda Keith,Hyderabad,IT,Priya Sharma,Advertisement,16-09-2025,68019.43,Won,Email,5
4544,CUST5544,Mary Williams,Hyderabad,Finance,Priya Sharma,Website,18-01-2026,76913.89,Open,Email,5
4545,CUST5545,Richard Mcgrath,Bangalore,Finance,Kiran Das,Event,29-08-2025,48453.16,Lost,Phone,2
4546,CUST5546,Jonathan Greene DVM,Chennai,Finance,Priya Sharma,Advertisement,09-11-2025,55332.65,Won,Phone,8
4547,CUST5547,Phillip Bryant,Delhi,Retail,Rahul Verma,LinkedIn,24-08-2025,88074.06,Lost,Email,1
4548,CUST5548,Gabrielle Zavala,Pune,IT,Priya Sharma,LinkedIn,14-09-2025,74467.06,Won,Meeting,7
4549,CUST5549,Juan Wilson,Bangalore,IT,Rahul Verma,Event,13-06-2026,63396,Won,Phone,5
4550,CUST5550,Kevin Price,Hyderabad,IT,Rahul Verma,Website,28-11-2025,98865.13,Won,Meeting,9
4551,CUST5551,Leah White,Bangalore,IT,Priya Sharma,Referral,25-04-2026,85587.05,Lost,Meeting,9
4552,CUST5552,Lucas Joseph,Bangalore,IT,Priya Sharma,LinkedIn,21-01-2026,15203.19,Lost,Phone,7
4553,CUST5553,Oscar Morton,Delhi,Manufacturing,Rahul Verma,Advertisement,08-06-2026,91379.06,Open,Phone,8
4554,CUST5554,Brenda Glover,Chennai,Healthcare,Anjali Rao,Website,25-03-2026,77997.22,Open,Phone,5
4555,CUST5555,Debra Doyle,Hyderabad,Retail,Anjali Rao,Advertisement,21-12-2025,63017.11,Won,Meeting,2
4556,CUST5556,Joseph Smith,Delhi,Manufacturing,Anjali Rao,Referral,22-10-2025,63430.45,Open,Meeting,4
4557,CUST5557,Robert Stevenson,Pune,Healthcare,Anjali Rao,Advertisement,23-07-2025,85993.58,Lost,Phone,2
4558,CUST5558,Kerri Simon,Delhi,IT,Kiran Das,Referral,28-11-2025,46804.71,Lost,Phone,5
4559,CUST5559,Brandon Moore,Bangalore,Healthcare,Anjali Rao,Referral,27-04-2026,81979.08,Lost,Email,10
4560,CUST5560,Matthew Navarro,Hyderabad,Manufacturing,Rahul Verma,Advertisement,05-08-2025,6027.54,Lost,Email,6
4561,CUST5561,Mark Meyers,Pune,Manufacturing,Kiran Das,Referral,15-04-2026,13217.26,Won,Meeting,2
4562,CUST5562,Jodi Olson,Mumbai,Finance,Rahul Verma,LinkedIn,29-10-2025,57123.83,Won,Email,6
4563,CUST5563,Keith Clark DDS,Mumbai,Healthcare,Kiran Das,Event,11-09-2025,49343.28,Open,Phone,3
4564,CUST5564,Edward Hernandez MD,Bangalore,Healthcare,Anjali Rao,Event,25-04-2026,63777.24,Won,Phone,8
4565,CUST5565,Gary Delgado,Mumbai,Retail,Kiran Das,Advertisement,02-10-2025,40784.1,Lost,Phone,5
4566,CUST5566,David Hernandez,Hyderabad,Finance,Rahul Verma,LinkedIn,14-04-2026,36720.11,Lost,Phone,4
4567,CUST5567,Stephanie Barrett,Mumbai,Finance,Kiran Das,LinkedIn,09-09-2025,68032.83,Open,Phone,7
4568,CUST5568,James Rios,Hyderabad,Retail,Rahul Verma,Website,26-11-2025,72181.58,Won,Email,2
4569,CUST5569,Vincent Hill,Delhi,IT,Rahul Verma,Website,22-01-2026,9540.34,Open,Phone,5
4570,CUST5570,Marilyn Chang,Hyderabad,Healthcare,Priya Sharma,Event,07-01-2026,62158.94,Lost,Email,5
4571,CUST5571,Bradley Wallace,Delhi,Retail,Priya Sharma,Event,28-05-2026,28544.88,Open,Phone,6
4572,CUST5572,Hunter Peterson,Delhi,Manufacturing,Rahul Verma,Advertisement,12-04-2026,53999.09,Lost,Meeting,6
4573,CUST5573,Kimberly Dean,Mumbai,Retail,Priya Sharma,LinkedIn,07-08-2025,83857.2,Lost,Meeting,4
4574,CUST5574,Kathleen Garrison,Chennai,IT,Rahul Verma,Advertisement,04-07-2025,95335.63,Open,Phone,3
4575,CUST5575,Meghan Perez,Chennai,Manufacturing,Priya Sharma,Website,18-08-2025,78845.08,Won,Phone,1
4576,CUST5576,Shelby Fletcher,Bangalore,Retail,Priya Sharma,Event,29-12-2025,63570.64,Open,Meeting,4
4577,CUST5577,Paul Sanchez,Pune,Healthcare,Priya Sharma,Event,24-04-2026,93667.68,Lost,Meeting,2
4578,CUST5578,Sharon Beck,Pune,Retail,Kiran Das,Advertisement,18-12-2025,84676.88,Won,Meeting,6
4579,CUST5579,Howard Brooks Jr.,Bangalore,Manufacturing,Priya Sharma,Referral,28-08-2025,31961.43,Lost,Meeting,3
4580,CUST5580,Mark Walker,Mumbai,Retail,Kiran Das,LinkedIn,10-06-2026,42034.4,Won,Phone,8
4581,CUST5581,Jessica Mueller,Bangalore,Finance,Anjali Rao,Website,07-02-2026,12635.32,Won,Meeting,2
4582,CUST5582,Adrienne Lopez,Chennai,Manufacturing,Kiran Das,LinkedIn,24-02-2026,74284.34,Open,Phone,7
4583,CUST5583,Rebecca Johnson,Delhi,Healthcare,Priya Sharma,LinkedIn,19-10-2025,44657.86,Open,Email,8
4584,CUST5584,Daniel Walker,Chennai,Retail,Anjali Rao,LinkedIn,30-11-2025,22706.05,Won,Meeting,1
4585,CUST5585,Kathleen Gardner,Chennai,Manufacturing,Kiran Das,Advertisement,04-06-2026,98688.62,Lost,Email,1
4586,CUST5586,Jonathan Walker,Mumbai,Finance,Kiran Das,LinkedIn,10-11-2025,35178.38,Won,Email,10
4587,CUST5587,Christy Rivera,Delhi,IT,Anjali Rao,Event,09-08-2025,70669.83,Lost,Meeting,5
4588,CUST5588,Linda Williamson,Mumbai,Finance,Priya Sharma,Referral,27-12-2025,62785.85,Lost,Meeting,7
4589,CUST5589,Sabrina Duncan,Mumbai,Manufacturing,Priya Sharma,Referral,01-12-2025,52622.04,Lost,Meeting,6
4590,CUST5590,Danielle Noble,Delhi,Manufacturing,Rahul Verma,Website,27-05-2026,37528.74,Lost,Email,8
4591,CUST5591,Jacob White,Hyderabad,Manufacturing,Priya Sharma,Advertisement,26-08-2025,85207.75,Lost,Email,8
4592,CUST5592,Jonathan Lee,Mumbai,Manufacturing,Rahul Verma,LinkedIn,14-07-2025,39885.55,Won,Email,1
4593,CUST5593,David Deleon,Chennai,Manufacturing,Kiran Das,LinkedIn,16-06-2026,54508.89,Lost,Email,2
4594,CUST5594,Charles Howard,Chennai,Retail,Kiran Das,Advertisement,08-01-2026,55139.1,Won,Email,4
4595,CUST5595,John Jones,Bangalore,Finance,Kiran Das,LinkedIn,16-08-2025,5207.29,Won,Phone,9
4596,CUST5596,Steven Allen,Mumbai,Finance,Priya Sharma,Advertisement,10-01-2026,13872.22,Won,Phone,1
4597,CUST5597,Alex Smith,Pune,Healthcare,Anjali Rao,Referral,28-10-2025,26966.24,Open,Phone,1
4598,CUST5598,Andrea Gross,Bangalore,Manufacturing,Kiran Das,LinkedIn,02-06-2026,8368.68,Lost,Email,6
4599,CUST5599,Scott Bradley,Bangalore,Retail,Kiran Das,Advertisement,10-07-2025,36808.3,Won,Email,4
4600,CUST5600,Elizabeth Rodgers,Delhi,IT,Anjali Rao,Website,21-04-2026,83100.38,Lost,Phone,8
4601,CUST5601,Jake Hernandez,Delhi,Finance,Anjali Rao,Event,14-12-2025,87697.88,Won,Email,7
4602,CUST5602,Mario Valencia,Bangalore,Finance,Rahul Verma,Event,07-05-2026,74463.82,Lost,Phone,2
4603,CUST5603,Jerry Pham,Mumbai,Manufacturing,Anjali Rao,Referral,11-06-2026,66288.92,Lost,Meeting,2
4604,CUST5604,Johnny Anderson,Hyderabad,IT,Kiran Das,Referral,20-03-2026,9461.92,Lost,Meeting,2
4605,CUST5605,Ryan Diaz,Delhi,IT,Rahul Verma,LinkedIn,26-08-2025,82015.16,Won,Email,5
4606,CUST5606,Jordan Rhodes,Pune,Manufacturing,Kiran Das,Referral,25-09-2025,20735.02,Lost,Meeting,5
4607,CUST5607,Heather Garcia,Delhi,IT,Priya Sharma,Advertisement,11-09-2025,56193.55,Lost,Phone,3
4608,CUST5608,Bruce Fisher,Bangalore,Finance,Kiran Das,Referral,14-08-2025,37148.46,Won,Email,8
4609,CUST5609,Bruce Johnson,Chennai,Healthcare,Kiran Das,Event,11-12-2025,75908.22,Open,Meeting,2
4610,CUST5610,Anthony Hill,Pune,Retail,Kiran Das,Referral,25-06-2025,5311.61,Open,Email,4
4611,CUST5611,Henry Powell,Hyderabad,Finance,Rahul Verma,Referral,09-07-2025,99563.52,Won,Meeting,10
4612,CUST5612,Lisa Green,Mumbai,Finance,Anjali Rao,LinkedIn,19-11-2025,33652.98,Lost,Email,6
4613,CUST5613,Cory Weber,Bangalore,Retail,Priya Sharma,Advertisement,25-12-2025,98903.55,Open,Meeting,1
4614,CUST5614,Jasmine Odom,Pune,IT,Rahul Verma,Advertisement,12-03-2026,77827.58,Won,Meeting,5
4615,CUST5615,Jeffrey Chapman,Chennai,Manufacturing,Kiran Das,Advertisement,01-03-2026,6840.77,Lost,Meeting,8
4616,CUST5616,Alexander Rodriguez,Bangalore,IT,Kiran Das,Website,30-05-2026,65267.58,Won,Email,9
4617,CUST5617,Linda George,Hyderabad,Retail,Kiran Das,Referral,28-08-2025,67723.91,Won,Email,6
4618,CUST5618,Megan Allen,Delhi,Healthcare,Kiran Das,Website,04-10-2025,68754.3,Lost,Phone,4
4619,CUST5619,Craig Holmes,Hyderabad,Finance,Priya Sharma,Advertisement,28-05-2026,30785.5,Lost,Email,1
4620,CUST5620,Tanya Delgado,Bangalore,Healthcare,Priya Sharma,Event,22-03-2026,98907.94,Lost,Meeting,8
4621,CUST5621,Bradley Conley,Mumbai,Manufacturing,Priya Sharma,Referral,02-07-2025,53489.18,Open,Meeting,2
4622,CUST5622,Megan Thomas,Hyderabad,Finance,Anjali Rao,LinkedIn,17-01-2026,77442.15,Open,Phone,5
4623,CUST5623,Kevin Vincent,Delhi,Manufacturing,Priya Sharma,Referral,06-11-2025,91136.02,Won,Meeting,6
4624,CUST5624,Tyler Cline,Delhi,Healthcare,Priya Sharma,Website,21-09-2025,41721.71,Lost,Meeting,10
4625,CUST5625,Jordan Dickerson,Bangalore,Manufacturing,Kiran Das,Advertisement,05-11-2025,75378.37,Won,Email,10
4626,CUST5626,Benjamin Myers,Mumbai,Manufacturing,Rahul Verma,Referral,03-07-2025,21989.79,Lost,Meeting,6
4627,CUST5627,Mary Ramos,Chennai,Finance,Priya Sharma,LinkedIn,22-07-2025,35761.13,Won,Meeting,4
4628,CUST5628,Sarah Barker,Chennai,Finance,Anjali Rao,Referral,19-04-2026,66754.88,Open,Email,5
4629,CUST5629,Lori Brown,Hyderabad,Finance,Priya Sharma,Referral,14-11-2025,5018.11,Lost,Phone,7
4630,CUST5630,Emily Williamson,Hyderabad,Finance,Kiran Das,LinkedIn,09-02-2026,35707.69,Lost,Email,3
4631,CUST5631,Clifford Riggs,Bangalore,Healthcare,Priya Sharma,Referral,16-07-2025,29547.96,Open,Email,4
4632,CUST5632,Michael Fernandez,Chennai,Manufacturing,Rahul Verma,Advertisement,25-09-2025,94922.71,Won,Phone,1
4633,CUST5633,Erika Miller,Delhi,Healthcare,Anjali Rao,Advertisement,16-02-2026,54889.46,Open,Email,10
4634,CUST5634,Madison Brewer,Chennai,IT,Kiran Das,Referral,17-02-2026,40804.11,Lost,Phone,9
4635,CUST5635,Douglas Mcdonald,Mumbai,Retail,Kiran Das,Event,02-06-2026,46396.31,Open,Phone,3
4636,CUST5636,Jeffrey Serrano,Mumbai,Manufacturing,Anjali Rao,Website,21-01-2026,15543.33,Open,Meeting,10
4637,CUST5637,Travis Larsen,Pune,Manufacturing,Kiran Das,Event,25-02-2026,74963.12,Lost,Phone,6
4638,CUST5638,Joshua Sparks,Pune,Manufacturing,Kiran Das,Referral,29-05-2026,67997.55,Lost,Meeting,8
4639,CUST5639,Donald Bell,Chennai,Retail,Anjali Rao,Website,06-11-2025,65076.41,Won,Email,9
4640,CUST5640,Katherine Wood,Delhi,IT,Rahul Verma,Referral,16-01-2026,64834,Open,Meeting,2
4641,CUST5641,Daisy Coleman,Chennai,Finance,Priya Sharma,Website,25-04-2026,24801.06,Lost,Email,6
4642,CUST5642,Samantha Holloway,Hyderabad,Finance,Kiran Das,LinkedIn,21-04-2026,64458.28,Lost,Phone,8
4643,CUST5643,Christy Heath,Hyderabad,Retail,Kiran Das,Website,08-06-2026,76265.45,Won,Phone,4
4644,CUST5644,Julia Stephenson,Chennai,Finance,Priya Sharma,LinkedIn,08-06-2026,39267.71,Lost,Phone,6
4645,CUST5645,Katrina Willis,Bangalore,Retail,Priya Sharma,Advertisement,22-12-2025,57145.26,Lost,Meeting,7
4646,CUST5646,William Robinson,Pune,Finance,Kiran Das,Advertisement,20-05-2026,11387.07,Open,Phone,3
4647,CUST5647,Jacqueline Rangel,Delhi,Healthcare,Rahul Verma,LinkedIn,07-03-2026,6194.31,Won,Email,4
4648,CUST5648,Zachary Mendoza,Bangalore,Healthcare,Rahul Verma,Referral,11-02-2026,73372.47,Won,Phone,4
4649,CUST5649,Nicole Wolfe,Chennai,Healthcare,Rahul Verma,Website,22-03-2026,85155.74,Lost,Email,4
4650,CUST5650,Frank King,Chennai,Finance,Rahul Verma,Event,15-11-2025,98578.63,Open,Phone,4
4651,CUST5651,Ashley Parrish,Delhi,Healthcare,Rahul Verma,LinkedIn,07-02-2026,65493.08,Lost,Email,7
4652,CUST5652,Melissa Cook,Hyderabad,Retail,Anjali Rao,Event,01-09-2025,41154.64,Open,Phone,7
4653,CUST5653,Gregory Villarreal,Chennai,IT,Kiran Das,Website,01-11-2025,50240.42,Won,Phone,5
4654,CUST5654,Carol Mcclure,Chennai,Finance,Anjali Rao,Advertisement,08-10-2025,70097.91,Won,Phone,8
4655,CUST5655,Richard Glover,Mumbai,IT,Priya Sharma,Advertisement,31-10-2025,95817.2,Open,Email,6
4656,CUST5656,Wendy Page,Chennai,Healthcare,Kiran Das,Advertisement,30-12-2025,41493.58,Open,Meeting,5
4657,CUST5657,Mrs. Paula Williams DVM,Mumbai,IT,Kiran Das,Website,08-10-2025,16498.37,Won,Email,4
4658,CUST5658,Bryan Arroyo,Mumbai,Finance,Rahul Verma,Event,05-04-2026,30428.42,Open,Meeting,8
4659,CUST5659,Larry Jordan,Chennai,Manufacturing,Priya Sharma,Website,14-06-2026,15174.74,Open,Email,1
4660,CUST5660,Kara Jackson,Pune,Retail,Kiran Das,Referral,14-01-2026,37821.98,Lost,Meeting,3
4661,CUST5661,Mr. Matthew Middleton,Delhi,Manufacturing,Anjali Rao,LinkedIn,29-09-2025,42748.49,Won,Phone,6
4662,CUST5662,Javier Lopez,Delhi,Finance,Kiran Das,Website,27-03-2026,26554.76,Lost,Phone,8
4663,CUST5663,Jerry Stevens,Pune,IT,Rahul Verma,Event,26-05-2026,24959.18,Won,Meeting,9
4664,CUST5664,James Richardson,Hyderabad,Finance,Anjali Rao,Referral,04-08-2025,64021.84,Lost,Meeting,1
4665,CUST5665,Jeremy Collins,Mumbai,IT,Anjali Rao,Referral,04-09-2025,23746.62,Open,Phone,6
4666,CUST5666,Haley Johnson,Bangalore,Healthcare,Priya Sharma,Event,24-10-2025,21154.12,Open,Meeting,8
4667,CUST5667,Curtis Holt,Delhi,Healthcare,Kiran Das,Website,07-10-2025,29068.06,Won,Email,1
4668,CUST5668,Parker Garcia,Delhi,Retail,Rahul Verma,Advertisement,21-10-2025,37418.23,Lost,Email,3
4669,CUST5669,Shawn Bailey,Mumbai,Retail,Kiran Das,LinkedIn,02-06-2026,24402.77,Won,Meeting,5
4670,CUST5670,Kristin Wright,Bangalore,Retail,Priya Sharma,Event,19-11-2025,39819.34,Won,Meeting,8
4671,CUST5671,Dalton Young,Mumbai,Healthcare,Rahul Verma,Event,10-11-2025,68222.64,Lost,Email,7
4672,CUST5672,Theresa Scott,Hyderabad,IT,Rahul Verma,Event,17-03-2026,62801.15,Open,Phone,6
4673,CUST5673,Jacob Hodge,Mumbai,IT,Priya Sharma,Advertisement,18-12-2025,19695.32,Lost,Phone,3
4674,CUST5674,James Flores,Hyderabad,Healthcare,Priya Sharma,Advertisement,10-08-2025,7803.39,Won,Phone,6
4675,CUST5675,Paul Brown,Bangalore,Manufacturing,Priya Sharma,Referral,22-01-2026,91880.34,Won,Phone,9
4676,CUST5676,Penny Fuentes,Chennai,Finance,Rahul Verma,Event,24-03-2026,8870.08,Open,Email,10
4677,CUST5677,Ashley Williams,Delhi,IT,Rahul Verma,LinkedIn,01-08-2025,47498.45,Lost,Email,10
4678,CUST5678,Kristie Gutierrez,Chennai,Healthcare,Kiran Das,Referral,10-05-2026,44639.15,Won,Phone,3
4679,CUST5679,James Mckenzie,Pune,Finance,Priya Sharma,LinkedIn,07-05-2026,76550.7,Lost,Email,2
4680,CUST5680,Paula Gonzalez,Pune,IT,Kiran Das,Event,05-07-2025,61969.47,Won,Meeting,8
4681,CUST5681,Joshua Gonzalez,Pune,Retail,Rahul Verma,Event,05-01-2026,48167.82,Open,Meeting,2
4682,CUST5682,Joel Tucker,Hyderabad,Manufacturing,Rahul Verma,Event,21-09-2025,84475.23,Lost,Phone,9
4683,CUST5683,Mathew Schwartz,Chennai,IT,Kiran Das,Advertisement,16-01-2026,64768.63,Open,Email,8
4684,CUST5684,Carla Ramirez,Hyderabad,Healthcare,Kiran Das,Advertisement,16-08-2025,78960.84,Open,Phone,10
4685,CUST5685,Daniel Jones,Bangalore,Finance,Kiran Das,Advertisement,05-12-2025,26275.65,Won,Email,3
4686,CUST5686,Timothy Rosario,Mumbai,Finance,Kiran Das,Advertisement,02-04-2026,7136.81,Won,Meeting,2
4687,CUST5687,Shelby Velazquez,Bangalore,Retail,Anjali Rao,LinkedIn,24-01-2026,23890.19,Open,Meeting,10
4688,CUST5688,Stacy Lewis,Chennai,Retail,Anjali Rao,Referral,03-10-2025,73971.44,Open,Meeting,10
4689,CUST5689,Cassidy Thompson,Pune,Finance,Anjali Rao,Advertisement,10-11-2025,45900.7,Won,Meeting,8
4690,CUST5690,Sally Brown,Mumbai,IT,Priya Sharma,Event,16-01-2026,55831.45,Won,Meeting,1
4691,CUST5691,Mrs. Nicole Powell,Bangalore,Retail,Anjali Rao,Referral,02-08-2025,85432,Lost,Email,2
4692,CUST5692,Cameron Chavez,Bangalore,Manufacturing,Rahul Verma,LinkedIn,05-11-2025,58490.19,Open,Phone,7
4693,CUST5693,Louis Diaz,Bangalore,Retail,Rahul Verma,Advertisement,27-01-2026,31505.74,Won,Phone,2
4694,CUST5694,Alyssa Romero,Pune,Healthcare,Anjali Rao,LinkedIn,13-01-2026,39590.43,Won,Phone,9
4695,CUST5695,Lauren Jackson,Chennai,Finance,Kiran Das,LinkedIn,19-03-2026,5098.53,Won,Meeting,8
4696,CUST5696,Alejandro Dougherty,Hyderabad,Retail,Priya Sharma,Event,02-02-2026,74540.89,Won,Phone,5
4697,CUST5697,Chad Powell,Pune,Healthcare,Kiran Das,Referral,03-05-2026,6222.23,Lost,Phone,5
4698,CUST5698,Terry Noble,Delhi,Healthcare,Rahul Verma,LinkedIn,16-10-2025,76159.94,Lost,Email,3
4699,CUST5699,Jenna Carpenter,Bangalore,Retail,Priya Sharma,Event,25-03-2026,51885.08,Open,Meeting,2
4700,CUST5700,Austin Fox,Bangalore,IT,Priya Sharma,Advertisement,11-09-2025,89105.21,Open,Email,5
4701,CUST5701,April Anderson,Mumbai,Healthcare,Rahul Verma,LinkedIn,12-11-2025,24673.6,Open,Phone,1
4702,CUST5702,Lauren Nelson,Hyderabad,Healthcare,Kiran Das,Advertisement,09-08-2025,11298.43,Won,Email,1
4703,CUST5703,Brian Choi,Delhi,Healthcare,Anjali Rao,LinkedIn,10-12-2025,57414.1,Lost,Email,7
4704,CUST5704,Benjamin Martinez,Delhi,Retail,Priya Sharma,LinkedIn,02-09-2025,50205.01,Open,Meeting,3
4705,CUST5705,Christopher Burton,Chennai,Finance,Anjali Rao,Website,04-03-2026,58133.89,Lost,Email,4
4706,CUST5706,Erik Blair,Pune,Manufacturing,Kiran Das,Referral,05-09-2025,9064.07,Won,Email,5
4707,CUST5707,Kurt Rodgers,Delhi,Finance,Rahul Verma,Advertisement,11-03-2026,14060.1,Open,Meeting,3
4708,CUST5708,Jacob Davis,Pune,Retail,Priya Sharma,Website,21-03-2026,31525.23,Lost,Email,6
4709,CUST5709,Deborah Bates,Hyderabad,Retail,Anjali Rao,Website,16-01-2026,14485.27,Won,Email,6
4710,CUST5710,Sara Sullivan,Hyderabad,Finance,Rahul Verma,Advertisement,19-06-2026,19808.36,Lost,Meeting,3
4711,CUST5711,Mark Quinn,Delhi,Finance,Anjali Rao,Event,26-07-2025,57018.52,Lost,Email,1
4712,CUST5712,Jamie Nguyen,Hyderabad,Manufacturing,Anjali Rao,Advertisement,07-09-2025,24267.61,Lost,Meeting,8
4713,CUST5713,Jacqueline Garrison,Delhi,Manufacturing,Kiran Das,Referral,21-11-2025,98363.94,Open,Phone,6
4714,CUST5714,James Pierce,Chennai,Finance,Kiran Das,Referral,26-08-2025,64265.75,Lost,Phone,7
4715,CUST5715,David Sampson,Delhi,IT,Kiran Das,Event,03-10-2025,28422.22,Won,Meeting,9
4716,CUST5716,Mr. Kenneth Hancock,Bangalore,Finance,Priya Sharma,Referral,01-09-2025,50409.55,Won,Email,6
4717,CUST5717,Sydney Shelton,Pune,Healthcare,Priya Sharma,Referral,15-11-2025,91914.95,Open,Meeting,3
4718,CUST5718,Kaylee Lopez,Delhi,Finance,Priya Sharma,Referral,03-08-2025,85600.52,Open,Meeting,5
4719,CUST5719,Richard Rivera,Pune,Retail,Kiran Das,Website,28-01-2026,61900.82,Lost,Email,1
4720,CUST5720,Alexandra Burns,Mumbai,Healthcare,Priya Sharma,Referral,05-12-2025,23032.97,Won,Email,7
4721,CUST5721,Mary Rivera,Bangalore,IT,Rahul Verma,Event,05-06-2026,14077.76,Lost,Phone,7
4722,CUST5722,Randy Vazquez,Bangalore,Manufacturing,Anjali Rao,Referral,22-05-2026,36652.84,Lost,Email,9
4723,CUST5723,Robert Torres,Hyderabad,Retail,Kiran Das,LinkedIn,27-12-2025,96801.77,Lost,Email,6
4724,CUST5724,Erica Harris,Bangalore,Retail,Kiran Das,Advertisement,08-07-2025,32089.61,Lost,Phone,2
4725,CUST5725,Christopher Mcclain,Hyderabad,Manufacturing,Rahul Verma,LinkedIn,20-06-2026,55608.04,Won,Email,4
4726,CUST5726,Dr. Amber Wilkinson,Chennai,Finance,Priya Sharma,Website,10-08-2025,89748.28,Lost,Meeting,5
4727,CUST5727,John Brown,Chennai,Healthcare,Anjali Rao,Advertisement,24-06-2025,85418.99,Lost,Meeting,8
4728,CUST5728,David Reynolds,Bangalore,Retail,Rahul Verma,Website,08-08-2025,62978.94,Lost,Meeting,3
4729,CUST5729,Paul King,Mumbai,IT,Anjali Rao,LinkedIn,24-06-2026,58485.15,Won,Email,5
4730,CUST5730,Dillon George,Bangalore,Retail,Priya Sharma,Event,12-01-2026,84150.83,Lost,Meeting,6
4731,CUST5731,David Brady,Delhi,Retail,Priya Sharma,Website,28-11-2025,62735.33,Won,Email,3
4732,CUST5732,Daniel Park,Delhi,Retail,Priya Sharma,Advertisement,30-03-2026,57432.95,Open,Meeting,3
4733,CUST5733,James Klein,Mumbai,Manufacturing,Kiran Das,LinkedIn,14-10-2025,91101.96,Lost,Email,3
4734,CUST5734,Jordan Jones,Hyderabad,Retail,Priya Sharma,Website,09-03-2026,50501.65,Open,Email,6
4735,CUST5735,Anna Pierce,Bangalore,Manufacturing,Priya Sharma,Website,25-01-2026,16014.85,Won,Phone,3
4736,CUST5736,Ashley Anderson,Hyderabad,IT,Anjali Rao,Advertisement,24-07-2025,55990.7,Open,Email,6
4737,CUST5737,Brittney Johnson,Bangalore,Healthcare,Priya Sharma,Referral,14-05-2026,44955.09,Won,Meeting,9
4738,CUST5738,Angela Williams,Mumbai,IT,Anjali Rao,Referral,14-05-2026,27550.09,Lost,Meeting,10
4739,CUST5739,Elizabeth Webb,Bangalore,Finance,Priya Sharma,Referral,09-04-2026,43978.26,Lost,Phone,1
4740,CUST5740,Philip Rodriguez,Bangalore,Manufacturing,Rahul Verma,Referral,19-11-2025,6228.13,Won,Meeting,6
4741,CUST5741,Bruce Elliott,Hyderabad,Manufacturing,Rahul Verma,Advertisement,16-04-2026,30592.15,Lost,Email,9
4742,CUST5742,Stephanie Hill,Mumbai,Finance,Kiran Das,Referral,08-12-2025,87039.56,Won,Email,4
4743,CUST5743,Shelby Martin,Pune,IT,Priya Sharma,Advertisement,25-09-2025,40095.26,Won,Meeting,9
4744,CUST5744,Mr. Tyler Smith,Delhi,Retail,Priya Sharma,Advertisement,12-08-2025,22277.41,Lost,Email,5
4745,CUST5745,Evan Hall,Bangalore,Retail,Anjali Rao,LinkedIn,01-01-2026,93480.54,Won,Phone,6
4746,CUST5746,Mr. Adam Gardner,Hyderabad,IT,Kiran Das,LinkedIn,22-10-2025,6052.27,Open,Phone,10
4747,CUST5747,Diane Smith,Pune,Finance,Anjali Rao,Advertisement,15-10-2025,79607.59,Won,Email,6
4748,CUST5748,Charles Miller,Mumbai,Healthcare,Anjali Rao,LinkedIn,03-09-2025,94059.29,Open,Meeting,9
4749,CUST5749,Brittany Patrick,Bangalore,Retail,Rahul Verma,Website,05-04-2026,49883.84,Won,Meeting,4
4750,CUST5750,Jonathan Donaldson,Pune,IT,Anjali Rao,Event,08-09-2025,92773.52,Lost,Meeting,9
4751,CUST5751,Garrett Wagner,Mumbai,Retail,Rahul Verma,LinkedIn,15-05-2026,43401.85,Open,Phone,6
4752,CUST5752,Michelle Padilla,Pune,Manufacturing,Priya Sharma,Event,22-01-2026,8940.72,Won,Email,2
4753,CUST5753,Raymond Day,Hyderabad,Finance,Rahul Verma,Referral,15-05-2026,66750.39,Open,Email,6
4754,CUST5754,Stacy Gray,Hyderabad,Healthcare,Anjali Rao,Event,03-08-2025,92331.98,Lost,Email,6
4755,CUST5755,Robert Gray,Delhi,IT,Anjali Rao,Advertisement,28-11-2025,39521.82,Lost,Email,9
4756,CUST5756,Michael Bright,Bangalore,Retail,Anjali Rao,Referral,30-09-2025,25037.65,Won,Meeting,10
4757,CUST5757,Daniel Pope,Bangalore,Finance,Priya Sharma,Advertisement,04-10-2025,51548.36,Won,Meeting,10
4758,CUST5758,Ann Fox,Delhi,IT,Kiran Das,LinkedIn,23-08-2025,20387.95,Lost,Meeting,2
4759,CUST5759,Richard Phillips,Bangalore,Finance,Priya Sharma,Referral,19-09-2025,28610.22,Open,Phone,5
4760,CUST5760,Bernard Myers,Delhi,Finance,Kiran Das,Event,29-03-2026,87621.05,Won,Email,6
4761,CUST5761,Michele West,Delhi,Retail,Anjali Rao,Event,07-02-2026,9973.68,Open,Email,10
4762,CUST5762,Paul Mills,Pune,Manufacturing,Kiran Das,Website,13-08-2025,14567.8,Lost,Email,10
4763,CUST5763,Steven Burnett,Hyderabad,Finance,Kiran Das,Referral,07-09-2025,71499.12,Won,Phone,7
4764,CUST5764,Ronald Brown,Pune,Healthcare,Rahul Verma,LinkedIn,27-06-2025,19430.61,Open,Phone,8
4765,CUST5765,Felicia Rose,Bangalore,Healthcare,Anjali Rao,Referral,02-10-2025,51568.68,Open,Meeting,10
4766,CUST5766,Kevin Hale,Chennai,Manufacturing,Kiran Das,LinkedIn,04-02-2026,9427.03,Lost,Email,1
4767,CUST5767,Leah Bennett,Chennai,Retail,Rahul Verma,Event,02-12-2025,88804.44,Won,Email,1
4768,CUST5768,Christine Price,Delhi,Finance,Kiran Das,Website,02-07-2025,44917.33,Open,Meeting,2
4769,CUST5769,Alexander Garza,Delhi,Retail,Priya Sharma,LinkedIn,07-06-2026,98629.68,Lost,Meeting,8
4770,CUST5770,Edward Tate,Mumbai,IT,Priya Sharma,LinkedIn,18-12-2025,8784.04,Open,Email,3
4771,CUST5771,Michael Holland,Chennai,Finance,Anjali Rao,Website,04-03-2026,96618.22,Won,Phone,9
4772,CUST5772,Summer Montgomery,Delhi,Manufacturing,Priya Sharma,Referral,26-02-2026,36280.28,Open,Meeting,9
4773,CUST5773,Jeffery Lewis,Pune,Finance,Priya Sharma,Referral,25-05-2026,47821.07,Lost,Email,2
4774,CUST5774,Bonnie Morales,Chennai,IT,Priya Sharma,Referral,09-05-2026,98666.67,Won,Email,7
4775,CUST5775,Rebecca Sullivan,Hyderabad,Retail,Kiran Das,LinkedIn,16-08-2025,33502.83,Won,Phone,4
4776,CUST5776,Scott Peterson,Hyderabad,Finance,Priya Sharma,Event,12-07-2025,85234.91,Won,Meeting,3
4777,CUST5777,Paula Santos,Pune,Retail,Kiran Das,Website,14-07-2025,48745.47,Lost,Email,8
4778,CUST5778,Stephanie Cox,Chennai,Retail,Kiran Das,Advertisement,21-09-2025,70243.13,Won,Email,1
4779,CUST5779,Kevin Gay,Bangalore,Retail,Rahul Verma,Advertisement,01-07-2025,87393.18,Lost,Email,9
4780,CUST5780,Brandon Dixon,Bangalore,Finance,Kiran Das,Event,29-09-2025,36574.65,Won,Meeting,9
4781,CUST5781,Alan Terry,Delhi,Healthcare,Rahul Verma,Advertisement,09-11-2025,18340.56,Won,Phone,5
4782,CUST5782,Danielle Gray,Delhi,Manufacturing,Kiran Das,LinkedIn,28-04-2026,20375.95,Won,Email,6
4783,CUST5783,Jenna Gates,Hyderabad,IT,Rahul Verma,LinkedIn,03-02-2026,89474.92,Won,Meeting,6
4784,CUST5784,Melissa Rice,Hyderabad,IT,Anjali Rao,Referral,26-01-2026,36159.2,Lost,Email,2
4785,CUST5785,Jamie Smith,Hyderabad,Healthcare,Priya Sharma,Referral,14-01-2026,20157.24,Open,Email,9
4786,CUST5786,Melissa Walton,Hyderabad,Manufacturing,Kiran Das,LinkedIn,23-11-2025,69338.02,Lost,Meeting,1
4787,CUST5787,Lorraine Mendoza,Bangalore,IT,Kiran Das,Website,23-06-2026,35215.91,Open,Meeting,1
4788,CUST5788,Kelly Charles,Chennai,Finance,Rahul Verma,Event,24-11-2025,82577.57,Open,Meeting,10
4789,CUST5789,Kimberly Daniels,Hyderabad,Manufacturing,Rahul Verma,Advertisement,05-12-2025,44585.58,Open,Phone,2
4790,CUST5790,Megan Hill,Mumbai,Manufacturing,Anjali Rao,Event,22-07-2025,33536.51,Open,Phone,3
4791,CUST5791,Corey Mata,Delhi,IT,Anjali Rao,Advertisement,22-11-2025,47202.52,Won,Meeting,7
4792,CUST5792,Jonathan Baker,Pune,Retail,Kiran Das,Event,07-05-2026,52119.64,Lost,Meeting,7
4793,CUST5793,Tara Barrera,Delhi,Retail,Rahul Verma,Website,28-08-2025,83850.17,Won,Phone,5
4794,CUST5794,Duane Martinez,Pune,Healthcare,Rahul Verma,Referral,28-09-2025,50680.01,Open,Meeting,1
4795,CUST5795,Lisa Kemp,Pune,Retail,Anjali Rao,LinkedIn,21-06-2026,73941.06,Lost,Email,2
4796,CUST5796,James Wells,Delhi,Healthcare,Rahul Verma,Event,21-06-2026,5246.62,Lost,Email,1
4797,CUST5797,Heather Crawford,Mumbai,Healthcare,Rahul Verma,Referral,12-01-2026,32976.41,Won,Meeting,10
4798,CUST5798,Kim Spence,Delhi,Manufacturing,Anjali Rao,LinkedIn,10-04-2026,76117.39,Open,Phone,6
4799,CUST5799,Michael Holmes,Delhi,IT,Rahul Verma,Website,01-03-2026,28146.84,Lost,Email,3
4800,CUST5800,David Ortega,Mumbai,Healthcare,Anjali Rao,Website,15-05-2026,7929.57,Open,Email,3
4801,CUST5801,Rebecca Martinez,Mumbai,IT,Rahul Verma,LinkedIn,08-06-2026,67663.57,Lost,Email,6
4802,CUST5802,Kim Miller,Bangalore,IT,Priya Sharma,Referral,01-02-2026,93932.98,Won,Phone,6
4803,CUST5803,David Sanchez,Hyderabad,Retail,Kiran Das,Event,23-04-2026,97301.5,Open,Meeting,1
4804,CUST5804,Jacqueline Rogers,Bangalore,Manufacturing,Kiran Das,Referral,11-06-2026,16911.75,Open,Meeting,3
4805,CUST5805,George Thomas,Chennai,Healthcare,Anjali Rao,LinkedIn,10-06-2026,66705.96,Won,Email,3
4806,CUST5806,Robert Bentley,Pune,Healthcare,Kiran Das,LinkedIn,02-04-2026,82793.17,Open,Phone,3
4807,CUST5807,Kaitlin Graham,Bangalore,Retail,Kiran Das,Website,03-04-2026,70265.61,Lost,Email,2
4808,CUST5808,Joy Benson,Pune,Healthcare,Kiran Das,LinkedIn,18-06-2026,89090.02,Lost,Meeting,1
4809,CUST5809,Bobby Henderson,Bangalore,Manufacturing,Rahul Verma,Referral,20-09-2025,17723.06,Lost,Phone,2
4810,CUST5810,Daniel Garner,Pune,Finance,Priya Sharma,LinkedIn,04-11-2025,7653.01,Won,Meeting,1
4811,CUST5811,Nicholas Daniels,Pune,Healthcare,Rahul Verma,Website,19-08-2025,6234.25,Open,Phone,1
4812,CUST5812,Joseph Gordon,Mumbai,IT,Kiran Das,Advertisement,21-08-2025,82184.52,Won,Email,2
4813,CUST5813,Nicholas Moore,Pune,Retail,Rahul Verma,Advertisement,07-08-2025,27575.15,Open,Meeting,8
4814,CUST5814,Mary Nelson,Pune,Healthcare,Rahul Verma,LinkedIn,06-06-2026,23985.8,Open,Phone,8
4815,CUST5815,Paul Duarte,Chennai,Retail,Kiran Das,LinkedIn,16-10-2025,77219.53,Lost,Email,2
4816,CUST5816,Wayne Cole,Mumbai,Finance,Priya Sharma,Advertisement,02-08-2025,44500.08,Lost,Phone,5
4817,CUST5817,Andrea Anderson,Pune,IT,Rahul Verma,Referral,06-06-2026,79696.61,Lost,Meeting,6
4818,CUST5818,Kimberly Patton,Pune,IT,Anjali Rao,LinkedIn,24-11-2025,35480.56,Won,Meeting,2
4819,CUST5819,Ashley Hickman,Chennai,IT,Priya Sharma,LinkedIn,29-10-2025,83131.89,Lost,Email,3
4820,CUST5820,Leah Dawson,Mumbai,Manufacturing,Anjali Rao,Advertisement,09-08-2025,81132.9,Won,Email,8
4821,CUST5821,Walter Flores,Hyderabad,Manufacturing,Priya Sharma,Referral,23-07-2025,62388.67,Lost,Phone,1
4822,CUST5822,Kimberly Gonzales,Mumbai,Manufacturing,Rahul Verma,LinkedIn,19-11-2025,10797.16,Won,Phone,2
4823,CUST5823,Rickey Gordon Jr.,Mumbai,Retail,Kiran Das,Advertisement,22-11-2025,44056.36,Open,Phone,8
4824,CUST5824,Debra Lewis,Bangalore,IT,Rahul Verma,Advertisement,29-04-2026,55904.09,Open,Phone,6
4825,CUST5825,Jennifer Lopez,Hyderabad,Finance,Priya Sharma,Event,18-06-2026,86669.15,Open,Meeting,5
4826,CUST5826,Daniel Zuniga,Delhi,Retail,Kiran Das,LinkedIn,26-09-2025,16726.03,Lost,Email,5
4827,CUST5827,Mark Sexton,Chennai,Retail,Kiran Das,LinkedIn,26-08-2025,23590.01,Open,Meeting,8
4828,CUST5828,Dr. Neil Velasquez MD,Hyderabad,Healthcare,Priya Sharma,Referral,23-01-2026,78294.52,Won,Email,5
4829,CUST5829,Connie Johnson,Chennai,Healthcare,Priya Sharma,Event,22-03-2026,9072.34,Won,Email,1
4830,CUST5830,Mary Brown,Hyderabad,Healthcare,Priya Sharma,Advertisement,14-05-2026,48969.48,Lost,Phone,4
4831,CUST5831,Ryan Brooks DDS,Pune,Healthcare,Anjali Rao,Advertisement,25-04-2026,20739.74,Open,Meeting,6
4832,CUST5832,Alexander Smith,Mumbai,Retail,Anjali Rao,Website,25-01-2026,92824.99,Lost,Email,10
4833,CUST5833,Vanessa Carroll,Mumbai,Manufacturing,Anjali Rao,Advertisement,22-10-2025,16653.54,Lost,Phone,6
4834,CUST5834,Thomas Fletcher,Chennai,Manufacturing,Kiran Das,LinkedIn,31-08-2025,9456.74,Lost,Phone,2
4835,CUST5835,Angela Padilla,Hyderabad,Manufacturing,Anjali Rao,Advertisement,18-12-2025,71833.48,Open,Meeting,2
4836,CUST5836,Harry Wilson,Chennai,Healthcare,Rahul Verma,Website,06-03-2026,75450.86,Won,Email,1
4837,CUST5837,William Byrd,Mumbai,Healthcare,Priya Sharma,Referral,24-05-2026,57110.44,Lost,Meeting,6
4838,CUST5838,Patricia Tanner,Chennai,Finance,Rahul Verma,Advertisement,01-08-2025,38111.05,Lost,Meeting,2
4839,CUST5839,Erica Jacobs MD,Pune,IT,Priya Sharma,Advertisement,13-05-2026,67563.22,Won,Meeting,5
4840,CUST5840,Emily Anderson,Chennai,Retail,Kiran Das,Advertisement,05-03-2026,40379.89,Lost,Meeting,1
4841,CUST5841,Omar Fox,Mumbai,IT,Kiran Das,Referral,17-04-2026,79697.86,Lost,Email,9
4842,CUST5842,Thomas Hayes,Hyderabad,Finance,Priya Sharma,Referral,31-01-2026,61844.6,Won,Email,9
4843,CUST5843,Tammy Alvarez,Pune,Healthcare,Rahul Verma,Event,10-01-2026,34599.38,Lost,Email,10
4844,CUST5844,Karina Brown,Bangalore,Retail,Kiran Das,Website,06-10-2025,57918.69,Open,Phone,5
4845,CUST5845,Brianna Martinez,Delhi,Retail,Kiran Das,Website,11-01-2026,68647.77,Won,Meeting,10
4846,CUST5846,Patrick Perez,Hyderabad,Healthcare,Anjali Rao,Referral,21-03-2026,44879.03,Won,Email,3
4847,CUST5847,Heather Moody,Pune,Manufacturing,Rahul Verma,Event,23-07-2025,40049.99,Lost,Meeting,9
4848,CUST5848,Michele Williams,Chennai,Retail,Kiran Das,LinkedIn,09-09-2025,79913.52,Won,Meeting,4
4849,CUST5849,Kevin Haney,Chennai,Retail,Kiran Das,Event,26-05-2026,85175.88,Won,Email,6
4850,CUST5850,Jason Jackson,Hyderabad,Retail,Rahul Verma,Referral,12-08-2025,67749.17,Won,Phone,10
4851,CUST5851,Shawn Hayes,Delhi,Retail,Kiran Das,Advertisement,24-06-2026,44618.83,Won,Meeting,6
4852,CUST5852,David Tran,Pune,Manufacturing,Kiran Das,LinkedIn,21-11-2025,80355.04,Open,Phone,4
4853,CUST5853,Mike Howell,Pune,Healthcare,Rahul Verma,Referral,26-07-2025,21856.68,Open,Meeting,2
4854,CUST5854,Bobby Davis,Mumbai,Healthcare,Rahul Verma,Website,17-12-2025,23649.36,Open,Phone,2
4855,CUST5855,Jordan Nichols,Chennai,Retail,Priya Sharma,Website,27-11-2025,84414.83,Lost,Meeting,1
4856,CUST5856,Amanda Lee,Pune,Finance,Priya Sharma,Referral,29-09-2025,89052.55,Lost,Phone,1
4857,CUST5857,Kevin Jarvis,Pune,Finance,Rahul Verma,Website,14-09-2025,95310.12,Open,Email,2
4858,CUST5858,Brandon Perez,Pune,Healthcare,Rahul Verma,Referral,11-09-2025,85841.93,Lost,Email,4
4859,CUST5859,Justin French,Bangalore,Healthcare,Kiran Das,Referral,22-04-2026,40773.16,Won,Meeting,9
4860,CUST5860,Austin Huff,Bangalore,Manufacturing,Rahul Verma,Website,30-12-2025,21494.33,Lost,Email,1
4861,CUST5861,Gail Perkins,Hyderabad,Finance,Kiran Das,LinkedIn,30-03-2026,19775.76,Won,Email,10
4862,CUST5862,Sarah Alexander,Chennai,IT,Kiran Das,Advertisement,04-01-2026,66104.64,Open,Phone,9
4863,CUST5863,Jeffrey Leonard,Delhi,Healthcare,Kiran Das,Referral,31-03-2026,39060.67,Open,Meeting,6
4864,CUST5864,Daniel Lopez,Hyderabad,IT,Anjali Rao,LinkedIn,02-01-2026,42505.77,Open,Meeting,1
4865,CUST5865,Margaret Wagner,Pune,Finance,Anjali Rao,LinkedIn,07-03-2026,58377.81,Lost,Meeting,7
4866,CUST5866,Dr. John Flores,Pune,IT,Anjali Rao,Referral,18-07-2025,31728.53,Open,Phone,9
4867,CUST5867,Anita Leblanc,Pune,Retail,Rahul Verma,Event,06-10-2025,44478.2,Won,Meeting,3
4868,CUST5868,James Lambert,Bangalore,Finance,Kiran Das,Referral,30-10-2025,18318.52,Lost,Meeting,10
4869,CUST5869,Shawn Moore,Chennai,IT,Kiran Das,Website,13-03-2026,47185.89,Won,Phone,10
4870,CUST5870,Alexandra Klein,Hyderabad,Healthcare,Rahul Verma,Website,12-09-2025,18897.94,Won,Phone,6
4871,CUST5871,William Hamilton,Chennai,Healthcare,Anjali Rao,Advertisement,07-06-2026,29960.97,Won,Phone,8
4872,CUST5872,Charlene Pennington,Hyderabad,Finance,Rahul Verma,Advertisement,17-11-2025,83628.9,Won,Meeting,5
4873,CUST5873,Christine Vasquez,Pune,IT,Kiran Das,Website,21-12-2025,64442.54,Lost,Phone,6
4874,CUST5874,David Cox,Bangalore,Finance,Rahul Verma,LinkedIn,17-05-2026,80347.72,Open,Email,9
4875,CUST5875,Vickie Collins,Delhi,Healthcare,Rahul Verma,Event,26-03-2026,15288.16,Won,Email,7
4876,CUST5876,Jasmine Fisher,Pune,Finance,Rahul Verma,Referral,16-05-2026,13861.65,Open,Phone,6
4877,CUST5877,Anthony Pratt,Bangalore,Finance,Kiran Das,Advertisement,26-07-2025,17432.49,Won,Phone,9
4878,CUST5878,Gregory Orozco,Mumbai,Retail,Kiran Das,Website,27-01-2026,30635.67,Won,Meeting,3
4879,CUST5879,Rebecca Ruiz,Mumbai,IT,Kiran Das,LinkedIn,31-10-2025,52536.94,Lost,Meeting,1
4880,CUST5880,Jeffrey Mason,Bangalore,Finance,Anjali Rao,Website,15-07-2025,49557.68,Open,Meeting,5
4881,CUST5881,Paul Trujillo MD,Pune,Retail,Priya Sharma,Event,26-09-2025,27631.45,Lost,Email,4
4882,CUST5882,James Pace,Chennai,Manufacturing,Priya Sharma,LinkedIn,14-10-2025,97511.03,Lost,Meeting,10
4883,CUST5883,Valerie Wright,Bangalore,Healthcare,Priya Sharma,Event,23-06-2026,6161.79,Won,Phone,4
4884,CUST5884,Jason Robinson,Delhi,Retail,Rahul Verma,Advertisement,14-07-2025,94958.13,Open,Meeting,2
4885,CUST5885,Wendy Hoffman,Delhi,Finance,Anjali Rao,Website,27-03-2026,79703.68,Lost,Phone,10
4886,CUST5886,Eduardo May,Delhi,Finance,Anjali Rao,Advertisement,17-05-2026,66779.58,Lost,Meeting,3
4887,CUST5887,David Rowland,Mumbai,Retail,Rahul Verma,Referral,26-09-2025,75398.66,Won,Meeting,3
4888,CUST5888,Carlos Merritt,Delhi,IT,Rahul Verma,Referral,10-09-2025,18172.26,Lost,Meeting,7
4889,CUST5889,Angela Anthony,Chennai,Manufacturing,Kiran Das,Website,11-08-2025,46847.23,Won,Meeting,2
4890,CUST5890,Amy Dixon,Mumbai,Manufacturing,Rahul Verma,Event,24-01-2026,36668.94,Lost,Phone,3
4891,CUST5891,April White,Pune,Finance,Anjali Rao,Advertisement,29-07-2025,95819.2,Open,Phone,3
4892,CUST5892,Mary Carr,Chennai,Healthcare,Priya Sharma,Website,11-07-2025,98485.09,Open,Phone,2
4893,CUST5893,Patricia Simmons,Mumbai,Finance,Kiran Das,Advertisement,26-08-2025,74114.54,Won,Meeting,5
4894,CUST5894,Jeremy White,Hyderabad,Finance,Rahul Verma,LinkedIn,12-02-2026,66718.1,Lost,Email,9
4895,CUST5895,Christine Ayala,Pune,Finance,Kiran Das,Advertisement,09-11-2025,53920.19,Open,Email,9
4896,CUST5896,Erika Armstrong,Hyderabad,Manufacturing,Rahul Verma,Advertisement,02-09-2025,21185.38,Open,Meeting,1
4897,CUST5897,Jennifer Harper,Hyderabad,IT,Rahul Verma,Advertisement,17-07-2025,8853.78,Open,Phone,2
4898,CUST5898,John Wright,Mumbai,Manufacturing,Priya Sharma,Website,20-03-2026,19412.79,Open,Email,5
4899,CUST5899,John Clay,Delhi,Finance,Rahul Verma,Event,23-07-2025,53616.75,Lost,Meeting,5
4900,CUST5900,Cathy Stevens,Bangalore,Retail,Kiran Das,Advertisement,12-02-2026,40837.63,Won,Email,1
4901,CUST5901,Karen Simpson,Pune,Healthcare,Kiran Das,Referral,16-10-2025,13725.16,Won,Email,1
4902,CUST5902,Shawn Johnson,Mumbai,Finance,Anjali Rao,Website,14-07-2025,18988.82,Lost,Email,7
4903,CUST5903,Gregory Morgan,Bangalore,Finance,Rahul Verma,Website,26-10-2025,58164.45,Open,Email,6
4904,CUST5904,Michael Mcpherson,Hyderabad,Healthcare,Rahul Verma,Event,12-02-2026,46515.53,Open,Email,3
4905,CUST5905,Michelle Herrera,Bangalore,Finance,Priya Sharma,Referral,06-12-2025,60811.87,Open,Email,1
4906,CUST5906,David Palmer,Chennai,Healthcare,Priya Sharma,LinkedIn,22-02-2026,22097.71,Won,Phone,3
4907,CUST5907,Joseph Thomas,Mumbai,Finance,Kiran Das,Advertisement,24-06-2025,39778.29,Open,Email,5
4908,CUST5908,James Jones,Chennai,Finance,Anjali Rao,Event,23-05-2026,78450.86,Lost,Email,8
4909,CUST5909,Sherri Joseph,Bangalore,Manufacturing,Anjali Rao,Referral,04-08-2025,94581.27,Won,Email,10
4910,CUST5910,Thomas Valentine III,Hyderabad,Retail,Anjali Rao,Website,07-07-2025,18333.95,Won,Phone,4
4911,CUST5911,Theresa Byrd,Hyderabad,Retail,Kiran Das,Event,29-04-2026,59830.63,Lost,Email,2
4912,CUST5912,Meredith Williams,Delhi,Retail,Priya Sharma,LinkedIn,22-07-2025,84573.29,Lost,Phone,7
4913,CUST5913,Ashley Terrell,Delhi,Retail,Rahul Verma,LinkedIn,08-04-2026,7585.3,Won,Phone,10
4914,CUST5914,Christina Stevenson,Mumbai,Manufacturing,Priya Sharma,Advertisement,15-08-2025,26880.56,Lost,Meeting,1
4915,CUST5915,Julie Meyers,Mumbai,IT,Anjali Rao,Referral,06-03-2026,47474.89,Lost,Meeting,4
4916,CUST5916,Eric Randall,Hyderabad,Finance,Anjali Rao,Referral,28-02-2026,41434.29,Open,Phone,9
4917,CUST5917,Matthew Dominguez,Mumbai,Retail,Priya Sharma,Advertisement,27-02-2026,46680.11,Won,Email,10
4918,CUST5918,John Camacho,Delhi,Manufacturing,Anjali Rao,LinkedIn,05-06-2026,9756.48,Won,Meeting,7
4919,CUST5919,Matthew Richards,Bangalore,Healthcare,Anjali Rao,Event,21-02-2026,7903.11,Open,Email,9
4920,CUST5920,Danielle Odonnell,Pune,Retail,Anjali Rao,Advertisement,05-12-2025,36184.16,Open,Meeting,9
4921,CUST5921,Annette Malone,Hyderabad,Manufacturing,Priya Sharma,LinkedIn,30-12-2025,13363.45,Won,Phone,7
4922,CUST5922,John Riley,Delhi,Manufacturing,Priya Sharma,Advertisement,31-07-2025,35157.5,Lost,Phone,7
4923,CUST5923,Dana Meyer,Bangalore,Finance,Kiran Das,Advertisement,22-01-2026,40855.7,Won,Meeting,6
4924,CUST5924,Margaret Wright,Pune,IT,Anjali Rao,LinkedIn,13-03-2026,30604.09,Lost,Email,1
4925,CUST5925,Madeline Trujillo,Pune,Manufacturing,Priya Sharma,Advertisement,10-08-2025,69731.89,Lost,Phone,4
4926,CUST5926,Christopher Davis,Pune,Finance,Anjali Rao,Referral,06-07-2025,13478.67,Lost,Email,5
4927,CUST5927,Emma Bradford,Hyderabad,Finance,Anjali Rao,LinkedIn,31-05-2026,65961.28,Lost,Email,5
4928,CUST5928,Beverly Hunter,Chennai,Retail,Kiran Das,Event,14-12-2025,23027.19,Open,Phone,2
4929,CUST5929,Brittany Hodge,Bangalore,Retail,Priya Sharma,Website,25-04-2026,76470.28,Lost,Phone,8
4930,CUST5930,Brandy Cooper MD,Chennai,Manufacturing,Priya Sharma,Website,31-08-2025,79323.24,Open,Phone,10
4931,CUST5931,Jason Taylor,Delhi,Healthcare,Kiran Das,Event,12-11-2025,15836.51,Won,Email,10
4932,CUST5932,Brad Paul,Bangalore,Manufacturing,Kiran Das,Website,18-06-2026,28199.57,Lost,Email,7
4933,CUST5933,Seth Fowler,Chennai,Finance,Kiran Das,Event,10-01-2026,33499.27,Open,Phone,4
4934,CUST5934,Andrew Proctor DDS,Pune,Finance,Priya Sharma,Event,31-12-2025,6860.22,Open,Phone,3
4935,CUST5935,Paula Torres,Hyderabad,Retail,Priya Sharma,Event,09-04-2026,46720,Open,Meeting,1
4936,CUST5936,Kimberly Reese,Chennai,Manufacturing,Priya Sharma,LinkedIn,15-08-2025,95879.99,Open,Meeting,5
4937,CUST5937,Nicholas Soto,Pune,Retail,Kiran Das,Website,06-02-2026,12804.67,Won,Meeting,8
4938,CUST5938,Victoria Allen,Hyderabad,IT,Rahul Verma,Website,02-07-2025,81236.25,Open,Phone,7
4939,CUST5939,Mary Burgess,Bangalore,Manufacturing,Priya Sharma,Referral,19-12-2025,11621.6,Won,Meeting,7
4940,CUST5940,Teresa Hopkins,Hyderabad,Retail,Rahul Verma,Event,12-01-2026,27289.85,Open,Meeting,9
4941,CUST5941,Paul Deleon,Hyderabad,IT,Kiran Das,Referral,15-04-2026,78555.05,Lost,Phone,2
4942,CUST5942,Anthony Washington,Hyderabad,Healthcare,Anjali Rao,Website,15-07-2025,92864.88,Won,Meeting,8
4943,CUST5943,Frances Nunez,Chennai,IT,Kiran Das,Referral,09-06-2026,67737.31,Won,Meeting,3
4944,CUST5944,Jaime Fischer,Delhi,Manufacturing,Kiran Das,Referral,22-06-2026,83587.51,Won,Phone,2
4945,CUST5945,Rebecca Rose,Delhi,Healthcare,Kiran Das,LinkedIn,10-06-2026,78850.23,Open,Phone,3
4946,CUST5946,Samantha Perez,Mumbai,Finance,Priya Sharma,Website,27-11-2025,31601.46,Won,Meeting,6
4947,CUST5947,Kim Mcguire,Hyderabad,IT,Kiran Das,Referral,04-05-2026,56979.58,Open,Meeting,5
4948,CUST5948,James Hoover,Mumbai,IT,Anjali Rao,Referral,15-11-2025,80576.42,Won,Phone,6
4949,CUST5949,Brian Thomas,Bangalore,Finance,Anjali Rao,Referral,07-10-2025,10016.75,Won,Meeting,8
4950,CUST5950,James Garcia,Mumbai,Manufacturing,Rahul Verma,Event,28-04-2026,93018.22,Lost,Phone,10
4951,CUST5951,Michelle Stephens,Pune,Healthcare,Rahul Verma,Advertisement,27-05-2026,85265.79,Open,Email,2
4952,CUST5952,Jacqueline Mitchell,Delhi,IT,Anjali Rao,LinkedIn,09-03-2026,93024.45,Lost,Meeting,1
4953,CUST5953,Cory Miller,Mumbai,Retail,Anjali Rao,Referral,07-03-2026,65017.32,Won,Meeting,9
4954,CUST5954,Gregory Mendez,Chennai,IT,Anjali Rao,LinkedIn,28-11-2025,45326.36,Lost,Email,7
4955,CUST5955,Christopher Adkins,Chennai,Manufacturing,Rahul Verma,Event,05-05-2026,19444.22,Won,Phone,3
4956,CUST5956,Lisa Baker,Mumbai,Finance,Anjali Rao,Event,09-11-2025,20413.41,Open,Phone,6
4957,CUST5957,Joshua Fuentes,Mumbai,Healthcare,Rahul Verma,Referral,04-06-2026,92618.98,Lost,Email,4
4958,CUST5958,Jenny Peterson,Hyderabad,IT,Anjali Rao,Website,14-02-2026,76456.68,Won,Meeting,7
4959,CUST5959,Victoria Pearson,Chennai,Manufacturing,Priya Sharma,Advertisement,04-06-2026,72131.7,Open,Phone,10
4960,CUST5960,Colton Kelly II,Chennai,Manufacturing,Anjali Rao,LinkedIn,28-02-2026,98968.24,Lost,Phone,3
4961,CUST5961,Patricia Lewis,Hyderabad,Finance,Rahul Verma,Referral,28-05-2026,76924.75,Won,Phone,1
4962,CUST5962,Linda Palmer,Pune,Manufacturing,Priya Sharma,Website,27-03-2026,44141.4,Won,Phone,6
4963,CUST5963,Steven Lynch,Mumbai,Manufacturing,Rahul Verma,Advertisement,24-12-2025,40459.27,Open,Phone,10
4964,CUST5964,Jerry Shaw,Bangalore,Healthcare,Rahul Verma,Event,01-05-2026,11387.61,Lost,Email,8
4965,CUST5965,Cynthia Bryant,Chennai,Manufacturing,Kiran Das,Event,14-11-2025,62627.98,Lost,Meeting,8
4966,CUST5966,Jason Miller,Mumbai,Retail,Priya Sharma,Event,30-03-2026,83062.86,Open,Email,4
4967,CUST5967,Russell Edwards,Bangalore,Healthcare,Kiran Das,Event,17-11-2025,64712.19,Won,Email,3
4968,CUST5968,Brandy Thomas,Chennai,IT,Priya Sharma,Website,29-06-2025,10119.17,Open,Phone,2
4969,CUST5969,Kimberly Patterson,Hyderabad,IT,Rahul Verma,Event,03-03-2026,35793.55,Lost,Email,6
4970,CUST5970,Tyler Diaz,Bangalore,Manufacturing,Anjali Rao,Advertisement,21-05-2026,78557.44,Won,Email,1
4971,CUST5971,Tyler Strickland,Chennai,Healthcare,Anjali Rao,Event,11-10-2025,8948.34,Won,Phone,5
4972,CUST5972,Kristen Mccall,Bangalore,Finance,Priya Sharma,Advertisement,24-03-2026,35585.54,Lost,Phone,2
4973,CUST5973,Allen Cortez,Mumbai,Manufacturing,Anjali Rao,Advertisement,28-02-2026,65864.13,Open,Email,5
4974,CUST5974,David Roberts,Bangalore,Manufacturing,Rahul Verma,Event,02-07-2025,98621.43,Won,Phone,8
4975,CUST5975,Michael Watson,Delhi,Finance,Anjali Rao,Website,29-09-2025,65985.85,Lost,Meeting,8
4976,CUST5976,Aaron Smith,Bangalore,Finance,Rahul Verma,LinkedIn,29-01-2026,38899.08,Won,Email,10
4977,CUST5977,Alexander Hanson,Delhi,Retail,Priya Sharma,LinkedIn,04-07-2025,36001.99,Open,Phone,8
4978,CUST5978,Brian Edwards,Hyderabad,Retail,Rahul Verma,Advertisement,05-07-2025,95228.02,Open,Email,3
4979,CUST5979,Stephanie York,Delhi,IT,Priya Sharma,LinkedIn,25-08-2025,64023.52,Lost,Meeting,1
4980,CUST5980,Philip Curtis,Bangalore,Healthcare,Kiran Das,Referral,30-01-2026,71032.91,Open,Meeting,8
4981,CUST5981,Timothy Perez,Mumbai,Retail,Kiran Das,Advertisement,10-06-2026,37850,Won,Meeting,4
4982,CUST5982,Jennifer Shah,Mumbai,Finance,Rahul Verma,Referral,19-04-2026,54167.53,Lost,Meeting,3
4983,CUST5983,Jack Mills,Pune,Finance,Priya Sharma,Event,02-06-2026,22285.33,Won,Phone,4
4984,CUST5984,Gregory Jordan,Mumbai,Healthcare,Kiran Das,Event,12-05-2026,27075.83,Lost,Phone,6
4985,CUST5985,Vanessa Brown,Chennai,Healthcare,Kiran Das,LinkedIn,26-05-2026,25157.17,Lost,Meeting,5
4986,CUST5986,Cynthia Dickson,Chennai,Manufacturing,Kiran Das,Event,10-12-2025,73160.55,Open,Meeting,7
4987,CUST5987,Erica Smith,Pune,Retail,Rahul Verma,Advertisement,02-09-2025,27296.98,Lost,Meeting,8
4988,CUST5988,Elizabeth Adams,Pune,Healthcare,Rahul Verma,Referral,04-11-2025,40432.09,Open,Email,9
4989,CUST5989,Cody Shepard,Chennai,IT,Priya Sharma,LinkedIn,23-04-2026,55751.73,Won,Phone,2
4990,CUST5990,Russell Livingston,Bangalore,Manufacturing,Kiran Das,Referral,01-06-2026,80176.26,Lost,Phone,7
4991,CUST5991,Stephanie Hall,Chennai,Healthcare,Anjali Rao,LinkedIn,17-09-2025,61590.2,Won,Email,5
4992,CUST5992,Katherine Solis,Chennai,Finance,Rahul Verma,Event,10-05-2026,9498.88,Open,Phone,6
4993,CUST5993,Brandon Romero,Pune,Manufacturing,Anjali Rao,Advertisement,02-10-2025,18392.2,Open,Meeting,5
4994,CUST5994,Ryan Smith,Delhi,Manufacturing,Priya Sharma,Referral,26-05-2026,22614.39,Lost,Meeting,7
4995,CUST5995,Jeffery Coleman,Bangalore,Finance,Kiran Das,Advertisement,03-12-2025,47654.65,Open,Phone,6
4996,CUST5996,Daniel Vargas,Pune,Manufacturing,Anjali Rao,Website,02-10-2025,60479.32,Lost,Meeting,2
4997,CUST5997,Eric Alexander,Bangalore,Manufacturing,Rahul Verma,LinkedIn,24-02-2026,16719.83,Lost,Phone,9
4998,CUST5998,Mark Crawford,Bangalore,Retail,Priya Sharma,Website,05-05-2026,44179.81,Open,Email,3
4999,CUST5999,Larry Cole,Hyderabad,Finance,Rahul Verma,Website,14-02-2026,19895.48,Open,Email,3
5000,CUST6000,Charles Stevens,Chennai,IT,Rahul Verma,LinkedIn,01-06-2026,8412.49,Won,Meeting,5
