OrderID,OrderDate,Product,Category,Quantity,UnitPrice,Store
100001,13-06-2026,Mouse,Accessories,1,700,Bengaluru
100002,27-01-2026,Router,Networking,2,4500,Mumbai
100003,25-02-2026,Monitor,Electronics,9,15000,Kolkata
100004,26-02-2026,Webcam,Electronics,10,3200,Bengaluru
100005,28-06-2026,USB Drive,Accessories,6,800,Pune
100006,27-01-2026,Mouse,Accessories,7,700,Chennai
100007,12-01-2026,Webcam,Electronics,9,3200,Mumbai
100008,22-05-2026,Printer,Electronics,10,9000,Hyderabad
100009,18-01-2026,Laptop,Electronics,4,65000,Hyderabad
100010,26-01-2026,USB Drive,Accessories,5,800,Bengaluru
100011,05-04-2026,Headphones,Accessories,4,2500,Mumbai
100012,05-06-2026,Keyboard,Accessories,9,1200,Kolkata
100013,11-03-2026,Router,Networking,4,4500,Delhi
100014,28-02-2026,Laptop,Electronics,6,65000,Pune
100015,24-02-2026,Webcam,Electronics,7,3200,Bengaluru
100016,09-03-2026,Keyboard,Accessories,4,1200,Kolkata
100017,30-05-2026,USB Drive,Accessories,6,800,Ahmedabad
100018,24-01-2026,Laptop,Electronics,2,65000,Kolkata
100019,02-06-2026,Mouse,Accessories,7,700,Chennai
100020,22-05-2026,Laptop,Electronics,2,65000,Chennai
100021,14-06-2026,Headphones,Accessories,2,2500,Delhi
100022,09-03-2026,Router,Networking,3,4500,Chennai
100023,13-06-2026,Router,Networking,10,4500,Bengaluru
100024,19-05-2026,Router,Networking,1,4500,Mumbai
100025,03-04-2026,Printer,Electronics,4,9000,Mumbai
100026,22-01-2026,Webcam,Electronics,2,3200,Bengaluru
100027,02-02-2026,Webcam,Electronics,9,3200,Kolkata
100028,24-02-2026,Router,Networking,4,4500,Pune
100029,23-04-2026,Router,Networking,8,4500,Pune
100030,06-01-2026,SSD,Storage,9,6000,Mumbai
100031,11-06-2026,Laptop,Electronics,4,65000,Pune
100032,19-01-2026,Router,Networking,4,4500,Bengaluru
100033,27-05-2026,SSD,Storage,8,6000,Kolkata
100034,18-02-2026,Mouse,Accessories,2,700,Kolkata
100035,30-04-2026,Laptop,Electronics,2,65000,Mumbai
100036,05-03-2026,Monitor,Electronics,4,15000,Bengaluru
100037,13-03-2026,Webcam,Electronics,4,3200,Mumbai
100038,13-01-2026,Router,Networking,1,4500,Hyderabad
100039,12-02-2026,USB Drive,Accessories,8,800,Delhi
100040,12-02-2026,USB Drive,Accessories,1,800,Ahmedabad
100041,15-03-2026,USB Drive,Accessories,9,800,Hyderabad
100042,17-03-2026,Monitor,Electronics,1,15000,Pune
100043,15-01-2026,Laptop,Electronics,10,65000,Bengaluru
100044,15-01-2026,Router,Networking,2,4500,Mumbai
100045,22-06-2026,Monitor,Electronics,7,15000,Hyderabad
100046,29-05-2026,SSD,Storage,1,6000,Pune
100047,08-03-2026,Monitor,Electronics,6,15000,Chennai
100048,28-04-2026,Headphones,Accessories,,2500,Mumbai
100049,19-01-2026,Router,Networking,4,4500,Pune
100050,18-01-2026,Monitor,Electronics,6,15000,Chennai
100051,06-06-2026,Router,Networking,1,4500,Mumbai
100052,04-02-2026,Printer,Electronics,2,9000,Bengaluru
100053,11-03-2026,Printer,Electronics,10,9000,Chennai
100054,10-05-2026,Webcam,Electronics,5,3200,Mumbai
100055,12-06-2026,USB Drive,Accessories,5,800,Bengaluru
100056,13-06-2026,Printer,Electronics,3,9000,Kolkata
100057,24-05-2026,Laptop,Electronics,2,65000,Bengaluru
100058,20-05-2026,Laptop,Electronics,6,65000,Bengaluru
100059,11-01-2026,Printer,Electronics,6,9000,Delhi
100060,02-04-2026,Monitor,Electronics,4,15000,Kolkata
100061,08-06-2026,Keyboard,Accessories,4,1200,Bengaluru
100062,16-04-2026,Laptop,Electronics,3,65000,Kolkata
100063,21-06-2026,Monitor,Electronics,5,15000,Kolkata
100064,10-01-2026,Webcam,Electronics,4,3200,Pune
100065,20-03-2026,Monitor,Electronics,4,15000,Pune
100066,13-03-2026,Mouse,Accessories,5,700,Pune
100067,08-01-2026,Mouse,Accessories,5,700,Chennai
100068,10-01-2026,Mouse,Accessories,10,700,Pune
100069,22-04-2026,SSD,Storage,9,6000,Hyderabad
100070,07-03-2026,Laptop,Electronics,,65000,Hyderabad
100071,04-04-2026,USB Drive,Accessories,2,800,Pune
100072,19-06-2026,Mouse,Accessories,5,700,Pune
100073,14-04-2026,Printer,Electronics,9,9000,Kolkata
100074,23-06-2026,Keyboard,Accessories,10,1200,Delhi
100075,19-03-2026,Printer,Electronics,4,9000,Pune
100076,30-04-2026,Webcam,Electronics,8,3200,Bengaluru
100077,18-06-2026,Mouse,Accessories,5,700,Pune
100078,24-01-2026,Monitor,Electronics,5,15000,Delhi
100079,12-01-2026,Monitor,Electronics,8,15000,Ahmedabad
100080,17-04-2026,SSD,Storage,4,6000,Kolkata
100081,04-03-2026,Keyboard,Accessories,1,1200,Mumbai
100082,19-04-2026,Monitor,Electronics,3,15000,Ahmedabad
100083,13-01-2026,Router,Networking,4,4500,Bengaluru
100084,29-04-2026,Router,Networking,9,4500,Ahmedabad
100085,06-06-2026,Router,Networking,7,4500,Bengaluru
100086,02-05-2026,Webcam,Electronics,5,3200,Chennai
100087,14-05-2026,Webcam,Electronics,4,3200,Chennai
100088,02-03-2026,Printer,Electronics,6,9000,Bengaluru
100089,08-02-2026,Monitor,Electronics,7,15000,Mumbai
100090,17-04-2026,USB Drive,Accessories,6,800,Hyderabad
100091,18-04-2026,USB Drive,Accessories,10,800,Kolkata
100092,03-05-2026,Laptop,Electronics,6,65000,Kolkata
100093,18-05-2026,Router,Networking,10,4500,Chennai
100094,22-04-2026,Webcam,Electronics,1,3200,Kolkata
100095,12-02-2026,Webcam,Electronics,3,3200,Kolkata
100096,01-06-2026,SSD,Storage,1,6000,Ahmedabad
100097,16-02-2026,Laptop,Electronics,5,65000,Pune
100098,28-03-2026,USB Drive,Accessories,5,800,Chennai
100099,21-01-2026,Webcam,Electronics,1,3200,Pune
100100,27-02-2026,Mouse,Accessories,1,700,Hyderabad
100101,06-01-2026,SSD,Storage,3,6000,Mumbai
100102,25-05-2026,Monitor,Electronics,8,15000,Bengaluru
100103,05-06-2026,SSD,Storage,2,6000,Chennai
100104,28-01-2026,SSD,Storage,1,6000,Kolkata
100105,12-04-2026,Monitor,Electronics,2,15000,Hyderabad
100106,27-01-2026,Printer,Electronics,10,9000,Delhi
100107,30-03-2026,Router,Networking,7,4500,Pune
100108,04-01-2026,USB Drive,Accessories,8,800,Ahmedabad
100109,09-02-2026,USB Drive,Accessories,3,800,Chennai
100110,07-06-2026,Router,Networking,8,4500,Chennai
100111,24-03-2026,Monitor,Electronics,2,15000,Ahmedabad
100112,26-05-2026,SSD,Storage,7,6000,Pune
100113,16-02-2026,Webcam,Electronics,4,3200,Chennai
100114,02-06-2026,Printer,Electronics,9,9000,Mumbai
100115,03-03-2026,USB Drive,Accessories,8,800,Ahmedabad
100116,15-06-2026,Webcam,Electronics,8,3200,Hyderabad
100117,14-04-2026,Monitor,Electronics,5,15000,Pune
100118,19-04-2026,Router,Networking,6,4500,Chennai
100119,06-03-2026,Monitor,Electronics,2,15000,Bengaluru
100120,19-02-2026,Monitor,Electronics,8,15000,Chennai
100121,26-01-2026,Monitor,Electronics,5,15000,Delhi
100122,17-05-2026,Keyboard,Accessories,5,1200,Chennai
100123,28-06-2026,Keyboard,Accessories,8,1200,Chennai
100124,01-05-2026,Webcam,Electronics,8,3200,Chennai
100125,03-05-2026,Mouse,Accessories,2,700,Delhi
100126,08-02-2026,Keyboard,Accessories,10,1200,Hyderabad
100127,31-01-2026,Router,Networking,7,4500,Hyderabad
100128,14-05-2026,USB Drive,Accessories,8,800,Kolkata
100129,20-03-2026,SSD,Storage,10,6000,Mumbai
100130,23-02-2026,Monitor,Electronics,5,15000,Bengaluru
100131,22-05-2026,Mouse,Accessories,,700,Ahmedabad
100132,16-03-2026,Laptop,Electronics,4,65000,Ahmedabad
100133,19-01-2026,Monitor,Electronics,5,15000,Hyderabad
100134,19-04-2026,Mouse,Accessories,9,700,Chennai
100135,06-02-2026,Mouse,Accessories,1,700,Chennai
100136,23-04-2026,Mouse,Accessories,8,700,Chennai
100137,09-05-2026,Router,Networking,8,4500,Kolkata
100138,24-03-2026,SSD,Storage,5,6000,Delhi
100139,22-06-2026,Printer,Electronics,10,9000,Ahmedabad
100140,13-05-2026,Webcam,Electronics,5,3200,Ahmedabad
100141,24-01-2026,Webcam,Electronics,6,3200,Mumbai
100142,11-02-2026,Headphones,Accessories,7,2500,Kolkata
100143,21-05-2026,Laptop,Electronics,8,65000,Mumbai
100144,14-04-2026,Router,Networking,1,4500,Kolkata
100145,14-01-2026,Monitor,Electronics,9,15000,Ahmedabad
100146,14-01-2026,Monitor,Electronics,5,15000,Ahmedabad
100147,28-06-2026,Webcam,Electronics,2,3200,Hyderabad
100148,10-02-2026,Printer,Electronics,9,9000,Hyderabad
100149,30-01-2026,Webcam,Electronics,2,3200,Chennai
100150,11-05-2026,Printer,Electronics,7,9000,Hyderabad
100151,27-04-2026,Router,Networking,3,4500,Bengaluru
100152,18-01-2026,Printer,Electronics,7,9000,Chennai
100153,01-01-2026,Printer,Electronics,5,9000,Ahmedabad
100154,08-02-2026,Webcam,Electronics,9,3200,Kolkata
100155,27-04-2026,Headphones,Accessories,4,2500,Kolkata
100156,01-03-2026,USB Drive,Accessories,1,800,Kolkata
100157,09-04-2026,Keyboard,Accessories,8,1200,Pune
100158,26-01-2026,Webcam,Electronics,2,3200,Bengaluru
100159,15-04-2026,Keyboard,Accessories,2,1200,Pune
100160,09-06-2026,USB Drive,Accessories,2,800,Kolkata
100161,23-03-2026,Webcam,Electronics,9,3200,Chennai
100162,28-02-2026,Mouse,Accessories,7,700,Mumbai
100163,24-04-2026,Keyboard,Accessories,5,1200,Delhi
100164,17-03-2026,Headphones,Accessories,6,2500,Kolkata
100165,25-05-2026,Keyboard,Accessories,3,1200,Kolkata
100166,08-06-2026,Monitor,Electronics,8,15000,Ahmedabad
100167,13-06-2026,Printer,Electronics,8,,Ahmedabad
100168,15-03-2026,Router,Networking,3,4500,Chennai
100169,13-06-2026,USB Drive,Accessories,5,800,Kolkata
100170,04-05-2026,Mouse,Accessories,4,700,Chennai
100171,29-06-2026,Printer,Electronics,1,9000,Chennai
100172,03-01-2026,SSD,Storage,1,6000,Chennai
100173,28-02-2026,SSD,Storage,6,6000,Chennai
100174,23-06-2026,Keyboard,Accessories,2,1200,Chennai
100175,23-04-2026,Laptop,Electronics,10,65000,Chennai
100176,25-03-2026,USB Drive,Accessories,3,800,Pune
100177,16-05-2026,Router,Networking,5,4500,Ahmedabad
100178,17-03-2026,Headphones,Accessories,2,2500,Hyderabad
100179,23-06-2026,USB Drive,Accessories,9,800,Delhi
100180,09-03-2026,Router,Networking,2,4500,Chennai
100181,30-05-2026,USB Drive,Accessories,6,800,Delhi
100182,08-06-2026,Router,Networking,6,4500,Mumbai
100183,12-06-2026,Webcam,Electronics,5,3200,Delhi
100184,10-01-2026,Printer,Electronics,8,9000,Bengaluru
100185,10-04-2026,Webcam,Electronics,6,3200,Kolkata
100186,31-05-2026,Keyboard,Accessories,7,1200,Kolkata
100187,13-03-2026,Laptop,Electronics,6,65000,Hyderabad
100188,03-04-2026,Mouse,Accessories,6,700,Pune
100189,16-01-2026,USB Drive,Accessories,5,800,Ahmedabad
100190,24-01-2026,Monitor,Electronics,10,15000,Pune
100191,04-03-2026,Keyboard,Accessories,10,1200,Hyderabad
100192,31-05-2026,Monitor,Electronics,4,15000,Delhi
100193,12-03-2026,Keyboard,Accessories,3,1200,Mumbai
100194,19-06-2026,Laptop,Electronics,3,65000,Hyderabad
100195,31-05-2026,Headphones,Accessories,1,2500,Kolkata
100196,15-05-2026,Mouse,Accessories,2,700,Mumbai
100197,26-04-2026,Router,Networking,4,4500,Chennai
100198,28-04-2026,Laptop,Electronics,1,65000,Kolkata
100199,25-06-2026,Mouse,Accessories,8,700,Mumbai
100200,24-03-2026,SSD,Storage,3,6000,Pune
100201,08-04-2026,SSD,Storage,9,6000,Kolkata
100202,26-01-2026,Mouse,Accessories,9,700,Ahmedabad
100203,28-02-2026,USB Drive,Accessories,6,800,Mumbai
100204,22-03-2026,USB Drive,Accessories,6,800,Bengaluru
100205,25-06-2026,Webcam,Electronics,2,3200,Kolkata
100206,25-01-2026,Headphones,Accessories,3,2500,Pune
100207,21-06-2026,Mouse,Accessories,7,700,Kolkata
100208,14-01-2026,Printer,Electronics,10,9000,Hyderabad
100209,09-02-2026,Webcam,Electronics,4,3200,Pune
100210,30-01-2026,Printer,Electronics,10,9000,Delhi
100211,05-06-2026,Printer,Electronics,1,9000,Chennai
100212,28-03-2026,Headphones,Accessories,1,2500,Kolkata
100213,18-01-2026,Keyboard,Accessories,1,1200,Kolkata
100214,18-04-2026,Webcam,Electronics,6,3200,Pune
100215,26-05-2026,SSD,Storage,2,6000,Delhi
100216,22-06-2026,Mouse,Accessories,5,700,Ahmedabad
100217,17-04-2026,Printer,Electronics,4,9000,Kolkata
100218,29-01-2026,Printer,Electronics,10,9000,Delhi
100219,26-02-2026,USB Drive,Accessories,10,800,Hyderabad
100220,05-02-2026,Printer,Electronics,5,,Kolkata
100221,14-02-2026,Keyboard,Accessories,7,1200,Pune
100222,19-01-2026,USB Drive,Accessories,1,800,Mumbai
100223,22-03-2026,SSD,Storage,7,6000,Kolkata
100224,16-03-2026,Mouse,Accessories,7,700,Ahmedabad
100225,26-06-2026,Headphones,Accessories,2,2500,Kolkata
100226,31-05-2026,USB Drive,Accessories,9,800,Pune
100227,26-02-2026,Headphones,Accessories,3,2500,Hyderabad
100228,31-03-2026,Headphones,Accessories,3,2500,Hyderabad
100229,14-02-2026,SSD,Storage,3,6000,Bengaluru
100230,10-06-2026,Webcam,Electronics,8,3200,Ahmedabad
100231,24-06-2026,SSD,Storage,10,6000,Pune
100232,08-02-2026,Webcam,Electronics,2,3200,Chennai
100233,01-06-2026,Laptop,Electronics,6,65000,Ahmedabad
100234,10-01-2026,Laptop,Electronics,6,65000,Mumbai
100235,07-06-2026,SSD,Storage,9,6000,Delhi
100236,26-04-2026,SSD,Storage,4,6000,Bengaluru
100237,16-01-2026,Webcam,Electronics,2,3200,Mumbai
100238,10-05-2026,Keyboard,Accessories,1,1200,Ahmedabad
100239,15-05-2026,Router,Networking,10,4500,Chennai
100240,10-04-2026,USB Drive,Accessories,6,800,Pune
100241,17-01-2026,Headphones,Accessories,2,2500,Chennai
100242,18-06-2026,SSD,Storage,3,6000,Bengaluru
100243,31-03-2026,Printer,Electronics,7,9000,Mumbai
100244,21-03-2026,Router,Networking,7,4500,Bengaluru
100245,21-06-2026,Router,Networking,2,4500,Pune
100246,05-01-2026,Headphones,Accessories,5,2500,Ahmedabad
100247,19-02-2026,Monitor,Electronics,3,15000,Mumbai
100248,10-05-2026,Router,Networking,9,4500,Bengaluru
100249,02-06-2026,USB Drive,Accessories,3,800,Bengaluru
100250,23-04-2026,Laptop,Electronics,7,65000,Ahmedabad
100251,06-06-2026,Printer,Electronics,8,9000,Ahmedabad
100252,19-02-2026,Headphones,Accessories,10,2500,Chennai
100253,08-04-2026,Router,Networking,9,4500,Hyderabad
100254,04-06-2026,Keyboard,Accessories,5,1200,Pune
100255,22-05-2026,Mouse,Accessories,9,700,Bengaluru
100256,11-03-2026,Webcam,Electronics,9,3200,Hyderabad
100257,26-04-2026,Headphones,Accessories,1,2500,Pune
100258,02-03-2026,USB Drive,Accessories,2,800,Mumbai
100259,16-06-2026,Headphones,Accessories,3,2500,Ahmedabad
100260,28-06-2026,Keyboard,Accessories,8,,Mumbai
100261,05-01-2026,Printer,Electronics,4,9000,Kolkata
100262,29-01-2026,Printer,Electronics,4,9000,Kolkata
100263,13-06-2026,SSD,Storage,8,6000,Ahmedabad
100264,02-06-2026,Router,Networking,1,4500,Bengaluru
100265,16-03-2026,USB Drive,Accessories,1,800,Kolkata
100266,17-02-2026,Mouse,Accessories,9,700,Delhi
100267,10-04-2026,Webcam,Electronics,1,3200,Chennai
100268,05-01-2026,Headphones,Accessories,2,2500,Mumbai
100269,29-05-2026,Headphones,Accessories,3,2500,Bengaluru
100270,25-06-2026,Webcam,Electronics,8,3200,Mumbai
100271,28-04-2026,Laptop,Electronics,5,65000,Delhi
100272,22-03-2026,Printer,Electronics,9,9000,Ahmedabad
100273,06-03-2026,Laptop,Electronics,4,65000,Delhi
100274,17-06-2026,Headphones,Accessories,5,2500,Kolkata
100275,23-04-2026,USB Drive,Accessories,6,800,Ahmedabad
100276,05-04-2026,Router,Networking,5,4500,Mumbai
100277,21-04-2026,SSD,Storage,3,6000,Mumbai
100278,25-03-2026,Printer,Electronics,5,9000,Bengaluru
100279,26-06-2026,Webcam,Electronics,6,3200,Pune
100280,07-06-2026,USB Drive,Accessories,5,800,Delhi
100281,20-01-2026,USB Drive,Accessories,6,800,Bengaluru
100282,08-01-2026,Keyboard,Accessories,10,1200,Bengaluru
100283,18-01-2026,Monitor,Electronics,6,15000,Delhi
100284,04-06-2026,Keyboard,Accessories,8,1200,Mumbai
100285,27-05-2026,Keyboard,Accessories,9,1200,Chennai
100286,05-03-2026,Mouse,Accessories,1,700,Kolkata
100287,24-05-2026,Mouse,Accessories,5,700,Hyderabad
100288,06-06-2026,Printer,Electronics,8,9000,Mumbai
100289,26-04-2026,Keyboard,Accessories,8,1200,Pune
100290,20-06-2026,Headphones,Accessories,2,2500,Chennai
100291,10-02-2026,Keyboard,Accessories,6,1200,Hyderabad
100292,05-02-2026,Monitor,Electronics,8,15000,Pune
100293,30-04-2026,Router,Networking,3,4500,Chennai
100294,12-04-2026,Webcam,Electronics,9,3200,Mumbai
100295,02-02-2026,Headphones,Accessories,2,2500,Pune
100296,02-02-2026,Router,Networking,10,4500,Kolkata
100297,09-05-2026,Laptop,Electronics,2,65000,Bengaluru
100298,24-03-2026,Monitor,Electronics,6,15000,Chennai
100299,21-01-2026,Printer,Electronics,4,9000,Bengaluru
100300,10-06-2026,Printer,Electronics,10,9000,Bengaluru
100301,01-06-2026,SSD,Storage,3,6000,Pune
100302,25-05-2026,Laptop,Electronics,1,65000,Chennai
100303,16-06-2026,Monitor,Electronics,10,15000,Ahmedabad
100304,10-06-2026,Router,Networking,5,4500,Hyderabad
100305,25-06-2026,USB Drive,Accessories,5,800,Bengaluru
100306,23-04-2026,USB Drive,Accessories,8,800,Bengaluru
100307,22-03-2026,Headphones,Accessories,6,2500,Pune
100308,12-05-2026,Router,Networking,2,4500,Chennai
100309,26-04-2026,Monitor,Electronics,3,15000,Kolkata
100310,07-06-2026,USB Drive,Accessories,4,800,Pune
100311,28-05-2026,Headphones,Accessories,4,2500,Ahmedabad
100312,08-05-2026,Printer,Electronics,8,9000,Ahmedabad
100313,03-03-2026,Monitor,Electronics,10,15000,Ahmedabad
100314,02-06-2026,Webcam,Electronics,5,3200,Kolkata
100315,04-02-2026,Printer,Electronics,6,9000,Kolkata
100316,14-01-2026,SSD,Storage,9,6000,Mumbai
100317,09-04-2026,Router,Networking,8,4500,Mumbai
100318,02-02-2026,Mouse,Accessories,7,700,Pune
100319,06-02-2026,Monitor,Electronics,10,15000,Delhi
100320,10-01-2026,Keyboard,Accessories,6,1200,Bengaluru
100321,05-06-2026,Router,Networking,3,4500,Bengaluru
100322,11-04-2026,SSD,Storage,5,6000,Ahmedabad
100323,25-05-2026,Printer,Electronics,8,9000,Mumbai
100324,17-04-2026,SSD,Storage,5,6000,Delhi
100325,02-06-2026,Webcam,Electronics,5,3200,Hyderabad
100326,14-01-2026,SSD,Storage,8,6000,Kolkata
100327,07-02-2026,Monitor,Electronics,1,15000,Hyderabad
100328,05-01-2026,Webcam,Electronics,6,3200,Hyderabad
100329,16-04-2026,Router,Networking,10,4500,Delhi
100330,05-02-2026,Router,Networking,4,4500,Ahmedabad
100331,15-05-2026,USB Drive,Accessories,6,800,Pune
100332,20-05-2026,Headphones,Accessories,5,2500,Hyderabad
100333,13-03-2026,Router,Networking,5,4500,Chennai
100334,15-03-2026,Monitor,Electronics,8,15000,Chennai
100335,15-03-2026,Mouse,Accessories,10,700,Kolkata
100336,30-03-2026,Keyboard,Accessories,5,1200,Mumbai
100337,30-03-2026,Webcam,Electronics,5,3200,Chennai
100338,24-05-2026,Printer,Electronics,3,9000,Hyderabad
100339,04-03-2026,Laptop,Electronics,9,65000,Mumbai
100340,16-04-2026,Headphones,Accessories,8,2500,Delhi
100341,21-05-2026,Keyboard,Accessories,7,1200,Ahmedabad
100342,03-05-2026,Monitor,Electronics,5,15000,Mumbai
100343,16-06-2026,SSD,Storage,4,6000,Delhi
100344,14-02-2026,USB Drive,Accessories,3,800,Kolkata
100345,07-05-2026,Keyboard,Accessories,5,,Mumbai
100346,27-03-2026,Printer,Electronics,8,9000,Ahmedabad
100347,04-02-2026,Router,Networking,8,4500,Pune
100348,11-02-2026,Webcam,Electronics,5,3200,Pune
100349,17-03-2026,SSD,Storage,4,6000,Kolkata
100350,20-04-2026,Router,Networking,6,4500,Bengaluru
100351,05-02-2026,Webcam,Electronics,6,,Kolkata
100352,02-03-2026,Webcam,Electronics,5,3200,Delhi
100353,08-03-2026,Headphones,Accessories,4,2500,Chennai
100354,10-02-2026,USB Drive,Accessories,9,800,Chennai
100355,26-06-2026,Mouse,Accessories,5,700,Bengaluru
100356,03-05-2026,Keyboard,Accessories,8,1200,Kolkata
100357,29-06-2026,Router,Networking,8,4500,Hyderabad
100358,05-03-2026,SSD,Storage,2,6000,Pune
100359,20-01-2026,SSD,Storage,2,6000,Hyderabad
100360,27-05-2026,Router,Networking,3,4500,Ahmedabad
100361,30-01-2026,Monitor,Electronics,10,15000,Ahmedabad
100362,15-01-2026,Webcam,Electronics,3,3200,Delhi
100363,24-05-2026,Webcam,Electronics,5,3200,Delhi
100364,25-02-2026,SSD,Storage,2,6000,Mumbai
100365,19-05-2026,Laptop,Electronics,2,65000,Chennai
100366,15-04-2026,Keyboard,Accessories,3,1200,Kolkata
100367,06-04-2026,USB Drive,Accessories,8,800,Kolkata
100368,21-01-2026,Router,Networking,3,4500,Bengaluru
100369,18-05-2026,USB Drive,Accessories,9,800,Delhi
100370,06-01-2026,Printer,Electronics,8,9000,Kolkata
100371,28-02-2026,Monitor,Electronics,8,15000,Mumbai
100372,09-01-2026,USB Drive,Accessories,10,800,Delhi
100373,03-03-2026,Monitor,Electronics,2,15000,Delhi
100374,04-03-2026,Laptop,Electronics,7,65000,Delhi
100375,05-02-2026,Router,Networking,5,4500,Pune
100376,28-05-2026,SSD,Storage,6,6000,Hyderabad
100377,16-04-2026,Printer,Electronics,5,9000,Bengaluru
100378,10-06-2026,USB Drive,Accessories,9,800,Kolkata
100379,15-05-2026,Headphones,Accessories,7,2500,Bengaluru
100380,18-05-2026,Webcam,Electronics,4,3200,Bengaluru
100381,29-04-2026,Laptop,Electronics,9,65000,Bengaluru
100382,10-04-2026,Monitor,Electronics,5,15000,Ahmedabad
100383,05-04-2026,Mouse,Accessories,9,700,Chennai
100384,07-04-2026,SSD,Storage,10,6000,Hyderabad
100385,03-05-2026,Monitor,Electronics,6,15000,Hyderabad
100386,18-02-2026,Mouse,Accessories,8,700,Hyderabad
100387,12-04-2026,Monitor,Electronics,9,15000,Ahmedabad
100388,17-05-2026,Headphones,Accessories,5,2500,Ahmedabad
100389,30-04-2026,Mouse,Accessories,8,700,Hyderabad
100390,05-04-2026,Headphones,Accessories,7,2500,Bengaluru
100391,05-01-2026,Printer,Electronics,9,9000,Kolkata
100392,17-03-2026,Keyboard,Accessories,4,1200,Hyderabad
100393,08-05-2026,Router,Networking,6,4500,Ahmedabad
100394,28-04-2026,Keyboard,Accessories,6,1200,Ahmedabad
100395,17-02-2026,Router,Networking,1,4500,Mumbai
100396,21-06-2026,Laptop,Electronics,1,65000,Hyderabad
100397,18-01-2026,Keyboard,Accessories,1,1200,Delhi
100398,08-06-2026,SSD,Storage,8,6000,Kolkata
100399,04-01-2026,Laptop,Electronics,9,65000,Chennai
100400,05-01-2026,Router,Networking,7,4500,Mumbai
100401,25-01-2026,Router,Networking,3,4500,Chennai
100402,01-04-2026,Printer,Electronics,7,9000,Ahmedabad
100403,25-05-2026,Monitor,Electronics,4,15000,Mumbai
100404,17-06-2026,Laptop,Electronics,2,65000,Ahmedabad
100405,15-01-2026,Laptop,Electronics,3,65000,Pune
100406,25-05-2026,Mouse,Accessories,9,700,Ahmedabad
100407,11-03-2026,Laptop,Electronics,2,65000,Delhi
100408,15-02-2026,Headphones,Accessories,1,2500,Kolkata
100409,20-01-2026,Printer,Electronics,3,9000,Kolkata
100410,23-06-2026,Router,Networking,6,4500,Mumbai
100411,09-05-2026,Headphones,Accessories,1,2500,Mumbai
100412,29-03-2026,SSD,Storage,10,6000,Pune
100413,08-01-2026,Printer,Electronics,8,9000,Kolkata
100414,21-04-2026,Keyboard,Accessories,10,1200,Chennai
100415,05-03-2026,Mouse,Accessories,2,700,Bengaluru
100416,10-04-2026,Headphones,Accessories,6,,Chennai
100417,24-04-2026,Headphones,Accessories,5,2500,Kolkata
100418,25-04-2026,Router,Networking,9,4500,Mumbai
100419,01-04-2026,Router,Networking,2,4500,Kolkata
100420,04-01-2026,Printer,Electronics,7,9000,Hyderabad
100421,27-05-2026,Router,Networking,3,4500,Chennai
100422,19-03-2026,Printer,Electronics,8,9000,Chennai
100423,18-04-2026,Printer,Electronics,8,9000,Hyderabad
100424,10-06-2026,Webcam,Electronics,10,3200,Bengaluru
100425,19-03-2026,Laptop,Electronics,7,65000,Pune
100426,23-04-2026,Headphones,Accessories,7,2500,Bengaluru
100427,18-03-2026,Headphones,Accessories,10,2500,Pune
100428,15-02-2026,USB Drive,Accessories,6,800,Ahmedabad
100429,28-05-2026,Monitor,Electronics,6,15000,Kolkata
100430,04-04-2026,Mouse,Accessories,10,700,Bengaluru
100431,24-06-2026,Router,Networking,1,4500,Hyderabad
100432,23-04-2026,Printer,Electronics,2,9000,Kolkata
100433,22-06-2026,Webcam,Electronics,3,3200,Bengaluru
100434,19-04-2026,USB Drive,Accessories,2,800,Kolkata
100435,17-05-2026,Router,Networking,7,4500,Pune
100436,29-06-2026,Router,Networking,10,4500,Hyderabad
100437,18-06-2026,Headphones,Accessories,3,2500,Kolkata
100438,26-03-2026,USB Drive,Accessories,2,800,Hyderabad
100439,25-04-2026,Headphones,Accessories,7,2500,Bengaluru
100440,30-03-2026,Laptop,Electronics,8,65000,Mumbai
100441,30-01-2026,Keyboard,Accessories,6,1200,Hyderabad
100442,14-05-2026,Webcam,Electronics,6,3200,Ahmedabad
100443,23-03-2026,Mouse,Accessories,5,700,Delhi
100444,29-03-2026,Mouse,Accessories,3,700,Bengaluru
100445,22-05-2026,Keyboard,Accessories,6,1200,Hyderabad
100446,14-04-2026,Keyboard,Accessories,3,1200,Delhi
100447,07-06-2026,Monitor,Electronics,8,15000,Hyderabad
100448,22-02-2026,Printer,Electronics,2,9000,Bengaluru
100449,04-04-2026,Headphones,Accessories,4,2500,Ahmedabad
100450,16-05-2026,Headphones,Accessories,10,2500,Mumbai
100451,31-03-2026,Headphones,Accessories,8,2500,Chennai
100452,07-06-2026,SSD,Storage,2,6000,Hyderabad
100453,20-03-2026,Mouse,Accessories,3,700,Kolkata
100454,18-04-2026,SSD,Storage,3,6000,Ahmedabad
100455,12-06-2026,Router,Networking,3,4500,Bengaluru
100456,17-02-2026,Headphones,Accessories,8,2500,Delhi
100457,05-05-2026,Keyboard,Accessories,4,1200,Ahmedabad
100458,15-04-2026,Webcam,Electronics,7,3200,Bengaluru
100459,22-01-2026,SSD,Storage,1,6000,Delhi
100460,12-03-2026,Monitor,Electronics,9,15000,Ahmedabad
100461,21-05-2026,Router,Networking,2,4500,Pune
100462,19-05-2026,Laptop,Electronics,8,65000,Mumbai
100463,17-06-2026,Monitor,Electronics,5,15000,Chennai
100464,31-03-2026,Mouse,Accessories,8,700,Hyderabad
100465,23-02-2026,SSD,Storage,6,6000,Kolkata
100466,12-02-2026,SSD,Storage,3,6000,Delhi
100467,26-05-2026,Headphones,Accessories,9,2500,Pune
100468,16-03-2026,Printer,Electronics,10,9000,Mumbai
100469,04-02-2026,USB Drive,Accessories,1,800,Bengaluru
100470,29-06-2026,Keyboard,Accessories,4,1200,Hyderabad
100471,23-06-2026,USB Drive,Accessories,8,800,Kolkata
100472,07-04-2026,Webcam,Electronics,2,3200,Mumbai
100473,14-04-2026,Router,Networking,5,4500,Ahmedabad
100474,05-05-2026,Headphones,Accessories,,2500,Mumbai
100475,28-04-2026,Headphones,Accessories,2,2500,Kolkata
100476,24-02-2026,Webcam,Electronics,5,3200,Bengaluru
100477,25-05-2026,Webcam,Electronics,6,3200,Delhi
100478,26-01-2026,Webcam,Electronics,1,3200,Ahmedabad
100479,27-04-2026,Laptop,Electronics,7,65000,Bengaluru
100480,16-06-2026,Printer,Electronics,3,9000,Mumbai
100481,17-06-2026,Headphones,Accessories,5,2500,Bengaluru
100482,14-01-2026,USB Drive,Accessories,5,800,Kolkata
100483,17-06-2026,Mouse,Accessories,,700,Bengaluru
100484,01-06-2026,Monitor,Electronics,9,,Pune
100485,31-01-2026,USB Drive,Accessories,3,800,Mumbai
100486,27-01-2026,Mouse,Accessories,6,700,Kolkata
100487,04-02-2026,Keyboard,Accessories,2,,Bengaluru
100488,23-04-2026,Headphones,Accessories,4,2500,Kolkata
100489,07-06-2026,Webcam,Electronics,4,3200,Mumbai
100490,31-05-2026,USB Drive,Accessories,6,800,Bengaluru
100491,05-03-2026,Printer,Electronics,2,9000,Chennai
100492,26-06-2026,Laptop,Electronics,5,65000,Hyderabad
100493,11-04-2026,Printer,Electronics,1,9000,Hyderabad
100494,07-05-2026,USB Drive,Accessories,2,800,Mumbai
100495,16-05-2026,Laptop,Electronics,6,65000,Kolkata
100496,04-04-2026,Router,Networking,3,4500,Mumbai
100497,05-01-2026,SSD,Storage,2,6000,Delhi
100498,12-04-2026,Router,Networking,5,4500,Kolkata
100499,19-04-2026,USB Drive,Accessories,2,800,Bengaluru
100500,13-03-2026,Mouse,Accessories,5,700,Bengaluru
100501,18-05-2026,Headphones,Accessories,7,2500,Mumbai
100502,21-03-2026,USB Drive,Accessories,4,800,Kolkata
100503,30-01-2026,Webcam,Electronics,10,3200,Bengaluru
100504,31-01-2026,Laptop,Electronics,3,65000,Pune
100505,14-05-2026,Router,Networking,5,4500,Chennai
100506,31-01-2026,Laptop,Electronics,6,65000,Mumbai
100507,09-03-2026,SSD,Storage,2,6000,Delhi
100508,08-05-2026,SSD,Storage,3,6000,Mumbai
100509,27-05-2026,Mouse,Accessories,4,,Delhi
100510,04-03-2026,Laptop,Electronics,8,65000,Bengaluru
100511,10-01-2026,Router,Networking,7,4500,Pune
100512,11-03-2026,Mouse,Accessories,10,700,Delhi
100513,15-02-2026,Monitor,Electronics,9,15000,Mumbai
100514,30-04-2026,Printer,Electronics,5,9000,Delhi
100515,05-04-2026,Monitor,Electronics,5,15000,Hyderabad
100516,29-04-2026,Headphones,Accessories,10,2500,Hyderabad
100517,20-05-2026,Monitor,Electronics,,15000,Hyderabad
100518,19-05-2026,Headphones,Accessories,1,,Kolkata
100519,20-03-2026,Mouse,Accessories,4,700,Ahmedabad
100520,16-01-2026,Keyboard,Accessories,5,1200,Kolkata
100521,29-06-2026,Headphones,Accessories,8,2500,Mumbai
100522,10-05-2026,Keyboard,Accessories,7,1200,Kolkata
100523,19-06-2026,Keyboard,Accessories,4,1200,Kolkata
100524,29-06-2026,Headphones,Accessories,6,2500,Hyderabad
100525,04-02-2026,SSD,Storage,2,6000,Ahmedabad
100526,22-03-2026,USB Drive,Accessories,2,800,Hyderabad
100527,26-04-2026,Printer,Electronics,8,9000,Bengaluru
100528,25-06-2026,Printer,Electronics,10,9000,Pune
100529,07-02-2026,Mouse,Accessories,4,700,Delhi
100530,23-06-2026,Printer,Electronics,5,9000,Kolkata
100531,26-04-2026,Router,Networking,9,4500,Bengaluru
100532,01-02-2026,Laptop,Electronics,1,65000,Bengaluru
100533,20-02-2026,USB Drive,Accessories,6,800,Mumbai
100534,30-05-2026,SSD,Storage,5,6000,Mumbai
100535,20-02-2026,Webcam,Electronics,3,3200,Pune
100536,01-02-2026,Laptop,Electronics,8,65000,Kolkata
100537,12-04-2026,Webcam,Electronics,1,3200,Pune
100538,24-02-2026,Keyboard,Accessories,5,1200,Delhi
100539,07-06-2026,SSD,Storage,10,6000,Kolkata
100540,21-05-2026,Webcam,Electronics,1,3200,Kolkata
100541,21-02-2026,Router,Networking,4,4500,Delhi
100542,08-04-2026,Headphones,Accessories,8,2500,Pune
100543,10-04-2026,Printer,Electronics,3,9000,Delhi
100544,13-03-2026,Laptop,Electronics,8,65000,Hyderabad
100545,10-02-2026,Mouse,Accessories,4,700,Delhi
100546,26-02-2026,SSD,Storage,7,6000,Bengaluru
100547,15-02-2026,Monitor,Electronics,10,15000,Pune
100548,01-06-2026,Laptop,Electronics,6,65000,Hyderabad
100549,07-05-2026,Router,Networking,5,4500,Delhi
100550,01-03-2026,SSD,Storage,4,6000,Pune
100551,07-06-2026,Monitor,Electronics,3,15000,Pune
100552,16-01-2026,Laptop,Electronics,3,65000,Mumbai
100553,15-05-2026,Headphones,Accessories,2,2500,Kolkata
100554,31-05-2026,Mouse,Accessories,6,700,Bengaluru
100555,22-04-2026,Webcam,Electronics,6,3200,Pune
100556,27-02-2026,SSD,Storage,3,6000,Chennai
100557,02-02-2026,Keyboard,Accessories,1,1200,Kolkata
100558,26-05-2026,Laptop,Electronics,3,65000,Hyderabad
100559,13-06-2026,SSD,Storage,2,6000,Mumbai
100560,02-03-2026,Headphones,Accessories,6,2500,Mumbai
100561,21-06-2026,Headphones,Accessories,8,2500,Mumbai
100562,31-03-2026,Printer,Electronics,2,9000,Ahmedabad
100563,18-04-2026,Keyboard,Accessories,7,1200,Kolkata
100564,26-01-2026,Webcam,Electronics,10,3200,Bengaluru
100565,26-04-2026,Mouse,Accessories,1,700,Mumbai
100566,19-01-2026,Headphones,Accessories,3,2500,Mumbai
100567,21-05-2026,Mouse,Accessories,6,700,Ahmedabad
100568,08-01-2026,USB Drive,Accessories,3,800,Delhi
100569,26-01-2026,Headphones,Accessories,4,2500,Chennai
100570,19-06-2026,Printer,Electronics,5,9000,Ahmedabad
100571,09-02-2026,Laptop,Electronics,,65000,Ahmedabad
100572,21-02-2026,Mouse,Accessories,1,700,Mumbai
100573,02-05-2026,Mouse,Accessories,5,700,Chennai
100574,24-01-2026,Router,Networking,7,4500,Pune
100575,17-02-2026,Webcam,Electronics,1,3200,Hyderabad
100576,10-03-2026,SSD,Storage,1,6000,Mumbai
100577,22-01-2026,Headphones,Accessories,9,2500,Hyderabad
100578,22-05-2026,Laptop,Electronics,7,65000,Ahmedabad
100579,27-05-2026,Monitor,Electronics,8,15000,Delhi
100580,09-05-2026,SSD,Storage,9,6000,Bengaluru
100581,31-01-2026,Webcam,Electronics,3,3200,Hyderabad
100582,19-02-2026,Keyboard,Accessories,1,1200,Kolkata
100583,21-02-2026,Keyboard,Accessories,10,1200,Mumbai
100584,23-01-2026,USB Drive,Accessories,9,800,Chennai
100585,14-05-2026,Webcam,Electronics,1,3200,Kolkata
100586,29-01-2026,USB Drive,Accessories,3,800,Mumbai
100587,28-01-2026,SSD,Storage,2,6000,Pune
100588,16-04-2026,Printer,Electronics,7,9000,Ahmedabad
100589,10-01-2026,Keyboard,Accessories,5,1200,Kolkata
100590,10-01-2026,USB Drive,Accessories,6,800,Ahmedabad
100591,10-03-2026,Headphones,Accessories,1,2500,Chennai
100592,13-03-2026,Webcam,Electronics,2,3200,Chennai
100593,24-04-2026,Headphones,Accessories,5,2500,Mumbai
100594,18-02-2026,Webcam,Electronics,4,3200,Ahmedabad
100595,13-05-2026,Headphones,Accessories,1,2500,Chennai
100596,10-05-2026,USB Drive,Accessories,3,800,Delhi
100597,14-02-2026,Monitor,Electronics,4,15000,Ahmedabad
100598,13-01-2026,Headphones,Accessories,4,2500,Kolkata
100599,12-06-2026,Mouse,Accessories,1,700,Ahmedabad
100600,15-02-2026,Webcam,Electronics,10,3200,Chennai
100601,26-06-2026,Mouse,Accessories,5,700,Hyderabad
100602,26-02-2026,Monitor,Electronics,4,15000,Delhi
100603,24-06-2026,Laptop,Electronics,8,65000,Delhi
100604,27-02-2026,Printer,Electronics,10,9000,Chennai
100605,19-04-2026,USB Drive,Accessories,6,800,Chennai
100606,23-06-2026,Router,Networking,10,4500,Pune
100607,24-05-2026,SSD,Storage,10,6000,Ahmedabad
100608,17-01-2026,Headphones,Accessories,5,2500,Chennai
100609,17-06-2026,Printer,Electronics,4,9000,Delhi
100610,03-06-2026,USB Drive,Accessories,6,800,Ahmedabad
100611,17-03-2026,Printer,Electronics,7,9000,Hyderabad
100612,29-03-2026,Monitor,Electronics,9,15000,Pune
100613,10-05-2026,Printer,Electronics,3,9000,Bengaluru
100614,17-03-2026,Mouse,Accessories,8,700,Bengaluru
100615,24-06-2026,Headphones,Accessories,2,2500,Chennai
100616,18-04-2026,Headphones,Accessories,6,2500,Mumbai
100617,01-05-2026,Laptop,Electronics,10,65000,Ahmedabad
100618,19-02-2026,Router,Networking,2,4500,Chennai
100619,16-04-2026,Laptop,Electronics,3,65000,Kolkata
100620,26-05-2026,Webcam,Electronics,3,3200,Mumbai
100621,05-05-2026,Headphones,Accessories,3,2500,Ahmedabad
100622,12-03-2026,Monitor,Electronics,3,15000,Mumbai
100623,03-02-2026,SSD,Storage,7,6000,Ahmedabad
100624,09-04-2026,Laptop,Electronics,1,65000,Delhi
100625,24-03-2026,Router,Networking,4,,Hyderabad
100626,27-02-2026,Headphones,Accessories,5,2500,Chennai
100627,12-02-2026,Mouse,Accessories,1,700,Pune
100628,22-04-2026,Keyboard,Accessories,6,1200,Hyderabad
100629,12-02-2026,USB Drive,Accessories,1,800,Bengaluru
100630,24-02-2026,Laptop,Electronics,10,65000,Delhi
100631,07-04-2026,Printer,Electronics,9,9000,Delhi
100632,19-06-2026,Mouse,Accessories,1,700,Ahmedabad
100633,08-04-2026,Mouse,Accessories,9,700,Hyderabad
100634,27-06-2026,Laptop,Electronics,5,65000,Chennai
100635,09-06-2026,SSD,Storage,3,6000,Mumbai
100636,14-03-2026,Mouse,Accessories,2,700,Chennai
100637,14-05-2026,Monitor,Electronics,6,15000,Delhi
100638,21-05-2026,Webcam,Electronics,4,3200,Hyderabad
100639,01-01-2026,Laptop,Electronics,2,65000,Ahmedabad
100640,08-02-2026,Mouse,Accessories,9,700,Chennai
100641,14-06-2026,Monitor,Electronics,8,15000,Ahmedabad
100642,13-01-2026,Mouse,Accessories,3,700,Pune
100643,23-06-2026,Headphones,Accessories,7,2500,Delhi
100644,03-01-2026,Keyboard,Accessories,3,1200,Chennai
100645,24-01-2026,Headphones,Accessories,6,2500,Ahmedabad
100646,11-03-2026,USB Drive,Accessories,8,800,Bengaluru
100647,29-01-2026,Keyboard,Accessories,1,1200,Mumbai
100648,17-04-2026,SSD,Storage,8,6000,Bengaluru
100649,06-06-2026,USB Drive,Accessories,6,800,Bengaluru
100650,04-05-2026,Webcam,Electronics,2,3200,Mumbai
100651,08-03-2026,Headphones,Accessories,1,2500,Hyderabad
100652,21-06-2026,Headphones,Accessories,9,2500,Mumbai
100653,21-04-2026,Monitor,Electronics,8,15000,Kolkata
100654,08-02-2026,Router,Networking,10,4500,Bengaluru
100655,10-05-2026,Webcam,Electronics,8,3200,Ahmedabad
100656,24-03-2026,Monitor,Electronics,6,15000,Hyderabad
100657,21-05-2026,USB Drive,Accessories,7,800,Ahmedabad
100658,27-05-2026,Webcam,Electronics,2,3200,Mumbai
100659,08-05-2026,Laptop,Electronics,2,65000,Delhi
100660,24-01-2026,SSD,Storage,10,6000,Hyderabad
100661,17-06-2026,Webcam,Electronics,6,3200,Hyderabad
100662,27-04-2026,Headphones,Accessories,9,2500,Pune
100663,26-04-2026,Mouse,Accessories,2,700,Pune
100664,01-04-2026,Printer,Electronics,9,9000,Delhi
100665,12-02-2026,Webcam,Electronics,3,3200,Kolkata
100666,28-01-2026,Printer,Electronics,10,9000,Kolkata
100667,25-02-2026,Webcam,Electronics,4,3200,Kolkata
100668,12-01-2026,SSD,Storage,2,6000,Bengaluru
100669,08-05-2026,Laptop,Electronics,9,65000,Kolkata
100670,30-05-2026,Webcam,Electronics,9,3200,Bengaluru
100671,02-02-2026,Mouse,Accessories,7,700,Pune
100672,10-05-2026,USB Drive,Accessories,7,800,Hyderabad
100673,12-03-2026,USB Drive,Accessories,6,800,Bengaluru
100674,05-02-2026,USB Drive,Accessories,10,800,Chennai
100675,29-06-2026,Router,Networking,6,4500,Hyderabad
100676,21-02-2026,Monitor,Electronics,10,15000,Bengaluru
100677,16-06-2026,Keyboard,Accessories,9,1200,Mumbai
100678,01-04-2026,Router,Networking,8,4500,Kolkata
100679,22-06-2026,Router,Networking,5,4500,Delhi
100680,14-05-2026,Mouse,Accessories,1,700,Delhi
100681,21-02-2026,Printer,Electronics,3,9000,Bengaluru
100682,16-01-2026,Printer,Electronics,4,9000,Ahmedabad
100683,27-01-2026,SSD,Storage,9,6000,Kolkata
100684,02-03-2026,Router,Networking,5,4500,Kolkata
100685,10-04-2026,USB Drive,Accessories,6,800,Chennai
100686,21-02-2026,SSD,Storage,8,6000,Pune
100687,31-05-2026,Router,Networking,10,4500,Hyderabad
100688,17-03-2026,Webcam,Electronics,3,3200,Bengaluru
100689,12-05-2026,Mouse,Accessories,7,700,Chennai
100690,03-02-2026,Keyboard,Accessories,10,,Ahmedabad
100691,09-02-2026,Laptop,Electronics,3,65000,Chennai
100692,06-05-2026,SSD,Storage,9,6000,Pune
100693,15-05-2026,Monitor,Electronics,3,15000,Bengaluru
100694,17-04-2026,Router,Networking,9,4500,Hyderabad
100695,19-06-2026,Headphones,Accessories,6,2500,Ahmedabad
100696,24-05-2026,Laptop,Electronics,2,65000,Hyderabad
100697,11-01-2026,Headphones,Accessories,7,2500,Kolkata
100698,07-03-2026,Router,Networking,5,4500,Pune
100699,12-05-2026,Router,Networking,8,4500,Hyderabad
100700,24-03-2026,Router,Networking,2,4500,Delhi
100701,10-06-2026,Mouse,Accessories,4,700,Kolkata
100702,27-01-2026,Monitor,Electronics,9,15000,Kolkata
100703,15-06-2026,Mouse,Accessories,3,700,Delhi
100704,23-01-2026,Mouse,Accessories,1,700,Mumbai
100705,28-05-2026,Monitor,Electronics,5,15000,Kolkata
100706,21-04-2026,Headphones,Accessories,1,2500,Delhi
100707,14-06-2026,SSD,Storage,2,6000,Mumbai
100708,02-04-2026,Router,Networking,2,4500,Mumbai
100709,14-03-2026,Webcam,Electronics,7,3200,Ahmedabad
100710,10-02-2026,Router,Networking,4,4500,Chennai
100711,12-06-2026,Keyboard,Accessories,5,1200,Pune
100712,03-01-2026,Router,Networking,9,4500,Kolkata
100713,18-05-2026,Router,Networking,2,4500,Pune
100714,24-02-2026,USB Drive,Accessories,9,800,Chennai
100715,19-02-2026,Mouse,Accessories,3,700,Delhi
100716,21-05-2026,Webcam,Electronics,9,3200,Chennai
100717,26-01-2026,Monitor,Electronics,10,15000,Bengaluru
100718,21-06-2026,Monitor,Electronics,2,15000,Hyderabad
100719,23-03-2026,Webcam,Electronics,8,3200,Bengaluru
100720,25-05-2026,SSD,Storage,6,6000,Bengaluru
100721,02-01-2026,Headphones,Accessories,4,2500,Kolkata
100722,12-03-2026,Headphones,Accessories,3,2500,Ahmedabad
100723,29-04-2026,Webcam,Electronics,6,3200,Mumbai
100724,14-02-2026,SSD,Storage,2,6000,Bengaluru
100725,18-05-2026,Monitor,Electronics,5,15000,Mumbai
100726,05-01-2026,Router,Networking,1,4500,Hyderabad
100727,10-01-2026,Router,Networking,5,4500,Ahmedabad
100728,17-06-2026,Keyboard,Accessories,6,1200,Chennai
100729,04-02-2026,Webcam,Electronics,9,3200,Delhi
100730,19-06-2026,Monitor,Electronics,10,15000,Bengaluru
100731,25-04-2026,Keyboard,Accessories,3,1200,Bengaluru
100732,04-05-2026,Headphones,Accessories,1,2500,Mumbai
100733,09-03-2026,Headphones,Accessories,4,2500,Pune
100734,10-04-2026,Webcam,Electronics,8,3200,Pune
100735,27-01-2026,Router,Networking,5,4500,Bengaluru
100736,07-04-2026,USB Drive,Accessories,6,800,Mumbai
100737,13-05-2026,Printer,Electronics,7,9000,Kolkata
100738,01-04-2026,Headphones,Accessories,8,2500,Delhi
100739,09-05-2026,Keyboard,Accessories,8,1200,Chennai
100740,24-02-2026,Keyboard,Accessories,3,1200,Mumbai
100741,19-06-2026,Monitor,Electronics,7,15000,Ahmedabad
100742,22-06-2026,Webcam,Electronics,8,3200,Kolkata
100743,06-01-2026,Monitor,Electronics,1,15000,Bengaluru
100744,11-06-2026,Router,Networking,1,4500,Bengaluru
100745,08-03-2026,Keyboard,Accessories,9,1200,Delhi
100746,19-06-2026,Printer,Electronics,2,9000,Ahmedabad
100747,04-05-2026,Keyboard,Accessories,4,1200,Bengaluru
100748,09-06-2026,Router,Networking,5,4500,Ahmedabad
100749,02-06-2026,SSD,Storage,2,6000,Mumbai
100750,05-01-2026,Monitor,Electronics,9,15000,Kolkata
100751,08-02-2026,SSD,Storage,2,6000,Delhi
100752,17-05-2026,Router,Networking,2,4500,Delhi
100753,23-06-2026,USB Drive,Accessories,9,800,Kolkata
100754,28-02-2026,Webcam,Electronics,7,3200,Mumbai
100755,19-04-2026,Keyboard,Accessories,5,1200,Mumbai
100756,14-03-2026,SSD,Storage,9,6000,Delhi
100757,28-05-2026,Router,Networking,2,4500,Hyderabad
100758,26-06-2026,Headphones,Accessories,7,2500,Chennai
100759,08-03-2026,Router,Networking,7,4500,Kolkata
100760,22-02-2026,USB Drive,Accessories,9,800,Pune
100761,24-05-2026,Router,Networking,8,4500,Pune
100762,12-04-2026,Keyboard,Accessories,2,1200,Bengaluru
100763,26-01-2026,Monitor,Electronics,9,15000,Delhi
100764,11-02-2026,USB Drive,Accessories,1,800,Ahmedabad
100765,03-06-2026,USB Drive,Accessories,2,800,Mumbai
100766,05-06-2026,Laptop,Electronics,7,65000,Chennai
100767,02-06-2026,Laptop,Electronics,3,65000,Hyderabad
100768,18-06-2026,Router,Networking,5,4500,Hyderabad
100769,07-06-2026,Keyboard,Accessories,1,1200,Bengaluru
100770,23-01-2026,Printer,Electronics,7,9000,Hyderabad
100771,13-05-2026,Laptop,Electronics,2,65000,Pune
100772,30-03-2026,Printer,Electronics,4,9000,Kolkata
100773,28-05-2026,Laptop,Electronics,5,65000,Mumbai
100774,09-05-2026,Printer,Electronics,6,9000,Chennai
100775,18-05-2026,SSD,Storage,5,6000,Ahmedabad
100776,04-03-2026,Headphones,Accessories,8,2500,Delhi
100777,04-05-2026,Mouse,Accessories,5,700,Hyderabad
100778,23-06-2026,Monitor,Electronics,6,15000,Delhi
100779,29-06-2026,Printer,Electronics,4,9000,Pune
100780,20-01-2026,Router,Networking,3,4500,Chennai
100781,16-02-2026,Monitor,Electronics,8,15000,Hyderabad
100782,09-03-2026,Monitor,Electronics,4,15000,Pune
100783,09-02-2026,Mouse,Accessories,2,700,Ahmedabad
100784,07-06-2026,Laptop,Electronics,9,65000,Pune
100785,08-06-2026,Headphones,Accessories,8,2500,Chennai
100786,06-05-2026,Keyboard,Accessories,9,1200,Bengaluru
100787,14-01-2026,Router,Networking,7,4500,Pune
100788,11-04-2026,Keyboard,Accessories,8,1200,Ahmedabad
100789,22-03-2026,Laptop,Electronics,1,65000,Mumbai
100790,25-03-2026,Headphones,Accessories,10,2500,Chennai
100791,02-03-2026,Printer,Electronics,8,9000,Bengaluru
100792,08-05-2026,USB Drive,Accessories,4,800,Pune
100793,13-04-2026,Printer,Electronics,8,9000,Hyderabad
100794,26-01-2026,Printer,Electronics,4,9000,Hyderabad
100795,07-02-2026,Keyboard,Accessories,8,1200,Ahmedabad
100796,04-02-2026,Router,Networking,9,4500,Chennai
100797,06-03-2026,Router,Networking,10,4500,Bengaluru
100798,16-01-2026,Monitor,Electronics,5,15000,Ahmedabad
100799,27-03-2026,Printer,Electronics,6,9000,Chennai
100800,30-03-2026,Laptop,Electronics,7,65000,Hyderabad
100801,28-05-2026,SSD,Storage,9,6000,Pune
100802,25-03-2026,Router,Networking,8,4500,Mumbai
100803,08-04-2026,SSD,Storage,5,6000,Bengaluru
100804,13-06-2026,Headphones,Accessories,7,2500,Mumbai
100805,21-01-2026,Keyboard,Accessories,6,1200,Chennai
100806,10-03-2026,SSD,Storage,7,6000,Pune
100807,31-05-2026,Router,Networking,8,4500,Delhi
100808,02-02-2026,Monitor,Electronics,5,15000,Mumbai
100809,23-02-2026,Keyboard,Accessories,7,1200,Ahmedabad
100810,21-05-2026,Laptop,Electronics,1,65000,Mumbai
100811,27-01-2026,Printer,Electronics,10,9000,Kolkata
100812,21-03-2026,Monitor,Electronics,4,15000,Bengaluru
100813,03-02-2026,Router,Networking,3,4500,Pune
100814,02-05-2026,Webcam,Electronics,9,3200,Bengaluru
100815,28-06-2026,Router,Networking,3,4500,Kolkata
100816,15-05-2026,Router,Networking,5,4500,Hyderabad
100817,23-01-2026,Webcam,Electronics,5,3200,Chennai
100818,03-01-2026,Laptop,Electronics,9,65000,Pune
100819,15-03-2026,Webcam,Electronics,,3200,Ahmedabad
100820,18-03-2026,Laptop,Electronics,7,65000,Delhi
100821,21-05-2026,Headphones,Accessories,4,2500,Kolkata
100822,05-03-2026,Keyboard,Accessories,7,1200,Mumbai
100823,19-04-2026,Monitor,Electronics,9,15000,Chennai
100824,14-03-2026,Router,Networking,5,4500,Bengaluru
100825,04-02-2026,Printer,Electronics,2,9000,Chennai
100826,29-06-2026,SSD,Storage,8,6000,Delhi
100827,17-05-2026,Laptop,Electronics,3,65000,Bengaluru
100828,23-04-2026,Laptop,Electronics,4,65000,Hyderabad
100829,29-03-2026,USB Drive,Accessories,5,800,Pune
100830,29-04-2026,Laptop,Electronics,6,65000,Bengaluru
100831,15-01-2026,Printer,Electronics,7,9000,Hyderabad
100832,06-03-2026,USB Drive,Accessories,1,800,Hyderabad
100833,09-04-2026,Webcam,Electronics,4,3200,Ahmedabad
100834,25-01-2026,Router,Networking,4,4500,Chennai
100835,24-03-2026,Keyboard,Accessories,1,1200,Mumbai
100836,06-03-2026,Webcam,Electronics,5,3200,Hyderabad
100837,29-01-2026,Monitor,Electronics,7,15000,Chennai
100838,30-05-2026,Mouse,Accessories,7,,Delhi
100839,29-05-2026,Webcam,Electronics,10,3200,Hyderabad
100840,10-02-2026,Webcam,Electronics,2,3200,Delhi
100841,16-01-2026,Headphones,Accessories,3,2500,Bengaluru
100842,05-05-2026,Monitor,Electronics,6,15000,Pune
100843,23-04-2026,Monitor,Electronics,1,15000,Bengaluru
100844,06-03-2026,Laptop,Electronics,8,65000,Ahmedabad
100845,18-02-2026,SSD,Storage,3,6000,Ahmedabad
100846,12-03-2026,SSD,Storage,9,6000,Ahmedabad
100847,17-03-2026,Printer,Electronics,9,,Kolkata
100848,17-02-2026,Laptop,Electronics,10,65000,Hyderabad
100849,24-03-2026,Mouse,Accessories,9,700,Ahmedabad
100850,22-05-2026,Keyboard,Accessories,10,1200,Pune
100851,29-01-2026,Mouse,Accessories,9,700,Bengaluru
100852,15-02-2026,Laptop,Electronics,4,65000,Delhi
100853,27-05-2026,USB Drive,Accessories,8,800,Chennai
100854,13-01-2026,Headphones,Accessories,4,2500,Hyderabad
100855,17-06-2026,Webcam,Electronics,2,3200,Pune
100856,23-05-2026,USB Drive,Accessories,6,800,Chennai
100857,16-05-2026,Laptop,Electronics,2,65000,Hyderabad
100858,13-05-2026,Mouse,Accessories,2,700,Hyderabad
100859,19-02-2026,Router,Networking,4,4500,Kolkata
100860,28-01-2026,SSD,Storage,6,6000,Kolkata
100861,27-01-2026,Keyboard,Accessories,3,1200,Bengaluru
100862,17-05-2026,SSD,Storage,8,6000,Pune
100863,06-04-2026,USB Drive,Accessories,7,800,Hyderabad
100864,25-05-2026,Router,Networking,4,4500,Chennai
100865,03-04-2026,Webcam,Electronics,8,,Delhi
100866,14-03-2026,SSD,Storage,1,6000,Chennai
100867,02-01-2026,Printer,Electronics,4,9000,Chennai
100868,22-05-2026,Router,Networking,9,4500,Mumbai
100869,10-01-2026,Webcam,Electronics,6,3200,Hyderabad
100870,01-03-2026,Printer,Electronics,5,9000,Hyderabad
100871,20-01-2026,Headphones,Accessories,8,2500,Mumbai
100872,02-06-2026,Printer,Electronics,1,9000,Mumbai
100873,15-01-2026,Headphones,Accessories,6,2500,Mumbai
100874,28-02-2026,SSD,Storage,1,6000,Delhi
100875,20-03-2026,Router,Networking,1,4500,Pune
100876,09-05-2026,Monitor,Electronics,3,15000,Kolkata
100877,25-04-2026,SSD,Storage,10,6000,Chennai
100878,11-04-2026,Keyboard,Accessories,3,1200,Delhi
100879,21-05-2026,USB Drive,Accessories,5,800,Bengaluru
100880,04-02-2026,Webcam,Electronics,9,3200,Hyderabad
100881,24-05-2026,SSD,Storage,9,6000,Kolkata
100882,24-03-2026,SSD,Storage,2,6000,Pune
100883,31-03-2026,Monitor,Electronics,6,15000,Chennai
100884,13-02-2026,Headphones,Accessories,10,2500,Bengaluru
100885,23-04-2026,Laptop,Electronics,4,65000,Mumbai
100886,29-01-2026,Laptop,Electronics,4,65000,Chennai
100887,04-01-2026,Headphones,Accessories,2,2500,Pune
100888,23-02-2026,Router,Networking,4,4500,Chennai
100889,21-05-2026,Webcam,Electronics,10,3200,Delhi
100890,07-04-2026,SSD,Storage,9,6000,Chennai
100891,21-02-2026,SSD,Storage,5,6000,Delhi
100892,18-01-2026,USB Drive,Accessories,5,800,Pune
100893,28-01-2026,Laptop,Electronics,5,65000,Hyderabad
100894,08-04-2026,Router,Networking,2,4500,Mumbai
100895,17-02-2026,Monitor,Electronics,9,15000,Delhi
100896,11-01-2026,Monitor,Electronics,9,15000,Bengaluru
100897,05-01-2026,Headphones,Accessories,6,2500,Chennai
100898,16-01-2026,Printer,Electronics,7,9000,Delhi
100899,23-05-2026,Printer,Electronics,4,9000,Bengaluru
100900,23-01-2026,USB Drive,Accessories,9,800,Hyderabad
100901,17-04-2026,Monitor,Electronics,10,15000,Pune
100902,25-04-2026,Router,Networking,3,4500,Hyderabad
100903,05-02-2026,Printer,Electronics,9,9000,Bengaluru
100904,17-06-2026,SSD,Storage,3,6000,Mumbai
100905,17-02-2026,Headphones,Accessories,3,2500,Kolkata
100906,16-04-2026,Printer,Electronics,8,9000,Chennai
100907,08-02-2026,Monitor,Electronics,2,15000,Chennai
100908,05-06-2026,SSD,Storage,10,6000,Delhi
100909,02-04-2026,Mouse,Accessories,8,700,Ahmedabad
100910,16-06-2026,Headphones,Accessories,3,2500,Bengaluru
100911,11-02-2026,Monitor,Electronics,4,15000,Delhi
100912,11-03-2026,USB Drive,Accessories,4,800,Hyderabad
100913,17-01-2026,Keyboard,Accessories,8,1200,Pune
100914,28-04-2026,Monitor,Electronics,7,15000,Kolkata
100915,22-03-2026,USB Drive,Accessories,10,800,Delhi
100916,14-05-2026,Mouse,Accessories,8,700,Hyderabad
100917,13-05-2026,Router,Networking,7,4500,Kolkata
100918,13-05-2026,Laptop,Electronics,4,65000,Chennai
100919,15-03-2026,Webcam,Electronics,3,3200,Delhi
100920,26-06-2026,Router,Networking,3,4500,Mumbai
100921,09-05-2026,Mouse,Accessories,3,700,Bengaluru
100922,11-04-2026,USB Drive,Accessories,6,800,Hyderabad
100923,27-04-2026,Mouse,Accessories,5,700,Bengaluru
100924,01-02-2026,Mouse,Accessories,2,700,Mumbai
100925,15-05-2026,USB Drive,Accessories,9,800,Kolkata
100926,12-01-2026,Keyboard,Accessories,6,1200,Bengaluru
100927,11-02-2026,Keyboard,Accessories,3,1200,Chennai
100928,21-03-2026,Webcam,Electronics,5,3200,Bengaluru
100929,21-02-2026,Laptop,Electronics,10,65000,Ahmedabad
100930,08-05-2026,Router,Networking,1,4500,Hyderabad
100931,31-05-2026,Webcam,Electronics,8,3200,Delhi
100932,04-03-2026,Router,Networking,5,4500,Hyderabad
100933,13-01-2026,Keyboard,Accessories,3,1200,Bengaluru
100934,09-01-2026,SSD,Storage,10,6000,Delhi
100935,28-01-2026,USB Drive,Accessories,3,800,Bengaluru
100936,27-04-2026,SSD,Storage,6,6000,Chennai
100937,24-03-2026,Headphones,Accessories,7,2500,Mumbai
100938,16-03-2026,Webcam,Electronics,3,3200,Pune
100939,15-05-2026,USB Drive,Accessories,9,800,Delhi
100940,28-01-2026,SSD,Storage,9,6000,Chennai
100941,20-04-2026,SSD,Storage,6,6000,Pune
100942,03-02-2026,SSD,Storage,10,6000,Ahmedabad
100943,07-05-2026,Keyboard,Accessories,10,1200,Hyderabad
100944,01-01-2026,Mouse,Accessories,1,700,Hyderabad
100945,07-06-2026,USB Drive,Accessories,7,800,Hyderabad
100946,03-01-2026,Monitor,Electronics,5,15000,Chennai
100947,10-05-2026,Router,Networking,6,4500,Pune
100948,29-03-2026,USB Drive,Accessories,10,800,Bengaluru
100949,19-02-2026,Headphones,Accessories,6,2500,Ahmedabad
100950,10-01-2026,Keyboard,Accessories,8,1200,Pune
100951,29-04-2026,USB Drive,Accessories,1,800,Pune
100952,23-05-2026,Router,Networking,1,4500,Pune
100953,17-01-2026,Keyboard,Accessories,5,1200,Kolkata
100954,10-06-2026,Router,Networking,3,4500,Mumbai
100955,20-03-2026,Headphones,Accessories,1,2500,Hyderabad
100956,06-04-2026,Webcam,Electronics,5,3200,Mumbai
100957,06-04-2026,Laptop,Electronics,4,65000,Delhi
100958,04-05-2026,Router,Networking,3,4500,Chennai
100959,25-03-2026,Keyboard,Accessories,2,1200,Bengaluru
100960,22-02-2026,Laptop,Electronics,8,65000,Mumbai
100961,02-01-2026,Printer,Electronics,1,9000,Mumbai
100962,27-03-2026,Webcam,Electronics,1,3200,Chennai
100963,06-01-2026,SSD,Storage,5,6000,Hyderabad
100964,19-02-2026,Printer,Electronics,5,9000,Mumbai
100965,11-03-2026,Keyboard,Accessories,3,1200,Mumbai
100966,22-02-2026,Router,Networking,6,4500,Chennai
100967,27-05-2026,Monitor,Electronics,3,15000,Pune
100968,19-05-2026,Webcam,Electronics,1,3200,Delhi
100969,28-01-2026,USB Drive,Accessories,1,800,Ahmedabad
100970,07-06-2026,Headphones,Accessories,5,2500,Mumbai
100971,30-04-2026,SSD,Storage,3,6000,Ahmedabad
100972,25-01-2026,Webcam,Electronics,5,3200,Ahmedabad
100973,01-05-2026,Monitor,Electronics,4,15000,Chennai
100974,04-04-2026,USB Drive,Accessories,3,800,Pune
100975,27-04-2026,Webcam,Electronics,1,3200,Ahmedabad
100976,29-04-2026,Keyboard,Accessories,5,1200,Bengaluru
100977,11-05-2026,Mouse,Accessories,7,700,Pune
100978,23-05-2026,Mouse,Accessories,5,700,Kolkata
100979,03-03-2026,SSD,Storage,4,6000,Kolkata
100980,17-01-2026,Headphones,Accessories,4,2500,Kolkata
100981,26-05-2026,Headphones,Accessories,9,2500,Mumbai
100982,27-05-2026,Webcam,Electronics,2,3200,Mumbai
100983,24-04-2026,Keyboard,Accessories,5,1200,Mumbai
100984,25-06-2026,SSD,Storage,7,6000,Delhi
100985,24-01-2026,Monitor,Electronics,3,15000,Delhi
100986,07-02-2026,Keyboard,Accessories,8,1200,Ahmedabad
100987,20-02-2026,Monitor,Electronics,6,15000,Chennai
100988,22-04-2026,Headphones,Accessories,2,2500,Kolkata
100989,02-02-2026,Printer,Electronics,1,9000,Delhi
100990,01-01-2026,Router,Networking,6,4500,Delhi
100991,02-03-2026,USB Drive,Accessories,10,800,Kolkata
100992,14-04-2026,USB Drive,Accessories,7,800,Ahmedabad
100993,05-02-2026,Monitor,Electronics,9,15000,Kolkata
100994,09-02-2026,Printer,Electronics,3,9000,Delhi
100995,06-02-2026,Webcam,Electronics,7,3200,Bengaluru
100996,14-06-2026,USB Drive,Accessories,8,800,Kolkata
100997,09-06-2026,Keyboard,Accessories,8,1200,Ahmedabad
100998,09-04-2026,Headphones,Accessories,4,2500,Ahmedabad
100999,02-03-2026,Router,Networking,5,4500,Pune
101000,09-01-2026,Laptop,Electronics,10,65000,Ahmedabad
101001,26-06-2026,Mouse,Accessories,3,700,Chennai
101002,30-04-2026,Router,Networking,2,4500,Hyderabad
101003,01-05-2026,Mouse,Accessories,9,700,Delhi
101004,29-03-2026,Router,Networking,1,4500,Ahmedabad
101005,27-05-2026,Headphones,Accessories,7,2500,Chennai
101006,16-03-2026,Keyboard,Accessories,1,1200,Chennai
101007,25-05-2026,Printer,Electronics,1,9000,Delhi
101008,18-06-2026,Printer,Electronics,10,9000,Bengaluru
101009,10-05-2026,Mouse,Accessories,5,700,Chennai
101010,07-03-2026,Laptop,Electronics,2,65000,Bengaluru
101011,18-06-2026,Webcam,Electronics,6,3200,Hyderabad
101012,05-05-2026,Keyboard,Accessories,9,1200,Mumbai
101013,07-02-2026,SSD,Storage,3,6000,Kolkata
101014,09-04-2026,Monitor,Electronics,8,15000,Pune
101015,14-01-2026,Printer,Electronics,2,9000,Ahmedabad
101016,19-03-2026,Webcam,Electronics,9,3200,Kolkata
101017,02-05-2026,Printer,Electronics,3,9000,Chennai
101018,25-04-2026,USB Drive,Accessories,6,800,Delhi
101019,25-01-2026,Router,Networking,6,4500,Chennai
101020,27-03-2026,Printer,Electronics,5,9000,Kolkata
101021,29-04-2026,Monitor,Electronics,10,15000,Bengaluru
101022,22-03-2026,Router,Networking,1,4500,Delhi
101023,16-04-2026,Mouse,Accessories,9,700,Hyderabad
101024,14-03-2026,Printer,Electronics,4,9000,Delhi
101025,02-06-2026,Monitor,Electronics,10,15000,Mumbai
101026,23-01-2026,SSD,Storage,3,6000,Bengaluru
101027,29-01-2026,Keyboard,Accessories,5,1200,Mumbai
101028,13-06-2026,Webcam,Electronics,5,3200,Pune
101029,07-03-2026,Keyboard,Accessories,2,1200,Kolkata
101030,27-03-2026,Laptop,Electronics,5,65000,Ahmedabad
101031,18-01-2026,Webcam,Electronics,4,3200,Ahmedabad
101032,28-01-2026,Keyboard,Accessories,9,1200,Mumbai
101033,24-04-2026,Printer,Electronics,2,9000,Chennai
101034,25-04-2026,Laptop,Electronics,8,65000,Delhi
101035,20-06-2026,USB Drive,Accessories,5,800,Kolkata
101036,28-05-2026,Laptop,Electronics,9,65000,Ahmedabad
101037,22-04-2026,USB Drive,Accessories,2,,Ahmedabad
101038,01-02-2026,SSD,Storage,9,6000,Chennai
101039,13-04-2026,Laptop,Electronics,2,65000,Pune
101040,21-01-2026,Webcam,Electronics,5,3200,Delhi
101041,09-04-2026,Monitor,Electronics,5,15000,Pune
101042,05-05-2026,Mouse,Accessories,8,700,Hyderabad
101043,07-01-2026,SSD,Storage,4,6000,Chennai
101044,08-05-2026,Router,Networking,8,4500,Pune
101045,15-01-2026,Headphones,Accessories,1,2500,Ahmedabad
101046,23-06-2026,Router,Networking,3,4500,Mumbai
101047,10-01-2026,Keyboard,Accessories,8,1200,Delhi
101048,04-03-2026,Keyboard,Accessories,1,1200,Chennai
101049,25-01-2026,Webcam,Electronics,10,3200,Mumbai
101050,30-01-2026,Webcam,Electronics,10,3200,Hyderabad
101051,20-04-2026,Headphones,Accessories,7,2500,Bengaluru
101052,24-03-2026,Monitor,Electronics,1,15000,Mumbai
101053,12-03-2026,Keyboard,Accessories,7,1200,Bengaluru
101054,23-04-2026,Monitor,Electronics,10,15000,Kolkata
101055,10-02-2026,Laptop,Electronics,8,,Mumbai
101056,16-06-2026,SSD,Storage,5,6000,Ahmedabad
101057,27-06-2026,Keyboard,Accessories,4,1200,Ahmedabad
101058,16-04-2026,Monitor,Electronics,3,15000,Bengaluru
101059,08-05-2026,SSD,Storage,2,6000,Pune
101060,18-04-2026,Laptop,Electronics,9,65000,Mumbai
101061,08-06-2026,Headphones,Accessories,9,2500,Hyderabad
101062,12-03-2026,Laptop,Electronics,4,65000,Ahmedabad
101063,08-05-2026,Keyboard,Accessories,3,1200,Pune
101064,14-03-2026,Monitor,Electronics,7,15000,Ahmedabad
101065,12-01-2026,Mouse,Accessories,1,700,Delhi
101066,05-05-2026,Router,Networking,2,4500,Ahmedabad
101067,01-06-2026,SSD,Storage,6,6000,Pune
101068,28-02-2026,Mouse,Accessories,6,700,Kolkata
101069,21-02-2026,USB Drive,Accessories,4,800,Delhi
101070,22-04-2026,Keyboard,Accessories,4,1200,Kolkata
101071,06-04-2026,Keyboard,Accessories,8,1200,Chennai
101072,21-02-2026,Headphones,Accessories,3,2500,Chennai
101073,04-02-2026,Mouse,Accessories,8,700,Pune
101074,26-02-2026,Printer,Electronics,10,9000,Bengaluru
101075,28-05-2026,Router,Networking,4,4500,Ahmedabad
101076,25-02-2026,SSD,Storage,8,6000,Kolkata
101077,05-03-2026,Monitor,Electronics,6,15000,Bengaluru
101078,27-05-2026,Laptop,Electronics,7,65000,Ahmedabad
101079,10-05-2026,Laptop,Electronics,7,65000,Mumbai
101080,26-04-2026,Webcam,Electronics,4,3200,Kolkata
101081,25-02-2026,Keyboard,Accessories,6,1200,Mumbai
101082,05-01-2026,Webcam,Electronics,5,3200,Delhi
101083,27-04-2026,Webcam,Electronics,3,3200,Pune
101084,10-06-2026,Webcam,Electronics,1,3200,Pune
101085,16-05-2026,Laptop,Electronics,5,65000,Hyderabad
101086,25-06-2026,Mouse,Accessories,10,700,Delhi
101087,12-05-2026,Headphones,Accessories,1,2500,Delhi
101088,04-04-2026,Headphones,Accessories,3,2500,Hyderabad
101089,05-02-2026,Headphones,Accessories,4,2500,Hyderabad
101090,27-02-2026,Headphones,Accessories,6,2500,Kolkata
101091,12-03-2026,Laptop,Electronics,2,65000,Mumbai
101092,01-05-2026,Router,Networking,9,4500,Pune
101093,22-06-2026,Mouse,Accessories,4,700,Mumbai
101094,11-04-2026,Keyboard,Accessories,5,1200,Bengaluru
101095,12-03-2026,Mouse,Accessories,3,700,Delhi
101096,17-03-2026,USB Drive,Accessories,9,800,Kolkata
101097,24-04-2026,Laptop,Electronics,5,65000,Hyderabad
101098,14-05-2026,Headphones,Accessories,7,2500,Pune
101099,05-05-2026,SSD,Storage,9,6000,Chennai
101100,26-05-2026,Keyboard,Accessories,5,1200,Ahmedabad
101101,06-04-2026,Printer,Electronics,1,9000,Bengaluru
101102,08-06-2026,Keyboard,Accessories,9,1200,Bengaluru
101103,11-02-2026,Monitor,Electronics,2,15000,Bengaluru
101104,23-04-2026,Printer,Electronics,6,9000,Delhi
101105,20-06-2026,Headphones,Accessories,6,2500,Bengaluru
101106,17-05-2026,Printer,Electronics,2,9000,Ahmedabad
101107,07-02-2026,Webcam,Electronics,6,3200,Pune
101108,15-06-2026,Printer,Electronics,8,9000,Bengaluru
101109,25-05-2026,Webcam,Electronics,6,3200,Delhi
101110,05-02-2026,Router,Networking,2,4500,Hyderabad
101111,25-04-2026,Headphones,Accessories,2,2500,Hyderabad
101112,30-05-2026,Router,Networking,4,4500,Hyderabad
101113,06-01-2026,Mouse,Accessories,9,700,Mumbai
101114,12-05-2026,USB Drive,Accessories,4,800,Delhi
101115,20-06-2026,Headphones,Accessories,7,2500,Pune
101116,09-04-2026,Headphones,Accessories,1,2500,Ahmedabad
101117,24-05-2026,Mouse,Accessories,4,700,Kolkata
101118,24-04-2026,Printer,Electronics,3,9000,Kolkata
101119,17-04-2026,Keyboard,Accessories,10,1200,Chennai
101120,02-05-2026,Router,Networking,6,4500,Kolkata
101121,23-01-2026,Laptop,Electronics,7,65000,Bengaluru
101122,23-05-2026,Webcam,Electronics,10,3200,Bengaluru
101123,08-04-2026,Printer,Electronics,9,9000,Chennai
101124,30-05-2026,Printer,Electronics,8,9000,Delhi
101125,01-01-2026,Keyboard,Accessories,5,1200,Ahmedabad
101126,01-02-2026,Printer,Electronics,7,9000,Hyderabad
101127,08-01-2026,Mouse,Accessories,5,700,Pune
101128,29-05-2026,Webcam,Electronics,10,3200,Ahmedabad
101129,27-06-2026,Mouse,Accessories,6,700,Chennai
101130,11-02-2026,SSD,Storage,1,6000,Bengaluru
101131,02-04-2026,Keyboard,Accessories,1,1200,Pune
101132,13-01-2026,Printer,Electronics,5,9000,Hyderabad
101133,10-06-2026,Keyboard,Accessories,2,1200,Pune
101134,22-03-2026,Printer,Electronics,5,9000,Mumbai
101135,17-05-2026,SSD,Storage,6,6000,Chennai
101136,06-04-2026,Webcam,Electronics,7,3200,Mumbai
101137,25-02-2026,Keyboard,Accessories,9,1200,Mumbai
101138,17-04-2026,Webcam,Electronics,2,3200,Delhi
101139,03-05-2026,Headphones,Accessories,5,2500,Ahmedabad
101140,02-06-2026,Router,Networking,6,4500,Mumbai
101141,26-02-2026,Keyboard,Accessories,3,1200,Hyderabad
101142,03-02-2026,Mouse,Accessories,7,700,Mumbai
101143,05-01-2026,Webcam,Electronics,7,3200,Delhi
101144,01-05-2026,Mouse,Accessories,5,700,Delhi
101145,25-01-2026,Mouse,Accessories,10,700,Bengaluru
101146,21-06-2026,Headphones,Accessories,1,2500,Chennai
101147,29-05-2026,Headphones,Accessories,6,2500,Hyderabad
101148,10-05-2026,SSD,Storage,2,6000,Delhi
101149,16-05-2026,Monitor,Electronics,4,15000,Delhi
101150,26-01-2026,Monitor,Electronics,9,15000,Bengaluru
101151,23-04-2026,Mouse,Accessories,3,700,Kolkata
101152,24-02-2026,Router,Networking,4,4500,Pune
101153,01-02-2026,Webcam,Electronics,2,3200,Pune
101154,15-03-2026,Router,Networking,1,4500,Kolkata
101155,14-03-2026,Webcam,Electronics,10,3200,Ahmedabad
101156,27-02-2026,Router,Networking,7,4500,Hyderabad
101157,18-01-2026,Webcam,Electronics,6,3200,Ahmedabad
101158,22-06-2026,Mouse,Accessories,7,700,Mumbai
101159,31-01-2026,Keyboard,Accessories,7,1200,Mumbai
101160,13-02-2026,Mouse,Accessories,6,700,Kolkata
101161,01-02-2026,Monitor,Electronics,7,15000,Chennai
101162,14-06-2026,USB Drive,Accessories,6,800,Kolkata
101163,05-05-2026,Router,Networking,5,4500,Mumbai
101164,06-03-2026,Webcam,Electronics,8,3200,Delhi
101165,26-01-2026,Laptop,Electronics,2,65000,Bengaluru
101166,08-04-2026,SSD,Storage,6,6000,Mumbai
101167,20-01-2026,Router,Networking,8,4500,Ahmedabad
101168,06-05-2026,Router,Networking,5,4500,Delhi
101169,09-01-2026,USB Drive,Accessories,2,800,Kolkata
101170,24-04-2026,Webcam,Electronics,1,3200,Chennai
101171,12-02-2026,Webcam,Electronics,7,3200,Ahmedabad
101172,29-01-2026,SSD,Storage,8,6000,Ahmedabad
101173,02-05-2026,Router,Networking,3,4500,Ahmedabad
101174,01-06-2026,USB Drive,Accessories,10,800,Chennai
101175,24-03-2026,Laptop,Electronics,1,65000,Pune
101176,31-03-2026,SSD,Storage,1,6000,Kolkata
101177,25-01-2026,USB Drive,Accessories,6,800,Delhi
101178,19-06-2026,Monitor,Electronics,4,15000,Mumbai
101179,26-06-2026,Mouse,Accessories,5,700,Pune
101180,10-01-2026,Webcam,Electronics,7,3200,Chennai
101181,06-01-2026,Webcam,Electronics,10,3200,Kolkata
101182,24-03-2026,SSD,Storage,2,6000,Hyderabad
101183,28-03-2026,Webcam,Electronics,9,3200,Bengaluru
101184,07-06-2026,Printer,Electronics,6,9000,Mumbai
101185,18-05-2026,Monitor,Electronics,5,15000,Kolkata
101186,27-02-2026,SSD,Storage,2,6000,Pune
101187,11-03-2026,Mouse,Accessories,10,700,Hyderabad
101188,30-03-2026,Mouse,Accessories,5,700,Pune
101189,21-02-2026,USB Drive,Accessories,7,800,Bengaluru
101190,05-01-2026,Router,Networking,3,4500,Ahmedabad
101191,10-03-2026,Router,Networking,10,4500,Delhi
101192,14-05-2026,Monitor,Electronics,6,15000,Chennai
101193,22-04-2026,USB Drive,Accessories,6,800,Hyderabad
101194,16-04-2026,Printer,Electronics,5,9000,Hyderabad
101195,14-04-2026,Monitor,Electronics,2,15000,Chennai
101196,29-04-2026,Webcam,Electronics,9,3200,Delhi
101197,21-02-2026,Keyboard,Accessories,5,1200,Chennai
101198,18-06-2026,Router,Networking,3,4500,Ahmedabad
101199,06-01-2026,Laptop,Electronics,2,65000,Mumbai
101200,15-04-2026,Headphones,Accessories,2,2500,Bengaluru
101201,02-03-2026,Mouse,Accessories,10,700,Chennai
101202,08-05-2026,Mouse,Accessories,4,700,Pune
101203,26-03-2026,SSD,Storage,7,6000,Kolkata
101204,25-02-2026,Keyboard,Accessories,2,1200,Ahmedabad
101205,15-04-2026,Printer,Electronics,10,9000,Mumbai
101206,23-03-2026,Router,Networking,7,4500,Chennai
101207,07-02-2026,Headphones,Accessories,8,2500,Delhi
101208,15-06-2026,SSD,Storage,1,6000,Delhi
101209,26-06-2026,Monitor,Electronics,5,15000,Pune
101210,25-06-2026,Mouse,Accessories,9,700,Kolkata
101211,03-01-2026,USB Drive,Accessories,5,800,Hyderabad
101212,18-03-2026,Monitor,Electronics,3,15000,Kolkata
101213,09-01-2026,Printer,Electronics,2,9000,Ahmedabad
101214,16-04-2026,Headphones,Accessories,7,2500,Bengaluru
101215,28-06-2026,Printer,Electronics,9,9000,Pune
101216,27-04-2026,Laptop,Electronics,1,65000,Ahmedabad
101217,14-06-2026,Keyboard,Accessories,1,1200,Pune
101218,28-05-2026,Mouse,Accessories,2,700,Bengaluru
101219,02-06-2026,USB Drive,Accessories,6,800,Bengaluru
101220,08-03-2026,Keyboard,Accessories,10,1200,Hyderabad
101221,22-01-2026,USB Drive,Accessories,6,800,Hyderabad
101222,06-01-2026,Laptop,Electronics,9,65000,Mumbai
101223,29-04-2026,Monitor,Electronics,5,15000,Kolkata
101224,08-06-2026,USB Drive,Accessories,10,800,Pune
101225,13-02-2026,SSD,Storage,2,6000,Ahmedabad
101226,22-06-2026,Webcam,Electronics,2,3200,Chennai
101227,15-03-2026,Webcam,Electronics,7,3200,Hyderabad
101228,14-03-2026,Monitor,Electronics,7,15000,Delhi
101229,16-03-2026,Printer,Electronics,4,9000,Pune
101230,30-05-2026,Webcam,Electronics,2,3200,Pune
101231,27-06-2026,USB Drive,Accessories,4,800,Chennai
101232,19-01-2026,Mouse,Accessories,9,700,Hyderabad
101233,01-05-2026,Headphones,Accessories,10,2500,Delhi
101234,02-01-2026,Printer,Electronics,9,9000,Kolkata
101235,21-06-2026,Headphones,Accessories,3,2500,Bengaluru
101236,08-03-2026,Keyboard,Accessories,9,1200,Ahmedabad
101237,03-02-2026,Mouse,Accessories,6,700,Chennai
101238,30-01-2026,Headphones,Accessories,1,2500,Chennai
101239,03-04-2026,USB Drive,Accessories,5,800,Chennai
101240,13-05-2026,Headphones,Accessories,7,2500,Ahmedabad
101241,08-02-2026,Router,Networking,8,4500,Hyderabad
101242,16-02-2026,Laptop,Electronics,8,65000,Kolkata
101243,30-01-2026,Webcam,Electronics,1,3200,Ahmedabad
101244,28-04-2026,Webcam,Electronics,2,3200,Mumbai
101245,31-03-2026,Mouse,Accessories,4,700,Bengaluru
101246,11-05-2026,Printer,Electronics,10,9000,Delhi
101247,15-05-2026,SSD,Storage,3,6000,Ahmedabad
101248,23-06-2026,Mouse,Accessories,6,700,Mumbai
101249,11-04-2026,Headphones,Accessories,10,2500,Pune
101250,09-02-2026,Laptop,Electronics,2,65000,Ahmedabad
101251,27-04-2026,Printer,Electronics,10,9000,Delhi
101252,17-06-2026,SSD,Storage,8,6000,Bengaluru
101253,24-02-2026,Laptop,Electronics,5,65000,Mumbai
101254,21-05-2026,SSD,Storage,7,6000,Hyderabad
101255,13-04-2026,Mouse,Accessories,1,700,Kolkata
101256,14-03-2026,Keyboard,Accessories,2,1200,Chennai
101257,25-06-2026,SSD,Storage,3,6000,Pune
101258,12-05-2026,Monitor,Electronics,8,15000,Chennai
101259,25-05-2026,SSD,Storage,7,6000,Pune
101260,07-06-2026,Keyboard,Accessories,7,1200,Pune
101261,29-04-2026,Monitor,Electronics,3,15000,Mumbai
101262,16-03-2026,Webcam,Electronics,7,3200,Chennai
101263,08-02-2026,Keyboard,Accessories,5,1200,Chennai
101264,26-05-2026,Laptop,Electronics,9,65000,Mumbai
101265,11-05-2026,USB Drive,Accessories,7,800,Chennai
101266,01-04-2026,Printer,Electronics,10,9000,Mumbai
101267,19-06-2026,Webcam,Electronics,3,3200,Delhi
101268,22-01-2026,USB Drive,Accessories,5,800,Ahmedabad
101269,09-06-2026,Printer,Electronics,6,9000,Bengaluru
101270,24-02-2026,Keyboard,Accessories,2,1200,Mumbai
101271,22-04-2026,Router,Networking,,4500,Bengaluru
101272,17-06-2026,Webcam,Electronics,8,3200,Ahmedabad
101273,19-03-2026,SSD,Storage,10,6000,Kolkata
101274,19-03-2026,Mouse,Accessories,3,700,Delhi
101275,28-06-2026,Monitor,Electronics,1,15000,Hyderabad
101276,22-04-2026,Router,Networking,4,4500,Bengaluru
101277,02-05-2026,USB Drive,Accessories,1,800,Ahmedabad
101278,05-05-2026,Webcam,Electronics,1,3200,Hyderabad
101279,17-03-2026,SSD,Storage,7,,Kolkata
101280,17-04-2026,Webcam,Electronics,10,3200,Chennai
101281,10-01-2026,Webcam,Electronics,7,3200,Ahmedabad
101282,01-03-2026,Laptop,Electronics,9,65000,Mumbai
101283,10-03-2026,USB Drive,Accessories,8,800,Pune
101284,25-04-2026,USB Drive,Accessories,1,800,Ahmedabad
101285,30-03-2026,Webcam,Electronics,4,3200,Pune
101286,04-06-2026,Webcam,Electronics,3,3200,Kolkata
101287,17-04-2026,Headphones,Accessories,8,2500,Hyderabad
101288,14-03-2026,Mouse,Accessories,8,700,Ahmedabad
101289,26-01-2026,USB Drive,Accessories,8,800,Delhi
101290,05-01-2026,Headphones,Accessories,5,2500,Delhi
101291,17-01-2026,Headphones,Accessories,7,2500,Hyderabad
101292,05-05-2026,Printer,Electronics,6,9000,Chennai
101293,08-02-2026,Router,Networking,10,4500,Ahmedabad
101294,28-04-2026,Mouse,Accessories,2,700,Mumbai
101295,24-05-2026,Laptop,Electronics,9,65000,Hyderabad
101296,03-04-2026,Keyboard,Accessories,5,1200,Ahmedabad
101297,26-01-2026,Keyboard,Accessories,6,1200,Hyderabad
101298,23-04-2026,USB Drive,Accessories,1,800,Pune
101299,15-03-2026,Router,Networking,3,4500,Kolkata
101300,03-04-2026,Monitor,Electronics,3,15000,Hyderabad
101301,05-02-2026,USB Drive,Accessories,7,800,Pune
101302,08-01-2026,Webcam,Electronics,3,3200,Mumbai
101303,22-01-2026,Headphones,Accessories,6,2500,Kolkata
101304,16-01-2026,USB Drive,Accessories,1,800,Delhi
101305,11-06-2026,Router,Networking,5,4500,Chennai
101306,22-03-2026,Headphones,Accessories,1,2500,Bengaluru
101307,29-06-2026,USB Drive,Accessories,8,800,Ahmedabad
101308,28-06-2026,Headphones,Accessories,7,2500,Mumbai
101309,10-01-2026,Router,Networking,6,4500,Bengaluru
101310,14-05-2026,Router,Networking,5,4500,Chennai
101311,14-05-2026,Headphones,Accessories,3,2500,Chennai
101312,03-03-2026,Printer,Electronics,7,9000,Delhi
101313,06-04-2026,Printer,Electronics,9,9000,Mumbai
101314,25-04-2026,Printer,Electronics,10,9000,Hyderabad
101315,29-05-2026,SSD,Storage,9,6000,Chennai
101316,14-03-2026,SSD,Storage,3,6000,Hyderabad
101317,27-01-2026,Headphones,Accessories,9,2500,Pune
101318,27-04-2026,Mouse,Accessories,3,700,Mumbai
101319,24-01-2026,Laptop,Electronics,7,65000,Ahmedabad
101320,20-01-2026,Headphones,Accessories,9,2500,Kolkata
101321,09-03-2026,SSD,Storage,8,6000,Ahmedabad
101322,17-04-2026,Keyboard,Accessories,3,1200,Ahmedabad
101323,03-02-2026,Router,Networking,9,4500,Ahmedabad
101324,09-01-2026,Keyboard,Accessories,9,1200,Kolkata
101325,29-01-2026,Mouse,Accessories,6,700,Bengaluru
101326,31-01-2026,Headphones,Accessories,5,2500,Ahmedabad
101327,08-01-2026,Keyboard,Accessories,3,1200,Chennai
101328,14-03-2026,Monitor,Electronics,3,15000,Mumbai
101329,21-05-2026,Headphones,Accessories,2,2500,Chennai
101330,25-05-2026,Webcam,Electronics,6,3200,Bengaluru
101331,05-02-2026,Router,Networking,8,4500,Bengaluru
101332,25-03-2026,Mouse,Accessories,10,700,Hyderabad
101333,12-04-2026,Headphones,Accessories,9,2500,Ahmedabad
101334,13-03-2026,Mouse,Accessories,3,700,Chennai
101335,24-05-2026,Mouse,Accessories,9,700,Delhi
101336,26-05-2026,Router,Networking,4,4500,Delhi
101337,31-01-2026,Router,Networking,3,4500,Hyderabad
101338,04-03-2026,SSD,Storage,8,6000,Pune
101339,13-04-2026,SSD,Storage,1,6000,Pune
101340,22-04-2026,Keyboard,Accessories,7,1200,Kolkata
101341,07-03-2026,Mouse,Accessories,2,700,Chennai
101342,06-02-2026,Keyboard,Accessories,5,1200,Kolkata
101343,23-06-2026,Keyboard,Accessories,1,1200,Delhi
101344,15-01-2026,Printer,Electronics,7,9000,Pune
101345,08-03-2026,USB Drive,Accessories,2,800,Hyderabad
101346,07-05-2026,Router,Networking,9,4500,Delhi
101347,23-03-2026,Webcam,Electronics,9,3200,Kolkata
101348,12-06-2026,Monitor,Electronics,1,15000,Mumbai
101349,05-03-2026,Router,Networking,3,4500,Mumbai
101350,12-06-2026,Router,Networking,4,4500,Bengaluru
101351,04-03-2026,Router,Networking,7,4500,Delhi
101352,01-01-2026,Webcam,Electronics,10,3200,Delhi
101353,16-01-2026,Webcam,Electronics,5,3200,Kolkata
101354,31-03-2026,Monitor,Electronics,10,15000,Bengaluru
101355,17-05-2026,SSD,Storage,2,6000,Mumbai
101356,05-02-2026,Router,Networking,5,4500,Pune
101357,24-06-2026,Headphones,Accessories,5,2500,Chennai
101358,04-03-2026,Headphones,Accessories,6,2500,Pune
101359,05-01-2026,Keyboard,Accessories,1,,Delhi
101360,22-06-2026,Keyboard,Accessories,7,1200,Ahmedabad
101361,11-04-2026,Router,Networking,2,4500,Mumbai
101362,18-05-2026,Laptop,Electronics,8,65000,Kolkata
101363,03-06-2026,Headphones,Accessories,7,2500,Delhi
101364,01-02-2026,Webcam,Electronics,6,3200,Hyderabad
101365,06-01-2026,Printer,Electronics,6,9000,Chennai
101366,26-02-2026,Monitor,Electronics,8,15000,Ahmedabad
101367,05-06-2026,Monitor,Electronics,1,15000,Kolkata
101368,29-01-2026,Printer,Electronics,10,9000,Hyderabad
101369,18-06-2026,SSD,Storage,10,6000,Bengaluru
101370,17-01-2026,Keyboard,Accessories,5,1200,Chennai
101371,19-02-2026,Laptop,Electronics,9,65000,Ahmedabad
101372,01-01-2026,USB Drive,Accessories,1,800,Kolkata
101373,12-03-2026,Mouse,Accessories,9,700,Delhi
101374,27-02-2026,Laptop,Electronics,5,65000,Pune
101375,02-01-2026,USB Drive,Accessories,4,800,Delhi
101376,27-02-2026,USB Drive,Accessories,2,800,Pune
101377,21-03-2026,Mouse,Accessories,2,700,Delhi
101378,01-06-2026,Headphones,Accessories,5,2500,Pune
101379,14-01-2026,Headphones,Accessories,9,2500,Ahmedabad
101380,25-01-2026,Webcam,Electronics,10,3200,Delhi
101381,07-04-2026,Headphones,Accessories,2,2500,Ahmedabad
101382,15-01-2026,Printer,Electronics,10,9000,Delhi
101383,24-05-2026,Laptop,Electronics,5,65000,Kolkata
101384,01-03-2026,SSD,Storage,10,6000,Kolkata
101385,08-06-2026,SSD,Storage,2,6000,Delhi
101386,27-04-2026,Router,Networking,6,4500,Delhi
101387,02-06-2026,Mouse,Accessories,10,700,Bengaluru
101388,13-06-2026,Router,Networking,5,4500,Ahmedabad
101389,17-02-2026,Monitor,Electronics,3,15000,Chennai
101390,30-05-2026,USB Drive,Accessories,9,800,Chennai
101391,30-05-2026,Router,Networking,3,4500,Pune
101392,16-03-2026,Headphones,Accessories,1,2500,Bengaluru
101393,15-01-2026,Monitor,Electronics,9,15000,Delhi
101394,19-04-2026,Headphones,Accessories,4,2500,Hyderabad
101395,18-01-2026,Headphones,Accessories,4,2500,Ahmedabad
101396,03-06-2026,Headphones,Accessories,10,2500,Chennai
101397,18-04-2026,Headphones,Accessories,3,2500,Delhi
101398,07-05-2026,Monitor,Electronics,1,15000,Ahmedabad
101399,09-06-2026,Monitor,Electronics,4,15000,Pune
101400,07-04-2026,Monitor,Electronics,7,15000,Pune
101401,03-01-2026,Mouse,Accessories,6,700,Chennai
101402,23-04-2026,Monitor,Electronics,10,15000,Delhi
101403,20-02-2026,Monitor,Electronics,5,15000,Bengaluru
101404,28-03-2026,Router,Networking,4,4500,Chennai
101405,26-01-2026,Laptop,Electronics,3,65000,Mumbai
101406,28-03-2026,Monitor,Electronics,5,15000,Pune
101407,19-06-2026,Keyboard,Accessories,9,1200,Kolkata
101408,17-01-2026,Mouse,Accessories,3,700,Hyderabad
101409,19-02-2026,Router,Networking,7,4500,Kolkata
101410,12-06-2026,Monitor,Electronics,1,15000,Chennai
101411,08-02-2026,Headphones,Accessories,4,2500,Bengaluru
101412,11-05-2026,SSD,Storage,8,6000,Ahmedabad
101413,19-06-2026,SSD,Storage,2,6000,Pune
101414,08-05-2026,Router,Networking,8,4500,Ahmedabad
101415,07-05-2026,Webcam,Electronics,5,3200,Delhi
101416,23-02-2026,Monitor,Electronics,4,15000,Hyderabad
101417,20-03-2026,USB Drive,Accessories,7,800,Pune
101418,07-03-2026,Router,Networking,2,4500,Ahmedabad
101419,13-05-2026,Headphones,Accessories,4,2500,Pune
101420,20-04-2026,Webcam,Electronics,8,3200,Ahmedabad
101421,23-03-2026,Printer,Electronics,7,9000,Chennai
101422,15-06-2026,Mouse,Accessories,6,700,Mumbai
101423,12-03-2026,Monitor,Electronics,2,15000,Hyderabad
101424,27-03-2026,Monitor,Electronics,6,15000,Chennai
101425,18-02-2026,SSD,Storage,3,6000,Chennai
101426,03-01-2026,Printer,Electronics,5,9000,Kolkata
101427,14-04-2026,SSD,Storage,1,6000,Bengaluru
101428,12-04-2026,Monitor,Electronics,4,15000,Hyderabad
101429,13-05-2026,SSD,Storage,9,6000,Ahmedabad
101430,29-03-2026,Mouse,Accessories,6,700,Kolkata
101431,23-02-2026,Webcam,Electronics,8,3200,Bengaluru
101432,28-05-2026,Keyboard,Accessories,5,,Pune
101433,28-03-2026,Monitor,Electronics,7,15000,Chennai
101434,25-03-2026,SSD,Storage,1,6000,Bengaluru
101435,09-02-2026,Headphones,Accessories,10,2500,Kolkata
101436,08-04-2026,Monitor,Electronics,7,15000,Ahmedabad
101437,28-01-2026,Headphones,Accessories,10,2500,Chennai
101438,24-01-2026,Keyboard,Accessories,2,1200,Ahmedabad
101439,07-01-2026,Keyboard,Accessories,4,1200,Chennai
101440,22-02-2026,Monitor,Electronics,5,15000,Delhi
101441,05-04-2026,Router,Networking,1,4500,Kolkata
101442,11-04-2026,Keyboard,Accessories,2,1200,Mumbai
101443,10-04-2026,Monitor,Electronics,3,15000,Ahmedabad
101444,10-02-2026,SSD,Storage,10,6000,Ahmedabad
101445,12-03-2026,Monitor,Electronics,1,15000,Kolkata
101446,04-06-2026,Monitor,Electronics,9,15000,Ahmedabad
101447,28-04-2026,Webcam,Electronics,10,3200,Ahmedabad
101448,30-03-2026,Printer,Electronics,7,9000,Bengaluru
101449,17-04-2026,Monitor,Electronics,3,15000,Ahmedabad
101450,09-04-2026,Keyboard,Accessories,10,1200,Delhi
101451,03-03-2026,Keyboard,Accessories,5,1200,Mumbai
101452,28-06-2026,Monitor,Electronics,8,15000,Mumbai
101453,05-04-2026,Mouse,Accessories,2,700,Kolkata
101454,26-04-2026,Keyboard,Accessories,5,1200,Delhi
101455,19-01-2026,Webcam,Electronics,7,3200,Hyderabad
101456,12-04-2026,Laptop,Electronics,1,65000,Bengaluru
101457,25-03-2026,Webcam,Electronics,8,3200,Hyderabad
101458,23-04-2026,Keyboard,Accessories,8,1200,Bengaluru
101459,05-01-2026,SSD,Storage,2,6000,Kolkata
101460,13-02-2026,Mouse,Accessories,1,700,Pune
101461,15-02-2026,Monitor,Electronics,1,15000,Ahmedabad
101462,28-06-2026,Laptop,Electronics,9,65000,Mumbai
101463,10-04-2026,Printer,Electronics,8,,Kolkata
101464,21-02-2026,Monitor,Electronics,6,15000,Delhi
101465,18-04-2026,Laptop,Electronics,1,65000,Mumbai
101466,26-02-2026,Mouse,Accessories,3,700,Mumbai
101467,25-03-2026,Headphones,Accessories,9,2500,Kolkata
101468,20-04-2026,Mouse,Accessories,4,700,Bengaluru
101469,04-01-2026,USB Drive,Accessories,6,800,Hyderabad
101470,17-01-2026,Printer,Electronics,10,9000,Hyderabad
101471,16-04-2026,Printer,Electronics,10,9000,Bengaluru
101472,06-03-2026,Mouse,Accessories,10,700,Kolkata
101473,23-06-2026,Keyboard,Accessories,6,1200,Pune
101474,20-06-2026,Webcam,Electronics,2,3200,Ahmedabad
101475,08-04-2026,Router,Networking,4,4500,Delhi
101476,01-03-2026,Laptop,Electronics,10,65000,Hyderabad
101477,20-04-2026,Monitor,Electronics,10,15000,Ahmedabad
101478,17-03-2026,Monitor,Electronics,3,15000,Hyderabad
101479,03-06-2026,Webcam,Electronics,6,3200,Delhi
101480,14-05-2026,USB Drive,Accessories,5,800,Pune
101481,29-03-2026,Monitor,Electronics,4,15000,Hyderabad
101482,25-06-2026,Monitor,Electronics,10,15000,Bengaluru
101483,24-04-2026,Laptop,Electronics,2,65000,Hyderabad
101484,14-01-2026,Keyboard,Accessories,4,1200,Hyderabad
101485,02-03-2026,Router,Networking,2,4500,Bengaluru
101486,20-02-2026,Monitor,Electronics,7,15000,Chennai
101487,28-05-2026,Webcam,Electronics,4,3200,Mumbai
101488,03-04-2026,USB Drive,Accessories,7,800,Kolkata
101489,09-02-2026,Webcam,Electronics,1,3200,Mumbai
101490,18-03-2026,SSD,Storage,9,6000,Chennai
101491,08-04-2026,Webcam,Electronics,5,3200,Ahmedabad
101492,19-01-2026,Headphones,Accessories,3,2500,Hyderabad
101493,02-01-2026,Laptop,Electronics,9,65000,Kolkata
101494,17-04-2026,USB Drive,Accessories,6,800,Mumbai
101495,15-04-2026,Laptop,Electronics,2,65000,Hyderabad
101496,22-04-2026,Printer,Electronics,6,9000,Pune
101497,28-06-2026,Laptop,Electronics,7,65000,Hyderabad
101498,03-05-2026,Laptop,Electronics,6,65000,Bengaluru
101499,08-03-2026,SSD,Storage,8,6000,Hyderabad
101500,04-06-2026,SSD,Storage,3,6000,Kolkata
101501,12-04-2026,SSD,Storage,2,6000,Kolkata
101502,12-02-2026,USB Drive,Accessories,5,800,Kolkata
101503,31-05-2026,Printer,Electronics,7,9000,Mumbai
101504,28-01-2026,SSD,Storage,6,6000,Hyderabad
101505,12-04-2026,Printer,Electronics,1,9000,Delhi
101506,25-01-2026,Mouse,Accessories,7,700,Kolkata
101507,13-02-2026,Keyboard,Accessories,6,1200,Ahmedabad
101508,16-02-2026,Router,Networking,2,4500,Bengaluru
101509,21-02-2026,Laptop,Electronics,3,65000,Kolkata
101510,23-04-2026,SSD,Storage,2,6000,Chennai
101511,22-01-2026,USB Drive,Accessories,2,800,Hyderabad
101512,03-05-2026,Webcam,Electronics,,3200,Delhi
101513,20-06-2026,SSD,Storage,1,6000,Delhi
101514,07-04-2026,SSD,Storage,9,6000,Ahmedabad
101515,02-05-2026,Headphones,Accessories,10,2500,Pune
101516,22-03-2026,Monitor,Electronics,6,15000,Delhi
101517,02-04-2026,Headphones,Accessories,,2500,Kolkata
101518,05-02-2026,Laptop,Electronics,10,65000,Hyderabad
101519,05-04-2026,Webcam,Electronics,10,3200,Kolkata
101520,19-06-2026,Monitor,Electronics,1,15000,Pune
101521,05-01-2026,Headphones,Accessories,1,2500,Ahmedabad
101522,01-03-2026,SSD,Storage,8,6000,Mumbai
101523,31-03-2026,USB Drive,Accessories,8,800,Mumbai
101524,09-04-2026,Printer,Electronics,10,9000,Delhi
101525,02-02-2026,Webcam,Electronics,2,3200,Ahmedabad
101526,13-02-2026,Webcam,Electronics,2,3200,Hyderabad
101527,24-02-2026,Keyboard,Accessories,2,1200,Delhi
101528,11-02-2026,Headphones,Accessories,7,2500,Chennai
101529,20-06-2026,Webcam,Electronics,2,3200,Ahmedabad
101530,24-01-2026,Headphones,Accessories,4,2500,Mumbai
101531,14-06-2026,Headphones,Accessories,7,2500,Kolkata
101532,17-06-2026,Router,Networking,7,4500,Mumbai
101533,16-03-2026,Mouse,Accessories,2,700,Hyderabad
101534,30-01-2026,SSD,Storage,6,6000,Kolkata
101535,28-05-2026,Laptop,Electronics,5,65000,Kolkata
101536,19-04-2026,Headphones,Accessories,6,2500,Bengaluru
101537,14-05-2026,SSD,Storage,10,6000,Ahmedabad
101538,22-03-2026,Keyboard,Accessories,5,1200,Ahmedabad
101539,07-02-2026,SSD,Storage,5,6000,Delhi
101540,03-06-2026,Headphones,Accessories,5,2500,Chennai
101541,27-05-2026,Webcam,Electronics,4,3200,Kolkata
101542,16-01-2026,Headphones,Accessories,3,2500,Hyderabad
101543,29-06-2026,Laptop,Electronics,3,65000,Chennai
101544,18-06-2026,Keyboard,Accessories,1,1200,Ahmedabad
101545,31-03-2026,USB Drive,Accessories,7,800,Chennai
101546,28-06-2026,Monitor,Electronics,9,15000,Delhi
101547,19-03-2026,Webcam,Electronics,3,3200,Ahmedabad
101548,16-03-2026,Keyboard,Accessories,4,1200,Delhi
101549,03-04-2026,SSD,Storage,2,6000,Bengaluru
101550,07-04-2026,USB Drive,Accessories,3,800,Ahmedabad
101551,15-02-2026,Laptop,Electronics,2,65000,Kolkata
101552,08-02-2026,USB Drive,Accessories,4,800,Ahmedabad
101553,19-03-2026,SSD,Storage,3,6000,Mumbai
101554,29-04-2026,USB Drive,Accessories,5,800,Delhi
101555,31-01-2026,Mouse,Accessories,2,700,Hyderabad
101556,06-01-2026,SSD,Storage,10,6000,Mumbai
101557,01-06-2026,Keyboard,Accessories,7,1200,Kolkata
101558,18-03-2026,SSD,Storage,3,6000,Bengaluru
101559,14-04-2026,Laptop,Electronics,7,65000,Ahmedabad
101560,17-01-2026,Router,Networking,10,4500,Mumbai
101561,23-02-2026,Mouse,Accessories,3,700,Delhi
101562,23-05-2026,Webcam,Electronics,6,3200,Hyderabad
101563,17-06-2026,Keyboard,Accessories,2,1200,Delhi
101564,22-01-2026,Mouse,Accessories,9,700,Bengaluru
101565,19-04-2026,Laptop,Electronics,4,65000,Chennai
101566,18-06-2026,Router,Networking,8,4500,Pune
101567,14-05-2026,Headphones,Accessories,10,2500,Mumbai
101568,19-06-2026,Laptop,Electronics,4,65000,Hyderabad
101569,04-02-2026,SSD,Storage,9,6000,Bengaluru
101570,09-06-2026,USB Drive,Accessories,2,800,Bengaluru
101571,13-04-2026,Webcam,Electronics,2,3200,Bengaluru
101572,18-05-2026,Monitor,Electronics,2,15000,Hyderabad
101573,06-04-2026,SSD,Storage,9,6000,Bengaluru
101574,22-03-2026,USB Drive,Accessories,7,800,Mumbai
101575,11-03-2026,Mouse,Accessories,9,700,Mumbai
101576,26-03-2026,Mouse,Accessories,6,700,Bengaluru
101577,27-02-2026,Printer,Electronics,1,9000,Hyderabad
101578,07-04-2026,Mouse,Accessories,2,700,Chennai
101579,31-05-2026,Webcam,Electronics,2,3200,Chennai
101580,22-05-2026,Printer,Electronics,10,9000,Pune
101581,10-04-2026,Keyboard,Accessories,6,1200,Kolkata
101582,03-05-2026,SSD,Storage,3,6000,Bengaluru
101583,18-06-2026,Keyboard,Accessories,3,1200,Delhi
101584,13-06-2026,Headphones,Accessories,4,2500,Ahmedabad
101585,16-02-2026,Webcam,Electronics,6,3200,Chennai
101586,20-04-2026,Router,Networking,4,4500,Chennai
101587,15-04-2026,Headphones,Accessories,2,2500,Hyderabad
101588,24-01-2026,Keyboard,Accessories,10,1200,Ahmedabad
101589,03-01-2026,USB Drive,Accessories,9,800,Ahmedabad
101590,12-05-2026,Router,Networking,2,4500,Delhi
101591,19-04-2026,Router,Networking,6,4500,Delhi
101592,05-06-2026,Webcam,Electronics,3,3200,Hyderabad
101593,14-02-2026,Mouse,Accessories,6,700,Delhi
101594,19-04-2026,Webcam,Electronics,7,3200,Pune
101595,23-06-2026,Monitor,Electronics,9,15000,Chennai
101596,18-03-2026,Webcam,Electronics,5,,Kolkata
101597,25-02-2026,Printer,Electronics,9,9000,Ahmedabad
101598,08-06-2026,Webcam,Electronics,1,3200,Pune
101599,18-03-2026,Headphones,Accessories,,2500,Bengaluru
101600,13-04-2026,Headphones,Accessories,1,2500,Mumbai
101601,16-05-2026,Router,Networking,3,4500,Delhi
101602,09-02-2026,Printer,Electronics,4,9000,Pune
101603,20-04-2026,Keyboard,Accessories,9,1200,Ahmedabad
101604,18-06-2026,Webcam,Electronics,3,3200,Delhi
101605,02-04-2026,Monitor,Electronics,2,15000,Kolkata
101606,18-04-2026,Headphones,Accessories,1,2500,Ahmedabad
101607,20-06-2026,Printer,Electronics,2,9000,Bengaluru
101608,25-03-2026,USB Drive,Accessories,9,800,Kolkata
101609,03-02-2026,Mouse,Accessories,2,700,Pune
101610,09-05-2026,Laptop,Electronics,4,65000,Kolkata
101611,02-06-2026,Laptop,Electronics,7,65000,Mumbai
101612,20-04-2026,Monitor,Electronics,10,15000,Hyderabad
101613,13-03-2026,Mouse,Accessories,5,700,Kolkata
101614,20-02-2026,Webcam,Electronics,2,3200,Bengaluru
101615,18-02-2026,SSD,Storage,3,6000,Delhi
101616,12-03-2026,Monitor,Electronics,3,15000,Mumbai
101617,14-01-2026,USB Drive,Accessories,7,800,Hyderabad
101618,26-02-2026,Headphones,Accessories,7,2500,Delhi
101619,19-03-2026,Mouse,Accessories,5,700,Kolkata
101620,05-03-2026,Headphones,Accessories,1,,Pune
101621,24-02-2026,Printer,Electronics,8,9000,Kolkata
101622,17-02-2026,Printer,Electronics,8,9000,Mumbai
101623,21-06-2026,Laptop,Electronics,9,65000,Pune
101624,03-04-2026,SSD,Storage,9,6000,Chennai
101625,23-02-2026,SSD,Storage,7,6000,Mumbai
101626,11-01-2026,SSD,Storage,4,6000,Mumbai
101627,20-01-2026,Router,Networking,10,4500,Hyderabad
101628,17-05-2026,Keyboard,Accessories,1,1200,Chennai
101629,24-05-2026,Headphones,Accessories,6,2500,Kolkata
101630,18-01-2026,Webcam,Electronics,7,3200,Delhi
101631,12-02-2026,SSD,Storage,5,6000,Delhi
101632,25-05-2026,Laptop,Electronics,4,65000,Mumbai
101633,12-02-2026,Webcam,Electronics,9,3200,Kolkata
101634,05-06-2026,Printer,Electronics,4,9000,Hyderabad
101635,01-06-2026,Laptop,Electronics,9,65000,Chennai
101636,19-03-2026,Monitor,Electronics,5,15000,Bengaluru
101637,27-02-2026,Laptop,Electronics,9,65000,Bengaluru
101638,13-03-2026,Keyboard,Accessories,5,1200,Hyderabad
101639,23-02-2026,Router,Networking,,4500,Pune
101640,25-03-2026,Mouse,Accessories,9,700,Chennai
101641,25-03-2026,Laptop,Electronics,1,65000,Chennai
101642,15-02-2026,Printer,Electronics,1,9000,Mumbai
101643,26-06-2026,USB Drive,Accessories,5,800,Hyderabad
101644,24-04-2026,Monitor,Electronics,6,15000,Kolkata
101645,09-02-2026,Webcam,Electronics,4,3200,Bengaluru
101646,03-05-2026,Mouse,Accessories,8,700,Bengaluru
101647,18-02-2026,SSD,Storage,8,6000,Chennai
101648,06-01-2026,Printer,Electronics,3,9000,Hyderabad
101649,18-01-2026,Keyboard,Accessories,2,1200,Kolkata
101650,26-01-2026,Router,Networking,3,4500,Mumbai
101651,07-04-2026,USB Drive,Accessories,1,800,Delhi
101652,03-02-2026,Monitor,Electronics,2,15000,Delhi
101653,03-01-2026,Mouse,Accessories,9,700,Mumbai
101654,21-02-2026,Keyboard,Accessories,8,1200,Bengaluru
101655,20-03-2026,Headphones,Accessories,8,2500,Chennai
101656,10-06-2026,Router,Networking,2,4500,Chennai
101657,27-01-2026,Router,Networking,7,4500,Delhi
101658,28-02-2026,USB Drive,Accessories,7,800,Hyderabad
101659,25-06-2026,USB Drive,Accessories,2,800,Hyderabad
101660,27-01-2026,Printer,Electronics,6,9000,Pune
101661,22-01-2026,Laptop,Electronics,10,65000,Pune
101662,03-06-2026,Keyboard,Accessories,7,1200,Chennai
101663,09-06-2026,Printer,Electronics,6,9000,Ahmedabad
101664,19-06-2026,Headphones,Accessories,5,2500,Mumbai
101665,01-01-2026,Keyboard,Accessories,3,1200,Ahmedabad
101666,18-01-2026,Mouse,Accessories,10,700,Bengaluru
101667,24-01-2026,Headphones,Accessories,3,2500,Pune
101668,07-05-2026,USB Drive,Accessories,8,800,Pune
101669,05-02-2026,Monitor,Electronics,7,15000,Ahmedabad
101670,17-05-2026,Router,Networking,4,4500,Kolkata
101671,15-05-2026,SSD,Storage,4,6000,Delhi
101672,22-02-2026,Laptop,Electronics,6,65000,Mumbai
101673,16-01-2026,Headphones,Accessories,6,2500,Bengaluru
101674,17-03-2026,Webcam,Electronics,3,3200,Kolkata
101675,04-03-2026,Monitor,Electronics,4,15000,Bengaluru
101676,07-04-2026,Laptop,Electronics,7,65000,Mumbai
101677,03-05-2026,SSD,Storage,3,6000,Mumbai
101678,04-03-2026,Mouse,Accessories,1,700,Bengaluru
101679,16-02-2026,Webcam,Electronics,3,3200,Chennai
101680,01-05-2026,USB Drive,Accessories,6,800,Delhi
101681,15-03-2026,Mouse,Accessories,3,700,Bengaluru
101682,09-05-2026,Keyboard,Accessories,1,1200,Ahmedabad
101683,22-05-2026,Printer,Electronics,10,9000,Kolkata
101684,10-02-2026,Printer,Electronics,2,9000,Bengaluru
101685,24-02-2026,USB Drive,Accessories,10,800,Mumbai
101686,27-06-2026,Webcam,Electronics,8,3200,Kolkata
101687,12-02-2026,Laptop,Electronics,6,65000,Mumbai
101688,27-01-2026,Mouse,Accessories,6,700,Delhi
101689,03-03-2026,Printer,Electronics,3,9000,Delhi
101690,21-03-2026,Monitor,Electronics,9,15000,Hyderabad
101691,10-03-2026,Mouse,Accessories,10,700,Ahmedabad
101692,12-01-2026,Laptop,Electronics,6,65000,Pune
101693,14-03-2026,USB Drive,Accessories,9,800,Pune
101694,03-02-2026,Mouse,Accessories,6,700,Mumbai
101695,09-05-2026,Keyboard,Accessories,1,1200,Delhi
101696,16-03-2026,Keyboard,Accessories,3,1200,Mumbai
101697,01-03-2026,Monitor,Electronics,3,15000,Pune
101698,25-04-2026,Keyboard,Accessories,6,1200,Kolkata
101699,11-01-2026,USB Drive,Accessories,4,800,Mumbai
101700,09-02-2026,SSD,Storage,8,6000,Chennai
101701,21-05-2026,Mouse,Accessories,8,700,Chennai
101702,11-02-2026,Mouse,Accessories,5,700,Mumbai
101703,15-02-2026,Webcam,Electronics,5,3200,Ahmedabad
101704,16-06-2026,Keyboard,Accessories,2,1200,Pune
101705,15-03-2026,USB Drive,Accessories,7,800,Bengaluru
101706,23-04-2026,Headphones,Accessories,9,2500,Pune
101707,22-01-2026,USB Drive,Accessories,9,800,Delhi
101708,08-06-2026,Laptop,Electronics,4,65000,Bengaluru
101709,27-01-2026,Printer,Electronics,7,9000,Mumbai
101710,27-02-2026,USB Drive,Accessories,8,800,Ahmedabad
101711,14-06-2026,Router,Networking,8,4500,Mumbai
101712,12-04-2026,USB Drive,Accessories,4,800,Pune
101713,04-06-2026,Webcam,Electronics,4,3200,Chennai
101714,27-04-2026,Laptop,Electronics,9,65000,Hyderabad
101715,23-03-2026,SSD,Storage,1,6000,Delhi
101716,03-04-2026,USB Drive,Accessories,8,800,Delhi
101717,25-06-2026,USB Drive,Accessories,5,800,Bengaluru
101718,18-01-2026,Printer,Electronics,7,9000,Ahmedabad
101719,18-04-2026,Router,Networking,4,4500,Delhi
101720,24-01-2026,USB Drive,Accessories,6,800,Hyderabad
101721,31-03-2026,USB Drive,Accessories,8,800,Bengaluru
101722,28-06-2026,USB Drive,Accessories,6,800,Delhi
101723,24-05-2026,SSD,Storage,4,6000,Bengaluru
101724,24-03-2026,Headphones,Accessories,1,2500,Bengaluru
101725,08-05-2026,Headphones,Accessories,2,2500,Chennai
101726,14-05-2026,Laptop,Electronics,8,65000,Ahmedabad
101727,13-06-2026,SSD,Storage,2,6000,Hyderabad
101728,18-04-2026,Router,Networking,3,4500,Hyderabad
101729,18-02-2026,SSD,Storage,1,6000,Chennai
101730,20-03-2026,Router,Networking,2,4500,Ahmedabad
101731,16-04-2026,USB Drive,Accessories,6,800,Pune
101732,30-01-2026,Keyboard,Accessories,8,1200,Bengaluru
101733,19-05-2026,USB Drive,Accessories,7,800,Kolkata
101734,12-06-2026,Printer,Electronics,10,9000,Mumbai
101735,23-01-2026,Mouse,Accessories,2,700,Kolkata
101736,27-01-2026,Webcam,Electronics,10,3200,Ahmedabad
101737,09-05-2026,SSD,Storage,1,6000,Hyderabad
101738,27-02-2026,Webcam,Electronics,9,3200,Ahmedabad
101739,01-02-2026,Headphones,Accessories,8,2500,Kolkata
101740,02-01-2026,Headphones,Accessories,4,2500,Chennai
101741,20-03-2026,USB Drive,Accessories,,800,Delhi
101742,04-01-2026,Laptop,Electronics,3,65000,Pune
101743,27-03-2026,Keyboard,Accessories,10,1200,Kolkata
101744,19-02-2026,SSD,Storage,7,6000,Kolkata
101745,02-02-2026,USB Drive,Accessories,3,800,Bengaluru
101746,22-04-2026,Monitor,Electronics,2,15000,Mumbai
101747,11-06-2026,SSD,Storage,7,6000,Chennai
101748,22-05-2026,Keyboard,Accessories,6,1200,Kolkata
101749,03-01-2026,SSD,Storage,3,6000,Mumbai
101750,27-05-2026,USB Drive,Accessories,1,800,Ahmedabad
101751,12-06-2026,Headphones,Accessories,3,2500,Chennai
101752,19-02-2026,Router,Networking,4,4500,Kolkata
101753,08-03-2026,Laptop,Electronics,5,65000,Delhi
101754,13-06-2026,SSD,Storage,2,6000,Mumbai
101755,28-01-2026,Keyboard,Accessories,5,1200,Mumbai
101756,07-05-2026,Headphones,Accessories,4,2500,Delhi
101757,16-04-2026,Mouse,Accessories,8,700,Kolkata
101758,07-04-2026,Headphones,Accessories,8,2500,Delhi
101759,15-02-2026,SSD,Storage,10,6000,Pune
101760,30-03-2026,Webcam,Electronics,10,,Chennai
101761,01-02-2026,Monitor,Electronics,10,15000,Bengaluru
101762,25-02-2026,Headphones,Accessories,2,2500,Bengaluru
101763,26-02-2026,Mouse,Accessories,3,700,Mumbai
101764,31-03-2026,Router,Networking,5,4500,Kolkata
101765,12-05-2026,USB Drive,Accessories,4,800,Chennai
101766,11-04-2026,Mouse,Accessories,10,700,Bengaluru
101767,22-02-2026,Webcam,Electronics,7,3200,Chennai
101768,23-03-2026,SSD,Storage,2,6000,Pune
101769,06-04-2026,Mouse,Accessories,8,700,Chennai
101770,31-05-2026,USB Drive,Accessories,5,800,Pune
101771,12-04-2026,Laptop,Electronics,2,65000,Bengaluru
101772,02-04-2026,Monitor,Electronics,2,15000,Bengaluru
101773,22-03-2026,Mouse,Accessories,1,700,Pune
101774,24-02-2026,Webcam,Electronics,10,3200,Mumbai
101775,09-04-2026,Printer,Electronics,10,9000,Chennai
101776,05-06-2026,Mouse,Accessories,10,700,Kolkata
101777,23-03-2026,Headphones,Accessories,4,2500,Ahmedabad
101778,12-01-2026,Printer,Electronics,7,9000,Pune
101779,01-06-2026,USB Drive,Accessories,4,800,Delhi
101780,29-04-2026,Printer,Electronics,3,9000,Delhi
101781,28-03-2026,Laptop,Electronics,2,65000,Kolkata
101782,19-03-2026,Printer,Electronics,6,9000,Pune
101783,07-05-2026,SSD,Storage,1,6000,Ahmedabad
101784,07-05-2026,Mouse,Accessories,6,700,Hyderabad
101785,13-01-2026,Laptop,Electronics,3,65000,Kolkata
101786,27-02-2026,Keyboard,Accessories,2,1200,Pune
101787,18-05-2026,Laptop,Electronics,1,65000,Mumbai
101788,13-01-2026,Printer,Electronics,2,9000,Kolkata
101789,11-03-2026,Keyboard,Accessories,3,1200,Pune
101790,07-02-2026,SSD,Storage,7,6000,Hyderabad
101791,28-05-2026,Webcam,Electronics,8,3200,Ahmedabad
101792,27-02-2026,Mouse,Accessories,5,700,Pune
101793,23-05-2026,Monitor,Electronics,4,15000,Ahmedabad
101794,16-01-2026,Monitor,Electronics,1,15000,Kolkata
101795,18-02-2026,Webcam,Electronics,2,3200,Pune
101796,21-03-2026,Webcam,Electronics,3,3200,Bengaluru
101797,26-02-2026,Headphones,Accessories,7,2500,Hyderabad
101798,13-04-2026,Monitor,Electronics,2,15000,Chennai
101799,28-05-2026,Mouse,Accessories,3,700,Mumbai
101800,03-03-2026,Laptop,Electronics,8,65000,Ahmedabad
101801,01-04-2026,Printer,Electronics,2,9000,Kolkata
101802,24-02-2026,Keyboard,Accessories,7,1200,Delhi
101803,23-04-2026,Printer,Electronics,6,9000,Kolkata
101804,19-02-2026,Printer,Electronics,4,9000,Ahmedabad
101805,13-05-2026,USB Drive,Accessories,2,800,Mumbai
101806,26-02-2026,Mouse,Accessories,1,700,Hyderabad
101807,17-01-2026,Router,Networking,2,4500,Kolkata
101808,11-04-2026,USB Drive,Accessories,2,800,Chennai
101809,07-05-2026,Monitor,Electronics,3,15000,Chennai
101810,02-06-2026,Printer,Electronics,1,9000,Ahmedabad
101811,20-03-2026,Monitor,Electronics,3,15000,Bengaluru
101812,27-03-2026,Webcam,Electronics,3,3200,Kolkata
101813,27-03-2026,Laptop,Electronics,3,65000,Bengaluru
101814,23-06-2026,Laptop,Electronics,10,65000,Delhi
101815,06-05-2026,Monitor,Electronics,8,15000,Chennai
101816,28-02-2026,Router,Networking,9,4500,Mumbai
101817,26-01-2026,Printer,Electronics,6,9000,Chennai
101818,19-06-2026,Webcam,Electronics,5,3200,Pune
101819,19-03-2026,Headphones,Accessories,9,2500,Ahmedabad
101820,29-01-2026,Printer,Electronics,9,9000,Kolkata
101821,26-02-2026,Keyboard,Accessories,6,1200,Kolkata
101822,03-04-2026,Monitor,Electronics,2,15000,Mumbai
101823,12-03-2026,Router,Networking,8,4500,Bengaluru
101824,09-03-2026,Headphones,Accessories,6,2500,Chennai
101825,21-03-2026,Monitor,Electronics,1,15000,Mumbai
101826,21-04-2026,Webcam,Electronics,10,3200,Chennai
101827,29-01-2026,Laptop,Electronics,8,65000,Bengaluru
101828,14-05-2026,Printer,Electronics,10,9000,Ahmedabad
101829,15-03-2026,Mouse,Accessories,5,700,Chennai
101830,01-06-2026,Mouse,Accessories,1,,Pune
101831,19-06-2026,Laptop,Electronics,1,65000,Chennai
101832,09-05-2026,Router,Networking,3,4500,Bengaluru
101833,20-02-2026,USB Drive,Accessories,10,800,Delhi
101834,02-05-2026,Headphones,Accessories,4,2500,Kolkata
101835,13-04-2026,Mouse,Accessories,5,700,Bengaluru
101836,25-05-2026,USB Drive,Accessories,6,800,Hyderabad
101837,06-03-2026,Keyboard,Accessories,7,1200,Mumbai
101838,18-03-2026,SSD,Storage,8,6000,Kolkata
101839,25-01-2026,Keyboard,Accessories,9,1200,Pune
101840,30-04-2026,Headphones,Accessories,7,2500,Ahmedabad
101841,08-01-2026,Router,Networking,1,4500,Bengaluru
101842,07-06-2026,Printer,Electronics,4,9000,Chennai
101843,14-01-2026,USB Drive,Accessories,3,,Ahmedabad
101844,14-01-2026,Mouse,Accessories,1,700,Mumbai
101845,27-03-2026,SSD,Storage,2,6000,Pune
101846,16-01-2026,Mouse,Accessories,10,700,Delhi
101847,29-06-2026,Monitor,Electronics,9,15000,Ahmedabad
101848,04-02-2026,Monitor,Electronics,3,15000,Delhi
101849,05-05-2026,SSD,Storage,4,,Mumbai
101850,14-05-2026,Mouse,Accessories,4,700,Ahmedabad
101851,11-04-2026,Laptop,Electronics,2,65000,Bengaluru
101852,02-03-2026,Router,Networking,5,4500,Mumbai
101853,21-04-2026,Keyboard,Accessories,1,1200,Hyderabad
101854,13-02-2026,Router,Networking,9,4500,Chennai
101855,20-06-2026,Mouse,Accessories,10,700,Kolkata
101856,09-04-2026,Mouse,Accessories,8,700,Delhi
101857,14-03-2026,Webcam,Electronics,2,3200,Chennai
101858,09-01-2026,SSD,Storage,8,6000,Bengaluru
101859,30-04-2026,Webcam,Electronics,,3200,Hyderabad
101860,31-03-2026,Router,Networking,7,4500,Bengaluru
101861,01-04-2026,SSD,Storage,6,6000,Bengaluru
101862,13-03-2026,Printer,Electronics,7,9000,Ahmedabad
101863,07-04-2026,Webcam,Electronics,10,3200,Chennai
101864,03-02-2026,Headphones,Accessories,10,2500,Kolkata
101865,18-01-2026,Laptop,Electronics,1,65000,Mumbai
101866,20-06-2026,Mouse,Accessories,8,700,Hyderabad
101867,02-03-2026,Mouse,Accessories,3,700,Kolkata
101868,17-01-2026,Laptop,Electronics,10,65000,Mumbai
101869,24-04-2026,Headphones,Accessories,10,2500,Bengaluru
101870,24-03-2026,Mouse,Accessories,8,700,Hyderabad
101871,20-02-2026,Printer,Electronics,8,9000,Hyderabad
101872,11-02-2026,USB Drive,Accessories,9,800,Delhi
101873,11-06-2026,Mouse,Accessories,4,700,Delhi
101874,03-04-2026,USB Drive,Accessories,10,800,Bengaluru
101875,24-06-2026,Router,Networking,8,4500,Ahmedabad
101876,09-05-2026,Headphones,Accessories,6,2500,Bengaluru
101877,18-01-2026,Webcam,Electronics,7,3200,Mumbai
101878,02-02-2026,Router,Networking,5,4500,Delhi
101879,03-06-2026,Router,Networking,6,4500,Chennai
101880,06-03-2026,USB Drive,Accessories,6,800,Chennai
101881,20-01-2026,Router,Networking,10,4500,Chennai
101882,13-04-2026,SSD,Storage,1,6000,Ahmedabad
101883,09-03-2026,Laptop,Electronics,1,65000,Pune
101884,16-01-2026,Keyboard,Accessories,4,1200,Delhi
101885,02-03-2026,Webcam,Electronics,2,3200,Delhi
101886,30-03-2026,Mouse,Accessories,7,700,Mumbai
101887,22-05-2026,Webcam,Electronics,3,3200,Delhi
101888,08-05-2026,Router,Networking,4,4500,Chennai
101889,28-02-2026,Laptop,Electronics,1,65000,Hyderabad
101890,17-05-2026,SSD,Storage,7,6000,Ahmedabad
101891,14-01-2026,USB Drive,Accessories,7,800,Kolkata
101892,21-05-2026,Keyboard,Accessories,2,1200,Pune
101893,01-04-2026,Monitor,Electronics,6,15000,Hyderabad
101894,24-01-2026,SSD,Storage,1,6000,Delhi
101895,04-01-2026,Monitor,Electronics,1,15000,Bengaluru
101896,14-03-2026,Laptop,Electronics,6,65000,Hyderabad
101897,16-03-2026,Keyboard,Accessories,10,1200,Mumbai
101898,20-01-2026,Printer,Electronics,9,9000,Pune
101899,26-02-2026,Webcam,Electronics,5,3200,Chennai
101900,17-06-2026,Monitor,Electronics,9,15000,Mumbai
101901,14-01-2026,Headphones,Accessories,7,2500,Chennai
101902,21-01-2026,Monitor,Electronics,3,15000,Chennai
101903,22-05-2026,Monitor,Electronics,2,15000,Bengaluru
101904,10-01-2026,Monitor,Electronics,8,15000,Mumbai
101905,06-01-2026,Webcam,Electronics,1,3200,Chennai
101906,22-01-2026,Laptop,Electronics,5,65000,Delhi
101907,08-04-2026,USB Drive,Accessories,8,800,Bengaluru
101908,18-06-2026,USB Drive,Accessories,9,800,Pune
101909,07-01-2026,SSD,Storage,6,6000,Hyderabad
101910,08-01-2026,Headphones,Accessories,10,2500,Delhi
101911,28-01-2026,Router,Networking,7,4500,Chennai
101912,17-05-2026,Webcam,Electronics,7,3200,Chennai
101913,11-02-2026,USB Drive,Accessories,8,800,Bengaluru
101914,04-01-2026,Printer,Electronics,5,9000,Chennai
101915,28-03-2026,SSD,Storage,7,6000,Chennai
101916,18-06-2026,Printer,Electronics,10,9000,Pune
101917,09-03-2026,Keyboard,Accessories,8,1200,Ahmedabad
101918,10-01-2026,Headphones,Accessories,8,2500,Kolkata
101919,15-01-2026,SSD,Storage,2,6000,Pune
101920,17-01-2026,Webcam,Electronics,3,3200,Chennai
101921,07-05-2026,Keyboard,Accessories,4,1200,Delhi
101922,01-03-2026,Mouse,Accessories,1,700,Ahmedabad
101923,29-05-2026,Headphones,Accessories,1,2500,Chennai
101924,07-03-2026,Laptop,Electronics,6,65000,Hyderabad
101925,31-03-2026,Mouse,Accessories,2,700,Mumbai
101926,02-03-2026,Monitor,Electronics,6,15000,Kolkata
101927,19-01-2026,USB Drive,Accessories,5,800,Pune
101928,27-03-2026,USB Drive,Accessories,6,800,Delhi
101929,11-02-2026,Headphones,Accessories,1,2500,Delhi
101930,28-01-2026,SSD,Storage,4,6000,Pune
101931,25-02-2026,USB Drive,Accessories,10,800,Kolkata
101932,16-06-2026,Mouse,Accessories,2,700,Kolkata
101933,18-05-2026,Mouse,Accessories,9,700,Ahmedabad
101934,23-03-2026,Printer,Electronics,4,9000,Hyderabad
101935,26-03-2026,Monitor,Electronics,6,15000,Mumbai
101936,27-06-2026,Monitor,Electronics,8,15000,Pune
101937,21-01-2026,Headphones,Accessories,9,2500,Ahmedabad
101938,04-06-2026,Monitor,Electronics,8,15000,Bengaluru
101939,18-05-2026,Monitor,Electronics,7,15000,Chennai
101940,15-03-2026,Headphones,Accessories,6,2500,Bengaluru
101941,28-05-2026,Webcam,Electronics,4,3200,Delhi
101942,12-02-2026,Mouse,Accessories,7,700,Ahmedabad
101943,26-01-2026,Keyboard,Accessories,1,1200,Bengaluru
101944,19-01-2026,Keyboard,Accessories,9,1200,Kolkata
101945,01-04-2026,Keyboard,Accessories,7,1200,Chennai
101946,31-01-2026,Headphones,Accessories,6,2500,Delhi
101947,19-01-2026,Headphones,Accessories,8,2500,Kolkata
101948,16-03-2026,Webcam,Electronics,3,3200,Mumbai
101949,08-02-2026,Laptop,Electronics,10,65000,Ahmedabad
101950,08-04-2026,Headphones,Accessories,8,2500,Chennai
101951,25-01-2026,Monitor,Electronics,5,15000,Kolkata
101952,15-03-2026,Headphones,Accessories,7,2500,Bengaluru
101953,11-01-2026,Monitor,Electronics,7,15000,Pune
101954,26-01-2026,Headphones,Accessories,5,2500,Ahmedabad
101955,23-04-2026,Monitor,Electronics,3,15000,Mumbai
101956,01-03-2026,Printer,Electronics,3,9000,Bengaluru
101957,08-01-2026,SSD,Storage,1,6000,Hyderabad
101958,02-01-2026,Webcam,Electronics,1,3200,Kolkata
101959,24-04-2026,Router,Networking,3,4500,Mumbai
101960,31-01-2026,Webcam,Electronics,7,3200,Bengaluru
101961,13-03-2026,Mouse,Accessories,6,700,Hyderabad
101962,20-01-2026,Headphones,Accessories,3,2500,Mumbai
101963,26-06-2026,Headphones,Accessories,1,2500,Pune
101964,18-02-2026,Router,Networking,1,4500,Hyderabad
101965,05-02-2026,SSD,Storage,7,6000,Hyderabad
101966,09-03-2026,Webcam,Electronics,3,3200,Ahmedabad
101967,14-03-2026,Keyboard,Accessories,4,1200,Hyderabad
101968,01-01-2026,USB Drive,Accessories,2,800,Bengaluru
101969,10-01-2026,USB Drive,Accessories,5,800,Hyderabad
101970,13-06-2026,Headphones,Accessories,8,2500,Chennai
101971,01-03-2026,Printer,Electronics,8,9000,Pune
101972,20-05-2026,Webcam,Electronics,5,3200,Chennai
101973,18-04-2026,Webcam,Electronics,6,3200,Bengaluru
101974,29-04-2026,Headphones,Accessories,2,2500,Bengaluru
101975,04-05-2026,Webcam,Electronics,10,3200,Chennai
101976,10-03-2026,Router,Networking,4,4500,Delhi
101977,24-05-2026,Headphones,Accessories,5,2500,Ahmedabad
101978,19-04-2026,USB Drive,Accessories,5,800,Hyderabad
101979,28-03-2026,Laptop,Electronics,5,65000,Bengaluru
101980,18-05-2026,Monitor,Electronics,2,15000,Pune
101981,03-02-2026,SSD,Storage,9,6000,Kolkata
101982,24-01-2026,Headphones,Accessories,6,2500,Delhi
101983,13-05-2026,Monitor,Electronics,6,15000,Kolkata
101984,28-02-2026,Printer,Electronics,3,9000,Hyderabad
101985,22-05-2026,Monitor,Electronics,1,15000,Mumbai
101986,09-05-2026,USB Drive,Accessories,8,800,Delhi
101987,28-02-2026,Monitor,Electronics,1,15000,Kolkata
101988,17-06-2026,USB Drive,Accessories,3,800,Mumbai
101989,20-01-2026,Mouse,Accessories,9,700,Kolkata
101990,06-01-2026,Laptop,Electronics,9,65000,Kolkata
101991,19-02-2026,SSD,Storage,5,6000,Delhi
101992,19-03-2026,Printer,Electronics,8,9000,Ahmedabad
101993,07-04-2026,Printer,Electronics,7,9000,Chennai
101994,04-05-2026,Printer,Electronics,9,9000,Ahmedabad
101995,11-04-2026,Headphones,Accessories,9,2500,Delhi
101996,12-04-2026,Monitor,Electronics,8,15000,Chennai
101997,27-03-2026,Keyboard,Accessories,2,1200,Ahmedabad
101998,01-06-2026,Monitor,Electronics,2,15000,Ahmedabad
101999,14-05-2026,SSD,Storage,4,6000,Kolkata
102000,21-03-2026,Headphones,Accessories,3,2500,Kolkata
102001,02-01-2026,Printer,Electronics,4,9000,Ahmedabad
102002,22-03-2026,Monitor,Electronics,6,15000,Mumbai
102003,27-01-2026,USB Drive,Accessories,2,800,Bengaluru
102004,14-05-2026,Mouse,Accessories,3,700,Mumbai
102005,10-01-2026,USB Drive,Accessories,8,800,Ahmedabad
102006,05-02-2026,Router,Networking,7,4500,Kolkata
102007,17-03-2026,Printer,Electronics,9,9000,Bengaluru
102008,06-02-2026,Printer,Electronics,9,9000,Pune
102009,13-05-2026,SSD,Storage,5,6000,Pune
102010,04-02-2026,Keyboard,Accessories,9,1200,Pune
102011,17-04-2026,Keyboard,Accessories,3,1200,Delhi
102012,21-03-2026,Monitor,Electronics,4,15000,Pune
102013,25-01-2026,Laptop,Electronics,10,65000,Pune
102014,12-06-2026,Router,Networking,4,4500,Hyderabad
102015,12-03-2026,Printer,Electronics,7,9000,Kolkata
102016,07-03-2026,Router,Networking,9,4500,Bengaluru
102017,27-01-2026,Monitor,Electronics,5,15000,Bengaluru
102018,14-05-2026,SSD,Storage,7,6000,Chennai
102019,07-06-2026,Webcam,Electronics,4,3200,Hyderabad
102020,24-01-2026,SSD,Storage,3,6000,Delhi
102021,24-03-2026,Mouse,Accessories,1,700,Kolkata
102022,20-06-2026,Webcam,Electronics,6,3200,Hyderabad
102023,24-05-2026,USB Drive,Accessories,7,800,Pune
102024,21-03-2026,Router,Networking,6,4500,Hyderabad
102025,12-02-2026,Printer,Electronics,3,9000,Ahmedabad
102026,27-06-2026,Printer,Electronics,2,9000,Pune
102027,15-02-2026,Laptop,Electronics,6,65000,Pune
102028,19-04-2026,Monitor,Electronics,10,15000,Hyderabad
102029,08-04-2026,Headphones,Accessories,3,2500,Hyderabad
102030,24-04-2026,Headphones,Accessories,9,2500,Pune
102031,25-01-2026,Headphones,Accessories,5,2500,Chennai
102032,09-01-2026,Printer,Electronics,8,9000,Chennai
102033,12-03-2026,Laptop,Electronics,10,65000,Ahmedabad
102034,05-06-2026,Webcam,Electronics,8,3200,Mumbai
102035,10-01-2026,Headphones,Accessories,1,2500,Bengaluru
102036,03-02-2026,Mouse,Accessories,7,700,Ahmedabad
102037,13-06-2026,Laptop,Electronics,6,65000,Hyderabad
102038,17-06-2026,SSD,Storage,1,6000,Pune
102039,13-02-2026,SSD,Storage,6,6000,Kolkata
102040,17-04-2026,Laptop,Electronics,2,65000,Bengaluru
102041,10-03-2026,Mouse,Accessories,3,700,Hyderabad
102042,26-06-2026,Router,Networking,7,4500,Delhi
102043,21-03-2026,Printer,Electronics,9,9000,Mumbai
102044,25-05-2026,Webcam,Electronics,2,3200,Mumbai
102045,17-02-2026,Headphones,Accessories,10,2500,Bengaluru
102046,03-01-2026,Monitor,Electronics,6,15000,Hyderabad
102047,20-03-2026,Monitor,Electronics,3,15000,Chennai
102048,15-02-2026,Printer,Electronics,3,9000,Hyderabad
102049,11-03-2026,Monitor,Electronics,3,15000,Ahmedabad
102050,09-03-2026,Mouse,Accessories,8,700,Ahmedabad
102051,11-06-2026,Keyboard,Accessories,1,1200,Bengaluru
102052,18-05-2026,SSD,Storage,4,6000,Chennai
102053,23-02-2026,Headphones,Accessories,9,2500,Chennai
102054,24-01-2026,Router,Networking,4,4500,Delhi
102055,30-01-2026,Router,Networking,3,4500,Pune
102056,06-04-2026,SSD,Storage,7,6000,Pune
102057,29-06-2026,Mouse,Accessories,6,,Kolkata
102058,02-05-2026,Headphones,Accessories,6,2500,Pune
102059,20-03-2026,Keyboard,Accessories,8,1200,Ahmedabad
102060,07-06-2026,Webcam,Electronics,10,3200,Kolkata
102061,02-05-2026,Monitor,Electronics,5,15000,Ahmedabad
102062,23-06-2026,USB Drive,Accessories,5,800,Hyderabad
102063,10-05-2026,Mouse,Accessories,7,700,Kolkata
102064,01-06-2026,Laptop,Electronics,3,65000,Hyderabad
102065,26-05-2026,Keyboard,Accessories,3,1200,Delhi
102066,24-01-2026,Printer,Electronics,3,9000,Bengaluru
102067,28-04-2026,Laptop,Electronics,3,65000,Chennai
102068,21-01-2026,Keyboard,Accessories,4,1200,Hyderabad
102069,09-02-2026,Router,Networking,,4500,Mumbai
102070,01-05-2026,Router,Networking,7,4500,Kolkata
102071,29-04-2026,Monitor,Electronics,2,15000,Bengaluru
102072,13-04-2026,Headphones,Accessories,5,2500,Kolkata
102073,02-06-2026,USB Drive,Accessories,9,800,Delhi
102074,26-02-2026,SSD,Storage,3,6000,Pune
102075,09-05-2026,Laptop,Electronics,10,65000,Mumbai
102076,15-06-2026,Monitor,Electronics,3,15000,Chennai
102077,22-04-2026,Mouse,Accessories,6,700,Bengaluru
102078,14-03-2026,Printer,Electronics,7,9000,Chennai
102079,18-04-2026,Keyboard,Accessories,3,1200,Mumbai
102080,30-04-2026,Mouse,Accessories,6,700,Kolkata
102081,04-01-2026,Keyboard,Accessories,6,1200,Ahmedabad
102082,03-01-2026,Webcam,Electronics,7,3200,Kolkata
102083,08-03-2026,Mouse,Accessories,10,700,Pune
102084,02-05-2026,Headphones,Accessories,9,2500,Bengaluru
102085,19-04-2026,Router,Networking,7,4500,Delhi
102086,28-03-2026,SSD,Storage,5,6000,Ahmedabad
102087,22-04-2026,Laptop,Electronics,8,65000,Ahmedabad
102088,28-04-2026,Headphones,Accessories,1,2500,Chennai
102089,19-04-2026,Headphones,Accessories,5,2500,Chennai
102090,15-02-2026,Printer,Electronics,6,9000,Chennai
102091,12-06-2026,Laptop,Electronics,10,65000,Kolkata
102092,05-03-2026,Keyboard,Accessories,2,1200,Bengaluru
102093,12-06-2026,Webcam,Electronics,7,3200,Ahmedabad
102094,26-06-2026,SSD,Storage,4,6000,Ahmedabad
102095,11-01-2026,Mouse,Accessories,6,700,Mumbai
102096,08-04-2026,Router,Networking,2,4500,Chennai
102097,19-04-2026,USB Drive,Accessories,1,800,Mumbai
102098,21-04-2026,Mouse,Accessories,4,700,Hyderabad
102099,27-06-2026,Laptop,Electronics,6,65000,Kolkata
102100,12-03-2026,Keyboard,Accessories,5,1200,Kolkata
102101,16-02-2026,Printer,Electronics,,9000,Kolkata
102102,18-06-2026,Keyboard,Accessories,5,1200,Pune
102103,25-01-2026,Monitor,Electronics,4,15000,Mumbai
102104,06-06-2026,Printer,Electronics,10,9000,Pune
102105,19-05-2026,USB Drive,Accessories,8,800,Pune
102106,23-03-2026,Headphones,Accessories,8,2500,Ahmedabad
102107,23-02-2026,Router,Networking,3,4500,Delhi
102108,19-06-2026,SSD,Storage,2,6000,Pune
102109,22-01-2026,Monitor,Electronics,9,15000,Pune
102110,26-04-2026,Webcam,Electronics,1,3200,Pune
102111,25-05-2026,USB Drive,Accessories,7,800,Chennai
102112,23-05-2026,Webcam,Electronics,4,3200,Kolkata
102113,05-06-2026,Mouse,Accessories,2,700,Mumbai
102114,27-05-2026,Printer,Electronics,3,9000,Kolkata
102115,21-05-2026,USB Drive,Accessories,6,800,Chennai
102116,23-03-2026,Headphones,Accessories,2,2500,Pune
102117,09-05-2026,Router,Networking,9,4500,Ahmedabad
102118,29-04-2026,Printer,Electronics,8,9000,Kolkata
102119,15-03-2026,Laptop,Electronics,9,65000,Bengaluru
102120,24-06-2026,Mouse,Accessories,7,700,Kolkata
102121,16-04-2026,Monitor,Electronics,1,15000,Mumbai
102122,03-06-2026,SSD,Storage,7,6000,Hyderabad
102123,12-02-2026,SSD,Storage,8,6000,Delhi
102124,03-06-2026,USB Drive,Accessories,9,800,Bengaluru
102125,28-04-2026,Headphones,Accessories,4,2500,Hyderabad
102126,24-03-2026,Keyboard,Accessories,5,1200,Ahmedabad
102127,28-04-2026,Monitor,Electronics,10,15000,Bengaluru
102128,29-04-2026,Router,Networking,2,4500,Bengaluru
102129,04-03-2026,Webcam,Electronics,,3200,Kolkata
102130,14-05-2026,Webcam,Electronics,7,3200,Chennai
102131,18-05-2026,Mouse,Accessories,10,700,Delhi
102132,23-04-2026,Webcam,Electronics,1,3200,Delhi
102133,04-04-2026,USB Drive,Accessories,9,800,Mumbai
102134,27-01-2026,Keyboard,Accessories,5,1200,Mumbai
102135,13-02-2026,Headphones,Accessories,7,2500,Hyderabad
102136,04-05-2026,Monitor,Electronics,5,15000,Mumbai
102137,28-04-2026,Webcam,Electronics,4,3200,Ahmedabad
102138,26-03-2026,Webcam,Electronics,5,3200,Bengaluru
102139,07-02-2026,Router,Networking,5,4500,Pune
102140,16-03-2026,Printer,Electronics,3,9000,Ahmedabad
102141,22-06-2026,Printer,Electronics,3,9000,Bengaluru
102142,05-06-2026,Printer,Electronics,7,9000,Hyderabad
102143,30-05-2026,Printer,Electronics,3,9000,Kolkata
102144,03-05-2026,SSD,Storage,3,6000,Pune
102145,14-05-2026,Headphones,Accessories,7,2500,Bengaluru
102146,15-05-2026,Webcam,Electronics,3,3200,Mumbai
102147,29-03-2026,Monitor,Electronics,5,15000,Mumbai
102148,16-06-2026,Monitor,Electronics,6,15000,Delhi
102149,15-05-2026,Monitor,Electronics,4,15000,Mumbai
102150,26-03-2026,Router,Networking,2,4500,Mumbai
102151,15-01-2026,Webcam,Electronics,10,3200,Bengaluru
102152,26-06-2026,Monitor,Electronics,4,15000,Delhi
102153,05-06-2026,Printer,Electronics,9,9000,Mumbai
102154,03-02-2026,Router,Networking,5,4500,Ahmedabad
102155,29-04-2026,Mouse,Accessories,9,700,Mumbai
102156,20-02-2026,Webcam,Electronics,2,3200,Mumbai
102157,19-05-2026,SSD,Storage,4,6000,Delhi
102158,29-05-2026,USB Drive,Accessories,2,800,Hyderabad
102159,31-05-2026,SSD,Storage,8,6000,Kolkata
102160,03-06-2026,Printer,Electronics,8,9000,Ahmedabad
102161,12-05-2026,Printer,Electronics,5,9000,Pune
102162,12-03-2026,Router,Networking,9,4500,Bengaluru
102163,05-05-2026,Laptop,Electronics,6,65000,Ahmedabad
102164,11-02-2026,Keyboard,Accessories,2,1200,Mumbai
102165,24-04-2026,Headphones,Accessories,9,2500,Mumbai
102166,01-03-2026,Monitor,Electronics,5,15000,Ahmedabad
102167,27-01-2026,Printer,Electronics,10,9000,Pune
102168,10-02-2026,Monitor,Electronics,7,15000,Bengaluru
102169,25-03-2026,Router,Networking,8,4500,Chennai
102170,28-02-2026,Printer,Electronics,8,9000,Pune
102171,07-02-2026,Printer,Electronics,6,9000,Pune
102172,26-04-2026,Printer,Electronics,7,9000,Delhi
102173,14-04-2026,Laptop,Electronics,7,65000,Ahmedabad
102174,12-03-2026,Laptop,Electronics,4,65000,Chennai
102175,06-04-2026,Laptop,Electronics,6,65000,Hyderabad
102176,25-02-2026,SSD,Storage,9,6000,Mumbai
102177,04-03-2026,Keyboard,Accessories,6,1200,Ahmedabad
102178,12-01-2026,USB Drive,Accessories,8,800,Kolkata
102179,16-01-2026,Mouse,Accessories,1,700,Pune
102180,23-04-2026,Printer,Electronics,2,9000,Mumbai
102181,25-03-2026,USB Drive,Accessories,3,800,Hyderabad
102182,24-05-2026,Mouse,Accessories,8,700,Chennai
102183,23-05-2026,Router,Networking,5,4500,Mumbai
102184,29-06-2026,Headphones,Accessories,6,2500,Hyderabad
102185,17-02-2026,Headphones,Accessories,8,2500,Hyderabad
102186,23-06-2026,Printer,Electronics,5,9000,Bengaluru
102187,31-01-2026,USB Drive,Accessories,7,800,Delhi
102188,16-05-2026,Laptop,Electronics,9,65000,Delhi
102189,10-05-2026,Headphones,Accessories,9,2500,Mumbai
102190,20-01-2026,SSD,Storage,2,6000,Bengaluru
102191,12-05-2026,Mouse,Accessories,10,700,Hyderabad
102192,19-01-2026,USB Drive,Accessories,5,800,Bengaluru
102193,16-06-2026,Headphones,Accessories,2,2500,Ahmedabad
102194,16-05-2026,USB Drive,Accessories,1,800,Kolkata
102195,05-01-2026,Laptop,Electronics,4,65000,Hyderabad
102196,30-05-2026,Headphones,Accessories,9,2500,Pune
102197,28-05-2026,Keyboard,Accessories,4,1200,Bengaluru
102198,26-01-2026,Laptop,Electronics,9,65000,Bengaluru
102199,19-05-2026,Headphones,Accessories,2,2500,Hyderabad
102200,18-06-2026,Monitor,Electronics,4,15000,Chennai
102201,01-03-2026,Monitor,Electronics,6,15000,Ahmedabad
102202,01-02-2026,USB Drive,Accessories,1,800,Hyderabad
102203,08-04-2026,Laptop,Electronics,8,65000,Kolkata
102204,01-06-2026,Mouse,Accessories,2,700,Mumbai
102205,11-02-2026,Monitor,Electronics,2,15000,Pune
102206,23-03-2026,USB Drive,Accessories,4,800,Pune
102207,03-05-2026,Printer,Electronics,9,9000,Delhi
102208,08-04-2026,USB Drive,Accessories,7,800,Pune
102209,21-03-2026,Mouse,Accessories,7,700,Hyderabad
102210,29-06-2026,Mouse,Accessories,7,700,Chennai
102211,15-06-2026,Headphones,Accessories,1,2500,Delhi
102212,02-02-2026,Router,Networking,3,4500,Delhi
102213,16-01-2026,SSD,Storage,4,6000,Pune
102214,08-06-2026,USB Drive,Accessories,3,800,Bengaluru
102215,21-06-2026,Keyboard,Accessories,6,1200,Bengaluru
102216,08-01-2026,Webcam,Electronics,4,3200,Chennai
102217,09-06-2026,Headphones,Accessories,1,2500,Ahmedabad
102218,09-01-2026,Keyboard,Accessories,7,1200,Bengaluru
102219,10-02-2026,Mouse,Accessories,1,700,Kolkata
102220,17-01-2026,Mouse,Accessories,8,700,Ahmedabad
102221,04-02-2026,SSD,Storage,1,6000,Chennai
102222,02-02-2026,Headphones,Accessories,9,2500,Mumbai
102223,03-05-2026,Webcam,Electronics,10,3200,Bengaluru
102224,06-02-2026,Monitor,Electronics,2,15000,Chennai
102225,07-06-2026,Mouse,Accessories,4,700,Chennai
102226,26-03-2026,Webcam,Electronics,10,3200,Chennai
102227,03-02-2026,Headphones,Accessories,7,2500,Delhi
102228,09-04-2026,Laptop,Electronics,4,65000,Delhi
102229,02-03-2026,Keyboard,Accessories,7,1200,Ahmedabad
102230,30-03-2026,Monitor,Electronics,10,15000,Ahmedabad
102231,09-06-2026,Printer,Electronics,9,9000,Pune
102232,28-03-2026,Keyboard,Accessories,5,1200,Ahmedabad
102233,19-06-2026,Mouse,Accessories,6,700,Pune
102234,20-04-2026,Laptop,Electronics,9,65000,Ahmedabad
102235,29-01-2026,Mouse,Accessories,9,700,Pune
102236,20-03-2026,Webcam,Electronics,7,3200,Bengaluru
102237,12-04-2026,Router,Networking,4,4500,Delhi
102238,20-02-2026,Headphones,Accessories,9,2500,Delhi
102239,17-05-2026,Headphones,Accessories,9,2500,Bengaluru
102240,06-04-2026,Keyboard,Accessories,2,1200,Hyderabad
102241,08-02-2026,Router,Networking,10,4500,Delhi
102242,13-04-2026,Printer,Electronics,7,9000,Ahmedabad
102243,30-04-2026,Headphones,Accessories,3,2500,Mumbai
102244,06-03-2026,Router,Networking,5,4500,Mumbai
102245,16-01-2026,USB Drive,Accessories,3,800,Hyderabad
102246,11-04-2026,Keyboard,Accessories,7,1200,Pune
102247,19-01-2026,Monitor,Electronics,5,15000,Bengaluru
102248,22-02-2026,Webcam,Electronics,3,3200,Delhi
102249,13-06-2026,Mouse,Accessories,9,700,Ahmedabad
102250,01-03-2026,Webcam,Electronics,5,3200,Ahmedabad
102251,09-02-2026,Mouse,Accessories,6,700,Delhi
102252,08-04-2026,Printer,Electronics,2,9000,Bengaluru
102253,27-06-2026,Webcam,Electronics,5,3200,Pune
102254,03-03-2026,Webcam,Electronics,7,3200,Chennai
102255,12-03-2026,Printer,Electronics,9,9000,Chennai
102256,02-04-2026,Mouse,Accessories,1,700,Hyderabad
102257,30-05-2026,Webcam,Electronics,4,3200,Mumbai
102258,05-05-2026,Router,Networking,10,4500,Kolkata
102259,11-01-2026,SSD,Storage,2,6000,Mumbai
102260,28-05-2026,Mouse,Accessories,2,700,Kolkata
102261,11-04-2026,Laptop,Electronics,6,65000,Ahmedabad
102262,27-05-2026,Router,Networking,1,4500,Kolkata
102263,21-06-2026,Laptop,Electronics,4,65000,Pune
102264,26-01-2026,Printer,Electronics,7,9000,Chennai
102265,02-04-2026,Headphones,Accessories,6,2500,Ahmedabad
102266,13-01-2026,Headphones,Accessories,8,2500,Bengaluru
102267,23-02-2026,Router,Networking,9,4500,Pune
102268,14-02-2026,Webcam,Electronics,2,3200,Hyderabad
102269,23-03-2026,Printer,Electronics,2,9000,Kolkata
102270,22-03-2026,SSD,Storage,8,6000,Hyderabad
102271,09-03-2026,Webcam,Electronics,6,3200,Pune
102272,10-02-2026,Keyboard,Accessories,6,1200,Chennai
102273,10-05-2026,Router,Networking,5,4500,Kolkata
102274,08-06-2026,Mouse,Accessories,4,700,Kolkata
102275,09-03-2026,Keyboard,Accessories,6,1200,Kolkata
102276,27-01-2026,Printer,Electronics,10,9000,Hyderabad
102277,24-04-2026,Laptop,Electronics,4,65000,Chennai
102278,07-01-2026,Webcam,Electronics,4,3200,Hyderabad
102279,27-02-2026,Webcam,Electronics,4,3200,Delhi
102280,06-06-2026,Webcam,Electronics,8,3200,Hyderabad
102281,16-04-2026,Keyboard,Accessories,9,1200,Kolkata
102282,08-03-2026,Headphones,Accessories,5,2500,Hyderabad
102283,23-03-2026,Router,Networking,6,4500,Pune
102284,29-06-2026,Monitor,Electronics,9,15000,Ahmedabad
102285,18-05-2026,Headphones,Accessories,2,2500,Pune
102286,29-06-2026,Router,Networking,4,4500,Delhi
102287,28-04-2026,SSD,Storage,8,6000,Bengaluru
102288,06-01-2026,Router,Networking,8,4500,Pune
102289,03-05-2026,Keyboard,Accessories,2,1200,Chennai
102290,26-05-2026,Printer,Electronics,1,9000,Bengaluru
102291,12-04-2026,Monitor,Electronics,8,15000,Chennai
102292,26-03-2026,Monitor,Electronics,10,15000,Kolkata
102293,06-02-2026,Router,Networking,10,,Delhi
102294,02-04-2026,SSD,Storage,2,6000,Mumbai
102295,16-05-2026,USB Drive,Accessories,3,800,Bengaluru
102296,16-02-2026,Laptop,Electronics,8,65000,Mumbai
102297,14-04-2026,SSD,Storage,7,6000,Ahmedabad
102298,05-02-2026,Headphones,Accessories,3,2500,Kolkata
102299,06-03-2026,Webcam,Electronics,2,3200,Hyderabad
102300,31-03-2026,Mouse,Accessories,6,700,Chennai
102301,06-01-2026,SSD,Storage,1,6000,Pune
102302,25-01-2026,Keyboard,Accessories,1,1200,Delhi
102303,25-03-2026,USB Drive,Accessories,5,800,Pune
102304,18-01-2026,Keyboard,Accessories,4,1200,Hyderabad
102305,30-03-2026,Mouse,Accessories,3,700,Ahmedabad
102306,15-02-2026,Router,Networking,3,4500,Delhi
102307,18-05-2026,Mouse,Accessories,5,700,Bengaluru
102308,01-06-2026,Router,Networking,3,4500,Bengaluru
102309,06-06-2026,Headphones,Accessories,8,2500,Kolkata
102310,25-04-2026,Mouse,Accessories,9,700,Bengaluru
102311,03-03-2026,Webcam,Electronics,4,3200,Delhi
102312,03-05-2026,SSD,Storage,2,6000,Pune
102313,15-05-2026,SSD,Storage,10,6000,Hyderabad
102314,14-03-2026,Headphones,Accessories,3,2500,Kolkata
102315,14-04-2026,USB Drive,Accessories,7,800,Mumbai
102316,24-03-2026,Router,Networking,8,4500,Chennai
102317,25-06-2026,Laptop,Electronics,9,65000,Mumbai
102318,20-03-2026,SSD,Storage,10,6000,Delhi
102319,17-05-2026,Laptop,Electronics,1,65000,Pune
102320,18-05-2026,Laptop,Electronics,7,65000,Bengaluru
102321,11-05-2026,Headphones,Accessories,1,2500,Bengaluru
102322,26-02-2026,Headphones,Accessories,2,2500,Delhi
102323,12-01-2026,USB Drive,Accessories,4,800,Chennai
102324,02-01-2026,Monitor,Electronics,6,15000,Hyderabad
102325,06-04-2026,USB Drive,Accessories,1,800,Chennai
102326,19-04-2026,SSD,Storage,5,6000,Chennai
102327,15-04-2026,Laptop,Electronics,7,65000,Hyderabad
102328,05-05-2026,Printer,Electronics,10,9000,Delhi
102329,28-06-2026,Webcam,Electronics,3,3200,Mumbai
102330,30-01-2026,Keyboard,Accessories,8,1200,Bengaluru
102331,07-03-2026,USB Drive,Accessories,5,800,Chennai
102332,28-01-2026,Mouse,Accessories,7,700,Mumbai
102333,23-05-2026,Webcam,Electronics,4,3200,Ahmedabad
102334,03-05-2026,Mouse,Accessories,2,700,Bengaluru
102335,22-01-2026,Mouse,Accessories,4,700,Bengaluru
102336,24-04-2026,SSD,Storage,1,6000,Hyderabad
102337,23-02-2026,Headphones,Accessories,1,2500,Pune
102338,06-03-2026,Keyboard,Accessories,6,1200,Delhi
102339,11-04-2026,USB Drive,Accessories,3,800,Hyderabad
102340,17-02-2026,Monitor,Electronics,6,15000,Ahmedabad
102341,18-01-2026,Monitor,Electronics,10,15000,Bengaluru
102342,21-05-2026,Headphones,Accessories,1,2500,Delhi
102343,08-06-2026,Keyboard,Accessories,6,1200,Mumbai
102344,25-06-2026,Monitor,Electronics,1,15000,Kolkata
102345,26-05-2026,Mouse,Accessories,4,700,Mumbai
102346,06-01-2026,Webcam,Electronics,10,3200,Kolkata
102347,26-04-2026,Monitor,Electronics,8,15000,Ahmedabad
102348,03-05-2026,Keyboard,Accessories,8,1200,Bengaluru
102349,15-03-2026,Keyboard,Accessories,7,1200,Pune
102350,06-01-2026,USB Drive,Accessories,5,800,Hyderabad
102351,13-04-2026,Keyboard,Accessories,6,1200,Kolkata
102352,28-04-2026,Webcam,Electronics,8,3200,Pune
102353,25-03-2026,USB Drive,Accessories,3,800,Hyderabad
102354,18-02-2026,SSD,Storage,4,6000,Pune
102355,29-04-2026,Router,Networking,7,4500,Kolkata
102356,06-02-2026,Webcam,Electronics,2,3200,Kolkata
102357,14-01-2026,Monitor,Electronics,4,15000,Kolkata
102358,13-05-2026,USB Drive,Accessories,3,800,Hyderabad
102359,09-04-2026,SSD,Storage,3,6000,Bengaluru
102360,14-06-2026,USB Drive,Accessories,10,800,Kolkata
102361,23-03-2026,Webcam,Electronics,4,3200,Ahmedabad
102362,22-03-2026,SSD,Storage,10,6000,Delhi
102363,23-06-2026,Mouse,Accessories,2,,Delhi
102364,26-03-2026,Mouse,Accessories,6,700,Bengaluru
102365,24-02-2026,Printer,Electronics,2,9000,Ahmedabad
102366,02-05-2026,Headphones,Accessories,3,2500,Bengaluru
102367,08-02-2026,Keyboard,Accessories,7,1200,Kolkata
102368,10-02-2026,Router,Networking,9,4500,Chennai
102369,26-06-2026,Monitor,Electronics,2,15000,Ahmedabad
102370,25-01-2026,Laptop,Electronics,3,65000,Ahmedabad
102371,13-02-2026,Laptop,Electronics,10,65000,Ahmedabad
102372,30-05-2026,SSD,Storage,3,6000,Ahmedabad
102373,21-06-2026,SSD,Storage,6,6000,Pune
102374,18-01-2026,Keyboard,Accessories,3,1200,Bengaluru
102375,29-01-2026,Monitor,Electronics,6,15000,Mumbai
102376,01-04-2026,SSD,Storage,8,6000,Kolkata
102377,13-02-2026,Headphones,Accessories,5,2500,Delhi
102378,06-05-2026,Headphones,Accessories,3,2500,Chennai
102379,09-03-2026,Webcam,Electronics,7,3200,Ahmedabad
102380,18-06-2026,Mouse,Accessories,6,700,Delhi
102381,27-05-2026,Laptop,Electronics,5,65000,Kolkata
102382,10-04-2026,Laptop,Electronics,5,65000,Kolkata
102383,15-04-2026,Headphones,Accessories,3,2500,Hyderabad
102384,06-05-2026,Printer,Electronics,5,9000,Mumbai
102385,20-06-2026,Headphones,Accessories,9,2500,Bengaluru
102386,28-01-2026,Monitor,Electronics,2,15000,Hyderabad
102387,23-01-2026,Mouse,Accessories,1,700,Pune
102388,08-06-2026,Mouse,Accessories,3,700,Ahmedabad
102389,11-06-2026,Headphones,Accessories,2,2500,Bengaluru
102390,21-02-2026,Mouse,Accessories,3,700,Delhi
102391,21-04-2026,Monitor,Electronics,4,15000,Pune
102392,10-06-2026,Router,Networking,4,4500,Ahmedabad
102393,04-06-2026,Keyboard,Accessories,8,1200,Delhi
102394,24-04-2026,Keyboard,Accessories,,1200,Hyderabad
102395,09-03-2026,Keyboard,Accessories,9,1200,Mumbai
102396,29-06-2026,Mouse,Accessories,4,700,Hyderabad
102397,11-02-2026,USB Drive,Accessories,10,800,Chennai
102398,25-02-2026,USB Drive,Accessories,5,800,Delhi
102399,17-06-2026,Printer,Electronics,5,9000,Mumbai
102400,07-05-2026,Headphones,Accessories,1,2500,Mumbai
102401,22-06-2026,Webcam,Electronics,1,3200,Pune
102402,31-05-2026,Headphones,Accessories,10,2500,Chennai
102403,23-03-2026,Webcam,Electronics,6,3200,Ahmedabad
102404,18-03-2026,Webcam,Electronics,6,3200,Hyderabad
102405,31-05-2026,Keyboard,Accessories,1,1200,Ahmedabad
102406,25-03-2026,USB Drive,Accessories,8,800,Bengaluru
102407,06-02-2026,USB Drive,Accessories,7,800,Pune
102408,08-04-2026,Keyboard,Accessories,7,1200,Bengaluru
102409,08-02-2026,SSD,Storage,3,6000,Ahmedabad
102410,08-02-2026,Printer,Electronics,6,9000,Bengaluru
102411,19-03-2026,Router,Networking,5,4500,Ahmedabad
102412,21-04-2026,USB Drive,Accessories,3,800,Pune
102413,28-01-2026,Mouse,Accessories,6,700,Bengaluru
102414,02-03-2026,Router,Networking,8,4500,Delhi
102415,20-03-2026,Keyboard,Accessories,6,1200,Kolkata
102416,06-06-2026,Mouse,Accessories,10,700,Pune
102417,26-06-2026,Keyboard,Accessories,6,1200,Delhi
102418,25-04-2026,Headphones,Accessories,7,2500,Hyderabad
102419,22-03-2026,Webcam,Electronics,5,3200,Pune
102420,28-06-2026,Monitor,Electronics,3,15000,Hyderabad
102421,01-06-2026,SSD,Storage,4,6000,Ahmedabad
102422,05-01-2026,Headphones,Accessories,9,2500,Bengaluru
102423,09-06-2026,Headphones,Accessories,2,2500,Chennai
102424,18-01-2026,Webcam,Electronics,7,3200,Chennai
102425,06-02-2026,Headphones,Accessories,1,2500,Delhi
102426,25-03-2026,Headphones,Accessories,10,2500,Chennai
102427,23-03-2026,Webcam,Electronics,6,3200,Hyderabad
102428,02-06-2026,SSD,Storage,2,6000,Hyderabad
102429,15-05-2026,Router,Networking,5,4500,Delhi
102430,18-03-2026,Printer,Electronics,4,9000,Kolkata
102431,21-01-2026,Headphones,Accessories,8,2500,Ahmedabad
102432,10-06-2026,USB Drive,Accessories,9,800,Pune
102433,28-01-2026,Printer,Electronics,8,9000,Ahmedabad
102434,14-03-2026,Keyboard,Accessories,10,1200,Mumbai
102435,14-01-2026,Headphones,Accessories,9,2500,Kolkata
102436,21-05-2026,Laptop,Electronics,7,65000,Pune
102437,06-06-2026,Laptop,Electronics,5,65000,Delhi
102438,11-05-2026,Laptop,Electronics,3,65000,Bengaluru
102439,08-02-2026,Mouse,Accessories,9,700,Mumbai
102440,03-04-2026,Headphones,Accessories,6,2500,Mumbai
102441,07-05-2026,USB Drive,Accessories,9,800,Kolkata
102442,27-06-2026,Keyboard,Accessories,9,1200,Ahmedabad
102443,10-02-2026,Mouse,Accessories,5,700,Delhi
102444,14-01-2026,Monitor,Electronics,8,15000,Hyderabad
102445,09-02-2026,Keyboard,Accessories,9,1200,Kolkata
102446,05-01-2026,Router,Networking,5,4500,Kolkata
102447,21-05-2026,Mouse,Accessories,1,700,Hyderabad
102448,30-05-2026,Webcam,Electronics,1,3200,Pune
102449,11-05-2026,Keyboard,Accessories,7,1200,Chennai
102450,10-03-2026,Router,Networking,6,4500,Hyderabad
102451,05-06-2026,Printer,Electronics,6,9000,Kolkata
102452,31-01-2026,Printer,Electronics,8,9000,Kolkata
102453,22-02-2026,Keyboard,Accessories,2,1200,Hyderabad
102454,21-02-2026,SSD,Storage,5,6000,Chennai
102455,03-04-2026,Webcam,Electronics,1,3200,Chennai
102456,25-02-2026,Router,Networking,1,4500,Bengaluru
102457,27-03-2026,Monitor,Electronics,8,15000,Pune
102458,28-04-2026,USB Drive,Accessories,10,800,Ahmedabad
102459,24-05-2026,SSD,Storage,5,6000,Hyderabad
102460,20-01-2026,SSD,Storage,2,6000,Delhi
102461,03-01-2026,Printer,Electronics,1,9000,Bengaluru
102462,25-01-2026,Laptop,Electronics,6,65000,Kolkata
102463,06-04-2026,Mouse,Accessories,5,700,Delhi
102464,31-01-2026,Printer,Electronics,3,9000,Hyderabad
102465,31-01-2026,Laptop,Electronics,8,65000,Hyderabad
102466,27-04-2026,SSD,Storage,9,6000,Ahmedabad
102467,17-01-2026,Keyboard,Accessories,4,1200,Delhi
102468,10-01-2026,Webcam,Electronics,7,3200,Delhi
102469,28-05-2026,Laptop,Electronics,2,65000,Chennai
102470,03-05-2026,Monitor,Electronics,5,15000,Hyderabad
102471,02-03-2026,Webcam,Electronics,1,3200,Kolkata
102472,24-05-2026,Webcam,Electronics,4,3200,Chennai
102473,04-04-2026,Mouse,Accessories,10,700,Bengaluru
102474,06-04-2026,Headphones,Accessories,9,2500,Pune
102475,15-04-2026,Keyboard,Accessories,10,1200,Pune
102476,16-03-2026,Keyboard,Accessories,8,1200,Kolkata
102477,23-01-2026,SSD,Storage,5,6000,Pune
102478,15-06-2026,Webcam,Electronics,8,3200,Bengaluru
102479,11-01-2026,Headphones,Accessories,9,2500,Bengaluru
102480,03-06-2026,Headphones,Accessories,9,2500,Bengaluru
102481,22-02-2026,USB Drive,Accessories,2,800,Delhi
102482,14-05-2026,Mouse,Accessories,,700,Bengaluru
102483,28-02-2026,Headphones,Accessories,8,2500,Pune
102484,21-05-2026,USB Drive,Accessories,9,800,Pune
102485,15-04-2026,Mouse,Accessories,4,700,Hyderabad
102486,01-01-2026,Router,Networking,2,4500,Chennai
102487,03-03-2026,USB Drive,Accessories,5,800,Mumbai
102488,18-02-2026,Laptop,Electronics,1,65000,Bengaluru
102489,24-06-2026,Mouse,Accessories,2,700,Kolkata
102490,02-04-2026,USB Drive,Accessories,1,800,Kolkata
102491,06-04-2026,Monitor,Electronics,5,15000,Ahmedabad
102492,12-06-2026,SSD,Storage,10,6000,Delhi
102493,08-05-2026,Headphones,Accessories,6,2500,Kolkata
102494,18-05-2026,Mouse,Accessories,7,700,Pune
102495,25-06-2026,Webcam,Electronics,1,3200,Mumbai
102496,02-05-2026,Printer,Electronics,9,9000,Mumbai
102497,27-04-2026,USB Drive,Accessories,6,800,Delhi
102498,24-03-2026,Printer,Electronics,9,9000,Hyderabad
102499,07-06-2026,USB Drive,Accessories,2,800,Delhi
102500,10-05-2026,Webcam,Electronics,2,3200,Kolkata
102501,18-05-2026,Laptop,Electronics,5,65000,Ahmedabad
102502,14-02-2026,Webcam,Electronics,5,3200,Pune
102503,20-04-2026,Mouse,Accessories,3,700,Ahmedabad
102504,05-05-2026,Monitor,Electronics,1,15000,Bengaluru
102505,07-04-2026,Laptop,Electronics,5,65000,Ahmedabad
102506,28-02-2026,Webcam,Electronics,2,3200,Delhi
102507,23-04-2026,Webcam,Electronics,6,3200,Pune
102508,12-06-2026,Router,Networking,2,4500,Kolkata
102509,23-05-2026,USB Drive,Accessories,2,800,Pune
102510,02-05-2026,USB Drive,Accessories,9,800,Bengaluru
102511,31-01-2026,Laptop,Electronics,3,65000,Hyderabad
102512,25-04-2026,Router,Networking,6,4500,Bengaluru
102513,30-05-2026,USB Drive,Accessories,2,800,Bengaluru
102514,18-03-2026,Keyboard,Accessories,7,1200,Delhi
102515,29-01-2026,Router,Networking,5,,Bengaluru
102516,23-03-2026,Monitor,Electronics,8,15000,Ahmedabad
102517,03-05-2026,Webcam,Electronics,4,3200,Mumbai
102518,07-02-2026,Keyboard,Accessories,9,1200,Ahmedabad
102519,12-05-2026,Mouse,Accessories,10,700,Kolkata
102520,10-06-2026,Headphones,Accessories,4,2500,Kolkata
102521,11-01-2026,Headphones,Accessories,7,2500,Pune
102522,11-04-2026,Webcam,Electronics,10,3200,Bengaluru
102523,03-05-2026,SSD,Storage,9,6000,Bengaluru
102524,03-03-2026,SSD,Storage,9,6000,Kolkata
102525,03-06-2026,Laptop,Electronics,7,65000,Bengaluru
102526,14-06-2026,Laptop,Electronics,6,65000,Pune
102527,19-03-2026,Router,Networking,10,4500,Ahmedabad
102528,11-05-2026,Webcam,Electronics,7,3200,Bengaluru
102529,01-05-2026,Headphones,Accessories,2,2500,Mumbai
102530,06-03-2026,Printer,Electronics,5,9000,Hyderabad
102531,22-03-2026,Headphones,Accessories,4,2500,Chennai
102532,19-02-2026,Headphones,Accessories,9,2500,Kolkata
102533,21-06-2026,Monitor,Electronics,10,15000,Chennai
102534,18-02-2026,Headphones,Accessories,9,2500,Ahmedabad
102535,29-05-2026,Router,Networking,3,4500,Chennai
102536,13-06-2026,Monitor,Electronics,4,15000,Pune
102537,16-02-2026,Webcam,Electronics,6,3200,Chennai
102538,26-05-2026,Webcam,Electronics,9,3200,Mumbai
102539,06-03-2026,Mouse,Accessories,7,700,Delhi
102540,18-01-2026,Monitor,Electronics,5,15000,Chennai
102541,11-05-2026,SSD,Storage,7,6000,Kolkata
102542,10-06-2026,Webcam,Electronics,10,3200,Pune
102543,31-01-2026,Keyboard,Accessories,3,1200,Delhi
102544,11-01-2026,Mouse,Accessories,5,700,Bengaluru
102545,25-01-2026,USB Drive,Accessories,4,800,Delhi
102546,03-01-2026,Mouse,Accessories,6,700,Chennai
102547,21-04-2026,Monitor,Electronics,4,15000,Chennai
102548,22-05-2026,Headphones,Accessories,4,2500,Pune
102549,26-02-2026,Keyboard,Accessories,7,1200,Bengaluru
102550,24-01-2026,SSD,Storage,10,6000,Ahmedabad
102551,01-02-2026,Mouse,Accessories,4,700,Ahmedabad
102552,06-06-2026,Keyboard,Accessories,3,1200,Delhi
102553,03-03-2026,Printer,Electronics,7,9000,Kolkata
102554,25-04-2026,Monitor,Electronics,4,15000,Ahmedabad
102555,24-04-2026,Keyboard,Accessories,7,1200,Delhi
102556,19-05-2026,Printer,Electronics,4,9000,Pune
102557,24-03-2026,Laptop,Electronics,8,65000,Ahmedabad
102558,05-06-2026,Monitor,Electronics,6,15000,Kolkata
102559,13-02-2026,USB Drive,Accessories,4,800,Chennai
102560,05-03-2026,Printer,Electronics,4,9000,Delhi
102561,25-06-2026,SSD,Storage,4,6000,Delhi
102562,10-04-2026,SSD,Storage,6,6000,Kolkata
102563,25-04-2026,USB Drive,Accessories,2,800,Chennai
102564,04-04-2026,Printer,Electronics,8,9000,Hyderabad
102565,10-01-2026,USB Drive,Accessories,6,800,Bengaluru
102566,24-01-2026,SSD,Storage,9,6000,Chennai
102567,26-04-2026,Keyboard,Accessories,5,1200,Bengaluru
102568,28-02-2026,USB Drive,Accessories,5,800,Mumbai
102569,08-06-2026,Laptop,Electronics,10,65000,Bengaluru
102570,15-03-2026,Router,Networking,8,4500,Hyderabad
102571,05-01-2026,Monitor,Electronics,10,15000,Mumbai
102572,10-03-2026,Keyboard,Accessories,9,1200,Pune
102573,15-02-2026,Keyboard,Accessories,9,1200,Delhi
102574,25-03-2026,Keyboard,Accessories,5,1200,Delhi
102575,11-04-2026,Keyboard,Accessories,3,1200,Bengaluru
102576,03-03-2026,SSD,Storage,6,6000,Hyderabad
102577,27-04-2026,Keyboard,Accessories,2,1200,Delhi
102578,18-01-2026,USB Drive,Accessories,,800,Ahmedabad
102579,23-06-2026,USB Drive,Accessories,9,800,Ahmedabad
102580,15-06-2026,Router,Networking,6,4500,Kolkata
102581,06-03-2026,Router,Networking,7,4500,Bengaluru
102582,10-01-2026,Monitor,Electronics,2,15000,Chennai
102583,30-01-2026,SSD,Storage,7,6000,Delhi
102584,22-03-2026,Webcam,Electronics,4,3200,Bengaluru
102585,26-04-2026,SSD,Storage,3,6000,Hyderabad
102586,06-02-2026,Laptop,Electronics,4,65000,Kolkata
102587,30-04-2026,Webcam,Electronics,6,3200,Kolkata
102588,14-01-2026,Monitor,Electronics,3,15000,Chennai
102589,06-04-2026,Laptop,Electronics,6,65000,Kolkata
102590,20-01-2026,SSD,Storage,5,6000,Ahmedabad
102591,11-01-2026,Webcam,Electronics,2,3200,Bengaluru
102592,03-01-2026,Mouse,Accessories,3,700,Delhi
102593,07-01-2026,Router,Networking,4,4500,Ahmedabad
102594,14-04-2026,Headphones,Accessories,10,2500,Chennai
102595,05-04-2026,Laptop,Electronics,9,65000,Ahmedabad
102596,21-04-2026,Router,Networking,1,4500,Mumbai
102597,09-02-2026,USB Drive,Accessories,6,800,Chennai
102598,06-02-2026,Keyboard,Accessories,4,1200,Kolkata
102599,26-02-2026,Laptop,Electronics,1,65000,Hyderabad
102600,18-04-2026,SSD,Storage,4,6000,Bengaluru
102601,20-04-2026,Router,Networking,10,4500,Delhi
102602,17-01-2026,Keyboard,Accessories,1,1200,Mumbai
102603,26-02-2026,Webcam,Electronics,3,3200,Mumbai
102604,21-06-2026,Webcam,Electronics,6,3200,Ahmedabad
102605,08-03-2026,SSD,Storage,9,6000,Pune
102606,11-06-2026,Headphones,Accessories,9,2500,Chennai
102607,02-06-2026,Monitor,Electronics,4,15000,Chennai
102608,26-03-2026,Router,Networking,5,4500,Kolkata
102609,14-01-2026,SSD,Storage,5,6000,Bengaluru
102610,23-05-2026,Monitor,Electronics,4,15000,Bengaluru
102611,26-01-2026,Router,Networking,9,4500,Kolkata
102612,26-05-2026,Headphones,Accessories,5,2500,Ahmedabad
102613,19-06-2026,Mouse,Accessories,6,700,Kolkata
102614,21-04-2026,Keyboard,Accessories,7,1200,Pune
102615,31-01-2026,Printer,Electronics,4,9000,Kolkata
102616,31-05-2026,Monitor,Electronics,7,15000,Hyderabad
102617,06-06-2026,Keyboard,Accessories,6,1200,Kolkata
102618,22-01-2026,Mouse,Accessories,2,700,Bengaluru
102619,19-05-2026,USB Drive,Accessories,8,800,Bengaluru
102620,14-01-2026,Laptop,Electronics,8,65000,Pune
102621,23-06-2026,Headphones,Accessories,10,2500,Chennai
102622,26-03-2026,Mouse,Accessories,1,700,Delhi
102623,07-06-2026,Laptop,Electronics,4,65000,Ahmedabad
102624,28-01-2026,Printer,Electronics,10,9000,Mumbai
102625,06-06-2026,Printer,Electronics,3,9000,Chennai
102626,10-02-2026,Router,Networking,2,4500,Chennai
102627,09-01-2026,USB Drive,Accessories,6,800,Ahmedabad
102628,02-04-2026,Router,Networking,5,4500,Kolkata
102629,18-04-2026,Monitor,Electronics,5,15000,Ahmedabad
102630,08-02-2026,Keyboard,Accessories,1,1200,Mumbai
102631,07-02-2026,Mouse,Accessories,8,700,Chennai
102632,27-03-2026,Headphones,Accessories,10,2500,Kolkata
102633,01-02-2026,Router,Networking,10,4500,Ahmedabad
102634,17-06-2026,Laptop,Electronics,6,65000,Mumbai
102635,13-01-2026,Laptop,Electronics,5,65000,Ahmedabad
102636,18-06-2026,USB Drive,Accessories,6,800,Kolkata
102637,18-06-2026,Headphones,Accessories,10,2500,Bengaluru
102638,06-03-2026,USB Drive,Accessories,2,800,Bengaluru
102639,11-01-2026,Keyboard,Accessories,4,1200,Chennai
102640,21-02-2026,Keyboard,Accessories,7,,Pune
102641,29-03-2026,SSD,Storage,6,6000,Hyderabad
102642,24-02-2026,Keyboard,Accessories,6,1200,Chennai
102643,16-05-2026,USB Drive,Accessories,9,800,Hyderabad
102644,22-04-2026,Laptop,Electronics,8,65000,Chennai
102645,18-05-2026,Webcam,Electronics,1,3200,Mumbai
102646,02-05-2026,USB Drive,Accessories,8,800,Hyderabad
102647,22-03-2026,SSD,Storage,4,6000,Delhi
102648,28-02-2026,SSD,Storage,5,,Hyderabad
102649,11-01-2026,Monitor,Electronics,8,,Delhi
102650,20-01-2026,Printer,Electronics,9,9000,Kolkata
102651,05-01-2026,Router,Networking,5,4500,Ahmedabad
102652,29-05-2026,Monitor,Electronics,9,15000,Mumbai
102653,02-03-2026,USB Drive,Accessories,9,800,Hyderabad
102654,04-01-2026,USB Drive,Accessories,2,800,Ahmedabad
102655,06-01-2026,Mouse,Accessories,3,700,Bengaluru
102656,18-06-2026,Printer,Electronics,5,9000,Hyderabad
102657,11-02-2026,Headphones,Accessories,2,2500,Mumbai
102658,20-01-2026,Keyboard,Accessories,2,,Hyderabad
102659,17-01-2026,Printer,Electronics,3,9000,Mumbai
102660,09-05-2026,Router,Networking,8,4500,Chennai
102661,22-01-2026,Headphones,Accessories,2,2500,Hyderabad
102662,20-05-2026,Printer,Electronics,1,9000,Mumbai
102663,17-01-2026,Keyboard,Accessories,3,1200,Hyderabad
102664,03-05-2026,Headphones,Accessories,1,2500,Kolkata
102665,27-01-2026,Router,Networking,7,4500,Ahmedabad
102666,31-05-2026,Mouse,Accessories,4,700,Ahmedabad
102667,23-05-2026,Webcam,Electronics,7,3200,Delhi
102668,10-01-2026,Webcam,Electronics,,3200,Pune
102669,16-06-2026,Headphones,Accessories,7,,Pune
102670,29-04-2026,Mouse,Accessories,3,700,Mumbai
102671,01-06-2026,Keyboard,Accessories,8,1200,Pune
102672,31-01-2026,SSD,Storage,1,6000,Hyderabad
102673,21-03-2026,Router,Networking,7,4500,Delhi
102674,18-03-2026,Keyboard,Accessories,5,1200,Chennai
102675,29-03-2026,USB Drive,Accessories,2,800,Ahmedabad
102676,20-03-2026,Printer,Electronics,7,9000,Pune
102677,17-02-2026,Mouse,Accessories,3,700,Mumbai
102678,03-04-2026,Mouse,Accessories,2,700,Pune
102679,01-02-2026,Keyboard,Accessories,10,1200,Hyderabad
102680,13-01-2026,Printer,Electronics,5,9000,Mumbai
102681,21-05-2026,SSD,Storage,9,6000,Chennai
102682,26-01-2026,USB Drive,Accessories,1,800,Mumbai
102683,18-06-2026,Headphones,Accessories,5,2500,Mumbai
102684,31-05-2026,Laptop,Electronics,2,65000,Pune
102685,14-04-2026,Router,Networking,2,4500,Hyderabad
102686,21-01-2026,Headphones,Accessories,3,2500,Mumbai
102687,11-06-2026,Laptop,Electronics,8,65000,Bengaluru
102688,24-06-2026,Router,Networking,4,,Chennai
102689,28-05-2026,Monitor,Electronics,8,15000,Hyderabad
102690,06-06-2026,USB Drive,Accessories,4,800,Bengaluru
102691,14-04-2026,SSD,Storage,7,6000,Hyderabad
102692,07-06-2026,Mouse,Accessories,7,700,Delhi
102693,30-01-2026,USB Drive,Accessories,10,800,Bengaluru
102694,28-05-2026,Keyboard,Accessories,10,1200,Bengaluru
102695,11-01-2026,Monitor,Electronics,4,15000,Kolkata
102696,04-02-2026,Monitor,Electronics,5,15000,Hyderabad
102697,29-01-2026,Laptop,Electronics,7,65000,Bengaluru
102698,07-02-2026,Mouse,Accessories,6,700,Chennai
102699,24-04-2026,Monitor,Electronics,3,15000,Hyderabad
102700,06-05-2026,Webcam,Electronics,5,3200,Kolkata
102701,29-04-2026,Keyboard,Accessories,1,1200,Ahmedabad
102702,15-05-2026,Printer,Electronics,4,9000,Bengaluru
102703,14-03-2026,Printer,Electronics,3,9000,Mumbai
102704,31-05-2026,Webcam,Electronics,6,3200,Hyderabad
102705,26-06-2026,Printer,Electronics,8,9000,Ahmedabad
102706,26-02-2026,Webcam,Electronics,3,3200,Ahmedabad
102707,09-04-2026,Monitor,Electronics,9,15000,Mumbai
102708,10-03-2026,Headphones,Accessories,9,2500,Chennai
102709,14-04-2026,Laptop,Electronics,2,65000,Hyderabad
102710,14-03-2026,Printer,Electronics,4,9000,Bengaluru
102711,10-06-2026,Webcam,Electronics,,3200,Pune
102712,26-06-2026,Router,Networking,7,,Hyderabad
102713,17-02-2026,Mouse,Accessories,5,700,Chennai
102714,31-05-2026,Monitor,Electronics,7,15000,Pune
102715,25-01-2026,USB Drive,Accessories,8,800,Pune
102716,12-01-2026,Headphones,Accessories,6,2500,Pune
102717,07-05-2026,Monitor,Electronics,7,15000,Mumbai
102718,27-01-2026,SSD,Storage,3,6000,Hyderabad
102719,30-04-2026,USB Drive,Accessories,9,800,Ahmedabad
102720,04-02-2026,Monitor,Electronics,4,15000,Chennai
102721,03-01-2026,SSD,Storage,7,6000,Ahmedabad
102722,23-02-2026,Mouse,Accessories,6,700,Mumbai
102723,06-03-2026,SSD,Storage,9,6000,Hyderabad
102724,12-01-2026,Webcam,Electronics,5,3200,Delhi
102725,06-05-2026,Monitor,Electronics,7,15000,Hyderabad
102726,28-05-2026,Printer,Electronics,1,9000,Pune
102727,26-04-2026,Router,Networking,3,4500,Delhi
102728,20-06-2026,Printer,Electronics,4,9000,Delhi
102729,15-02-2026,Monitor,Electronics,4,15000,Delhi
102730,19-06-2026,Webcam,Electronics,4,3200,Hyderabad
102731,04-04-2026,Printer,Electronics,7,9000,Bengaluru
102732,02-05-2026,USB Drive,Accessories,1,800,Bengaluru
102733,25-06-2026,USB Drive,Accessories,2,800,Mumbai
102734,09-02-2026,USB Drive,Accessories,2,800,Bengaluru
102735,10-03-2026,Router,Networking,9,4500,Pune
102736,26-04-2026,Keyboard,Accessories,10,1200,Ahmedabad
102737,19-04-2026,Keyboard,Accessories,10,1200,Pune
102738,08-03-2026,SSD,Storage,4,6000,Delhi
102739,20-02-2026,USB Drive,Accessories,5,800,Mumbai
102740,29-05-2026,Mouse,Accessories,3,700,Mumbai
102741,24-05-2026,Webcam,Electronics,7,3200,Bengaluru
102742,14-01-2026,Router,Networking,3,4500,Bengaluru
102743,03-03-2026,Laptop,Electronics,9,65000,Mumbai
102744,03-03-2026,Router,Networking,9,4500,Mumbai
102745,08-03-2026,Printer,Electronics,6,9000,Delhi
102746,20-04-2026,Webcam,Electronics,4,3200,Mumbai
102747,13-05-2026,Keyboard,Accessories,10,1200,Mumbai
102748,24-03-2026,Webcam,Electronics,3,3200,Pune
102749,08-01-2026,Laptop,Electronics,1,65000,Delhi
102750,08-01-2026,Mouse,Accessories,6,700,Mumbai
102751,22-01-2026,Monitor,Electronics,8,15000,Pune
102752,15-01-2026,SSD,Storage,1,6000,Pune
102753,08-04-2026,Mouse,Accessories,9,700,Chennai
102754,10-02-2026,Mouse,Accessories,9,700,Ahmedabad
102755,15-03-2026,Webcam,Electronics,9,3200,Bengaluru
102756,15-03-2026,Router,Networking,10,4500,Ahmedabad
102757,11-01-2026,Router,Networking,7,4500,Delhi
102758,01-01-2026,Printer,Electronics,4,9000,Mumbai
102759,03-04-2026,Router,Networking,5,4500,Mumbai
102760,02-03-2026,USB Drive,Accessories,3,800,Pune
102761,05-04-2026,Laptop,Electronics,6,65000,Kolkata
102762,11-01-2026,Router,Networking,1,4500,Hyderabad
102763,03-03-2026,USB Drive,Accessories,10,800,Pune
102764,05-01-2026,SSD,Storage,9,6000,Chennai
102765,13-01-2026,Mouse,Accessories,7,700,Delhi
102766,08-03-2026,Printer,Electronics,3,9000,Hyderabad
102767,13-05-2026,Monitor,Electronics,7,15000,Mumbai
102768,13-04-2026,Printer,Electronics,4,9000,Kolkata
102769,08-06-2026,Printer,Electronics,3,9000,Chennai
102770,15-04-2026,Printer,Electronics,3,9000,Bengaluru
102771,05-04-2026,Router,Networking,7,4500,Chennai
102772,22-01-2026,Webcam,Electronics,1,3200,Kolkata
102773,10-02-2026,Headphones,Accessories,6,2500,Delhi
102774,17-02-2026,USB Drive,Accessories,4,800,Bengaluru
102775,17-03-2026,Monitor,Electronics,1,15000,Chennai
102776,16-04-2026,Printer,Electronics,5,9000,Delhi
102777,27-02-2026,Mouse,Accessories,6,700,Bengaluru
102778,12-03-2026,Headphones,Accessories,3,2500,Delhi
102779,22-06-2026,Headphones,Accessories,1,2500,Chennai
102780,03-03-2026,Monitor,Electronics,4,15000,Pune
102781,19-02-2026,Router,Networking,5,4500,Mumbai
102782,12-04-2026,Monitor,Electronics,3,15000,Ahmedabad
102783,15-05-2026,Webcam,Electronics,2,3200,Hyderabad
102784,03-03-2026,SSD,Storage,2,6000,Hyderabad
102785,04-02-2026,USB Drive,Accessories,6,800,Kolkata
102786,09-01-2026,Mouse,Accessories,2,700,Ahmedabad
102787,25-03-2026,USB Drive,Accessories,2,800,Kolkata
102788,22-05-2026,Router,Networking,1,4500,Delhi
102789,08-01-2026,SSD,Storage,2,6000,Bengaluru
102790,02-06-2026,Router,Networking,1,4500,Ahmedabad
102791,13-06-2026,Webcam,Electronics,5,3200,Mumbai
102792,17-04-2026,Laptop,Electronics,10,65000,Pune
102793,04-02-2026,Laptop,Electronics,2,65000,Mumbai
102794,15-05-2026,SSD,Storage,5,6000,Hyderabad
102795,12-04-2026,Router,Networking,8,4500,Bengaluru
102796,15-04-2026,Monitor,Electronics,3,15000,Hyderabad
102797,05-06-2026,SSD,Storage,9,6000,Chennai
102798,27-03-2026,Headphones,Accessories,7,2500,Delhi
102799,28-06-2026,Printer,Electronics,3,9000,Delhi
102800,04-04-2026,Laptop,Electronics,6,65000,Kolkata
102801,22-04-2026,Laptop,Electronics,9,65000,Bengaluru
102802,20-04-2026,Laptop,Electronics,1,65000,Delhi
102803,14-05-2026,Monitor,Electronics,6,15000,Mumbai
102804,07-01-2026,USB Drive,Accessories,3,800,Hyderabad
102805,26-01-2026,Keyboard,Accessories,4,1200,Delhi
102806,21-04-2026,Router,Networking,9,4500,Ahmedabad
102807,10-06-2026,Webcam,Electronics,7,3200,Bengaluru
102808,09-06-2026,Monitor,Electronics,9,15000,Delhi
102809,30-01-2026,Monitor,Electronics,5,,Ahmedabad
102810,19-02-2026,Headphones,Accessories,5,2500,Bengaluru
102811,15-04-2026,Laptop,Electronics,4,65000,Mumbai
102812,14-01-2026,Mouse,Accessories,6,700,Delhi
102813,10-05-2026,Headphones,Accessories,10,2500,Chennai
102814,15-03-2026,SSD,Storage,3,6000,Ahmedabad
102815,07-03-2026,SSD,Storage,3,6000,Kolkata
102816,09-06-2026,SSD,Storage,7,6000,Ahmedabad
102817,23-01-2026,Router,Networking,5,4500,Kolkata
102818,13-06-2026,SSD,Storage,4,6000,Chennai
102819,06-01-2026,Router,Networking,5,4500,Hyderabad
102820,14-02-2026,Monitor,Electronics,2,15000,Hyderabad
102821,17-03-2026,Keyboard,Accessories,7,1200,Delhi
102822,15-04-2026,SSD,Storage,1,6000,Kolkata
102823,13-06-2026,Mouse,Accessories,8,700,Delhi
102824,14-06-2026,Webcam,Electronics,3,3200,Hyderabad
102825,14-05-2026,SSD,Storage,4,6000,Pune
102826,16-06-2026,Monitor,Electronics,9,15000,Delhi
102827,14-03-2026,Laptop,Electronics,6,65000,Mumbai
102828,06-02-2026,SSD,Storage,10,6000,Bengaluru
102829,14-04-2026,SSD,Storage,6,6000,Chennai
102830,24-01-2026,Router,Networking,7,4500,Mumbai
102831,25-02-2026,Laptop,Electronics,9,65000,Bengaluru
102832,18-02-2026,Router,Networking,6,4500,Mumbai
102833,06-03-2026,Monitor,Electronics,5,15000,Chennai
102834,11-05-2026,Printer,Electronics,1,9000,Bengaluru
102835,03-05-2026,Monitor,Electronics,,15000,Kolkata
102836,03-06-2026,USB Drive,Accessories,7,800,Kolkata
102837,09-05-2026,Monitor,Electronics,2,15000,Pune
102838,07-01-2026,Laptop,Electronics,2,65000,Chennai
102839,21-01-2026,Printer,Electronics,10,9000,Delhi
102840,27-04-2026,USB Drive,Accessories,3,800,Ahmedabad
102841,14-06-2026,USB Drive,Accessories,3,800,Chennai
102842,11-03-2026,Laptop,Electronics,8,65000,Kolkata
102843,11-02-2026,Laptop,Electronics,8,65000,Kolkata
102844,21-06-2026,Keyboard,Accessories,10,1200,Mumbai
102845,06-05-2026,Webcam,Electronics,7,3200,Mumbai
102846,09-03-2026,Laptop,Electronics,7,65000,Chennai
102847,18-01-2026,Monitor,Electronics,4,15000,Bengaluru
102848,22-03-2026,Headphones,Accessories,3,2500,Kolkata
102849,28-01-2026,Webcam,Electronics,9,3200,Hyderabad
102850,12-02-2026,Mouse,Accessories,2,,Mumbai
102851,26-02-2026,USB Drive,Accessories,4,800,Pune
102852,03-02-2026,Webcam,Electronics,8,3200,Kolkata
102853,01-02-2026,Monitor,Electronics,4,15000,Chennai
102854,20-03-2026,Printer,Electronics,10,9000,Pune
102855,13-01-2026,Keyboard,Accessories,7,1200,Mumbai
102856,21-04-2026,Printer,Electronics,5,9000,Hyderabad
102857,24-06-2026,Printer,Electronics,2,9000,Bengaluru
102858,29-04-2026,Webcam,Electronics,9,3200,Delhi
102859,11-02-2026,Mouse,Accessories,8,700,Bengaluru
102860,27-01-2026,Monitor,Electronics,5,15000,Bengaluru
102861,27-05-2026,Router,Networking,6,4500,Ahmedabad
102862,01-03-2026,USB Drive,Accessories,4,800,Mumbai
102863,12-05-2026,Keyboard,Accessories,9,1200,Delhi
102864,28-03-2026,Monitor,Electronics,10,15000,Delhi
102865,07-05-2026,SSD,Storage,9,6000,Mumbai
102866,27-04-2026,Webcam,Electronics,1,3200,Hyderabad
102867,14-04-2026,Router,Networking,3,4500,Delhi
102868,07-04-2026,Router,Networking,3,4500,Bengaluru
102869,27-02-2026,Headphones,Accessories,6,2500,Kolkata
102870,23-06-2026,Headphones,Accessories,1,2500,Ahmedabad
102871,27-01-2026,Printer,Electronics,7,9000,Bengaluru
102872,19-01-2026,SSD,Storage,3,6000,Ahmedabad
102873,02-06-2026,Laptop,Electronics,9,65000,Chennai
102874,02-03-2026,USB Drive,Accessories,10,800,Delhi
102875,10-02-2026,Keyboard,Accessories,1,1200,Hyderabad
102876,19-06-2026,Router,Networking,7,4500,Chennai
102877,10-05-2026,Printer,Electronics,3,9000,Mumbai
102878,15-06-2026,Mouse,Accessories,5,700,Ahmedabad
102879,10-01-2026,Webcam,Electronics,2,3200,Kolkata
102880,25-04-2026,USB Drive,Accessories,8,800,Bengaluru
102881,07-01-2026,SSD,Storage,8,6000,Mumbai
102882,10-06-2026,Webcam,Electronics,8,3200,Bengaluru
102883,09-06-2026,SSD,Storage,7,6000,Bengaluru
102884,03-02-2026,Headphones,Accessories,9,2500,Delhi
102885,14-06-2026,Router,Networking,6,,Bengaluru
102886,24-06-2026,Monitor,Electronics,6,15000,Delhi
102887,19-06-2026,Headphones,Accessories,7,2500,Ahmedabad
102888,26-05-2026,Laptop,Electronics,1,65000,Bengaluru
102889,29-03-2026,Headphones,Accessories,5,2500,Kolkata
102890,28-04-2026,SSD,Storage,7,6000,Chennai
102891,17-02-2026,Monitor,Electronics,3,15000,Chennai
102892,11-04-2026,Monitor,Electronics,4,15000,Mumbai
102893,29-03-2026,USB Drive,Accessories,3,800,Pune
102894,17-02-2026,Router,Networking,6,4500,Bengaluru
102895,29-03-2026,USB Drive,Accessories,3,800,Hyderabad
102896,27-06-2026,Monitor,Electronics,6,15000,Pune
102897,27-01-2026,Monitor,Electronics,9,15000,Pune
102898,04-04-2026,Laptop,Electronics,8,65000,Pune
102899,05-01-2026,SSD,Storage,6,6000,Chennai
102900,08-03-2026,Monitor,Electronics,1,15000,Mumbai
102901,22-06-2026,Router,Networking,10,4500,Ahmedabad
102902,03-06-2026,Webcam,Electronics,3,3200,Pune
102903,29-05-2026,Monitor,Electronics,5,15000,Pune
102904,23-02-2026,USB Drive,Accessories,5,800,Mumbai
102905,25-03-2026,Headphones,Accessories,4,2500,Pune
102906,08-06-2026,Monitor,Electronics,7,15000,Mumbai
102907,02-03-2026,USB Drive,Accessories,8,800,Chennai
102908,08-02-2026,Mouse,Accessories,5,700,Delhi
102909,01-04-2026,Keyboard,Accessories,8,1200,Mumbai
102910,28-06-2026,SSD,Storage,9,6000,Bengaluru
102911,03-05-2026,Laptop,Electronics,5,65000,Pune
102912,13-04-2026,Keyboard,Accessories,3,1200,Kolkata
102913,17-04-2026,Laptop,Electronics,6,65000,Kolkata
102914,26-04-2026,Router,Networking,8,4500,Bengaluru
102915,07-05-2026,Headphones,Accessories,9,2500,Chennai
102916,19-05-2026,Headphones,Accessories,10,2500,Pune
102917,07-06-2026,Printer,Electronics,3,9000,Mumbai
102918,22-01-2026,USB Drive,Accessories,6,800,Delhi
102919,11-01-2026,Laptop,Electronics,3,65000,Hyderabad
102920,31-05-2026,Monitor,Electronics,2,15000,Mumbai
102921,25-03-2026,Headphones,Accessories,2,2500,Ahmedabad
102922,09-01-2026,Router,Networking,4,4500,Bengaluru
102923,24-06-2026,Mouse,Accessories,5,700,Kolkata
102924,09-04-2026,SSD,Storage,10,6000,Ahmedabad
102925,26-06-2026,Monitor,Electronics,7,15000,Ahmedabad
102926,16-03-2026,USB Drive,Accessories,3,800,Bengaluru
102927,05-04-2026,Printer,Electronics,4,9000,Hyderabad
102928,14-02-2026,Router,Networking,2,4500,Mumbai
102929,02-02-2026,Monitor,Electronics,10,15000,Delhi
102930,10-06-2026,Printer,Electronics,10,9000,Delhi
102931,24-01-2026,Router,Networking,4,4500,Hyderabad
102932,22-05-2026,Webcam,Electronics,6,3200,Ahmedabad
102933,14-04-2026,Router,Networking,2,4500,Bengaluru
102934,31-03-2026,Webcam,Electronics,8,3200,Pune
102935,24-05-2026,Printer,Electronics,8,9000,Delhi
102936,25-03-2026,Keyboard,Accessories,10,1200,Ahmedabad
102937,08-04-2026,Router,Networking,4,4500,Bengaluru
102938,23-04-2026,Mouse,Accessories,8,700,Hyderabad
102939,20-02-2026,Webcam,Electronics,4,3200,Bengaluru
102940,08-01-2026,Headphones,Accessories,3,2500,Hyderabad
102941,16-04-2026,Keyboard,Accessories,2,1200,Mumbai
102942,13-06-2026,Printer,Electronics,4,9000,Bengaluru
102943,25-03-2026,Headphones,Accessories,4,2500,Hyderabad
102944,23-03-2026,Router,Networking,5,4500,Ahmedabad
102945,07-05-2026,Monitor,Electronics,3,15000,Delhi
102946,27-05-2026,Headphones,Accessories,5,2500,Ahmedabad
102947,06-06-2026,Mouse,Accessories,3,700,Ahmedabad
102948,01-01-2026,Keyboard,Accessories,10,1200,Delhi
102949,26-03-2026,Monitor,Electronics,10,15000,Ahmedabad
102950,29-01-2026,Monitor,Electronics,8,15000,Bengaluru
102951,29-05-2026,Router,Networking,9,4500,Mumbai
102952,04-02-2026,Headphones,Accessories,7,2500,Delhi
102953,21-05-2026,Monitor,Electronics,3,15000,Ahmedabad
102954,05-06-2026,Webcam,Electronics,9,3200,Ahmedabad
102955,31-03-2026,Monitor,Electronics,6,15000,Hyderabad
102956,13-06-2026,Router,Networking,7,4500,Delhi
102957,21-02-2026,Laptop,Electronics,5,65000,Kolkata
102958,15-06-2026,Mouse,Accessories,10,700,Mumbai
102959,28-04-2026,Mouse,Accessories,6,700,Hyderabad
102960,27-05-2026,Mouse,Accessories,1,700,Bengaluru
102961,31-05-2026,Headphones,Accessories,1,2500,Chennai
102962,17-06-2026,Router,Networking,4,4500,Delhi
102963,28-05-2026,USB Drive,Accessories,8,800,Ahmedabad
102964,24-01-2026,SSD,Storage,2,6000,Bengaluru
102965,08-02-2026,Mouse,Accessories,4,700,Ahmedabad
102966,15-04-2026,Webcam,Electronics,3,3200,Mumbai
102967,30-01-2026,Mouse,Accessories,7,700,Bengaluru
102968,11-01-2026,Mouse,Accessories,10,700,Pune
102969,19-06-2026,Router,Networking,8,4500,Hyderabad
102970,10-01-2026,Printer,Electronics,10,9000,Hyderabad
102971,18-05-2026,Laptop,Electronics,3,65000,Chennai
102972,14-05-2026,Mouse,Accessories,3,700,Mumbai
102973,24-01-2026,Printer,Electronics,1,9000,Bengaluru
102974,28-03-2026,Laptop,Electronics,10,65000,Bengaluru
102975,02-06-2026,Printer,Electronics,7,9000,Hyderabad
102976,29-06-2026,Headphones,Accessories,6,2500,Mumbai
102977,17-06-2026,Laptop,Electronics,4,65000,Pune
102978,02-02-2026,SSD,Storage,8,6000,Hyderabad
102979,27-04-2026,Mouse,Accessories,3,700,Pune
102980,21-05-2026,Headphones,Accessories,9,2500,Bengaluru
102981,24-02-2026,Laptop,Electronics,5,65000,Bengaluru
102982,07-01-2026,Keyboard,Accessories,8,1200,Pune
102983,07-06-2026,Keyboard,Accessories,8,1200,Delhi
102984,12-02-2026,SSD,Storage,10,6000,Mumbai
102985,21-04-2026,USB Drive,Accessories,10,800,Bengaluru
102986,14-03-2026,Router,Networking,2,4500,Bengaluru
102987,25-06-2026,Laptop,Electronics,4,65000,Delhi
102988,05-03-2026,Laptop,Electronics,2,65000,Kolkata
102989,08-05-2026,SSD,Storage,8,6000,Chennai
102990,09-06-2026,Mouse,Accessories,6,700,Pune
102991,06-04-2026,Printer,Electronics,7,9000,Chennai
102992,03-05-2026,Mouse,Accessories,3,700,Kolkata
102993,01-01-2026,Mouse,Accessories,1,700,Mumbai
102994,10-01-2026,Monitor,Electronics,1,15000,Kolkata
102995,22-05-2026,Monitor,Electronics,2,15000,Mumbai
102996,06-05-2026,Keyboard,Accessories,7,1200,Mumbai
102997,21-06-2026,Headphones,Accessories,8,2500,Mumbai
102998,29-03-2026,Laptop,Electronics,8,65000,Kolkata
102999,26-04-2026,Mouse,Accessories,4,700,Pune
103000,21-01-2026,Laptop,Electronics,5,65000,Chennai
103001,06-05-2026,Printer,Electronics,4,9000,Hyderabad
103002,07-01-2026,Laptop,Electronics,10,65000,Pune
103003,25-04-2026,USB Drive,Accessories,7,800,Hyderabad
103004,31-01-2026,Router,Networking,1,4500,Hyderabad
103005,05-06-2026,USB Drive,Accessories,3,800,Ahmedabad
103006,07-03-2026,USB Drive,Accessories,7,800,Pune
103007,30-05-2026,Mouse,Accessories,9,700,Ahmedabad
103008,05-01-2026,Laptop,Electronics,1,65000,Kolkata
103009,26-01-2026,Printer,Electronics,6,9000,Mumbai
103010,30-01-2026,Laptop,Electronics,8,65000,Mumbai
103011,06-03-2026,Laptop,Electronics,1,65000,Hyderabad
103012,20-05-2026,Router,Networking,2,4500,Chennai
103013,27-05-2026,Laptop,Electronics,6,65000,Mumbai
103014,23-03-2026,Keyboard,Accessories,1,1200,Delhi
103015,31-05-2026,Printer,Electronics,10,9000,Kolkata
103016,05-06-2026,Router,Networking,8,4500,Hyderabad
103017,29-04-2026,SSD,Storage,8,6000,Kolkata
103018,04-06-2026,Router,Networking,5,4500,Mumbai
103019,08-02-2026,Monitor,Electronics,8,15000,Ahmedabad
103020,27-05-2026,Printer,Electronics,4,9000,Pune
103021,22-04-2026,Keyboard,Accessories,4,1200,Chennai
103022,30-05-2026,SSD,Storage,2,6000,Delhi
103023,18-01-2026,Printer,Electronics,3,9000,Bengaluru
103024,07-01-2026,Monitor,Electronics,8,15000,Bengaluru
103025,28-01-2026,Mouse,Accessories,7,700,Delhi
103026,11-06-2026,Printer,Electronics,2,9000,Mumbai
103027,02-03-2026,Headphones,Accessories,10,2500,Ahmedabad
103028,07-02-2026,Mouse,Accessories,2,700,Chennai
103029,19-06-2026,Router,Networking,1,4500,Kolkata
103030,08-03-2026,Printer,Electronics,9,9000,Ahmedabad
103031,02-04-2026,Router,Networking,9,4500,Ahmedabad
103032,10-05-2026,Headphones,Accessories,8,2500,Delhi
103033,07-01-2026,Printer,Electronics,9,9000,Ahmedabad
103034,20-06-2026,Mouse,Accessories,3,700,Mumbai
103035,18-03-2026,SSD,Storage,7,6000,Mumbai
103036,10-02-2026,Router,Networking,8,4500,Bengaluru
103037,03-06-2026,USB Drive,Accessories,9,800,Kolkata
103038,29-05-2026,Webcam,Electronics,1,3200,Hyderabad
103039,31-01-2026,Printer,Electronics,2,9000,Pune
103040,20-04-2026,Laptop,Electronics,8,65000,Bengaluru
103041,05-05-2026,Printer,Electronics,9,9000,Kolkata
103042,01-04-2026,Mouse,Accessories,8,700,Kolkata
103043,16-02-2026,Printer,Electronics,1,9000,Chennai
103044,06-06-2026,USB Drive,Accessories,7,800,Kolkata
103045,07-01-2026,Printer,Electronics,8,9000,Ahmedabad
103046,03-01-2026,Keyboard,Accessories,9,1200,Bengaluru
103047,02-04-2026,SSD,Storage,4,6000,Bengaluru
103048,01-01-2026,Router,Networking,10,4500,Chennai
103049,17-05-2026,USB Drive,Accessories,9,800,Delhi
103050,22-04-2026,Keyboard,Accessories,5,1200,Ahmedabad
103051,04-06-2026,SSD,Storage,2,6000,Mumbai
103052,23-01-2026,Printer,Electronics,2,9000,Hyderabad
103053,02-04-2026,SSD,Storage,3,6000,Kolkata
103054,28-01-2026,Monitor,Electronics,4,15000,Delhi
103055,29-03-2026,Keyboard,Accessories,4,1200,Mumbai
103056,13-04-2026,Headphones,Accessories,1,2500,Chennai
103057,19-03-2026,Webcam,Electronics,3,3200,Kolkata
103058,23-03-2026,Laptop,Electronics,4,65000,Kolkata
103059,13-04-2026,Mouse,Accessories,8,700,Mumbai
103060,13-05-2026,Keyboard,Accessories,5,1200,Delhi
103061,20-05-2026,Router,Networking,1,4500,Bengaluru
103062,25-01-2026,Printer,Electronics,2,9000,Mumbai
103063,27-02-2026,Headphones,Accessories,10,2500,Kolkata
103064,09-03-2026,Router,Networking,7,4500,Hyderabad
103065,28-06-2026,SSD,Storage,7,6000,Chennai
103066,10-05-2026,USB Drive,Accessories,10,800,Mumbai
103067,25-03-2026,Headphones,Accessories,10,2500,Delhi
103068,29-01-2026,Mouse,Accessories,10,700,Bengaluru
103069,15-01-2026,Webcam,Electronics,6,3200,Delhi
103070,31-03-2026,Mouse,Accessories,2,700,Delhi
103071,28-02-2026,SSD,Storage,9,6000,Kolkata
103072,23-02-2026,USB Drive,Accessories,6,800,Bengaluru
103073,26-01-2026,Router,Networking,10,4500,Delhi
103074,08-04-2026,Webcam,Electronics,1,3200,Chennai
103075,04-02-2026,Printer,Electronics,9,9000,Delhi
103076,17-03-2026,USB Drive,Accessories,7,800,Kolkata
103077,21-04-2026,Webcam,Electronics,7,3200,Chennai
103078,11-02-2026,Laptop,Electronics,5,65000,Ahmedabad
103079,24-04-2026,Headphones,Accessories,9,2500,Chennai
103080,23-03-2026,Monitor,Electronics,4,15000,Delhi
103081,19-04-2026,Keyboard,Accessories,4,1200,Kolkata
103082,08-04-2026,Keyboard,Accessories,3,1200,Chennai
103083,14-01-2026,Mouse,Accessories,7,700,Pune
103084,28-02-2026,Laptop,Electronics,1,65000,Bengaluru
103085,17-02-2026,Mouse,Accessories,3,700,Ahmedabad
103086,20-04-2026,Webcam,Electronics,8,3200,Pune
103087,06-06-2026,Mouse,Accessories,7,700,Chennai
103088,26-01-2026,Mouse,Accessories,6,700,Chennai
103089,17-05-2026,Router,Networking,7,,Delhi
103090,28-01-2026,Webcam,Electronics,10,3200,Ahmedabad
103091,24-05-2026,Keyboard,Accessories,4,1200,Pune
103092,24-04-2026,Laptop,Electronics,5,65000,Kolkata
103093,09-03-2026,Keyboard,Accessories,7,1200,Bengaluru
103094,14-01-2026,Monitor,Electronics,9,15000,Ahmedabad
103095,29-03-2026,Monitor,Electronics,7,15000,Kolkata
103096,17-05-2026,Laptop,Electronics,8,65000,Bengaluru
103097,05-04-2026,Printer,Electronics,9,9000,Hyderabad
103098,09-05-2026,Headphones,Accessories,5,2500,Chennai
103099,13-01-2026,Laptop,Electronics,7,65000,Chennai
103100,16-06-2026,Webcam,Electronics,6,3200,Mumbai
103101,29-01-2026,Keyboard,Accessories,4,1200,Ahmedabad
103102,15-03-2026,Router,Networking,10,4500,Ahmedabad
103103,24-06-2026,SSD,Storage,2,6000,Kolkata
103104,22-02-2026,Monitor,Electronics,5,15000,Bengaluru
103105,06-05-2026,Keyboard,Accessories,1,1200,Kolkata
103106,25-06-2026,Keyboard,Accessories,2,1200,Delhi
103107,17-06-2026,Router,Networking,1,4500,Kolkata
103108,05-03-2026,Laptop,Electronics,5,65000,Delhi
103109,09-04-2026,SSD,Storage,4,6000,Bengaluru
103110,10-03-2026,SSD,Storage,4,6000,Chennai
103111,04-01-2026,Laptop,Electronics,2,65000,Kolkata
103112,23-04-2026,Webcam,Electronics,9,3200,Kolkata
103113,30-03-2026,Keyboard,Accessories,5,1200,Pune
103114,08-03-2026,Printer,Electronics,7,9000,Pune
103115,26-06-2026,Mouse,Accessories,8,700,Mumbai
103116,04-01-2026,Headphones,Accessories,4,2500,Ahmedabad
103117,09-05-2026,Router,Networking,5,4500,Kolkata
103118,31-05-2026,Router,Networking,9,4500,Delhi
103119,20-03-2026,Headphones,Accessories,8,2500,Ahmedabad
103120,27-01-2026,Printer,Electronics,8,9000,Hyderabad
103121,10-01-2026,Mouse,Accessories,10,700,Chennai
103122,14-02-2026,Printer,Electronics,3,9000,Hyderabad
103123,01-06-2026,Webcam,Electronics,3,3200,Mumbai
103124,08-02-2026,Mouse,Accessories,9,700,Bengaluru
103125,26-05-2026,Monitor,Electronics,3,15000,Delhi
103126,28-05-2026,Router,Networking,4,4500,Mumbai
103127,04-01-2026,Keyboard,Accessories,4,,Mumbai
103128,27-06-2026,Router,Networking,7,4500,Delhi
103129,08-01-2026,Router,Networking,10,4500,Ahmedabad
103130,09-04-2026,Mouse,Accessories,1,700,Hyderabad
103131,06-04-2026,USB Drive,Accessories,2,800,Hyderabad
103132,22-05-2026,Printer,Electronics,6,9000,Mumbai
103133,31-05-2026,Router,Networking,1,4500,Bengaluru
103134,19-02-2026,Headphones,Accessories,5,2500,Pune
103135,23-06-2026,Mouse,Accessories,,700,Delhi
103136,28-04-2026,USB Drive,Accessories,,800,Chennai
103137,26-03-2026,SSD,Storage,7,6000,Delhi
103138,26-06-2026,Laptop,Electronics,7,65000,Kolkata
103139,19-04-2026,Printer,Electronics,2,9000,Kolkata
103140,05-04-2026,Printer,Electronics,2,9000,Hyderabad
103141,14-03-2026,Laptop,Electronics,8,65000,Chennai
103142,08-06-2026,Webcam,Electronics,1,3200,Hyderabad
103143,21-04-2026,USB Drive,Accessories,9,800,Kolkata
103144,17-05-2026,SSD,Storage,10,6000,Ahmedabad
103145,04-01-2026,Router,Networking,4,4500,Mumbai
103146,01-05-2026,Router,Networking,8,4500,Delhi
103147,05-04-2026,SSD,Storage,7,6000,Mumbai
103148,26-05-2026,Webcam,Electronics,7,3200,Bengaluru
103149,06-01-2026,Mouse,Accessories,3,700,Pune
103150,27-04-2026,Router,Networking,10,4500,Kolkata
103151,04-01-2026,Printer,Electronics,2,,Pune
103152,05-02-2026,Mouse,Accessories,8,700,Mumbai
103153,28-04-2026,Webcam,Electronics,8,3200,Bengaluru
103154,05-05-2026,Printer,Electronics,7,9000,Mumbai
103155,19-05-2026,Router,Networking,3,4500,Kolkata
103156,05-02-2026,USB Drive,Accessories,5,800,Ahmedabad
103157,27-03-2026,Router,Networking,10,4500,Chennai
103158,04-04-2026,Printer,Electronics,3,9000,Chennai
103159,06-04-2026,Webcam,Electronics,1,3200,Bengaluru
103160,01-01-2026,SSD,Storage,3,6000,Ahmedabad
103161,01-01-2026,SSD,Storage,1,6000,Kolkata
103162,26-02-2026,Headphones,Accessories,7,2500,Bengaluru
103163,24-02-2026,Keyboard,Accessories,5,1200,Bengaluru
103164,09-05-2026,Keyboard,Accessories,9,1200,Chennai
103165,02-01-2026,Laptop,Electronics,2,65000,Bengaluru
103166,11-02-2026,Printer,Electronics,8,9000,Kolkata
103167,19-01-2026,USB Drive,Accessories,9,800,Pune
103168,02-01-2026,Webcam,Electronics,2,3200,Delhi
103169,24-01-2026,Mouse,Accessories,10,,Bengaluru
103170,29-04-2026,Mouse,Accessories,2,700,Delhi
103171,03-04-2026,Monitor,Electronics,8,15000,Hyderabad
103172,12-01-2026,Laptop,Electronics,8,65000,Pune
103173,24-06-2026,Laptop,Electronics,1,65000,Mumbai
103174,10-05-2026,SSD,Storage,5,6000,Chennai
103175,28-02-2026,Keyboard,Accessories,10,1200,Hyderabad
103176,16-04-2026,Headphones,Accessories,3,2500,Ahmedabad
103177,30-01-2026,USB Drive,Accessories,2,800,Bengaluru
103178,02-05-2026,Monitor,Electronics,5,15000,Mumbai
103179,10-01-2026,Printer,Electronics,6,9000,Kolkata
103180,26-02-2026,Keyboard,Accessories,2,1200,Pune
103181,23-04-2026,Printer,Electronics,9,9000,Pune
103182,08-02-2026,USB Drive,Accessories,9,800,Kolkata
103183,10-01-2026,USB Drive,Accessories,8,800,Chennai
103184,18-03-2026,Router,Networking,9,4500,Bengaluru
103185,23-03-2026,Monitor,Electronics,7,15000,Chennai
103186,14-04-2026,Keyboard,Accessories,9,1200,Ahmedabad
103187,24-04-2026,Printer,Electronics,1,9000,Pune
103188,01-04-2026,Mouse,Accessories,6,700,Bengaluru
103189,03-01-2026,SSD,Storage,1,6000,Pune
103190,28-01-2026,Laptop,Electronics,8,65000,Delhi
103191,20-06-2026,SSD,Storage,2,6000,Mumbai
103192,26-01-2026,Webcam,Electronics,9,3200,Delhi
103193,06-02-2026,Headphones,Accessories,5,2500,Kolkata
103194,14-01-2026,Keyboard,Accessories,3,1200,Pune
103195,01-03-2026,Headphones,Accessories,5,2500,Bengaluru
103196,01-01-2026,Mouse,Accessories,3,700,Pune
103197,16-01-2026,Laptop,Electronics,3,65000,Delhi
103198,21-01-2026,Headphones,Accessories,2,2500,Bengaluru
103199,30-03-2026,SSD,Storage,5,6000,Pune
103200,09-01-2026,Webcam,Electronics,5,3200,Mumbai
103201,24-04-2026,Monitor,Electronics,3,15000,Pune
103202,01-06-2026,Headphones,Accessories,1,2500,Mumbai
103203,13-01-2026,Laptop,Electronics,7,65000,Hyderabad
103204,19-03-2026,Laptop,Electronics,4,65000,Delhi
103205,13-03-2026,Headphones,Accessories,3,2500,Kolkata
103206,12-01-2026,Router,Networking,10,4500,Mumbai
103207,19-01-2026,Router,Networking,5,4500,Hyderabad
103208,17-06-2026,Headphones,Accessories,10,2500,Pune
103209,30-03-2026,Monitor,Electronics,6,15000,Delhi
103210,03-04-2026,USB Drive,Accessories,2,800,Ahmedabad
103211,26-05-2026,SSD,Storage,1,6000,Kolkata
103212,21-05-2026,Laptop,Electronics,2,65000,Ahmedabad
103213,09-03-2026,Laptop,Electronics,4,65000,Bengaluru
103214,25-02-2026,Monitor,Electronics,10,15000,Pune
103215,27-02-2026,Laptop,Electronics,1,65000,Bengaluru
103216,27-03-2026,Headphones,Accessories,1,2500,Delhi
103217,19-01-2026,Webcam,Electronics,4,3200,Bengaluru
103218,11-04-2026,Keyboard,Accessories,5,1200,Bengaluru
103219,30-05-2026,Laptop,Electronics,3,65000,Bengaluru
103220,26-02-2026,Monitor,Electronics,5,15000,Delhi
103221,09-01-2026,SSD,Storage,1,6000,Delhi
103222,02-04-2026,Monitor,Electronics,1,15000,Kolkata
103223,11-05-2026,Printer,Electronics,4,9000,Mumbai
103224,23-01-2026,USB Drive,Accessories,7,800,Delhi
103225,14-03-2026,Headphones,Accessories,8,2500,Ahmedabad
103226,24-03-2026,SSD,Storage,3,6000,Kolkata
103227,21-03-2026,Keyboard,Accessories,7,1200,Hyderabad
103228,18-04-2026,Keyboard,Accessories,1,1200,Pune
103229,01-04-2026,Router,Networking,3,4500,Ahmedabad
103230,07-01-2026,SSD,Storage,,6000,Mumbai
103231,30-03-2026,Keyboard,Accessories,4,1200,Bengaluru
103232,18-02-2026,USB Drive,Accessories,3,800,Bengaluru
103233,18-01-2026,Headphones,Accessories,9,2500,Ahmedabad
103234,02-01-2026,Headphones,Accessories,10,2500,Mumbai
103235,09-05-2026,USB Drive,Accessories,4,800,Mumbai
103236,31-05-2026,Headphones,Accessories,10,2500,Ahmedabad
103237,12-02-2026,Mouse,Accessories,7,700,Delhi
103238,28-03-2026,Monitor,Electronics,8,15000,Hyderabad
103239,18-01-2026,Router,Networking,7,4500,Ahmedabad
103240,14-02-2026,Router,Networking,5,4500,Delhi
103241,18-06-2026,Mouse,Accessories,9,700,Ahmedabad
103242,11-02-2026,Laptop,Electronics,1,65000,Chennai
103243,18-05-2026,Keyboard,Accessories,4,1200,Delhi
103244,06-03-2026,Mouse,Accessories,5,700,Hyderabad
103245,03-02-2026,Router,Networking,2,4500,Pune
103246,28-05-2026,SSD,Storage,4,6000,Delhi
103247,02-02-2026,Laptop,Electronics,4,65000,Bengaluru
103248,26-02-2026,Keyboard,Accessories,3,1200,Bengaluru
103249,28-06-2026,Mouse,Accessories,4,700,Bengaluru
103250,09-05-2026,Mouse,Accessories,7,700,Chennai
103251,12-04-2026,Monitor,Electronics,1,15000,Pune
103252,02-06-2026,Monitor,Electronics,8,15000,Mumbai
103253,06-06-2026,Router,Networking,4,4500,Delhi
103254,16-06-2026,Keyboard,Accessories,10,1200,Mumbai
103255,01-05-2026,Printer,Electronics,7,9000,Bengaluru
103256,30-05-2026,Router,Networking,4,4500,Chennai
103257,05-03-2026,Router,Networking,5,4500,Bengaluru
103258,08-02-2026,SSD,Storage,2,6000,Mumbai
103259,18-04-2026,Webcam,Electronics,1,3200,Pune
103260,17-04-2026,USB Drive,Accessories,8,800,Delhi
103261,09-04-2026,Monitor,Electronics,7,15000,Kolkata
103262,03-04-2026,Headphones,Accessories,1,2500,Chennai
103263,18-03-2026,Laptop,Electronics,8,65000,Hyderabad
103264,25-06-2026,Printer,Electronics,10,9000,Kolkata
103265,30-03-2026,Laptop,Electronics,5,65000,Ahmedabad
103266,18-02-2026,Keyboard,Accessories,3,1200,Mumbai
103267,23-01-2026,Printer,Electronics,3,9000,Bengaluru
103268,29-03-2026,Router,Networking,6,4500,Delhi
103269,17-05-2026,Webcam,Electronics,10,3200,Kolkata
103270,07-02-2026,Monitor,Electronics,5,15000,Kolkata
103271,09-03-2026,Monitor,Electronics,4,15000,Bengaluru
103272,14-03-2026,Webcam,Electronics,3,3200,Pune
103273,17-05-2026,Monitor,Electronics,4,15000,Delhi
103274,26-06-2026,Monitor,Electronics,2,15000,Ahmedabad
103275,14-04-2026,Laptop,Electronics,6,65000,Ahmedabad
103276,10-04-2026,SSD,Storage,5,6000,Kolkata
103277,31-05-2026,Printer,Electronics,6,9000,Hyderabad
103278,22-04-2026,Headphones,Accessories,10,2500,Kolkata
103279,09-04-2026,SSD,Storage,9,6000,Kolkata
103280,23-02-2026,Printer,Electronics,3,9000,Pune
103281,06-01-2026,Router,Networking,1,4500,Chennai
103282,11-05-2026,Mouse,Accessories,6,700,Bengaluru
103283,24-03-2026,Headphones,Accessories,10,2500,Ahmedabad
103284,16-02-2026,Mouse,Accessories,4,700,Chennai
103285,04-02-2026,Monitor,Electronics,6,15000,Mumbai
103286,10-03-2026,Keyboard,Accessories,7,1200,Delhi
103287,20-06-2026,Printer,Electronics,9,9000,Bengaluru
103288,17-04-2026,Mouse,Accessories,5,700,Hyderabad
103289,15-01-2026,Webcam,Electronics,10,3200,Ahmedabad
103290,27-02-2026,Mouse,Accessories,1,700,Mumbai
103291,07-05-2026,Router,Networking,6,4500,Mumbai
103292,21-01-2026,Headphones,Accessories,9,2500,Chennai
103293,23-03-2026,Keyboard,Accessories,4,1200,Chennai
103294,15-02-2026,USB Drive,Accessories,9,800,Ahmedabad
103295,13-01-2026,Mouse,Accessories,8,700,Delhi
103296,27-06-2026,Router,Networking,7,4500,Bengaluru
103297,26-02-2026,Webcam,Electronics,8,3200,Kolkata
103298,24-06-2026,Headphones,Accessories,7,2500,Mumbai
103299,13-03-2026,Laptop,Electronics,1,65000,Pune
103300,09-02-2026,Webcam,Electronics,9,3200,Pune
103301,25-03-2026,Router,Networking,1,4500,Ahmedabad
103302,24-06-2026,Keyboard,Accessories,3,1200,Ahmedabad
103303,19-06-2026,Monitor,Electronics,2,15000,Hyderabad
103304,27-05-2026,Mouse,Accessories,4,700,Mumbai
103305,07-05-2026,Keyboard,Accessories,1,1200,Pune
103306,31-03-2026,Keyboard,Accessories,9,1200,Delhi
103307,03-06-2026,Keyboard,Accessories,10,1200,Hyderabad
103308,30-03-2026,Keyboard,Accessories,6,1200,Hyderabad
103309,02-03-2026,Keyboard,Accessories,3,1200,Ahmedabad
103310,28-02-2026,SSD,Storage,4,6000,Bengaluru
103311,01-01-2026,Printer,Electronics,6,9000,Hyderabad
103312,01-04-2026,Monitor,Electronics,3,15000,Pune
103313,09-01-2026,Webcam,Electronics,7,3200,Ahmedabad
103314,12-01-2026,Router,Networking,3,4500,Mumbai
103315,10-05-2026,Keyboard,Accessories,4,1200,Ahmedabad
103316,01-02-2026,Keyboard,Accessories,7,1200,Hyderabad
103317,23-05-2026,Router,Networking,3,4500,Ahmedabad
103318,20-06-2026,USB Drive,Accessories,5,800,Kolkata
103319,03-05-2026,Monitor,Electronics,6,15000,Bengaluru
103320,23-02-2026,Monitor,Electronics,3,15000,Delhi
103321,12-06-2026,Mouse,Accessories,10,700,Pune
103322,24-05-2026,SSD,Storage,3,6000,Bengaluru
103323,15-02-2026,Headphones,Accessories,7,2500,Pune
103324,24-02-2026,Headphones,Accessories,1,2500,Ahmedabad
103325,04-03-2026,Mouse,Accessories,2,700,Ahmedabad
103326,12-03-2026,Mouse,Accessories,,700,Hyderabad
103327,24-05-2026,Printer,Electronics,2,9000,Delhi
103328,18-06-2026,Mouse,Accessories,4,700,Delhi
103329,11-05-2026,Printer,Electronics,7,9000,Ahmedabad
103330,18-06-2026,Headphones,Accessories,7,2500,Ahmedabad
103331,12-01-2026,Headphones,Accessories,6,2500,Bengaluru
103332,10-06-2026,Mouse,Accessories,6,700,Chennai
103333,19-01-2026,Mouse,Accessories,10,700,Pune
103334,20-04-2026,Printer,Electronics,1,9000,Kolkata
103335,01-06-2026,Monitor,Electronics,10,15000,Pune
103336,17-02-2026,Laptop,Electronics,8,65000,Delhi
103337,06-03-2026,Keyboard,Accessories,7,1200,Mumbai
103338,09-06-2026,Webcam,Electronics,2,3200,Bengaluru
103339,20-03-2026,Mouse,Accessories,4,700,Kolkata
103340,08-06-2026,USB Drive,Accessories,8,800,Kolkata
103341,10-01-2026,SSD,Storage,9,6000,Kolkata
103342,06-05-2026,Webcam,Electronics,4,3200,Bengaluru
103343,03-02-2026,Webcam,Electronics,7,3200,Pune
103344,28-06-2026,SSD,Storage,9,6000,Kolkata
103345,01-04-2026,Monitor,Electronics,4,15000,Chennai
103346,21-02-2026,Mouse,Accessories,10,700,Pune
103347,21-03-2026,Monitor,Electronics,1,15000,Pune
103348,16-02-2026,Monitor,Electronics,2,15000,Mumbai
103349,01-04-2026,Laptop,Electronics,6,65000,Chennai
103350,25-05-2026,Webcam,Electronics,5,3200,Delhi
103351,05-02-2026,USB Drive,Accessories,9,800,Kolkata
103352,08-05-2026,USB Drive,Accessories,5,800,Chennai
103353,23-01-2026,USB Drive,Accessories,4,800,Delhi
103354,07-03-2026,Headphones,Accessories,1,2500,Pune
103355,28-06-2026,Monitor,Electronics,8,15000,Kolkata
103356,11-03-2026,SSD,Storage,7,6000,Ahmedabad
103357,21-01-2026,Mouse,Accessories,10,700,Kolkata
103358,27-02-2026,Headphones,Accessories,4,2500,Ahmedabad
103359,03-01-2026,Keyboard,Accessories,6,1200,Bengaluru
103360,29-04-2026,USB Drive,Accessories,4,800,Mumbai
103361,22-03-2026,SSD,Storage,5,6000,Pune
103362,06-06-2026,USB Drive,Accessories,6,800,Kolkata
103363,05-03-2026,Printer,Electronics,6,9000,Chennai
103364,26-02-2026,Printer,Electronics,5,9000,Chennai
103365,06-06-2026,Mouse,Accessories,7,700,Hyderabad
103366,05-06-2026,Monitor,Electronics,5,15000,Hyderabad
103367,28-05-2026,Printer,Electronics,7,9000,Bengaluru
103368,07-02-2026,Monitor,Electronics,1,15000,Bengaluru
103369,04-06-2026,Webcam,Electronics,4,3200,Chennai
103370,26-01-2026,Monitor,Electronics,3,,Ahmedabad
103371,03-02-2026,Laptop,Electronics,3,65000,Delhi
103372,03-05-2026,Headphones,Accessories,5,2500,Hyderabad
103373,15-03-2026,USB Drive,Accessories,6,800,Bengaluru
103374,02-02-2026,Laptop,Electronics,4,65000,Kolkata
103375,19-03-2026,USB Drive,Accessories,2,800,Delhi
103376,08-01-2026,Keyboard,Accessories,6,1200,Hyderabad
103377,29-04-2026,Headphones,Accessories,7,2500,Kolkata
103378,18-02-2026,Headphones,Accessories,10,2500,Ahmedabad
103379,01-01-2026,Router,Networking,7,4500,Hyderabad
103380,18-01-2026,Printer,Electronics,6,9000,Pune
103381,12-04-2026,USB Drive,Accessories,4,800,Pune
103382,13-01-2026,Monitor,Electronics,5,15000,Kolkata
103383,10-02-2026,Keyboard,Accessories,1,1200,Ahmedabad
103384,16-03-2026,Keyboard,Accessories,5,1200,Delhi
103385,19-03-2026,Monitor,Electronics,8,15000,Kolkata
103386,19-05-2026,Laptop,Electronics,1,65000,Pune
103387,06-02-2026,SSD,Storage,5,6000,Delhi
103388,09-02-2026,Mouse,Accessories,8,700,Ahmedabad
103389,09-03-2026,Monitor,Electronics,1,15000,Delhi
103390,09-02-2026,Monitor,Electronics,9,15000,Delhi
103391,11-02-2026,Keyboard,Accessories,9,1200,Kolkata
103392,28-03-2026,Keyboard,Accessories,8,1200,Bengaluru
103393,20-02-2026,Monitor,Electronics,3,15000,Hyderabad
103394,03-01-2026,Keyboard,Accessories,1,1200,Mumbai
103395,25-02-2026,Monitor,Electronics,1,15000,Chennai
103396,15-04-2026,Webcam,Electronics,8,3200,Kolkata
103397,27-04-2026,Headphones,Accessories,1,2500,Ahmedabad
103398,06-06-2026,SSD,Storage,6,6000,Delhi
103399,14-02-2026,Printer,Electronics,6,9000,Bengaluru
103400,01-03-2026,SSD,Storage,9,6000,Bengaluru
103401,02-03-2026,Laptop,Electronics,4,65000,Bengaluru
103402,12-01-2026,Keyboard,Accessories,9,1200,Delhi
103403,24-01-2026,Webcam,Electronics,3,3200,Bengaluru
103404,16-03-2026,Laptop,Electronics,6,65000,Kolkata
103405,08-03-2026,Router,Networking,8,4500,Ahmedabad
103406,14-06-2026,Webcam,Electronics,6,3200,Bengaluru
103407,09-03-2026,Laptop,Electronics,7,65000,Ahmedabad
103408,09-02-2026,Webcam,Electronics,3,3200,Mumbai
103409,16-02-2026,Keyboard,Accessories,6,1200,Pune
103410,09-04-2026,USB Drive,Accessories,9,800,Bengaluru
103411,05-03-2026,Webcam,Electronics,4,3200,Mumbai
103412,17-02-2026,Mouse,Accessories,3,700,Mumbai
103413,16-05-2026,Webcam,Electronics,9,3200,Kolkata
103414,07-06-2026,Laptop,Electronics,2,65000,Ahmedabad
103415,16-03-2026,Laptop,Electronics,4,65000,Chennai
103416,27-06-2026,Headphones,Accessories,3,2500,Mumbai
103417,07-05-2026,Mouse,Accessories,3,700,Kolkata
103418,07-03-2026,Monitor,Electronics,4,15000,Delhi
103419,03-04-2026,Printer,Electronics,3,9000,Kolkata
103420,23-06-2026,Headphones,Accessories,5,2500,Hyderabad
103421,19-02-2026,Laptop,Electronics,9,65000,Chennai
103422,17-03-2026,Printer,Electronics,8,9000,Chennai
103423,09-05-2026,Router,Networking,8,4500,Pune
103424,04-01-2026,Printer,Electronics,8,9000,Pune
103425,07-06-2026,USB Drive,Accessories,9,800,Pune
103426,18-02-2026,Webcam,Electronics,8,3200,Bengaluru
103427,12-04-2026,USB Drive,Accessories,4,800,Pune
103428,17-04-2026,Monitor,Electronics,5,15000,Ahmedabad
103429,23-03-2026,Keyboard,Accessories,3,1200,Delhi
103430,18-04-2026,Mouse,Accessories,7,700,Bengaluru
103431,08-01-2026,Headphones,Accessories,10,2500,Chennai
103432,30-01-2026,Mouse,Accessories,6,700,Kolkata
103433,25-02-2026,Laptop,Electronics,3,65000,Kolkata
103434,01-03-2026,USB Drive,Accessories,4,800,Bengaluru
103435,15-06-2026,USB Drive,Accessories,3,800,Bengaluru
103436,11-01-2026,USB Drive,Accessories,7,800,Delhi
103437,15-06-2026,Router,Networking,6,4500,Mumbai
103438,27-02-2026,Router,Networking,1,4500,Hyderabad
103439,10-02-2026,Mouse,Accessories,2,700,Bengaluru
103440,20-01-2026,Headphones,Accessories,5,2500,Mumbai
103441,06-04-2026,Router,Networking,3,4500,Ahmedabad
103442,13-04-2026,Printer,Electronics,1,9000,Pune
103443,09-03-2026,Router,Networking,9,4500,Chennai
103444,04-02-2026,Laptop,Electronics,1,65000,Ahmedabad
103445,24-04-2026,Router,Networking,8,4500,Pune
103446,10-04-2026,USB Drive,Accessories,5,800,Chennai
103447,31-01-2026,SSD,Storage,7,6000,Bengaluru
103448,29-01-2026,SSD,Storage,3,6000,Bengaluru
103449,15-02-2026,Mouse,Accessories,4,700,Mumbai
103450,12-01-2026,Printer,Electronics,3,9000,Mumbai
103451,14-03-2026,Webcam,Electronics,9,3200,Mumbai
103452,24-01-2026,Webcam,Electronics,10,3200,Kolkata
103453,31-05-2026,SSD,Storage,10,6000,Mumbai
103454,16-06-2026,Keyboard,Accessories,9,1200,Delhi
103455,15-01-2026,Monitor,Electronics,7,15000,Bengaluru
103456,01-01-2026,Laptop,Electronics,1,65000,Bengaluru
103457,19-05-2026,Headphones,Accessories,4,2500,Mumbai
103458,01-01-2026,Headphones,Accessories,1,2500,Hyderabad
103459,16-05-2026,Monitor,Electronics,9,15000,Bengaluru
103460,17-04-2026,SSD,Storage,3,6000,Delhi
103461,16-01-2026,Webcam,Electronics,7,3200,Ahmedabad
103462,22-04-2026,Monitor,Electronics,4,15000,Hyderabad
103463,09-05-2026,SSD,Storage,7,6000,Hyderabad
103464,24-02-2026,Webcam,Electronics,7,3200,Pune
103465,12-06-2026,Mouse,Accessories,9,700,Kolkata
103466,15-02-2026,USB Drive,Accessories,8,800,Chennai
103467,28-01-2026,Laptop,Electronics,2,65000,Bengaluru
103468,21-02-2026,Monitor,Electronics,10,15000,Hyderabad
103469,31-03-2026,Keyboard,Accessories,8,1200,Mumbai
103470,16-05-2026,Webcam,Electronics,6,3200,Delhi
103471,14-04-2026,Webcam,Electronics,8,3200,Kolkata
103472,11-06-2026,Headphones,Accessories,10,2500,Mumbai
103473,17-06-2026,Printer,Electronics,4,9000,Ahmedabad
103474,05-06-2026,Webcam,Electronics,7,3200,Mumbai
103475,01-04-2026,SSD,Storage,7,6000,Hyderabad
103476,19-05-2026,Printer,Electronics,6,9000,Delhi
103477,08-02-2026,USB Drive,Accessories,7,800,Kolkata
103478,17-05-2026,USB Drive,Accessories,3,800,Mumbai
103479,05-02-2026,Headphones,Accessories,8,2500,Bengaluru
103480,29-03-2026,Headphones,Accessories,4,2500,Delhi
103481,24-04-2026,Printer,Electronics,3,9000,Ahmedabad
103482,10-03-2026,Webcam,Electronics,3,3200,Chennai
103483,17-01-2026,Webcam,Electronics,10,3200,Delhi
103484,22-05-2026,SSD,Storage,8,6000,Chennai
103485,24-05-2026,Headphones,Accessories,10,2500,Chennai
103486,20-01-2026,Router,Networking,4,4500,Chennai
103487,29-01-2026,USB Drive,Accessories,8,800,Pune
103488,22-02-2026,USB Drive,Accessories,10,800,Kolkata
103489,16-03-2026,SSD,Storage,9,6000,Delhi
103490,04-06-2026,Keyboard,Accessories,9,1200,Pune
103491,13-02-2026,Mouse,Accessories,1,700,Ahmedabad
103492,11-01-2026,USB Drive,Accessories,7,800,Delhi
103493,05-01-2026,Router,Networking,3,4500,Pune
103494,14-05-2026,Mouse,Accessories,,700,Hyderabad
103495,20-06-2026,Laptop,Electronics,6,65000,Hyderabad
103496,08-06-2026,SSD,Storage,8,6000,Mumbai
103497,22-05-2026,Headphones,Accessories,7,2500,Bengaluru
103498,25-04-2026,Headphones,Accessories,1,2500,Pune
103499,10-04-2026,USB Drive,Accessories,2,800,Pune
103500,15-06-2026,Monitor,Electronics,1,15000,Kolkata
103501,16-03-2026,Mouse,Accessories,9,700,Ahmedabad
103502,19-05-2026,Printer,Electronics,7,9000,Ahmedabad
103503,05-01-2026,Mouse,Accessories,9,700,Delhi
103504,08-01-2026,Mouse,Accessories,4,700,Mumbai
103505,13-01-2026,Monitor,Electronics,5,15000,Chennai
103506,03-02-2026,SSD,Storage,10,6000,Chennai
103507,20-06-2026,Headphones,Accessories,7,2500,Pune
103508,12-02-2026,Printer,Electronics,1,9000,Bengaluru
103509,30-01-2026,Headphones,Accessories,6,2500,Ahmedabad
103510,05-02-2026,Headphones,Accessories,7,2500,Bengaluru
103511,01-02-2026,SSD,Storage,1,6000,Chennai
103512,23-04-2026,Laptop,Electronics,5,65000,Kolkata
103513,19-03-2026,Router,Networking,5,4500,Hyderabad
103514,03-06-2026,USB Drive,Accessories,6,800,Hyderabad
103515,17-05-2026,Monitor,Electronics,,15000,Bengaluru
103516,15-03-2026,Headphones,Accessories,6,2500,Delhi
103517,01-01-2026,Monitor,Electronics,7,15000,Mumbai
103518,18-01-2026,Webcam,Electronics,4,3200,Ahmedabad
103519,07-05-2026,Keyboard,Accessories,7,1200,Hyderabad
103520,08-06-2026,Headphones,Accessories,9,2500,Pune
103521,13-02-2026,Keyboard,Accessories,10,1200,Pune
103522,05-02-2026,Headphones,Accessories,2,2500,Pune
103523,06-05-2026,Headphones,Accessories,10,2500,Pune
103524,14-01-2026,Router,Networking,1,4500,Chennai
103525,25-04-2026,Webcam,Electronics,5,3200,Pune
103526,13-06-2026,Monitor,Electronics,6,15000,Chennai
103527,29-01-2026,Webcam,Electronics,2,3200,Ahmedabad
103528,21-02-2026,Printer,Electronics,5,9000,Delhi
103529,27-03-2026,Monitor,Electronics,8,15000,Hyderabad
103530,01-02-2026,Router,Networking,4,4500,Mumbai
103531,26-06-2026,Monitor,Electronics,4,15000,Bengaluru
103532,20-04-2026,Laptop,Electronics,9,65000,Bengaluru
103533,23-05-2026,Mouse,Accessories,6,700,Ahmedabad
103534,20-02-2026,Laptop,Electronics,5,65000,Pune
103535,25-06-2026,Mouse,Accessories,6,700,Chennai
103536,15-04-2026,Headphones,Accessories,4,2500,Ahmedabad
103537,12-05-2026,Laptop,Electronics,2,65000,Pune
103538,19-04-2026,Webcam,Electronics,4,3200,Ahmedabad
103539,23-01-2026,Webcam,Electronics,8,3200,Kolkata
103540,31-05-2026,Mouse,Accessories,5,700,Bengaluru
103541,31-05-2026,SSD,Storage,10,6000,Kolkata
103542,09-03-2026,Headphones,Accessories,1,2500,Delhi
103543,26-06-2026,Laptop,Electronics,2,65000,Pune
103544,03-05-2026,Monitor,Electronics,10,15000,Pune
103545,11-02-2026,Mouse,Accessories,2,700,Chennai
103546,15-03-2026,Keyboard,Accessories,5,1200,Chennai
103547,08-06-2026,SSD,Storage,8,6000,Pune
103548,06-05-2026,Headphones,Accessories,10,2500,Mumbai
103549,01-06-2026,Laptop,Electronics,3,65000,Ahmedabad
103550,18-05-2026,SSD,Storage,2,6000,Hyderabad
103551,13-06-2026,SSD,Storage,8,6000,Pune
103552,29-05-2026,Router,Networking,5,4500,Pune
103553,26-01-2026,Printer,Electronics,4,9000,Bengaluru
103554,14-05-2026,USB Drive,Accessories,9,800,Hyderabad
103555,13-06-2026,Laptop,Electronics,4,65000,Kolkata
103556,18-05-2026,Mouse,Accessories,2,700,Ahmedabad
103557,18-05-2026,Mouse,Accessories,5,700,Delhi
103558,06-01-2026,SSD,Storage,10,6000,Mumbai
103559,24-04-2026,Webcam,Electronics,10,3200,Kolkata
103560,19-04-2026,SSD,Storage,4,6000,Mumbai
103561,10-06-2026,Headphones,Accessories,9,2500,Ahmedabad
103562,04-01-2026,Headphones,Accessories,4,2500,Mumbai
103563,01-02-2026,SSD,Storage,4,6000,Hyderabad
103564,17-05-2026,Keyboard,Accessories,10,1200,Pune
103565,31-03-2026,Mouse,Accessories,4,700,Delhi
103566,26-06-2026,Router,Networking,6,4500,Mumbai
103567,11-01-2026,Printer,Electronics,6,9000,Hyderabad
103568,29-04-2026,Monitor,Electronics,7,15000,Ahmedabad
103569,22-02-2026,USB Drive,Accessories,7,800,Hyderabad
103570,26-06-2026,Headphones,Accessories,9,2500,Hyderabad
103571,23-02-2026,Headphones,Accessories,4,2500,Delhi
103572,10-06-2026,Headphones,Accessories,9,2500,Kolkata
103573,24-01-2026,Headphones,Accessories,5,2500,Pune
103574,09-04-2026,USB Drive,Accessories,4,800,Pune
103575,30-03-2026,Mouse,Accessories,2,700,Delhi
103576,18-06-2026,Keyboard,Accessories,9,1200,Bengaluru
103577,27-04-2026,Laptop,Electronics,3,65000,Kolkata
103578,15-04-2026,Laptop,Electronics,6,65000,Mumbai
103579,07-04-2026,Printer,Electronics,5,9000,Kolkata
103580,20-01-2026,Laptop,Electronics,2,65000,Pune
103581,12-06-2026,Monitor,Electronics,6,15000,Chennai
103582,15-04-2026,Printer,Electronics,1,9000,Delhi
103583,18-02-2026,Router,Networking,,4500,Hyderabad
103584,03-01-2026,Printer,Electronics,3,9000,Bengaluru
103585,11-05-2026,Mouse,Accessories,5,700,Ahmedabad
103586,30-01-2026,Router,Networking,10,4500,Hyderabad
103587,06-01-2026,SSD,Storage,7,6000,Ahmedabad
103588,13-04-2026,Printer,Electronics,10,9000,Delhi
103589,26-05-2026,Keyboard,Accessories,3,1200,Chennai
103590,07-06-2026,Router,Networking,8,4500,Pune
103591,29-01-2026,Monitor,Electronics,6,15000,Bengaluru
103592,06-05-2026,Mouse,Accessories,8,700,Kolkata
103593,22-05-2026,Router,Networking,2,4500,Chennai
103594,09-01-2026,Monitor,Electronics,5,15000,Mumbai
103595,10-05-2026,Webcam,Electronics,4,3200,Pune
103596,12-05-2026,Monitor,Electronics,4,15000,Ahmedabad
103597,26-04-2026,Laptop,Electronics,5,65000,Delhi
103598,09-06-2026,Mouse,Accessories,6,700,Kolkata
103599,06-01-2026,Keyboard,Accessories,9,1200,Chennai
103600,12-02-2026,Laptop,Electronics,5,65000,Hyderabad
103601,22-01-2026,SSD,Storage,1,6000,Ahmedabad
103602,04-02-2026,Laptop,Electronics,5,65000,Delhi
103603,26-06-2026,Webcam,Electronics,10,3200,Hyderabad
103604,10-02-2026,Printer,Electronics,6,9000,Mumbai
103605,16-01-2026,SSD,Storage,8,6000,Bengaluru
103606,06-02-2026,Printer,Electronics,9,9000,Ahmedabad
103607,08-02-2026,USB Drive,Accessories,5,800,Hyderabad
103608,16-02-2026,Keyboard,Accessories,6,1200,Chennai
103609,06-02-2026,Keyboard,Accessories,5,1200,Hyderabad
103610,14-02-2026,USB Drive,Accessories,2,800,Delhi
103611,10-01-2026,Monitor,Electronics,5,15000,Kolkata
103612,25-02-2026,Laptop,Electronics,8,65000,Ahmedabad
103613,27-06-2026,Keyboard,Accessories,1,1200,Delhi
103614,09-01-2026,SSD,Storage,6,6000,Kolkata
103615,04-02-2026,Mouse,Accessories,10,700,Delhi
103616,03-01-2026,Headphones,Accessories,8,2500,Delhi
103617,25-01-2026,Webcam,Electronics,4,3200,Delhi
103618,07-01-2026,Webcam,Electronics,4,3200,Delhi
103619,17-06-2026,Webcam,Electronics,3,3200,Kolkata
103620,25-05-2026,Laptop,Electronics,9,65000,Kolkata
103621,07-05-2026,Keyboard,Accessories,3,1200,Chennai
103622,22-03-2026,Printer,Electronics,7,9000,Mumbai
103623,26-05-2026,Keyboard,Accessories,9,1200,Ahmedabad
103624,02-01-2026,Webcam,Electronics,5,3200,Bengaluru
103625,27-02-2026,Printer,Electronics,5,9000,Bengaluru
103626,17-02-2026,Headphones,Accessories,3,2500,Bengaluru
103627,29-03-2026,Keyboard,Accessories,4,1200,Mumbai
103628,06-02-2026,Laptop,Electronics,10,65000,Ahmedabad
103629,02-05-2026,Keyboard,Accessories,7,1200,Bengaluru
103630,18-04-2026,Headphones,Accessories,6,2500,Ahmedabad
103631,15-04-2026,Mouse,Accessories,8,700,Delhi
103632,23-06-2026,Keyboard,Accessories,5,1200,Pune
103633,30-05-2026,Router,Networking,6,4500,Mumbai
103634,28-01-2026,SSD,Storage,2,6000,Mumbai
103635,13-02-2026,USB Drive,Accessories,9,800,Chennai
103636,05-06-2026,Router,Networking,7,4500,Kolkata
103637,02-02-2026,Monitor,Electronics,8,15000,Delhi
103638,09-05-2026,Router,Networking,5,4500,Hyderabad
103639,23-04-2026,Router,Networking,2,4500,Delhi
103640,06-05-2026,Printer,Electronics,10,9000,Kolkata
103641,18-03-2026,Laptop,Electronics,1,65000,Hyderabad
103642,11-04-2026,SSD,Storage,3,6000,Hyderabad
103643,13-03-2026,Router,Networking,5,4500,Delhi
103644,10-05-2026,Keyboard,Accessories,2,1200,Kolkata
103645,23-03-2026,Printer,Electronics,7,9000,Delhi
103646,13-02-2026,Mouse,Accessories,3,700,Bengaluru
103647,04-01-2026,Headphones,Accessories,,2500,Hyderabad
103648,01-01-2026,Laptop,Electronics,1,65000,Hyderabad
103649,16-03-2026,USB Drive,Accessories,8,800,Delhi
103650,01-01-2026,Router,Networking,9,4500,Mumbai
103651,01-02-2026,Printer,Electronics,2,,Mumbai
103652,09-04-2026,SSD,Storage,3,6000,Ahmedabad
103653,21-02-2026,Webcam,Electronics,10,3200,Ahmedabad
103654,08-06-2026,Laptop,Electronics,,65000,Pune
103655,18-03-2026,Router,Networking,2,4500,Kolkata
103656,03-05-2026,Printer,Electronics,7,9000,Chennai
103657,25-06-2026,Monitor,Electronics,4,15000,Hyderabad
103658,25-04-2026,Mouse,Accessories,2,700,Mumbai
103659,19-06-2026,SSD,Storage,9,6000,Pune
103660,09-05-2026,Keyboard,Accessories,10,1200,Delhi
103661,18-02-2026,Printer,Electronics,1,9000,Hyderabad
103662,13-03-2026,USB Drive,Accessories,7,800,Chennai
103663,14-03-2026,SSD,Storage,5,6000,Bengaluru
103664,14-01-2026,Mouse,Accessories,1,700,Delhi
103665,05-02-2026,Router,Networking,2,4500,Bengaluru
103666,17-06-2026,Monitor,Electronics,9,15000,Chennai
103667,01-01-2026,Keyboard,Accessories,7,1200,Mumbai
103668,08-05-2026,Printer,Electronics,6,9000,Pune
103669,13-06-2026,Monitor,Electronics,7,15000,Hyderabad
103670,30-03-2026,Webcam,Electronics,,3200,Mumbai
103671,24-05-2026,Keyboard,Accessories,9,1200,Mumbai
103672,25-06-2026,USB Drive,Accessories,2,800,Pune
103673,30-03-2026,SSD,Storage,1,6000,Kolkata
103674,30-01-2026,Laptop,Electronics,1,65000,Delhi
103675,09-03-2026,USB Drive,Accessories,7,800,Hyderabad
103676,14-05-2026,Keyboard,Accessories,8,1200,Bengaluru
103677,21-02-2026,Keyboard,Accessories,10,1200,Kolkata
103678,18-01-2026,Headphones,Accessories,2,2500,Chennai
103679,17-05-2026,Headphones,Accessories,1,2500,Pune
103680,27-02-2026,Printer,Electronics,5,9000,Chennai
103681,17-06-2026,Keyboard,Accessories,3,1200,Hyderabad
103682,12-06-2026,Printer,Electronics,7,9000,Mumbai
103683,27-03-2026,Monitor,Electronics,1,15000,Hyderabad
103684,21-03-2026,Webcam,Electronics,3,3200,Kolkata
103685,22-01-2026,Webcam,Electronics,7,3200,Pune
103686,26-01-2026,Keyboard,Accessories,8,1200,Ahmedabad
103687,01-01-2026,Router,Networking,7,4500,Kolkata
103688,31-03-2026,USB Drive,Accessories,3,800,Mumbai
103689,09-06-2026,Webcam,Electronics,7,3200,Chennai
103690,09-06-2026,Printer,Electronics,8,9000,Bengaluru
103691,29-05-2026,Laptop,Electronics,4,65000,Mumbai
103692,11-05-2026,Printer,Electronics,9,9000,Bengaluru
103693,02-02-2026,Monitor,Electronics,6,15000,Chennai
103694,14-01-2026,Printer,Electronics,7,9000,Bengaluru
103695,29-01-2026,Keyboard,Accessories,2,1200,Chennai
103696,04-06-2026,Headphones,Accessories,3,2500,Bengaluru
103697,05-01-2026,USB Drive,Accessories,5,800,Mumbai
103698,01-02-2026,Mouse,Accessories,10,700,Mumbai
103699,16-05-2026,Keyboard,Accessories,8,1200,Kolkata
103700,01-03-2026,Printer,Electronics,4,9000,Chennai
103701,09-05-2026,Router,Networking,3,4500,Chennai
103702,31-05-2026,USB Drive,Accessories,9,800,Chennai
103703,05-01-2026,Headphones,Accessories,2,2500,Bengaluru
103704,24-01-2026,Keyboard,Accessories,6,1200,Chennai
103705,22-01-2026,Keyboard,Accessories,4,1200,Kolkata
103706,14-01-2026,Printer,Electronics,10,9000,Delhi
103707,03-03-2026,Webcam,Electronics,3,3200,Kolkata
103708,14-01-2026,Laptop,Electronics,4,65000,Hyderabad
103709,27-01-2026,SSD,Storage,8,6000,Delhi
103710,21-01-2026,Mouse,Accessories,5,700,Chennai
103711,02-05-2026,Mouse,Accessories,4,700,Mumbai
103712,31-05-2026,Webcam,Electronics,9,3200,Mumbai
103713,11-06-2026,USB Drive,Accessories,3,800,Delhi
103714,10-05-2026,Printer,Electronics,2,9000,Ahmedabad
103715,15-05-2026,Headphones,Accessories,6,2500,Mumbai
103716,22-02-2026,Webcam,Electronics,6,3200,Mumbai
103717,06-01-2026,Webcam,Electronics,3,3200,Ahmedabad
103718,14-05-2026,Laptop,Electronics,8,65000,Delhi
103719,28-02-2026,Webcam,Electronics,2,3200,Delhi
103720,22-05-2026,Router,Networking,2,4500,Bengaluru
103721,03-02-2026,Monitor,Electronics,10,15000,Kolkata
103722,06-03-2026,Webcam,Electronics,8,3200,Ahmedabad
103723,28-03-2026,Monitor,Electronics,1,15000,Mumbai
103724,02-01-2026,Keyboard,Accessories,5,1200,Pune
103725,01-04-2026,Webcam,Electronics,9,3200,Chennai
103726,21-06-2026,Printer,Electronics,4,9000,Kolkata
103727,17-02-2026,Keyboard,Accessories,2,1200,Kolkata
103728,04-06-2026,USB Drive,Accessories,9,800,Kolkata
103729,20-06-2026,Webcam,Electronics,1,3200,Pune
103730,17-01-2026,USB Drive,Accessories,10,800,Pune
103731,28-06-2026,Keyboard,Accessories,2,1200,Kolkata
103732,18-03-2026,Keyboard,Accessories,7,1200,Delhi
103733,25-02-2026,Monitor,Electronics,6,15000,Chennai
103734,10-02-2026,Printer,Electronics,4,9000,Hyderabad
103735,28-05-2026,Keyboard,Accessories,5,1200,Mumbai
103736,26-02-2026,Laptop,Electronics,1,65000,Kolkata
103737,03-06-2026,Mouse,Accessories,1,700,Bengaluru
103738,26-01-2026,Headphones,Accessories,2,2500,Kolkata
103739,28-06-2026,Printer,Electronics,7,9000,Pune
103740,01-03-2026,Printer,Electronics,9,,Delhi
103741,31-01-2026,Printer,Electronics,8,9000,Bengaluru
103742,06-05-2026,Router,Networking,10,4500,Mumbai
103743,23-03-2026,Webcam,Electronics,4,3200,Mumbai
103744,05-02-2026,Router,Networking,2,4500,Pune
103745,26-01-2026,Keyboard,Accessories,4,1200,Ahmedabad
103746,10-05-2026,Mouse,Accessories,6,700,Delhi
103747,21-06-2026,SSD,Storage,8,6000,Delhi
103748,09-02-2026,Printer,Electronics,5,9000,Pune
103749,13-03-2026,USB Drive,Accessories,8,800,Mumbai
103750,24-04-2026,Mouse,Accessories,1,700,Ahmedabad
103751,01-02-2026,Headphones,Accessories,7,2500,Ahmedabad
103752,17-05-2026,Monitor,Electronics,8,15000,Mumbai
103753,05-05-2026,Headphones,Accessories,5,2500,Bengaluru
103754,24-04-2026,Printer,Electronics,2,9000,Pune
103755,28-04-2026,Keyboard,Accessories,7,1200,Pune
103756,08-03-2026,USB Drive,Accessories,9,800,Ahmedabad
103757,17-02-2026,Router,Networking,9,4500,Ahmedabad
103758,17-04-2026,USB Drive,Accessories,5,800,Kolkata
103759,24-06-2026,Monitor,Electronics,3,15000,Hyderabad
103760,28-03-2026,Monitor,Electronics,9,15000,Kolkata
103761,27-06-2026,Keyboard,Accessories,6,1200,Kolkata
103762,10-05-2026,Webcam,Electronics,10,3200,Delhi
103763,09-03-2026,Router,Networking,9,4500,Hyderabad
103764,15-02-2026,Laptop,Electronics,6,65000,Chennai
103765,02-01-2026,Headphones,Accessories,1,2500,Bengaluru
103766,02-05-2026,Monitor,Electronics,10,15000,Pune
103767,02-06-2026,Webcam,Electronics,7,3200,Pune
103768,19-02-2026,Headphones,Accessories,7,2500,Ahmedabad
103769,08-05-2026,Headphones,Accessories,6,2500,Mumbai
103770,31-05-2026,Laptop,Electronics,4,65000,Bengaluru
103771,16-02-2026,Webcam,Electronics,4,3200,Bengaluru
103772,27-04-2026,Monitor,Electronics,3,15000,Bengaluru
103773,04-05-2026,Mouse,Accessories,2,700,Pune
103774,16-06-2026,Webcam,Electronics,7,3200,Mumbai
103775,19-04-2026,Keyboard,Accessories,1,1200,Pune
103776,30-01-2026,Printer,Electronics,5,9000,Hyderabad
103777,09-01-2026,Headphones,Accessories,3,2500,Delhi
103778,23-02-2026,SSD,Storage,3,6000,Kolkata
103779,26-05-2026,Router,Networking,1,4500,Chennai
103780,17-02-2026,USB Drive,Accessories,5,800,Kolkata
103781,20-05-2026,Laptop,Electronics,2,65000,Delhi
103782,25-02-2026,Mouse,Accessories,7,700,Delhi
103783,29-03-2026,Laptop,Electronics,1,65000,Bengaluru
103784,16-04-2026,Webcam,Electronics,3,3200,Hyderabad
103785,29-01-2026,Webcam,Electronics,3,3200,Kolkata
103786,03-03-2026,Router,Networking,1,4500,Delhi
103787,12-04-2026,Headphones,Accessories,5,2500,Pune
103788,28-01-2026,SSD,Storage,4,6000,Ahmedabad
103789,29-06-2026,Keyboard,Accessories,8,1200,Bengaluru
103790,27-05-2026,Mouse,Accessories,7,700,Chennai
103791,25-05-2026,USB Drive,Accessories,1,800,Kolkata
103792,26-04-2026,USB Drive,Accessories,6,800,Bengaluru
103793,22-05-2026,Printer,Electronics,6,9000,Chennai
103794,09-06-2026,SSD,Storage,6,6000,Kolkata
103795,19-03-2026,Laptop,Electronics,7,65000,Kolkata
103796,06-01-2026,Keyboard,Accessories,1,1200,Mumbai
103797,25-05-2026,Keyboard,Accessories,10,1200,Mumbai
103798,06-04-2026,Printer,Electronics,4,9000,Delhi
103799,30-05-2026,Monitor,Electronics,3,15000,Hyderabad
103800,05-03-2026,Monitor,Electronics,,15000,Pune
103801,18-01-2026,Laptop,Electronics,3,65000,Pune
103802,30-03-2026,Laptop,Electronics,2,65000,Pune
103803,14-03-2026,Headphones,Accessories,1,2500,Chennai
103804,27-06-2026,Monitor,Electronics,10,15000,Hyderabad
103805,11-02-2026,Printer,Electronics,4,9000,Kolkata
103806,03-02-2026,Laptop,Electronics,9,65000,Hyderabad
103807,01-02-2026,Keyboard,Accessories,5,1200,Delhi
103808,24-04-2026,Headphones,Accessories,10,2500,Bengaluru
103809,15-01-2026,Mouse,Accessories,3,700,Hyderabad
103810,20-01-2026,Webcam,Electronics,8,3200,Bengaluru
103811,17-01-2026,Laptop,Electronics,7,65000,Chennai
103812,14-06-2026,Mouse,Accessories,10,700,Mumbai
103813,31-05-2026,Keyboard,Accessories,3,1200,Hyderabad
103814,26-01-2026,Webcam,Electronics,6,3200,Kolkata
103815,12-03-2026,Webcam,Electronics,6,3200,Kolkata
103816,06-03-2026,USB Drive,Accessories,2,800,Delhi
103817,08-06-2026,USB Drive,Accessories,2,800,Delhi
103818,02-01-2026,SSD,Storage,10,6000,Chennai
103819,22-03-2026,Keyboard,Accessories,5,1200,Mumbai
103820,17-01-2026,Headphones,Accessories,4,2500,Pune
103821,25-01-2026,Printer,Electronics,4,9000,Mumbai
103822,18-03-2026,Monitor,Electronics,1,15000,Ahmedabad
103823,13-06-2026,Keyboard,Accessories,5,1200,Pune
103824,27-06-2026,Printer,Electronics,3,9000,Hyderabad
103825,07-03-2026,Headphones,Accessories,9,2500,Delhi
103826,19-03-2026,Router,Networking,8,4500,Kolkata
103827,28-05-2026,Monitor,Electronics,4,15000,Kolkata
103828,01-04-2026,Mouse,Accessories,6,700,Bengaluru
103829,29-03-2026,Webcam,Electronics,9,3200,Chennai
103830,15-01-2026,Router,Networking,6,4500,Pune
103831,15-05-2026,Router,Networking,4,4500,Pune
103832,29-06-2026,USB Drive,Accessories,8,800,Delhi
103833,11-05-2026,Printer,Electronics,7,9000,Bengaluru
103834,03-04-2026,Printer,Electronics,4,9000,Pune
103835,06-04-2026,Mouse,Accessories,10,700,Bengaluru
103836,16-02-2026,Headphones,Accessories,1,2500,Pune
103837,19-06-2026,USB Drive,Accessories,3,800,Ahmedabad
103838,14-02-2026,Router,Networking,7,4500,Bengaluru
103839,15-06-2026,Laptop,Electronics,2,65000,Bengaluru
103840,04-03-2026,Printer,Electronics,2,9000,Delhi
103841,04-01-2026,SSD,Storage,7,6000,Ahmedabad
103842,11-01-2026,Keyboard,Accessories,7,1200,Pune
103843,14-01-2026,SSD,Storage,6,6000,Ahmedabad
103844,14-03-2026,Laptop,Electronics,1,65000,Delhi
103845,22-01-2026,SSD,Storage,4,6000,Bengaluru
103846,04-02-2026,Keyboard,Accessories,5,1200,Hyderabad
103847,08-04-2026,Laptop,Electronics,1,65000,Bengaluru
103848,29-04-2026,Webcam,Electronics,1,3200,Mumbai
103849,25-06-2026,USB Drive,Accessories,1,800,Bengaluru
103850,11-04-2026,Printer,Electronics,4,9000,Pune
103851,03-01-2026,Laptop,Electronics,10,65000,Hyderabad
103852,11-03-2026,USB Drive,Accessories,2,800,Bengaluru
103853,27-02-2026,Mouse,Accessories,4,700,Kolkata
103854,30-01-2026,Laptop,Electronics,10,65000,Kolkata
103855,18-03-2026,Keyboard,Accessories,4,1200,Chennai
103856,15-03-2026,Mouse,Accessories,4,700,Kolkata
103857,14-05-2026,Headphones,Accessories,8,2500,Delhi
103858,19-04-2026,Monitor,Electronics,5,15000,Delhi
103859,13-03-2026,USB Drive,Accessories,2,800,Mumbai
103860,11-05-2026,Router,Networking,8,4500,Ahmedabad
103861,08-06-2026,SSD,Storage,10,6000,Bengaluru
103862,11-01-2026,Keyboard,Accessories,5,1200,Chennai
103863,10-03-2026,Mouse,Accessories,8,700,Kolkata
103864,27-03-2026,Monitor,Electronics,9,15000,Ahmedabad
103865,26-05-2026,Laptop,Electronics,3,65000,Pune
103866,27-02-2026,USB Drive,Accessories,3,800,Chennai
103867,26-06-2026,Webcam,Electronics,3,3200,Chennai
103868,17-01-2026,Laptop,Electronics,1,65000,Pune
103869,10-06-2026,Headphones,Accessories,8,2500,Mumbai
103870,11-04-2026,Printer,Electronics,4,9000,Delhi
103871,09-01-2026,SSD,Storage,4,6000,Kolkata
103872,13-01-2026,Printer,Electronics,8,9000,Mumbai
103873,17-03-2026,Monitor,Electronics,8,15000,Chennai
103874,12-03-2026,Monitor,Electronics,8,15000,Mumbai
103875,19-05-2026,Webcam,Electronics,6,3200,Kolkata
103876,30-04-2026,Keyboard,Accessories,7,1200,Mumbai
103877,05-04-2026,Printer,Electronics,2,9000,Delhi
103878,16-01-2026,Keyboard,Accessories,8,1200,Mumbai
103879,03-01-2026,Router,Networking,5,4500,Kolkata
103880,06-01-2026,Printer,Electronics,4,9000,Kolkata
103881,09-01-2026,Headphones,Accessories,1,2500,Chennai
103882,19-04-2026,SSD,Storage,9,6000,Ahmedabad
103883,15-06-2026,Webcam,Electronics,4,3200,Mumbai
103884,21-05-2026,Keyboard,Accessories,3,1200,Ahmedabad
103885,28-05-2026,Printer,Electronics,2,9000,Ahmedabad
103886,11-05-2026,Router,Networking,7,4500,Pune
103887,23-06-2026,SSD,Storage,1,6000,Kolkata
103888,22-02-2026,Printer,Electronics,3,9000,Ahmedabad
103889,13-04-2026,Laptop,Electronics,6,65000,Delhi
103890,21-06-2026,Printer,Electronics,10,9000,Ahmedabad
103891,16-01-2026,Printer,Electronics,9,9000,Mumbai
103892,20-05-2026,USB Drive,Accessories,8,800,Bengaluru
103893,16-01-2026,Mouse,Accessories,7,700,Delhi
103894,02-05-2026,Monitor,Electronics,10,15000,Mumbai
103895,22-06-2026,SSD,Storage,9,6000,Bengaluru
103896,18-04-2026,Headphones,Accessories,4,2500,Mumbai
103897,28-04-2026,Laptop,Electronics,9,65000,Chennai
103898,13-02-2026,USB Drive,Accessories,10,800,Hyderabad
103899,23-01-2026,Monitor,Electronics,6,15000,Delhi
103900,29-01-2026,Printer,Electronics,6,9000,Kolkata
103901,26-04-2026,Laptop,Electronics,7,65000,Pune
103902,18-05-2026,Webcam,Electronics,,3200,Bengaluru
103903,11-03-2026,Monitor,Electronics,9,15000,Chennai
103904,18-06-2026,Monitor,Electronics,1,15000,Mumbai
103905,30-04-2026,Router,Networking,2,4500,Delhi
103906,09-04-2026,USB Drive,Accessories,5,800,Pune
103907,15-06-2026,Router,Networking,10,4500,Delhi
103908,27-01-2026,USB Drive,Accessories,5,800,Bengaluru
103909,17-06-2026,Router,Networking,2,4500,Ahmedabad
103910,12-01-2026,Mouse,Accessories,8,700,Bengaluru
103911,16-04-2026,Printer,Electronics,1,9000,Delhi
103912,12-05-2026,Router,Networking,1,4500,Mumbai
103913,27-04-2026,Keyboard,Accessories,7,1200,Kolkata
103914,21-05-2026,Keyboard,Accessories,5,1200,Pune
103915,08-01-2026,Laptop,Electronics,8,65000,Pune
103916,25-05-2026,Keyboard,Accessories,8,1200,Kolkata
103917,19-05-2026,Laptop,Electronics,7,65000,Kolkata
103918,29-01-2026,Keyboard,Accessories,8,1200,Delhi
103919,16-05-2026,Keyboard,Accessories,1,1200,Delhi
103920,12-06-2026,Keyboard,Accessories,7,1200,Chennai
103921,13-03-2026,Printer,Electronics,4,9000,Bengaluru
103922,14-06-2026,Printer,Electronics,6,9000,Ahmedabad
103923,02-01-2026,Mouse,Accessories,3,700,Bengaluru
103924,18-03-2026,Keyboard,Accessories,6,1200,Mumbai
103925,09-02-2026,Monitor,Electronics,8,,Chennai
103926,26-05-2026,Webcam,Electronics,7,3200,Delhi
103927,05-03-2026,SSD,Storage,7,6000,Bengaluru
103928,17-03-2026,Monitor,Electronics,7,15000,Chennai
103929,11-01-2026,Headphones,Accessories,6,2500,Chennai
103930,09-05-2026,Mouse,Accessories,9,700,Chennai
103931,23-06-2026,Laptop,Electronics,4,65000,Chennai
103932,11-05-2026,Router,Networking,3,4500,Ahmedabad
103933,08-05-2026,Monitor,Electronics,9,15000,Kolkata
103934,16-04-2026,Keyboard,Accessories,4,1200,Delhi
103935,08-04-2026,USB Drive,Accessories,8,800,Kolkata
103936,14-03-2026,SSD,Storage,2,6000,Ahmedabad
103937,20-06-2026,Keyboard,Accessories,3,1200,Bengaluru
103938,04-06-2026,Router,Networking,7,4500,Bengaluru
103939,03-01-2026,USB Drive,Accessories,7,800,Kolkata
103940,15-02-2026,Monitor,Electronics,6,15000,Bengaluru
103941,31-05-2026,SSD,Storage,9,6000,Ahmedabad
103942,13-04-2026,Router,Networking,9,4500,Bengaluru
103943,06-04-2026,USB Drive,Accessories,1,800,Bengaluru
103944,13-01-2026,Router,Networking,5,4500,Mumbai
103945,25-03-2026,Monitor,Electronics,10,15000,Mumbai
103946,09-02-2026,Keyboard,Accessories,,,Mumbai
103947,16-03-2026,Printer,Electronics,1,9000,Ahmedabad
103948,13-04-2026,Keyboard,Accessories,10,1200,Chennai
103949,16-06-2026,Monitor,Electronics,1,15000,Mumbai
103950,25-02-2026,Printer,Electronics,2,9000,Ahmedabad
103951,24-03-2026,Keyboard,Accessories,9,1200,Kolkata
103952,14-06-2026,Headphones,Accessories,7,2500,Bengaluru
103953,17-03-2026,Laptop,Electronics,6,65000,Bengaluru
103954,15-01-2026,Router,Networking,3,4500,Delhi
103955,26-05-2026,Webcam,Electronics,7,3200,Mumbai
103956,09-06-2026,Printer,Electronics,9,9000,Delhi
103957,16-06-2026,Headphones,Accessories,7,2500,Mumbai
103958,02-05-2026,Headphones,Accessories,4,,Kolkata
103959,15-04-2026,Mouse,Accessories,9,700,Ahmedabad
103960,09-02-2026,Printer,Electronics,1,9000,Chennai
103961,06-05-2026,Printer,Electronics,2,9000,Mumbai
103962,18-06-2026,Monitor,Electronics,8,15000,Kolkata
103963,25-01-2026,Laptop,Electronics,1,65000,Bengaluru
103964,19-01-2026,Webcam,Electronics,6,3200,Bengaluru
103965,12-01-2026,Keyboard,Accessories,6,1200,Mumbai
103966,01-06-2026,Monitor,Electronics,9,15000,Delhi
103967,18-02-2026,Printer,Electronics,3,9000,Chennai
103968,12-03-2026,Webcam,Electronics,5,,Chennai
103969,07-05-2026,USB Drive,Accessories,1,800,Kolkata
103970,02-02-2026,Monitor,Electronics,6,15000,Delhi
103971,27-06-2026,Webcam,Electronics,7,3200,Mumbai
103972,01-05-2026,Laptop,Electronics,9,65000,Mumbai
103973,04-05-2026,Monitor,Electronics,3,15000,Mumbai
103974,10-03-2026,Headphones,Accessories,7,2500,Mumbai
103975,23-05-2026,Headphones,Accessories,,2500,Mumbai
103976,25-01-2026,Headphones,Accessories,8,2500,Kolkata
103977,21-06-2026,Headphones,Accessories,4,2500,Kolkata
103978,13-01-2026,Webcam,Electronics,,3200,Hyderabad
103979,04-01-2026,Printer,Electronics,6,9000,Chennai
103980,05-01-2026,Monitor,Electronics,10,15000,Bengaluru
103981,15-02-2026,Mouse,Accessories,9,700,Kolkata
103982,11-04-2026,Keyboard,Accessories,1,1200,Kolkata
103983,25-06-2026,Printer,Electronics,1,9000,Delhi
103984,08-02-2026,USB Drive,Accessories,6,800,Mumbai
103985,08-04-2026,Printer,Electronics,7,9000,Hyderabad
103986,02-03-2026,Headphones,Accessories,7,2500,Hyderabad
103987,04-06-2026,Webcam,Electronics,5,3200,Delhi
103988,21-04-2026,Webcam,Electronics,1,3200,Ahmedabad
103989,11-01-2026,SSD,Storage,3,6000,Mumbai
103990,03-06-2026,SSD,Storage,2,6000,Chennai
103991,26-02-2026,Mouse,Accessories,2,700,Bengaluru
103992,10-04-2026,USB Drive,Accessories,2,800,Pune
103993,24-05-2026,Laptop,Electronics,6,65000,Bengaluru
103994,18-06-2026,Mouse,Accessories,2,700,Chennai
103995,27-04-2026,Keyboard,Accessories,3,1200,Ahmedabad
103996,23-06-2026,Laptop,Electronics,8,65000,Chennai
103997,17-03-2026,Webcam,Electronics,1,3200,Bengaluru
103998,13-06-2026,Monitor,Electronics,2,15000,Kolkata
103999,19-01-2026,SSD,Storage,10,6000,Chennai
104000,18-04-2026,Webcam,Electronics,7,3200,Kolkata
104001,16-02-2026,Monitor,Electronics,6,15000,Delhi
104002,04-04-2026,Monitor,Electronics,1,15000,Chennai
104003,05-01-2026,Keyboard,Accessories,6,1200,Ahmedabad
104004,02-01-2026,Monitor,Electronics,7,15000,Delhi
104005,11-04-2026,Monitor,Electronics,1,15000,Delhi
104006,05-04-2026,Laptop,Electronics,3,65000,Mumbai
104007,15-06-2026,USB Drive,Accessories,5,800,Mumbai
104008,03-01-2026,Monitor,Electronics,10,15000,Bengaluru
104009,16-01-2026,Monitor,Electronics,1,15000,Chennai
104010,28-03-2026,Keyboard,Accessories,4,1200,Pune
104011,26-05-2026,Webcam,Electronics,10,3200,Bengaluru
104012,11-04-2026,Laptop,Electronics,1,65000,Delhi
104013,04-02-2026,Webcam,Electronics,6,3200,Chennai
104014,19-06-2026,Headphones,Accessories,5,2500,Bengaluru
104015,12-01-2026,Headphones,Accessories,5,2500,Chennai
104016,27-06-2026,Printer,Electronics,6,9000,Delhi
104017,11-06-2026,Router,Networking,2,4500,Pune
104018,11-06-2026,Headphones,Accessories,9,2500,Chennai
104019,26-03-2026,USB Drive,Accessories,7,800,Pune
104020,08-02-2026,Mouse,Accessories,8,700,Kolkata
104021,08-04-2026,Laptop,Electronics,4,65000,Kolkata
104022,05-02-2026,Printer,Electronics,9,9000,Chennai
104023,25-04-2026,Keyboard,Accessories,7,1200,Bengaluru
104024,20-02-2026,Headphones,Accessories,2,2500,Mumbai
104025,06-04-2026,Monitor,Electronics,1,15000,Mumbai
104026,19-04-2026,Webcam,Electronics,2,3200,Ahmedabad
104027,27-05-2026,Laptop,Electronics,6,65000,Mumbai
104028,23-02-2026,Monitor,Electronics,10,15000,Chennai
104029,15-01-2026,USB Drive,Accessories,5,800,Mumbai
104030,24-06-2026,Headphones,Accessories,8,2500,Ahmedabad
104031,01-02-2026,SSD,Storage,2,6000,Kolkata
104032,22-04-2026,Printer,Electronics,7,9000,Kolkata
104033,01-02-2026,Router,Networking,4,4500,Ahmedabad
104034,09-03-2026,Router,Networking,8,4500,Pune
104035,25-06-2026,Webcam,Electronics,1,3200,Ahmedabad
104036,02-05-2026,Mouse,Accessories,9,700,Mumbai
104037,25-05-2026,Keyboard,Accessories,3,1200,Ahmedabad
104038,03-03-2026,Monitor,Electronics,4,15000,Ahmedabad
104039,24-02-2026,Keyboard,Accessories,4,1200,Chennai
104040,08-03-2026,Laptop,Electronics,3,65000,Pune
104041,03-03-2026,Keyboard,Accessories,7,1200,Ahmedabad
104042,07-04-2026,SSD,Storage,10,6000,Ahmedabad
104043,02-05-2026,Monitor,Electronics,10,15000,Pune
104044,16-06-2026,Keyboard,Accessories,1,1200,Delhi
104045,28-05-2026,Mouse,Accessories,5,,Kolkata
104046,07-06-2026,Monitor,Electronics,4,15000,Chennai
104047,17-03-2026,Keyboard,Accessories,4,1200,Mumbai
104048,04-06-2026,SSD,Storage,9,6000,Ahmedabad
104049,26-03-2026,Headphones,Accessories,2,2500,Pune
104050,02-02-2026,USB Drive,Accessories,1,800,Kolkata
104051,26-05-2026,SSD,Storage,10,6000,Hyderabad
104052,01-02-2026,Laptop,Electronics,1,65000,Chennai
104053,04-03-2026,Monitor,Electronics,3,15000,Bengaluru
104054,02-02-2026,Webcam,Electronics,8,3200,Mumbai
104055,17-04-2026,Router,Networking,1,4500,Chennai
104056,03-05-2026,Laptop,Electronics,,65000,Delhi
104057,02-03-2026,USB Drive,Accessories,1,800,Chennai
104058,04-02-2026,Printer,Electronics,2,9000,Ahmedabad
104059,18-03-2026,Laptop,Electronics,3,65000,Kolkata
104060,02-05-2026,Headphones,Accessories,9,2500,Bengaluru
104061,06-04-2026,SSD,Storage,1,6000,Bengaluru
104062,04-01-2026,Laptop,Electronics,4,65000,Pune
104063,12-06-2026,USB Drive,Accessories,5,800,Chennai
104064,27-05-2026,Webcam,Electronics,5,3200,Hyderabad
104065,27-01-2026,Router,Networking,4,4500,Ahmedabad
104066,28-05-2026,Router,Networking,5,4500,Mumbai
104067,07-03-2026,SSD,Storage,9,6000,Pune
104068,22-03-2026,Laptop,Electronics,5,65000,Hyderabad
104069,06-02-2026,USB Drive,Accessories,7,800,Hyderabad
104070,01-06-2026,Printer,Electronics,7,9000,Mumbai
104071,19-06-2026,Mouse,Accessories,6,700,Pune
104072,28-02-2026,Printer,Electronics,,9000,Ahmedabad
104073,22-04-2026,Keyboard,Accessories,3,1200,Chennai
104074,08-05-2026,Printer,Electronics,3,9000,Bengaluru
104075,29-03-2026,USB Drive,Accessories,8,800,Mumbai
104076,12-05-2026,Router,Networking,9,4500,Hyderabad
104077,26-04-2026,Router,Networking,9,4500,Chennai
104078,18-01-2026,USB Drive,Accessories,9,800,Hyderabad
104079,28-06-2026,Printer,Electronics,10,9000,Ahmedabad
104080,28-05-2026,SSD,Storage,9,6000,Kolkata
104081,07-01-2026,Headphones,Accessories,9,2500,Chennai
104082,26-05-2026,USB Drive,Accessories,4,800,Delhi
104083,08-06-2026,Webcam,Electronics,3,3200,Delhi
104084,20-05-2026,Laptop,Electronics,10,65000,Kolkata
104085,13-04-2026,Keyboard,Accessories,1,1200,Pune
104086,26-04-2026,Router,Networking,7,4500,Kolkata
104087,24-03-2026,Headphones,Accessories,6,2500,Bengaluru
104088,07-03-2026,Webcam,Electronics,7,,Kolkata
104089,15-05-2026,Webcam,Electronics,6,3200,Bengaluru
104090,16-03-2026,Laptop,Electronics,6,65000,Chennai
104091,25-03-2026,Mouse,Accessories,3,700,Chennai
104092,08-03-2026,Mouse,Accessories,9,700,Chennai
104093,02-01-2026,Keyboard,Accessories,4,1200,Kolkata
104094,05-01-2026,Router,Networking,4,4500,Delhi
104095,17-01-2026,Webcam,Electronics,1,3200,Delhi
104096,09-06-2026,Printer,Electronics,5,9000,Kolkata
104097,16-01-2026,Keyboard,Accessories,1,1200,Delhi
104098,19-05-2026,SSD,Storage,9,6000,Chennai
104099,18-01-2026,Monitor,Electronics,5,15000,Kolkata
104100,13-06-2026,Mouse,Accessories,10,700,Ahmedabad
104101,04-02-2026,Printer,Electronics,6,9000,Mumbai
104102,23-02-2026,Headphones,Accessories,7,2500,Chennai
104103,23-03-2026,Laptop,Electronics,8,65000,Kolkata
104104,26-06-2026,Webcam,Electronics,5,3200,Delhi
104105,27-05-2026,Headphones,Accessories,8,2500,Chennai
104106,23-06-2026,Laptop,Electronics,6,65000,Delhi
104107,05-02-2026,USB Drive,Accessories,1,800,Chennai
104108,07-02-2026,Laptop,Electronics,4,65000,Bengaluru
104109,27-03-2026,Router,Networking,5,4500,Ahmedabad
104110,18-02-2026,Printer,Electronics,3,9000,Ahmedabad
104111,20-06-2026,Webcam,Electronics,8,3200,Pune
104112,06-06-2026,Headphones,Accessories,2,2500,Kolkata
104113,10-03-2026,Router,Networking,3,4500,Bengaluru
104114,05-06-2026,Headphones,Accessories,9,2500,Chennai
104115,28-01-2026,SSD,Storage,7,6000,Hyderabad
104116,13-02-2026,USB Drive,Accessories,1,800,Kolkata
104117,09-06-2026,Printer,Electronics,3,9000,Chennai
104118,13-05-2026,Monitor,Electronics,2,15000,Delhi
104119,09-04-2026,USB Drive,Accessories,3,800,Mumbai
104120,06-04-2026,Mouse,Accessories,9,700,Mumbai
104121,30-04-2026,Router,Networking,9,4500,Kolkata
104122,03-04-2026,Headphones,Accessories,10,2500,Delhi
104123,18-04-2026,Keyboard,Accessories,4,1200,Hyderabad
104124,17-06-2026,Webcam,Electronics,2,3200,Delhi
104125,08-02-2026,Keyboard,Accessories,4,1200,Delhi
104126,10-01-2026,USB Drive,Accessories,6,800,Ahmedabad
104127,15-01-2026,Router,Networking,5,4500,Pune
104128,08-03-2026,Mouse,Accessories,8,700,Hyderabad
104129,01-06-2026,Router,Networking,2,4500,Delhi
104130,26-04-2026,Monitor,Electronics,8,15000,Mumbai
104131,24-03-2026,Webcam,Electronics,10,3200,Pune
104132,11-05-2026,SSD,Storage,7,6000,Hyderabad
104133,10-05-2026,Printer,Electronics,9,9000,Delhi
104134,09-02-2026,Laptop,Electronics,8,65000,Kolkata
104135,24-06-2026,Mouse,Accessories,3,700,Delhi
104136,11-06-2026,Headphones,Accessories,2,2500,Mumbai
104137,09-02-2026,SSD,Storage,9,6000,Mumbai
104138,11-05-2026,Keyboard,Accessories,1,1200,Kolkata
104139,10-04-2026,SSD,Storage,1,6000,Bengaluru
104140,26-02-2026,Webcam,Electronics,3,3200,Hyderabad
104141,27-02-2026,Printer,Electronics,9,9000,Chennai
104142,05-06-2026,Webcam,Electronics,1,3200,Kolkata
104143,06-05-2026,Headphones,Accessories,8,2500,Hyderabad
104144,18-02-2026,Headphones,Accessories,6,2500,Ahmedabad
104145,24-04-2026,Monitor,Electronics,2,15000,Hyderabad
104146,26-01-2026,Headphones,Accessories,6,2500,Pune
104147,23-04-2026,Laptop,Electronics,6,65000,Ahmedabad
104148,08-06-2026,SSD,Storage,4,6000,Chennai
104149,09-03-2026,Laptop,Electronics,5,65000,Hyderabad
104150,27-01-2026,Mouse,Accessories,5,700,Delhi
104151,16-06-2026,Mouse,Accessories,3,700,Pune
104152,13-01-2026,Monitor,Electronics,7,15000,Pune
104153,10-06-2026,USB Drive,Accessories,9,800,Ahmedabad
104154,26-04-2026,SSD,Storage,8,6000,Bengaluru
104155,01-03-2026,Printer,Electronics,5,9000,Chennai
104156,16-04-2026,Webcam,Electronics,10,3200,Hyderabad
104157,19-04-2026,USB Drive,Accessories,5,800,Hyderabad
104158,04-02-2026,SSD,Storage,6,6000,Hyderabad
104159,31-01-2026,Headphones,Accessories,10,2500,Bengaluru
104160,03-06-2026,Keyboard,Accessories,8,1200,Hyderabad
104161,10-01-2026,Keyboard,Accessories,10,1200,Pune
104162,19-06-2026,Printer,Electronics,3,9000,Bengaluru
104163,18-03-2026,Mouse,Accessories,7,700,Mumbai
104164,21-05-2026,Headphones,Accessories,5,2500,Kolkata
104165,07-01-2026,Webcam,Electronics,4,3200,Ahmedabad
104166,07-03-2026,USB Drive,Accessories,3,800,Pune
104167,20-05-2026,Printer,Electronics,2,9000,Mumbai
104168,19-04-2026,Mouse,Accessories,,700,Bengaluru
104169,12-02-2026,Mouse,Accessories,9,700,Mumbai
104170,15-06-2026,Printer,Electronics,2,9000,Chennai
104171,20-06-2026,Webcam,Electronics,7,3200,Chennai
104172,24-05-2026,Monitor,Electronics,8,15000,Bengaluru
104173,01-06-2026,Keyboard,Accessories,9,1200,Hyderabad
104174,21-02-2026,Laptop,Electronics,3,65000,Pune
104175,08-01-2026,SSD,Storage,10,6000,Mumbai
104176,23-05-2026,Monitor,Electronics,7,15000,Kolkata
104177,17-04-2026,USB Drive,Accessories,7,,Pune
104178,11-04-2026,Monitor,Electronics,5,15000,Delhi
104179,04-02-2026,Keyboard,Accessories,3,1200,Chennai
104180,07-06-2026,SSD,Storage,9,6000,Hyderabad
104181,23-04-2026,USB Drive,Accessories,9,800,Pune
104182,08-06-2026,Laptop,Electronics,2,65000,Mumbai
104183,25-03-2026,Keyboard,Accessories,5,1200,Chennai
104184,17-03-2026,Laptop,Electronics,10,65000,Pune
104185,17-01-2026,Webcam,Electronics,5,3200,Kolkata
104186,20-03-2026,Keyboard,Accessories,7,1200,Kolkata
104187,05-03-2026,Webcam,Electronics,3,3200,Pune
104188,14-06-2026,USB Drive,Accessories,10,800,Bengaluru
104189,13-06-2026,Keyboard,Accessories,8,1200,Chennai
104190,24-01-2026,Printer,Electronics,10,9000,Pune
104191,01-01-2026,Keyboard,Accessories,6,1200,Hyderabad
104192,11-03-2026,Printer,Electronics,5,9000,Bengaluru
104193,16-02-2026,Router,Networking,9,,Ahmedabad
104194,03-03-2026,Monitor,Electronics,2,15000,Kolkata
104195,28-06-2026,Mouse,Accessories,6,700,Hyderabad
104196,08-02-2026,Headphones,Accessories,2,2500,Ahmedabad
104197,15-05-2026,Router,Networking,8,4500,Mumbai
104198,04-02-2026,Laptop,Electronics,5,65000,Hyderabad
104199,23-04-2026,Webcam,Electronics,7,3200,Delhi
104200,28-06-2026,Router,Networking,6,4500,Ahmedabad
104201,04-03-2026,Mouse,Accessories,5,700,Mumbai
104202,17-01-2026,Printer,Electronics,4,9000,Bengaluru
104203,11-06-2026,Mouse,Accessories,1,700,Ahmedabad
104204,25-01-2026,Laptop,Electronics,10,65000,Pune
104205,19-04-2026,Printer,Electronics,3,9000,Delhi
104206,15-04-2026,Router,Networking,1,4500,Hyderabad
104207,04-03-2026,Mouse,Accessories,6,700,Hyderabad
104208,04-01-2026,USB Drive,Accessories,1,800,Bengaluru
104209,09-05-2026,USB Drive,Accessories,6,800,Pune
104210,28-06-2026,Laptop,Electronics,6,65000,Chennai
104211,25-01-2026,Mouse,Accessories,5,700,Kolkata
104212,03-05-2026,Laptop,Electronics,2,65000,Bengaluru
104213,05-01-2026,Mouse,Accessories,7,700,Bengaluru
104214,02-02-2026,Keyboard,Accessories,3,1200,Pune
104215,01-03-2026,SSD,Storage,3,6000,Pune
104216,07-04-2026,Keyboard,Accessories,1,1200,Delhi
104217,20-01-2026,Mouse,Accessories,4,700,Hyderabad
104218,28-05-2026,Mouse,Accessories,4,700,Bengaluru
104219,13-05-2026,USB Drive,Accessories,2,800,Chennai
104220,27-03-2026,USB Drive,Accessories,5,800,Bengaluru
104221,09-05-2026,USB Drive,Accessories,5,800,Ahmedabad
104222,20-04-2026,Laptop,Electronics,3,65000,Kolkata
104223,19-02-2026,Printer,Electronics,3,9000,Pune
104224,05-03-2026,USB Drive,Accessories,8,800,Hyderabad
104225,12-03-2026,SSD,Storage,9,6000,Ahmedabad
104226,01-03-2026,Headphones,Accessories,7,2500,Bengaluru
104227,09-04-2026,USB Drive,Accessories,6,800,Mumbai
104228,10-03-2026,Webcam,Electronics,7,3200,Hyderabad
104229,13-06-2026,Router,Networking,1,4500,Chennai
104230,27-01-2026,Printer,Electronics,8,9000,Hyderabad
104231,14-04-2026,SSD,Storage,6,6000,Chennai
104232,11-04-2026,USB Drive,Accessories,6,800,Kolkata
104233,02-02-2026,SSD,Storage,9,6000,Bengaluru
104234,16-03-2026,Monitor,Electronics,7,15000,Chennai
104235,27-01-2026,Headphones,Accessories,8,2500,Kolkata
104236,20-02-2026,Router,Networking,4,4500,Chennai
104237,16-04-2026,Router,Networking,6,4500,Delhi
104238,16-04-2026,Mouse,Accessories,7,700,Ahmedabad
104239,01-06-2026,Monitor,Electronics,10,15000,Mumbai
104240,17-04-2026,Mouse,Accessories,6,700,Mumbai
104241,26-01-2026,USB Drive,Accessories,9,800,Mumbai
104242,08-01-2026,Monitor,Electronics,1,15000,Bengaluru
104243,08-04-2026,Laptop,Electronics,8,65000,Delhi
104244,25-01-2026,Printer,Electronics,9,9000,Delhi
104245,23-05-2026,Keyboard,Accessories,7,1200,Mumbai
104246,03-02-2026,Mouse,Accessories,5,700,Chennai
104247,24-04-2026,USB Drive,Accessories,3,800,Bengaluru
104248,29-05-2026,Keyboard,Accessories,7,1200,Kolkata
104249,22-02-2026,Monitor,Electronics,10,15000,Chennai
104250,03-01-2026,Monitor,Electronics,7,15000,Mumbai
104251,20-06-2026,Mouse,Accessories,3,700,Kolkata
104252,16-03-2026,SSD,Storage,8,6000,Delhi
104253,16-04-2026,Router,Networking,4,4500,Mumbai
104254,09-01-2026,Mouse,Accessories,7,700,Delhi
104255,30-01-2026,USB Drive,Accessories,4,800,Delhi
104256,21-01-2026,Monitor,Electronics,4,15000,Hyderabad
104257,02-05-2026,USB Drive,Accessories,8,800,Chennai
104258,17-05-2026,Mouse,Accessories,5,700,Chennai
104259,23-01-2026,Laptop,Electronics,2,65000,Hyderabad
104260,10-01-2026,Mouse,Accessories,5,700,Kolkata
104261,03-01-2026,Printer,Electronics,10,9000,Mumbai
104262,07-01-2026,Laptop,Electronics,5,65000,Delhi
104263,08-02-2026,Router,Networking,9,4500,Kolkata
104264,31-01-2026,USB Drive,Accessories,9,800,Mumbai
104265,08-06-2026,SSD,Storage,1,6000,Hyderabad
104266,08-03-2026,Router,Networking,6,4500,Bengaluru
104267,16-01-2026,Monitor,Electronics,6,15000,Ahmedabad
104268,25-05-2026,Mouse,Accessories,8,700,Mumbai
104269,22-02-2026,Router,Networking,7,4500,Ahmedabad
104270,26-01-2026,Mouse,Accessories,8,700,Mumbai
104271,30-05-2026,Printer,Electronics,1,9000,Ahmedabad
104272,21-06-2026,Laptop,Electronics,3,65000,Mumbai
104273,16-03-2026,Mouse,Accessories,2,700,Chennai
104274,23-03-2026,Keyboard,Accessories,8,1200,Hyderabad
104275,22-04-2026,Webcam,Electronics,9,3200,Kolkata
104276,18-02-2026,SSD,Storage,2,6000,Mumbai
104277,10-01-2026,Webcam,Electronics,5,3200,Kolkata
104278,01-02-2026,SSD,Storage,5,6000,Mumbai
104279,31-03-2026,Printer,Electronics,1,9000,Pune
104280,25-02-2026,Headphones,Accessories,1,2500,Bengaluru
104281,10-04-2026,Mouse,Accessories,7,700,Pune
104282,12-02-2026,Headphones,Accessories,3,2500,Chennai
104283,20-01-2026,Laptop,Electronics,3,65000,Mumbai
104284,30-04-2026,SSD,Storage,9,6000,Pune
104285,20-04-2026,USB Drive,Accessories,10,800,Hyderabad
104286,15-01-2026,Laptop,Electronics,6,65000,Pune
104287,21-04-2026,Webcam,Electronics,6,3200,Hyderabad
104288,04-04-2026,Headphones,Accessories,9,2500,Bengaluru
104289,25-04-2026,Mouse,Accessories,8,700,Pune
104290,14-04-2026,Headphones,Accessories,1,2500,Ahmedabad
104291,06-01-2026,Laptop,Electronics,2,65000,Chennai
104292,29-01-2026,Monitor,Electronics,1,15000,Kolkata
104293,16-02-2026,Printer,Electronics,1,9000,Mumbai
104294,02-01-2026,Laptop,Electronics,7,65000,Chennai
104295,26-01-2026,Webcam,Electronics,3,,Kolkata
104296,13-02-2026,Monitor,Electronics,9,15000,Bengaluru
104297,05-02-2026,Monitor,Electronics,3,15000,Bengaluru
104298,14-03-2026,Laptop,Electronics,9,65000,Bengaluru
104299,15-05-2026,Monitor,Electronics,6,15000,Chennai
104300,09-01-2026,Laptop,Electronics,5,65000,Chennai
104301,26-04-2026,SSD,Storage,2,6000,Mumbai
104302,30-01-2026,Monitor,Electronics,6,15000,Pune
104303,19-02-2026,Headphones,Accessories,8,2500,Bengaluru
104304,02-01-2026,USB Drive,Accessories,5,800,Pune
104305,06-05-2026,Router,Networking,1,4500,Hyderabad
104306,08-01-2026,Keyboard,Accessories,9,1200,Chennai
104307,27-01-2026,SSD,Storage,5,6000,Pune
104308,04-03-2026,Printer,Electronics,2,9000,Bengaluru
104309,11-05-2026,Mouse,Accessories,5,700,Ahmedabad
104310,15-03-2026,Keyboard,Accessories,9,1200,Hyderabad
104311,06-01-2026,USB Drive,Accessories,4,800,Delhi
104312,22-06-2026,Monitor,Electronics,8,15000,Bengaluru
104313,25-01-2026,Monitor,Electronics,10,15000,Chennai
104314,03-03-2026,USB Drive,Accessories,10,800,Pune
104315,22-05-2026,Headphones,Accessories,6,2500,Chennai
104316,28-06-2026,Laptop,Electronics,9,65000,Delhi
104317,18-04-2026,SSD,Storage,7,6000,Chennai
104318,02-04-2026,Keyboard,Accessories,9,1200,Delhi
104319,07-04-2026,Mouse,Accessories,1,700,Hyderabad
104320,01-03-2026,Webcam,Electronics,5,3200,Mumbai
104321,13-04-2026,Headphones,Accessories,3,2500,Hyderabad
104322,18-04-2026,Router,Networking,2,4500,Delhi
104323,05-02-2026,Headphones,Accessories,4,2500,Hyderabad
104324,03-05-2026,USB Drive,Accessories,10,800,Kolkata
104325,17-03-2026,Printer,Electronics,5,9000,Bengaluru
104326,24-03-2026,Laptop,Electronics,9,65000,Bengaluru
104327,06-03-2026,Keyboard,Accessories,4,,Delhi
104328,12-03-2026,Mouse,Accessories,8,700,Pune
104329,29-03-2026,Monitor,Electronics,7,15000,Pune
104330,22-03-2026,Webcam,Electronics,5,3200,Delhi
104331,09-04-2026,Keyboard,Accessories,8,1200,Bengaluru
104332,13-03-2026,Keyboard,Accessories,6,1200,Hyderabad
104333,26-02-2026,Keyboard,Accessories,10,1200,Chennai
104334,02-04-2026,Keyboard,Accessories,4,1200,Bengaluru
104335,15-05-2026,USB Drive,Accessories,4,800,Bengaluru
104336,04-06-2026,USB Drive,Accessories,7,800,Mumbai
104337,24-04-2026,Keyboard,Accessories,2,1200,Bengaluru
104338,03-02-2026,Laptop,Electronics,5,65000,Bengaluru
104339,31-01-2026,Headphones,Accessories,4,2500,Kolkata
104340,04-06-2026,Monitor,Electronics,8,15000,Kolkata
104341,26-02-2026,Keyboard,Accessories,6,1200,Mumbai
104342,01-03-2026,SSD,Storage,3,6000,Pune
104343,02-01-2026,Keyboard,Accessories,3,1200,Delhi
104344,28-01-2026,SSD,Storage,4,6000,Hyderabad
104345,06-05-2026,SSD,Storage,8,6000,Delhi
104346,15-06-2026,Laptop,Electronics,3,65000,Kolkata
104347,26-01-2026,USB Drive,Accessories,3,800,Chennai
104348,29-06-2026,Webcam,Electronics,2,3200,Chennai
104349,01-01-2026,Webcam,Electronics,10,3200,Bengaluru
104350,28-02-2026,Laptop,Electronics,5,65000,Hyderabad
104351,04-02-2026,Monitor,Electronics,2,15000,Ahmedabad
104352,30-04-2026,Router,Networking,2,4500,Ahmedabad
104353,15-03-2026,Monitor,Electronics,8,15000,Chennai
104354,01-04-2026,Monitor,Electronics,10,15000,Mumbai
104355,21-06-2026,Webcam,Electronics,8,3200,Kolkata
104356,29-03-2026,Laptop,Electronics,6,65000,Kolkata
104357,18-01-2026,Keyboard,Accessories,1,1200,Mumbai
104358,29-06-2026,Headphones,Accessories,8,2500,Mumbai
104359,09-06-2026,Laptop,Electronics,3,65000,Mumbai
104360,11-04-2026,Webcam,Electronics,9,3200,Kolkata
104361,11-06-2026,Webcam,Electronics,7,3200,Bengaluru
104362,20-02-2026,Webcam,Electronics,2,3200,Mumbai
104363,05-02-2026,USB Drive,Accessories,9,800,Pune
104364,17-04-2026,Monitor,Electronics,8,15000,Bengaluru
104365,05-06-2026,Printer,Electronics,4,9000,Hyderabad
104366,27-04-2026,Headphones,Accessories,4,2500,Bengaluru
104367,04-03-2026,Mouse,Accessories,4,700,Kolkata
104368,08-04-2026,SSD,Storage,4,6000,Chennai
104369,27-01-2026,Webcam,Electronics,9,3200,Kolkata
104370,29-03-2026,SSD,Storage,2,6000,Hyderabad
104371,15-05-2026,Keyboard,Accessories,1,1200,Delhi
104372,10-04-2026,Headphones,Accessories,3,2500,Bengaluru
104373,21-04-2026,Webcam,Electronics,4,3200,Bengaluru
104374,05-05-2026,Keyboard,Accessories,5,1200,Hyderabad
104375,06-05-2026,Headphones,Accessories,7,2500,Ahmedabad
104376,16-04-2026,Printer,Electronics,9,9000,Kolkata
104377,10-02-2026,Keyboard,Accessories,5,1200,Pune
104378,31-01-2026,Laptop,Electronics,5,65000,Delhi
104379,16-04-2026,SSD,Storage,3,6000,Kolkata
104380,17-05-2026,Headphones,Accessories,2,2500,Kolkata
104381,02-02-2026,Webcam,Electronics,7,3200,Hyderabad
104382,23-03-2026,Laptop,Electronics,10,65000,Chennai
104383,25-06-2026,Printer,Electronics,3,9000,Chennai
104384,22-04-2026,Headphones,Accessories,1,2500,Chennai
104385,07-05-2026,Webcam,Electronics,9,3200,Delhi
104386,15-03-2026,Headphones,Accessories,8,2500,Bengaluru
104387,06-04-2026,Mouse,Accessories,9,700,Ahmedabad
104388,07-01-2026,Monitor,Electronics,4,15000,Mumbai
104389,16-03-2026,Webcam,Electronics,9,3200,Bengaluru
104390,04-03-2026,Monitor,Electronics,8,15000,Delhi
104391,26-05-2026,Printer,Electronics,6,9000,Ahmedabad
104392,13-04-2026,Webcam,Electronics,1,3200,Hyderabad
104393,21-06-2026,Keyboard,Accessories,9,,Mumbai
104394,05-02-2026,Keyboard,Accessories,1,1200,Chennai
104395,09-05-2026,Printer,Electronics,3,9000,Hyderabad
104396,22-02-2026,Monitor,Electronics,7,15000,Kolkata
104397,06-01-2026,Router,Networking,3,4500,Kolkata
104398,08-05-2026,Mouse,Accessories,4,700,Chennai
104399,05-06-2026,Printer,Electronics,7,9000,Delhi
104400,24-05-2026,Headphones,Accessories,7,2500,Delhi
104401,30-01-2026,Monitor,Electronics,3,15000,Mumbai
104402,25-05-2026,Monitor,Electronics,6,15000,Delhi
104403,20-01-2026,Mouse,Accessories,6,700,Pune
104404,16-05-2026,Laptop,Electronics,9,65000,Delhi
104405,15-03-2026,Printer,Electronics,2,9000,Hyderabad
104406,17-01-2026,Headphones,Accessories,7,2500,Mumbai
104407,25-06-2026,Monitor,Electronics,6,15000,Mumbai
104408,12-03-2026,Router,Networking,4,4500,Pune
104409,10-05-2026,Laptop,Electronics,4,65000,Mumbai
104410,14-04-2026,Router,Networking,6,4500,Ahmedabad
104411,26-04-2026,Router,Networking,5,4500,Delhi
104412,09-02-2026,Webcam,Electronics,2,3200,Hyderabad
104413,04-05-2026,Mouse,Accessories,7,700,Kolkata
104414,19-04-2026,Router,Networking,7,4500,Ahmedabad
104415,09-04-2026,Webcam,Electronics,6,3200,Hyderabad
104416,19-06-2026,Monitor,Electronics,3,15000,Delhi
104417,24-03-2026,Laptop,Electronics,6,65000,Pune
104418,18-02-2026,Printer,Electronics,6,9000,Pune
104419,19-04-2026,Headphones,Accessories,8,2500,Hyderabad
104420,04-04-2026,Monitor,Electronics,4,15000,Bengaluru
104421,14-03-2026,Keyboard,Accessories,7,1200,Ahmedabad
104422,29-06-2026,Webcam,Electronics,6,3200,Pune
104423,19-05-2026,Printer,Electronics,7,9000,Hyderabad
104424,02-01-2026,Monitor,Electronics,1,15000,Hyderabad
104425,10-02-2026,Webcam,Electronics,3,3200,Hyderabad
104426,07-03-2026,Headphones,Accessories,2,2500,Delhi
104427,12-02-2026,Headphones,Accessories,3,2500,Chennai
104428,20-04-2026,Mouse,Accessories,,700,Hyderabad
104429,02-01-2026,Router,Networking,10,4500,Delhi
104430,13-06-2026,Webcam,Electronics,4,3200,Bengaluru
104431,04-05-2026,Webcam,Electronics,8,3200,Mumbai
104432,31-01-2026,Router,Networking,5,4500,Ahmedabad
104433,17-06-2026,Router,Networking,7,4500,Delhi
104434,03-01-2026,Webcam,Electronics,2,3200,Bengaluru
104435,13-03-2026,Keyboard,Accessories,4,1200,Hyderabad
104436,23-06-2026,Laptop,Electronics,6,65000,Ahmedabad
104437,01-05-2026,Mouse,Accessories,10,700,Kolkata
104438,31-01-2026,SSD,Storage,10,6000,Pune
104439,06-06-2026,USB Drive,Accessories,6,800,Ahmedabad
104440,15-04-2026,Printer,Electronics,1,9000,Kolkata
104441,15-05-2026,Monitor,Electronics,4,15000,Delhi
104442,07-06-2026,Headphones,Accessories,3,2500,Chennai
104443,05-02-2026,USB Drive,Accessories,6,800,Hyderabad
104444,27-06-2026,Keyboard,Accessories,3,1200,Chennai
104445,04-03-2026,SSD,Storage,1,6000,Chennai
104446,03-05-2026,Monitor,Electronics,7,15000,Ahmedabad
104447,13-06-2026,SSD,Storage,2,6000,Delhi
104448,29-06-2026,Mouse,Accessories,1,700,Bengaluru
104449,18-04-2026,Laptop,Electronics,1,65000,Pune
104450,24-05-2026,SSD,Storage,4,6000,Pune
104451,03-06-2026,Webcam,Electronics,9,3200,Pune
104452,15-03-2026,Router,Networking,9,4500,Mumbai
104453,03-06-2026,Keyboard,Accessories,2,1200,Mumbai
104454,06-03-2026,USB Drive,Accessories,4,800,Kolkata
104455,12-06-2026,USB Drive,Accessories,5,800,Bengaluru
104456,06-01-2026,Monitor,Electronics,2,15000,Bengaluru
104457,18-06-2026,USB Drive,Accessories,7,800,Bengaluru
104458,21-03-2026,USB Drive,Accessories,9,800,Bengaluru
104459,08-05-2026,Keyboard,Accessories,,1200,Bengaluru
104460,06-01-2026,Router,Networking,7,4500,Kolkata
104461,05-01-2026,Headphones,Accessories,2,2500,Pune
104462,13-03-2026,Monitor,Electronics,3,15000,Hyderabad
104463,15-01-2026,Monitor,Electronics,4,15000,Hyderabad
104464,08-04-2026,SSD,Storage,4,6000,Delhi
104465,15-01-2026,Laptop,Electronics,10,65000,Hyderabad
104466,17-01-2026,Router,Networking,8,4500,Chennai
104467,17-05-2026,Laptop,Electronics,3,65000,Hyderabad
104468,27-03-2026,Printer,Electronics,2,9000,Bengaluru
104469,09-06-2026,Laptop,Electronics,10,65000,Chennai
104470,26-02-2026,Webcam,Electronics,7,3200,Kolkata
104471,11-04-2026,Keyboard,Accessories,9,1200,Mumbai
104472,05-02-2026,Keyboard,Accessories,7,1200,Chennai
104473,28-04-2026,Printer,Electronics,8,9000,Hyderabad
104474,19-01-2026,Mouse,Accessories,1,700,Hyderabad
104475,22-06-2026,Monitor,Electronics,1,15000,Hyderabad
104476,04-06-2026,Webcam,Electronics,10,3200,Mumbai
104477,23-05-2026,SSD,Storage,2,6000,Kolkata
104478,05-06-2026,Monitor,Electronics,8,15000,Pune
104479,15-06-2026,Laptop,Electronics,2,65000,Ahmedabad
104480,26-06-2026,Mouse,Accessories,9,700,Bengaluru
104481,18-06-2026,Router,Networking,9,4500,Hyderabad
104482,21-04-2026,Router,Networking,9,4500,Delhi
104483,23-01-2026,USB Drive,Accessories,3,800,Bengaluru
104484,17-02-2026,USB Drive,Accessories,7,800,Delhi
104485,26-05-2026,Monitor,Electronics,8,15000,Kolkata
104486,25-03-2026,Keyboard,Accessories,3,1200,Delhi
104487,29-04-2026,Printer,Electronics,10,9000,Mumbai
104488,04-02-2026,Headphones,Accessories,6,2500,Bengaluru
104489,22-04-2026,Headphones,Accessories,10,2500,Delhi
104490,21-05-2026,Monitor,Electronics,9,15000,Delhi
104491,23-03-2026,Laptop,Electronics,2,65000,Chennai
104492,01-02-2026,Webcam,Electronics,2,3200,Pune
104493,04-05-2026,Router,Networking,10,4500,Bengaluru
104494,01-06-2026,Headphones,Accessories,7,2500,Ahmedabad
104495,21-01-2026,Mouse,Accessories,5,700,Pune
104496,12-01-2026,Laptop,Electronics,10,65000,Bengaluru
104497,14-05-2026,Webcam,Electronics,9,3200,Ahmedabad
104498,13-01-2026,Monitor,Electronics,1,15000,Delhi
104499,01-02-2026,Mouse,Accessories,3,700,Kolkata
104500,10-06-2026,Laptop,Electronics,8,65000,Delhi
104501,13-04-2026,SSD,Storage,6,6000,Hyderabad
104502,18-02-2026,USB Drive,Accessories,10,800,Delhi
104503,09-04-2026,Keyboard,Accessories,1,1200,Hyderabad
104504,06-01-2026,Keyboard,Accessories,5,1200,Kolkata
104505,05-02-2026,Printer,Electronics,10,9000,Chennai
104506,07-01-2026,Headphones,Accessories,8,2500,Chennai
104507,20-03-2026,USB Drive,Accessories,10,800,Ahmedabad
104508,07-03-2026,Laptop,Electronics,7,65000,Hyderabad
104509,03-04-2026,Printer,Electronics,5,9000,Pune
104510,17-01-2026,Printer,Electronics,7,9000,Kolkata
104511,01-04-2026,Router,Networking,4,4500,Hyderabad
104512,17-03-2026,Router,Networking,4,4500,Kolkata
104513,11-06-2026,Keyboard,Accessories,7,1200,Kolkata
104514,18-03-2026,Router,Networking,6,4500,Ahmedabad
104515,02-05-2026,Headphones,Accessories,9,2500,Chennai
104516,04-03-2026,Keyboard,Accessories,7,1200,Hyderabad
104517,18-06-2026,Printer,Electronics,5,9000,Kolkata
104518,02-06-2026,Headphones,Accessories,9,2500,Chennai
104519,23-03-2026,Laptop,Electronics,6,65000,Bengaluru
104520,17-05-2026,Printer,Electronics,7,9000,Delhi
104521,14-01-2026,Webcam,Electronics,4,3200,Hyderabad
104522,26-05-2026,Laptop,Electronics,8,65000,Ahmedabad
104523,06-02-2026,SSD,Storage,6,6000,Pune
104524,20-06-2026,Laptop,Electronics,4,65000,Kolkata
104525,05-02-2026,Headphones,Accessories,9,2500,Delhi
104526,23-06-2026,Keyboard,Accessories,1,1200,Bengaluru
104527,24-05-2026,Mouse,Accessories,5,700,Mumbai
104528,05-02-2026,Webcam,Electronics,10,3200,Hyderabad
104529,27-02-2026,Webcam,Electronics,10,3200,Hyderabad
104530,21-01-2026,Mouse,Accessories,2,700,Delhi
104531,12-03-2026,Keyboard,Accessories,7,1200,Chennai
104532,08-02-2026,Router,Networking,7,4500,Bengaluru
104533,20-06-2026,Headphones,Accessories,2,2500,Ahmedabad
104534,27-02-2026,Router,Networking,4,4500,Pune
104535,16-03-2026,Headphones,Accessories,2,2500,Delhi
104536,04-06-2026,Mouse,Accessories,10,700,Ahmedabad
104537,20-06-2026,Printer,Electronics,6,9000,Hyderabad
104538,26-06-2026,Webcam,Electronics,1,3200,Ahmedabad
104539,17-02-2026,Router,Networking,2,4500,Ahmedabad
104540,06-03-2026,USB Drive,Accessories,2,800,Mumbai
104541,20-06-2026,Headphones,Accessories,8,2500,Bengaluru
104542,19-04-2026,Printer,Electronics,2,9000,Chennai
104543,15-05-2026,Mouse,Accessories,9,700,Kolkata
104544,10-02-2026,Laptop,Electronics,10,65000,Hyderabad
104545,22-01-2026,SSD,Storage,7,6000,Hyderabad
104546,08-06-2026,SSD,Storage,6,6000,Ahmedabad
104547,16-01-2026,Printer,Electronics,6,9000,Bengaluru
104548,02-02-2026,USB Drive,Accessories,8,800,Bengaluru
104549,25-02-2026,Printer,Electronics,4,9000,Delhi
104550,20-03-2026,Router,Networking,6,4500,Chennai
104551,16-06-2026,Keyboard,Accessories,1,1200,Hyderabad
104552,13-04-2026,Printer,Electronics,6,9000,Bengaluru
104553,02-03-2026,Mouse,Accessories,4,700,Pune
104554,24-04-2026,USB Drive,Accessories,8,800,Mumbai
104555,26-03-2026,Printer,Electronics,10,9000,Chennai
104556,19-02-2026,Mouse,Accessories,9,700,Chennai
104557,05-03-2026,USB Drive,Accessories,10,800,Mumbai
104558,10-01-2026,Keyboard,Accessories,10,1200,Mumbai
104559,24-03-2026,Laptop,Electronics,7,65000,Ahmedabad
104560,04-06-2026,Keyboard,Accessories,7,1200,Mumbai
104561,26-04-2026,Monitor,Electronics,3,15000,Bengaluru
104562,25-06-2026,SSD,Storage,2,6000,Ahmedabad
104563,28-02-2026,SSD,Storage,3,6000,Hyderabad
104564,12-04-2026,SSD,Storage,2,6000,Ahmedabad
104565,22-04-2026,Webcam,Electronics,2,3200,Ahmedabad
104566,05-05-2026,Laptop,Electronics,8,65000,Mumbai
104567,06-04-2026,Monitor,Electronics,1,15000,Delhi
104568,15-02-2026,Laptop,Electronics,3,65000,Hyderabad
104569,24-05-2026,Webcam,Electronics,9,3200,Chennai
104570,13-06-2026,Headphones,Accessories,1,2500,Kolkata
104571,26-04-2026,USB Drive,Accessories,1,800,Chennai
104572,03-01-2026,SSD,Storage,4,6000,Ahmedabad
104573,23-06-2026,Headphones,Accessories,5,2500,Bengaluru
104574,03-03-2026,USB Drive,Accessories,9,800,Hyderabad
104575,21-05-2026,Keyboard,Accessories,8,1200,Pune
104576,26-01-2026,Monitor,Electronics,4,15000,Chennai
104577,10-02-2026,Keyboard,Accessories,1,1200,Bengaluru
104578,03-04-2026,Monitor,Electronics,3,15000,Hyderabad
104579,25-06-2026,Mouse,Accessories,7,700,Kolkata
104580,26-02-2026,USB Drive,Accessories,1,800,Mumbai
104581,16-06-2026,Webcam,Electronics,4,3200,Ahmedabad
104582,11-05-2026,SSD,Storage,5,6000,Bengaluru
104583,12-01-2026,Laptop,Electronics,1,65000,Mumbai
104584,13-01-2026,Webcam,Electronics,1,3200,Chennai
104585,24-05-2026,Headphones,Accessories,1,2500,Pune
104586,27-01-2026,Keyboard,Accessories,4,1200,Mumbai
104587,29-01-2026,SSD,Storage,2,6000,Chennai
104588,03-04-2026,Printer,Electronics,6,9000,Kolkata
104589,30-03-2026,Headphones,Accessories,7,2500,Ahmedabad
104590,20-04-2026,Webcam,Electronics,2,3200,Mumbai
104591,26-06-2026,Router,Networking,9,4500,Kolkata
104592,03-03-2026,SSD,Storage,6,6000,Kolkata
104593,08-04-2026,Webcam,Electronics,9,3200,Pune
104594,07-05-2026,Monitor,Electronics,8,15000,Ahmedabad
104595,15-03-2026,Laptop,Electronics,3,65000,Chennai
104596,20-06-2026,USB Drive,Accessories,2,800,Kolkata
104597,15-02-2026,Webcam,Electronics,7,3200,Chennai
104598,24-06-2026,Mouse,Accessories,2,700,Mumbai
104599,25-06-2026,Printer,Electronics,3,9000,Bengaluru
104600,17-03-2026,Router,Networking,4,4500,Kolkata
104601,23-02-2026,USB Drive,Accessories,5,800,Kolkata
104602,22-03-2026,USB Drive,Accessories,9,800,Ahmedabad
104603,06-01-2026,Monitor,Electronics,7,15000,Hyderabad
104604,01-01-2026,Laptop,Electronics,5,65000,Hyderabad
104605,13-04-2026,Monitor,Electronics,2,15000,Bengaluru
104606,07-02-2026,SSD,Storage,2,6000,Delhi
104607,09-04-2026,Headphones,Accessories,10,2500,Chennai
104608,13-01-2026,USB Drive,Accessories,3,800,Ahmedabad
104609,13-02-2026,Keyboard,Accessories,9,1200,Hyderabad
104610,06-01-2026,Mouse,Accessories,9,700,Kolkata
104611,16-06-2026,Laptop,Electronics,8,65000,Chennai
104612,28-05-2026,Webcam,Electronics,5,3200,Delhi
104613,22-03-2026,Keyboard,Accessories,3,1200,Chennai
104614,20-05-2026,USB Drive,Accessories,6,800,Mumbai
104615,22-05-2026,SSD,Storage,9,6000,Delhi
104616,21-04-2026,Mouse,Accessories,8,700,Pune
104617,15-04-2026,Monitor,Electronics,2,15000,Mumbai
104618,13-02-2026,SSD,Storage,8,6000,Pune
104619,25-04-2026,Keyboard,Accessories,7,1200,Kolkata
104620,25-02-2026,Webcam,Electronics,9,3200,Hyderabad
104621,15-05-2026,SSD,Storage,10,6000,Bengaluru
104622,28-06-2026,Laptop,Electronics,2,65000,Delhi
104623,08-05-2026,Mouse,Accessories,7,700,Bengaluru
104624,30-01-2026,USB Drive,Accessories,4,800,Kolkata
104625,31-01-2026,Monitor,Electronics,2,15000,Pune
104626,10-03-2026,SSD,Storage,1,6000,Delhi
104627,04-03-2026,Webcam,Electronics,3,3200,Pune
104628,13-05-2026,Headphones,Accessories,9,2500,Hyderabad
104629,24-06-2026,SSD,Storage,10,6000,Bengaluru
104630,04-05-2026,Printer,Electronics,4,9000,Pune
104631,29-03-2026,Mouse,Accessories,8,700,Bengaluru
104632,24-03-2026,Router,Networking,2,4500,Chennai
104633,07-05-2026,USB Drive,Accessories,3,800,Bengaluru
104634,18-02-2026,USB Drive,Accessories,1,800,Hyderabad
104635,27-05-2026,SSD,Storage,5,6000,Hyderabad
104636,23-05-2026,Printer,Electronics,6,9000,Hyderabad
104637,14-01-2026,SSD,Storage,,6000,Ahmedabad
104638,03-06-2026,USB Drive,Accessories,9,800,Delhi
104639,16-06-2026,SSD,Storage,7,6000,Ahmedabad
104640,04-02-2026,Printer,Electronics,1,9000,Bengaluru
104641,29-06-2026,Mouse,Accessories,8,700,Hyderabad
104642,26-03-2026,Mouse,Accessories,7,700,Hyderabad
104643,25-02-2026,SSD,Storage,8,6000,Delhi
104644,03-05-2026,Keyboard,Accessories,2,1200,Chennai
104645,03-01-2026,Keyboard,Accessories,5,1200,Bengaluru
104646,11-03-2026,Mouse,Accessories,10,700,Hyderabad
104647,16-01-2026,USB Drive,Accessories,4,800,Pune
104648,20-03-2026,Laptop,Electronics,2,65000,Chennai
104649,16-03-2026,Printer,Electronics,3,9000,Chennai
104650,09-02-2026,Laptop,Electronics,3,65000,Pune
104651,02-01-2026,SSD,Storage,5,6000,Mumbai
104652,31-01-2026,Router,Networking,7,4500,Kolkata
104653,12-03-2026,Laptop,Electronics,10,65000,Chennai
104654,07-05-2026,Headphones,Accessories,4,2500,Mumbai
104655,19-02-2026,Webcam,Electronics,1,3200,Bengaluru
104656,18-03-2026,Headphones,Accessories,2,2500,Bengaluru
104657,09-04-2026,Mouse,Accessories,2,700,Kolkata
104658,23-03-2026,SSD,Storage,5,6000,Bengaluru
104659,10-01-2026,Keyboard,Accessories,4,1200,Kolkata
104660,30-05-2026,USB Drive,Accessories,10,800,Pune
104661,01-03-2026,Monitor,Electronics,9,15000,Mumbai
104662,17-01-2026,Router,Networking,4,4500,Hyderabad
104663,20-03-2026,Keyboard,Accessories,5,1200,Chennai
104664,01-01-2026,USB Drive,Accessories,7,800,Hyderabad
104665,11-03-2026,USB Drive,Accessories,4,800,Hyderabad
104666,02-03-2026,Printer,Electronics,4,9000,Kolkata
104667,22-04-2026,SSD,Storage,5,6000,Pune
104668,15-03-2026,Keyboard,Accessories,5,1200,Kolkata
104669,08-06-2026,Keyboard,Accessories,9,1200,Chennai
104670,22-02-2026,Headphones,Accessories,1,2500,Pune
104671,05-06-2026,Printer,Electronics,8,9000,Hyderabad
104672,26-05-2026,USB Drive,Accessories,10,800,Pune
104673,23-02-2026,Headphones,Accessories,10,2500,Kolkata
104674,26-03-2026,Laptop,Electronics,5,65000,Hyderabad
104675,02-01-2026,Laptop,Electronics,10,65000,Bengaluru
104676,21-05-2026,Router,Networking,8,4500,Chennai
104677,06-06-2026,USB Drive,Accessories,7,800,Ahmedabad
104678,31-05-2026,Router,Networking,10,4500,Kolkata
104679,29-06-2026,Mouse,Accessories,8,700,Delhi
104680,21-04-2026,SSD,Storage,1,6000,Ahmedabad
104681,22-01-2026,Mouse,Accessories,1,700,Chennai
104682,25-04-2026,Mouse,Accessories,6,700,Kolkata
104683,21-04-2026,Headphones,Accessories,1,2500,Kolkata
104684,06-01-2026,Mouse,Accessories,7,700,Bengaluru
104685,22-02-2026,Printer,Electronics,4,9000,Kolkata
104686,28-05-2026,Router,Networking,6,4500,Chennai
104687,24-03-2026,Laptop,Electronics,6,65000,Hyderabad
104688,05-05-2026,Headphones,Accessories,5,2500,Chennai
104689,15-02-2026,Router,Networking,7,4500,Bengaluru
104690,26-03-2026,Webcam,Electronics,2,3200,Bengaluru
104691,26-03-2026,Laptop,Electronics,4,65000,Ahmedabad
104692,20-04-2026,Keyboard,Accessories,7,1200,Mumbai
104693,11-06-2026,USB Drive,Accessories,4,800,Hyderabad
104694,15-04-2026,Router,Networking,1,4500,Pune
104695,26-02-2026,Laptop,Electronics,2,65000,Bengaluru
104696,23-04-2026,Router,Networking,10,4500,Hyderabad
104697,01-01-2026,Printer,Electronics,9,9000,Ahmedabad
104698,28-04-2026,Headphones,Accessories,9,2500,Hyderabad
104699,10-04-2026,Headphones,Accessories,7,2500,Kolkata
104700,25-02-2026,Printer,Electronics,5,9000,Chennai
104701,14-04-2026,Router,Networking,10,4500,Hyderabad
104702,01-03-2026,Mouse,Accessories,9,700,Hyderabad
104703,26-02-2026,Headphones,Accessories,8,2500,Delhi
104704,25-04-2026,Monitor,Electronics,2,15000,Pune
104705,29-04-2026,Webcam,Electronics,7,3200,Bengaluru
104706,10-04-2026,Monitor,Electronics,7,15000,Delhi
104707,11-05-2026,SSD,Storage,9,6000,Ahmedabad
104708,09-03-2026,Webcam,Electronics,6,3200,Hyderabad
104709,15-03-2026,Router,Networking,6,4500,Hyderabad
104710,25-04-2026,Webcam,Electronics,5,3200,Hyderabad
104711,02-05-2026,USB Drive,Accessories,8,800,Delhi
104712,09-03-2026,Keyboard,Accessories,1,1200,Ahmedabad
104713,01-04-2026,Mouse,Accessories,5,700,Chennai
104714,23-01-2026,Mouse,Accessories,6,700,Hyderabad
104715,16-01-2026,SSD,Storage,10,6000,Delhi
104716,27-05-2026,Printer,Electronics,1,9000,Pune
104717,10-05-2026,Keyboard,Accessories,4,1200,Pune
104718,04-03-2026,Router,Networking,6,4500,Hyderabad
104719,29-03-2026,Keyboard,Accessories,4,1200,Kolkata
104720,21-04-2026,Laptop,Electronics,1,65000,Ahmedabad
104721,08-01-2026,SSD,Storage,2,6000,Chennai
104722,30-05-2026,Headphones,Accessories,7,2500,Kolkata
104723,22-03-2026,Mouse,Accessories,2,700,Pune
104724,09-05-2026,Monitor,Electronics,8,15000,Kolkata
104725,20-01-2026,Printer,Electronics,5,9000,Mumbai
104726,11-05-2026,USB Drive,Accessories,9,,Ahmedabad
104727,30-05-2026,USB Drive,Accessories,7,800,Kolkata
104728,21-05-2026,Keyboard,Accessories,10,1200,Bengaluru
104729,05-04-2026,USB Drive,Accessories,6,800,Delhi
104730,15-05-2026,SSD,Storage,2,6000,Hyderabad
104731,27-06-2026,Monitor,Electronics,1,15000,Bengaluru
104732,08-05-2026,USB Drive,Accessories,5,800,Ahmedabad
104733,24-06-2026,Monitor,Electronics,10,15000,Bengaluru
104734,18-01-2026,Printer,Electronics,1,9000,Mumbai
104735,17-05-2026,USB Drive,Accessories,7,800,Ahmedabad
104736,04-03-2026,Monitor,Electronics,9,15000,Ahmedabad
104737,09-05-2026,Headphones,Accessories,3,2500,Chennai
104738,02-02-2026,Laptop,Electronics,4,65000,Mumbai
104739,05-01-2026,Keyboard,Accessories,4,1200,Hyderabad
104740,02-04-2026,Mouse,Accessories,9,700,Kolkata
104741,16-04-2026,Printer,Electronics,8,9000,Mumbai
104742,22-02-2026,Headphones,Accessories,2,2500,Bengaluru
104743,01-04-2026,Router,Networking,6,4500,Kolkata
104744,23-03-2026,Router,Networking,2,4500,Pune
104745,13-06-2026,Keyboard,Accessories,2,1200,Pune
104746,09-06-2026,SSD,Storage,1,6000,Mumbai
104747,13-02-2026,Router,Networking,7,4500,Mumbai
104748,07-04-2026,Webcam,Electronics,6,3200,Hyderabad
104749,25-01-2026,SSD,Storage,4,6000,Mumbai
104750,21-05-2026,Laptop,Electronics,1,65000,Mumbai
104751,08-03-2026,USB Drive,Accessories,4,800,Bengaluru
104752,21-03-2026,Keyboard,Accessories,2,1200,Ahmedabad
104753,03-03-2026,Laptop,Electronics,10,65000,Mumbai
104754,12-05-2026,Headphones,Accessories,3,2500,Mumbai
104755,23-01-2026,Printer,Electronics,7,9000,Pune
104756,14-06-2026,Headphones,Accessories,6,2500,Mumbai
104757,24-03-2026,Monitor,Electronics,1,15000,Chennai
104758,03-01-2026,Webcam,Electronics,8,3200,Mumbai
104759,13-01-2026,SSD,Storage,7,6000,Pune
104760,23-03-2026,Webcam,Electronics,7,3200,Hyderabad
104761,20-03-2026,Headphones,Accessories,5,2500,Bengaluru
104762,02-06-2026,SSD,Storage,2,6000,Chennai
104763,29-03-2026,Keyboard,Accessories,1,1200,Mumbai
104764,06-01-2026,USB Drive,Accessories,2,800,Kolkata
104765,26-06-2026,SSD,Storage,2,6000,Bengaluru
104766,10-02-2026,Printer,Electronics,3,9000,Bengaluru
104767,17-04-2026,Router,Networking,3,4500,Ahmedabad
104768,02-04-2026,USB Drive,Accessories,3,800,Kolkata
104769,07-02-2026,Laptop,Electronics,9,65000,Mumbai
104770,01-01-2026,Laptop,Electronics,6,65000,Pune
104771,07-05-2026,Keyboard,Accessories,3,1200,Hyderabad
104772,10-02-2026,Keyboard,Accessories,1,1200,Ahmedabad
104773,10-03-2026,Router,Networking,6,4500,Chennai
104774,18-02-2026,Router,Networking,8,4500,Pune
104775,23-01-2026,Printer,Electronics,6,9000,Delhi
104776,26-03-2026,Router,Networking,1,4500,Kolkata
104777,05-01-2026,USB Drive,Accessories,1,800,Bengaluru
104778,09-03-2026,Laptop,Electronics,7,65000,Ahmedabad
104779,09-03-2026,Webcam,Electronics,7,3200,Pune
104780,11-01-2026,SSD,Storage,1,6000,Pune
104781,22-04-2026,USB Drive,Accessories,5,800,Kolkata
104782,26-03-2026,Headphones,Accessories,7,2500,Ahmedabad
104783,16-05-2026,Router,Networking,9,4500,Pune
104784,19-04-2026,SSD,Storage,10,6000,Kolkata
104785,18-06-2026,Laptop,Electronics,7,65000,Bengaluru
104786,01-06-2026,Laptop,Electronics,2,65000,Hyderabad
104787,23-05-2026,USB Drive,Accessories,1,800,Chennai
104788,20-06-2026,Webcam,Electronics,2,3200,Hyderabad
104789,11-05-2026,Laptop,Electronics,4,65000,Chennai
104790,14-05-2026,SSD,Storage,6,6000,Chennai
104791,20-03-2026,Mouse,Accessories,10,700,Ahmedabad
104792,25-05-2026,Laptop,Electronics,6,65000,Hyderabad
104793,31-05-2026,Headphones,Accessories,2,2500,Hyderabad
104794,13-06-2026,Laptop,Electronics,10,65000,Kolkata
104795,07-05-2026,Laptop,Electronics,9,65000,Kolkata
104796,10-06-2026,Router,Networking,7,4500,Bengaluru
104797,01-06-2026,Keyboard,Accessories,6,1200,Bengaluru
104798,10-02-2026,Router,Networking,3,4500,Mumbai
104799,15-05-2026,Monitor,Electronics,3,15000,Kolkata
104800,11-05-2026,Router,Networking,6,4500,Kolkata
104801,05-05-2026,USB Drive,Accessories,8,800,Kolkata
104802,13-03-2026,Headphones,Accessories,9,2500,Chennai
104803,28-05-2026,Headphones,Accessories,10,2500,Hyderabad
104804,02-04-2026,Monitor,Electronics,2,15000,Pune
104805,25-06-2026,Headphones,Accessories,10,2500,Ahmedabad
104806,12-03-2026,Router,Networking,8,4500,Mumbai
104807,12-06-2026,Printer,Electronics,9,9000,Bengaluru
104808,20-04-2026,Webcam,Electronics,6,3200,Mumbai
104809,07-06-2026,SSD,Storage,8,6000,Chennai
104810,06-06-2026,USB Drive,Accessories,6,800,Pune
104811,14-06-2026,USB Drive,Accessories,5,800,Ahmedabad
104812,16-05-2026,SSD,Storage,7,6000,Delhi
104813,25-05-2026,Monitor,Electronics,6,15000,Delhi
104814,29-01-2026,USB Drive,Accessories,4,800,Pune
104815,28-05-2026,Webcam,Electronics,3,3200,Bengaluru
104816,15-05-2026,Printer,Electronics,9,9000,Bengaluru
104817,03-05-2026,USB Drive,Accessories,7,800,Chennai
104818,22-04-2026,Laptop,Electronics,2,65000,Delhi
104819,12-03-2026,Laptop,Electronics,4,65000,Delhi
104820,19-01-2026,Headphones,Accessories,4,2500,Kolkata
104821,13-04-2026,Webcam,Electronics,2,3200,Chennai
104822,17-04-2026,Laptop,Electronics,6,65000,Kolkata
104823,11-01-2026,SSD,Storage,7,6000,Kolkata
104824,12-06-2026,Keyboard,Accessories,8,1200,Hyderabad
104825,12-04-2026,Printer,Electronics,10,9000,Bengaluru
104826,16-05-2026,Headphones,Accessories,7,2500,Bengaluru
104827,09-05-2026,Headphones,Accessories,1,2500,Pune
104828,24-03-2026,Monitor,Electronics,9,15000,Ahmedabad
104829,27-04-2026,Headphones,Accessories,6,2500,Bengaluru
104830,09-04-2026,Keyboard,Accessories,7,1200,Pune
104831,12-04-2026,Webcam,Electronics,9,3200,Delhi
104832,25-04-2026,Router,Networking,10,4500,Ahmedabad
104833,29-03-2026,Mouse,Accessories,10,700,Mumbai
104834,27-04-2026,Webcam,Electronics,6,3200,Chennai
104835,18-03-2026,Mouse,Accessories,5,700,Hyderabad
104836,22-06-2026,Mouse,Accessories,7,700,Bengaluru
104837,14-05-2026,Monitor,Electronics,9,15000,Ahmedabad
104838,11-03-2026,Webcam,Electronics,8,3200,Pune
104839,30-05-2026,Laptop,Electronics,8,65000,Chennai
104840,16-06-2026,Monitor,Electronics,5,15000,Ahmedabad
104841,18-06-2026,Webcam,Electronics,2,3200,Bengaluru
104842,06-02-2026,Laptop,Electronics,10,65000,Delhi
104843,05-05-2026,USB Drive,Accessories,4,800,Hyderabad
104844,03-04-2026,SSD,Storage,8,6000,Delhi
104845,29-01-2026,Mouse,Accessories,6,700,Hyderabad
104846,15-03-2026,SSD,Storage,5,6000,Chennai
104847,27-06-2026,Router,Networking,8,4500,Pune
104848,30-04-2026,Router,Networking,6,4500,Pune
104849,11-03-2026,Webcam,Electronics,5,3200,Pune
104850,30-04-2026,Monitor,Electronics,10,15000,Bengaluru
104851,18-05-2026,Headphones,Accessories,6,2500,Pune
104852,05-05-2026,SSD,Storage,5,6000,Mumbai
104853,17-06-2026,USB Drive,Accessories,7,800,Chennai
104854,10-06-2026,Mouse,Accessories,4,700,Chennai
104855,24-04-2026,Laptop,Electronics,5,65000,Kolkata
104856,01-06-2026,Webcam,Electronics,2,3200,Ahmedabad
104857,27-06-2026,Monitor,Electronics,5,15000,Pune
104858,27-05-2026,Headphones,Accessories,1,2500,Chennai
104859,06-04-2026,USB Drive,Accessories,1,800,Kolkata
104860,26-01-2026,Laptop,Electronics,2,65000,Delhi
104861,18-06-2026,Laptop,Electronics,2,65000,Kolkata
104862,28-04-2026,SSD,Storage,5,6000,Kolkata
104863,29-06-2026,SSD,Storage,3,6000,Mumbai
104864,12-04-2026,Keyboard,Accessories,2,1200,Hyderabad
104865,20-06-2026,Router,Networking,10,4500,Hyderabad
104866,01-04-2026,Monitor,Electronics,7,15000,Pune
104867,15-05-2026,SSD,Storage,7,6000,Bengaluru
104868,04-02-2026,Router,Networking,9,4500,Hyderabad
104869,01-03-2026,Headphones,Accessories,2,2500,Mumbai
104870,11-03-2026,Monitor,Electronics,1,15000,Chennai
104871,12-02-2026,Webcam,Electronics,5,3200,Kolkata
104872,22-06-2026,Monitor,Electronics,6,15000,Kolkata
104873,24-04-2026,Mouse,Accessories,5,700,Delhi
104874,20-06-2026,Laptop,Electronics,8,65000,Pune
104875,10-06-2026,USB Drive,Accessories,6,800,Delhi
104876,12-05-2026,Keyboard,Accessories,6,1200,Kolkata
104877,02-03-2026,Webcam,Electronics,10,3200,Mumbai
104878,06-02-2026,Router,Networking,9,4500,Mumbai
104879,23-01-2026,Keyboard,Accessories,3,1200,Bengaluru
104880,20-01-2026,Printer,Electronics,3,9000,Kolkata
104881,22-01-2026,Mouse,Accessories,10,700,Bengaluru
104882,27-03-2026,SSD,Storage,5,6000,Pune
104883,26-04-2026,Printer,Electronics,5,9000,Hyderabad
104884,16-02-2026,Headphones,Accessories,6,2500,Mumbai
104885,14-05-2026,Mouse,Accessories,9,700,Pune
104886,22-01-2026,Monitor,Electronics,7,15000,Delhi
104887,25-06-2026,Headphones,Accessories,3,2500,Mumbai
104888,26-06-2026,SSD,Storage,4,6000,Kolkata
104889,12-05-2026,Printer,Electronics,2,9000,Ahmedabad
104890,21-01-2026,Printer,Electronics,7,9000,Mumbai
104891,08-03-2026,Router,Networking,4,4500,Delhi
104892,25-01-2026,Mouse,Accessories,3,700,Kolkata
104893,03-01-2026,Monitor,Electronics,1,15000,Kolkata
104894,16-03-2026,Webcam,Electronics,8,3200,Kolkata
104895,19-06-2026,Webcam,Electronics,7,3200,Ahmedabad
104896,07-04-2026,Keyboard,Accessories,10,1200,Ahmedabad
104897,26-06-2026,Mouse,Accessories,7,700,Bengaluru
104898,11-01-2026,Printer,Electronics,9,9000,Delhi
104899,18-06-2026,Printer,Electronics,2,9000,Hyderabad
104900,12-01-2026,Monitor,Electronics,3,15000,Pune
104901,13-04-2026,Printer,Electronics,10,9000,Mumbai
104902,13-04-2026,Laptop,Electronics,6,65000,Hyderabad
104903,05-06-2026,Laptop,Electronics,7,65000,Delhi
104904,25-05-2026,Webcam,Electronics,1,3200,Mumbai
104905,02-06-2026,Webcam,Electronics,1,3200,Pune
104906,24-05-2026,SSD,Storage,2,6000,Bengaluru
104907,29-05-2026,USB Drive,Accessories,8,800,Bengaluru
104908,31-01-2026,Headphones,Accessories,4,2500,Kolkata
104909,05-02-2026,Headphones,Accessories,3,,Bengaluru
104910,29-01-2026,USB Drive,Accessories,10,800,Ahmedabad
104911,04-04-2026,Printer,Electronics,9,9000,Hyderabad
104912,20-02-2026,Headphones,Accessories,9,2500,Chennai
104913,19-02-2026,SSD,Storage,,6000,Hyderabad
104914,25-03-2026,Mouse,Accessories,8,700,Kolkata
104915,27-05-2026,Monitor,Electronics,6,15000,Mumbai
104916,19-03-2026,Laptop,Electronics,2,65000,Hyderabad
104917,23-01-2026,SSD,Storage,6,6000,Ahmedabad
104918,25-05-2026,SSD,Storage,1,6000,Ahmedabad
104919,26-01-2026,Webcam,Electronics,8,3200,Delhi
104920,19-02-2026,Laptop,Electronics,6,65000,Delhi
104921,27-05-2026,Printer,Electronics,2,9000,Kolkata
104922,02-01-2026,Headphones,Accessories,2,2500,Hyderabad
104923,12-06-2026,Router,Networking,10,4500,Kolkata
104924,24-05-2026,Printer,Electronics,2,9000,Kolkata
104925,28-04-2026,Webcam,Electronics,7,,Chennai
104926,27-02-2026,Printer,Electronics,6,9000,Ahmedabad
104927,23-06-2026,Monitor,Electronics,2,15000,Hyderabad
104928,12-01-2026,Monitor,Electronics,4,15000,Kolkata
104929,26-04-2026,Headphones,Accessories,8,2500,Pune
104930,30-01-2026,Laptop,Electronics,5,65000,Delhi
104931,31-05-2026,Printer,Electronics,8,9000,Mumbai
104932,19-05-2026,Mouse,Accessories,6,700,Chennai
104933,11-02-2026,Webcam,Electronics,1,3200,Pune
104934,29-05-2026,Printer,Electronics,8,9000,Mumbai
104935,14-01-2026,Webcam,Electronics,10,3200,Ahmedabad
104936,03-04-2026,Printer,Electronics,6,9000,Ahmedabad
104937,08-02-2026,Keyboard,Accessories,7,1200,Pune
104938,10-03-2026,Laptop,Electronics,4,65000,Chennai
104939,25-06-2026,USB Drive,Accessories,9,800,Delhi
104940,22-04-2026,USB Drive,Accessories,10,800,Kolkata
104941,18-01-2026,Monitor,Electronics,9,15000,Ahmedabad
104942,09-01-2026,SSD,Storage,8,6000,Ahmedabad
104943,02-06-2026,Headphones,Accessories,8,2500,Kolkata
104944,06-02-2026,USB Drive,Accessories,4,800,Ahmedabad
104945,18-01-2026,Mouse,Accessories,1,700,Pune
104946,01-02-2026,Keyboard,Accessories,9,1200,Delhi
104947,15-04-2026,Router,Networking,3,4500,Hyderabad
104948,25-06-2026,Monitor,Electronics,1,15000,Hyderabad
104949,06-03-2026,Printer,Electronics,7,9000,Delhi
104950,07-04-2026,SSD,Storage,5,6000,Delhi
104951,13-04-2026,SSD,Storage,6,6000,Ahmedabad
104952,18-05-2026,USB Drive,Accessories,6,800,Mumbai
104953,04-02-2026,Router,Networking,6,4500,Delhi
104954,09-01-2026,USB Drive,Accessories,5,800,Pune
104955,15-03-2026,Router,Networking,8,4500,Mumbai
104956,30-01-2026,SSD,Storage,9,6000,Pune
104957,31-03-2026,Printer,Electronics,3,,Hyderabad
104958,24-04-2026,USB Drive,Accessories,5,800,Delhi
104959,03-05-2026,Router,Networking,7,4500,Ahmedabad
104960,20-05-2026,USB Drive,Accessories,1,800,Bengaluru
104961,13-02-2026,Mouse,Accessories,4,700,Delhi
104962,24-01-2026,SSD,Storage,6,6000,Hyderabad
104963,01-06-2026,SSD,Storage,3,6000,Ahmedabad
104964,10-02-2026,Router,Networking,8,4500,Mumbai
104965,06-03-2026,Keyboard,Accessories,5,1200,Bengaluru
104966,28-05-2026,Mouse,Accessories,8,700,Chennai
104967,18-03-2026,Mouse,Accessories,,700,Bengaluru
104968,19-05-2026,Router,Networking,,,Pune
104969,21-01-2026,Laptop,Electronics,3,65000,Mumbai
104970,08-02-2026,Laptop,Electronics,3,65000,Delhi
104971,22-01-2026,Webcam,Electronics,6,3200,Mumbai
104972,12-04-2026,Printer,Electronics,9,9000,Mumbai
104973,15-01-2026,Printer,Electronics,7,9000,Pune
104974,16-06-2026,Laptop,Electronics,2,65000,Ahmedabad
104975,06-03-2026,Printer,Electronics,3,9000,Kolkata
104976,15-01-2026,Webcam,Electronics,9,3200,Hyderabad
104977,21-02-2026,Laptop,Electronics,10,65000,Ahmedabad
104978,06-02-2026,Monitor,Electronics,9,15000,Delhi
104979,20-04-2026,Laptop,Electronics,2,65000,Bengaluru
104980,28-02-2026,Keyboard,Accessories,7,1200,Pune
104981,09-05-2026,Mouse,Accessories,10,,Pune
104982,12-01-2026,Mouse,Accessories,10,700,Ahmedabad
104983,21-06-2026,Keyboard,Accessories,1,1200,Bengaluru
104984,12-01-2026,Mouse,Accessories,9,700,Pune
104985,02-02-2026,Monitor,Electronics,4,15000,Ahmedabad
104986,01-01-2026,Printer,Electronics,10,9000,Ahmedabad
104987,30-05-2026,Headphones,Accessories,9,2500,Pune
104988,18-05-2026,Headphones,Accessories,6,2500,Hyderabad
104989,04-06-2026,Webcam,Electronics,2,3200,Delhi
104990,30-04-2026,Headphones,Accessories,8,2500,Chennai
104991,16-02-2026,Printer,Electronics,9,9000,Kolkata
104992,10-02-2026,USB Drive,Accessories,3,800,Hyderabad
104993,27-06-2026,Mouse,Accessories,3,700,Ahmedabad
104994,26-04-2026,Monitor,Electronics,7,15000,Bengaluru
104995,08-03-2026,Printer,Electronics,4,9000,Pune
104996,19-03-2026,SSD,Storage,8,6000,Kolkata
104997,03-04-2026,Webcam,Electronics,2,3200,Chennai
104998,27-02-2026,Router,Networking,1,4500,Delhi
104999,27-02-2026,Printer,Electronics,9,9000,Bengaluru
105000,17-03-2026,Webcam,Electronics,10,3200,Delhi
105001,13-01-2026,SSD,Storage,,6000,Pune
105002,04-05-2026,Monitor,Electronics,8,15000,Bengaluru
105003,14-04-2026,USB Drive,Accessories,3,800,Bengaluru
105004,09-01-2026,Monitor,Electronics,7,15000,Mumbai
105005,10-03-2026,Laptop,Electronics,2,65000,Hyderabad
105006,28-01-2026,Mouse,Accessories,8,700,Chennai
105007,17-01-2026,Printer,Electronics,8,9000,Delhi
105008,03-01-2026,Mouse,Accessories,9,700,Hyderabad
105009,25-02-2026,Headphones,Accessories,10,2500,Ahmedabad
105010,20-03-2026,Keyboard,Accessories,3,1200,Pune
105011,07-06-2026,USB Drive,Accessories,7,800,Ahmedabad
105012,22-01-2026,Headphones,Accessories,4,2500,Bengaluru
105013,12-02-2026,USB Drive,Accessories,3,800,Hyderabad
105014,14-04-2026,Headphones,Accessories,1,2500,Delhi
105015,28-05-2026,Laptop,Electronics,1,65000,Kolkata
105016,18-01-2026,Printer,Electronics,5,9000,Hyderabad
105017,25-03-2026,Headphones,Accessories,5,2500,Chennai
105018,15-02-2026,Monitor,Electronics,2,15000,Bengaluru
105019,16-01-2026,USB Drive,Accessories,8,800,Chennai
105020,27-05-2026,Monitor,Electronics,10,15000,Kolkata
105021,31-05-2026,Laptop,Electronics,5,65000,Bengaluru
105022,26-06-2026,Headphones,Accessories,3,2500,Hyderabad
105023,27-03-2026,Webcam,Electronics,4,3200,Mumbai
105024,26-02-2026,Monitor,Electronics,1,15000,Pune
105025,05-03-2026,Monitor,Electronics,1,15000,Chennai
105026,26-01-2026,Keyboard,Accessories,3,1200,Chennai
105027,06-01-2026,SSD,Storage,9,6000,Ahmedabad
105028,10-02-2026,Laptop,Electronics,4,65000,Mumbai
105029,13-04-2026,Laptop,Electronics,3,65000,Mumbai
105030,08-01-2026,Webcam,Electronics,2,3200,Ahmedabad
105031,14-01-2026,SSD,Storage,5,6000,Chennai
105032,08-02-2026,Keyboard,Accessories,5,1200,Mumbai
105033,21-01-2026,SSD,Storage,10,6000,Mumbai
105034,03-02-2026,Headphones,Accessories,4,2500,Ahmedabad
105035,13-05-2026,Mouse,Accessories,10,700,Pune
105036,06-01-2026,Headphones,Accessories,4,2500,Chennai
105037,18-01-2026,SSD,Storage,8,6000,Pune
105038,02-04-2026,Webcam,Electronics,2,3200,Hyderabad
105039,14-02-2026,Router,Networking,3,4500,Delhi
105040,21-04-2026,Mouse,Accessories,7,700,Pune
105041,21-04-2026,Monitor,Electronics,6,15000,Delhi
105042,28-04-2026,USB Drive,Accessories,2,800,Delhi
105043,22-03-2026,SSD,Storage,9,6000,Pune
105044,20-06-2026,USB Drive,Accessories,10,800,Chennai
105045,18-02-2026,Monitor,Electronics,7,15000,Delhi
105046,01-06-2026,Laptop,Electronics,2,65000,Kolkata
105047,25-01-2026,Laptop,Electronics,4,65000,Mumbai
105048,18-05-2026,SSD,Storage,4,6000,Kolkata
105049,18-06-2026,Mouse,Accessories,7,700,Mumbai
105050,15-04-2026,Router,Networking,8,4500,Mumbai
105051,16-05-2026,Headphones,Accessories,7,2500,Pune
105052,10-06-2026,Laptop,Electronics,10,65000,Bengaluru
105053,08-04-2026,Webcam,Electronics,3,3200,Bengaluru
105054,05-05-2026,Keyboard,Accessories,1,1200,Mumbai
105055,22-06-2026,Printer,Electronics,8,9000,Hyderabad
105056,01-04-2026,USB Drive,Accessories,5,800,Delhi
105057,17-05-2026,Monitor,Electronics,1,15000,Pune
105058,27-01-2026,Printer,Electronics,6,9000,Hyderabad
105059,16-04-2026,Webcam,Electronics,2,3200,Delhi
105060,22-04-2026,USB Drive,Accessories,9,800,Pune
105061,18-01-2026,Router,Networking,6,4500,Mumbai
105062,19-04-2026,Printer,Electronics,6,9000,Pune
105063,13-04-2026,Monitor,Electronics,5,15000,Delhi
105064,10-06-2026,Webcam,Electronics,4,3200,Delhi
105065,04-02-2026,Headphones,Accessories,9,2500,Pune
105066,24-02-2026,Monitor,Electronics,8,15000,Hyderabad
105067,05-01-2026,Monitor,Electronics,2,15000,Ahmedabad
105068,28-01-2026,SSD,Storage,3,6000,Chennai
105069,21-05-2026,Webcam,Electronics,3,3200,Chennai
105070,20-06-2026,Laptop,Electronics,3,65000,Chennai
105071,28-03-2026,Headphones,Accessories,1,2500,Chennai
105072,01-06-2026,Laptop,Electronics,9,65000,Hyderabad
105073,26-05-2026,Webcam,Electronics,7,3200,Ahmedabad
105074,04-02-2026,Printer,Electronics,7,9000,Hyderabad
105075,14-03-2026,Monitor,Electronics,9,15000,Delhi
105076,08-01-2026,SSD,Storage,2,6000,Chennai
105077,08-06-2026,Monitor,Electronics,1,15000,Chennai
105078,28-01-2026,Webcam,Electronics,10,3200,Pune
105079,11-03-2026,USB Drive,Accessories,7,800,Hyderabad
105080,02-04-2026,Mouse,Accessories,9,700,Bengaluru
105081,28-03-2026,Keyboard,Accessories,8,1200,Delhi
105082,02-01-2026,Keyboard,Accessories,3,1200,Chennai
105083,10-01-2026,Headphones,Accessories,7,2500,Mumbai
105084,17-02-2026,Headphones,Accessories,2,2500,Delhi
105085,09-03-2026,Mouse,Accessories,9,700,Delhi
105086,28-03-2026,Mouse,Accessories,7,700,Mumbai
105087,16-02-2026,Monitor,Electronics,10,15000,Chennai
105088,12-03-2026,Webcam,Electronics,10,3200,Hyderabad
105089,17-04-2026,Mouse,Accessories,6,700,Pune
105090,22-05-2026,Printer,Electronics,5,9000,Bengaluru
105091,08-03-2026,Router,Networking,3,4500,Kolkata
105092,18-02-2026,Mouse,Accessories,4,700,Mumbai
105093,18-03-2026,Headphones,Accessories,1,2500,Mumbai
105094,17-05-2026,Laptop,Electronics,3,65000,Mumbai
105095,09-03-2026,Mouse,Accessories,10,700,Kolkata
105096,02-01-2026,USB Drive,Accessories,2,800,Mumbai
105097,09-05-2026,SSD,Storage,2,6000,Bengaluru
105098,22-03-2026,USB Drive,Accessories,10,800,Ahmedabad
105099,15-04-2026,Router,Networking,9,4500,Mumbai
105100,12-01-2026,Monitor,Electronics,5,15000,Mumbai
105101,13-05-2026,Mouse,Accessories,2,700,Mumbai
105102,21-03-2026,Laptop,Electronics,6,65000,Hyderabad
105103,10-02-2026,Headphones,Accessories,2,2500,Delhi
105104,21-03-2026,Printer,Electronics,8,9000,Delhi
105105,27-05-2026,Printer,Electronics,1,9000,Ahmedabad
105106,26-01-2026,Printer,Electronics,9,9000,Delhi
105107,20-02-2026,Mouse,Accessories,5,700,Kolkata
105108,11-03-2026,Headphones,Accessories,8,2500,Ahmedabad
105109,25-03-2026,Webcam,Electronics,10,3200,Chennai
105110,07-01-2026,Monitor,Electronics,4,15000,Chennai
105111,08-03-2026,SSD,Storage,10,6000,Ahmedabad
105112,01-01-2026,SSD,Storage,4,6000,Hyderabad
105113,11-04-2026,SSD,Storage,5,6000,Kolkata
105114,18-03-2026,Mouse,Accessories,1,700,Bengaluru
105115,20-04-2026,Webcam,Electronics,6,3200,Delhi
105116,31-03-2026,Webcam,Electronics,7,3200,Delhi
105117,21-01-2026,Laptop,Electronics,9,65000,Chennai
105118,15-04-2026,Mouse,Accessories,3,700,Kolkata
105119,15-03-2026,Laptop,Electronics,1,65000,Kolkata
105120,29-04-2026,SSD,Storage,5,6000,Chennai
105121,11-05-2026,Printer,Electronics,9,9000,Hyderabad
105122,14-04-2026,Mouse,Accessories,1,700,Ahmedabad
105123,30-04-2026,Laptop,Electronics,2,65000,Hyderabad
105124,17-06-2026,Webcam,Electronics,6,3200,Hyderabad
105125,21-02-2026,Laptop,Electronics,8,65000,Mumbai
105126,24-04-2026,Mouse,Accessories,10,700,Delhi
105127,10-01-2026,Printer,Electronics,10,9000,Chennai
105128,15-03-2026,Printer,Electronics,2,9000,Pune
105129,01-06-2026,USB Drive,Accessories,8,800,Chennai
105130,19-06-2026,SSD,Storage,7,6000,Pune
105131,11-02-2026,Monitor,Electronics,10,15000,Delhi
105132,24-02-2026,Monitor,Electronics,6,,Delhi
105133,21-03-2026,SSD,Storage,10,6000,Kolkata
105134,31-03-2026,Monitor,Electronics,7,15000,Ahmedabad
105135,15-06-2026,Webcam,Electronics,4,3200,Chennai
105136,20-04-2026,Keyboard,Accessories,5,1200,Bengaluru
105137,20-02-2026,Router,Networking,6,4500,Pune
105138,19-06-2026,Monitor,Electronics,10,15000,Kolkata
105139,22-05-2026,Webcam,Electronics,2,3200,Hyderabad
105140,12-03-2026,SSD,Storage,4,6000,Ahmedabad
105141,05-06-2026,USB Drive,Accessories,8,800,Pune
105142,04-04-2026,Router,Networking,2,4500,Pune
105143,29-04-2026,SSD,Storage,3,6000,Kolkata
105144,04-02-2026,Headphones,Accessories,1,2500,Hyderabad
105145,05-04-2026,Printer,Electronics,7,9000,Ahmedabad
105146,04-01-2026,Mouse,Accessories,5,700,Pune
105147,03-04-2026,Webcam,Electronics,1,3200,Hyderabad
105148,06-03-2026,Keyboard,Accessories,8,1200,Kolkata
105149,12-04-2026,SSD,Storage,3,6000,Delhi
105150,26-03-2026,Laptop,Electronics,10,65000,Delhi
105151,02-01-2026,Laptop,Electronics,2,65000,Mumbai
105152,20-06-2026,Laptop,Electronics,2,65000,Kolkata
105153,19-01-2026,SSD,Storage,8,6000,Chennai
105154,09-06-2026,Router,Networking,2,4500,Hyderabad
105155,01-01-2026,Laptop,Electronics,9,65000,Hyderabad
105156,16-05-2026,Printer,Electronics,7,9000,Kolkata
105157,03-05-2026,Keyboard,Accessories,4,1200,Delhi
105158,09-03-2026,Printer,Electronics,9,9000,Ahmedabad
105159,10-06-2026,Monitor,Electronics,7,15000,Pune
105160,18-04-2026,Mouse,Accessories,10,700,Bengaluru
105161,05-02-2026,Laptop,Electronics,7,65000,Kolkata
105162,15-03-2026,Mouse,Accessories,8,700,Hyderabad
105163,08-01-2026,Keyboard,Accessories,4,1200,Kolkata
105164,05-06-2026,Monitor,Electronics,7,15000,Mumbai
105165,16-04-2026,Webcam,Electronics,7,3200,Bengaluru
105166,27-02-2026,SSD,Storage,2,6000,Bengaluru
105167,29-03-2026,Keyboard,Accessories,9,1200,Kolkata
105168,27-04-2026,Mouse,Accessories,3,700,Ahmedabad
105169,30-05-2026,Printer,Electronics,10,9000,Bengaluru
105170,17-02-2026,Headphones,Accessories,3,2500,Chennai
105171,08-03-2026,Printer,Electronics,9,9000,Kolkata
105172,19-05-2026,USB Drive,Accessories,9,800,Mumbai
105173,20-01-2026,Printer,Electronics,4,9000,Delhi
105174,04-06-2026,Router,Networking,1,4500,Mumbai
105175,27-03-2026,Headphones,Accessories,6,2500,Delhi
105176,13-06-2026,USB Drive,Accessories,3,800,Delhi
105177,13-02-2026,Headphones,Accessories,10,2500,Chennai
105178,10-04-2026,Monitor,Electronics,8,15000,Kolkata
105179,12-04-2026,Laptop,Electronics,4,65000,Chennai
105180,19-01-2026,Router,Networking,1,4500,Ahmedabad
105181,30-04-2026,Monitor,Electronics,8,15000,Hyderabad
105182,04-06-2026,Headphones,Accessories,8,2500,Pune
105183,18-01-2026,SSD,Storage,3,6000,Mumbai
105184,19-01-2026,Mouse,Accessories,8,700,Ahmedabad
105185,04-01-2026,Monitor,Electronics,9,15000,Kolkata
105186,17-06-2026,Webcam,Electronics,7,3200,Chennai
105187,11-02-2026,Monitor,Electronics,4,15000,Delhi
105188,03-04-2026,USB Drive,Accessories,4,800,Bengaluru
105189,28-05-2026,Keyboard,Accessories,5,1200,Ahmedabad
105190,27-02-2026,Keyboard,Accessories,2,1200,Hyderabad
105191,22-01-2026,Keyboard,Accessories,8,1200,Pune
105192,16-03-2026,Router,Networking,6,,Bengaluru
105193,02-01-2026,Mouse,Accessories,10,700,Chennai
105194,05-02-2026,Router,Networking,8,4500,Kolkata
105195,24-06-2026,Keyboard,Accessories,8,1200,Hyderabad
105196,11-06-2026,USB Drive,Accessories,6,800,Pune
105197,01-04-2026,Headphones,Accessories,2,2500,Pune
105198,21-01-2026,Laptop,Electronics,9,65000,Chennai
105199,02-02-2026,Keyboard,Accessories,7,1200,Delhi
105200,04-01-2026,Monitor,Electronics,7,15000,Bengaluru
105201,03-03-2026,Headphones,Accessories,1,2500,Hyderabad
105202,01-01-2026,Monitor,Electronics,5,15000,Chennai
105203,20-02-2026,Webcam,Electronics,6,3200,Kolkata
105204,27-05-2026,Keyboard,Accessories,9,1200,Kolkata
105205,12-04-2026,Monitor,Electronics,2,15000,Kolkata
105206,06-06-2026,USB Drive,Accessories,9,800,Delhi
105207,05-03-2026,Monitor,Electronics,1,15000,Chennai
105208,17-01-2026,Laptop,Electronics,7,65000,Ahmedabad
105209,02-01-2026,Laptop,Electronics,9,65000,Pune
105210,22-05-2026,Laptop,Electronics,2,65000,Ahmedabad
105211,15-04-2026,Printer,Electronics,3,9000,Bengaluru
105212,13-05-2026,Laptop,Electronics,10,65000,Pune
105213,02-01-2026,Headphones,Accessories,1,2500,Kolkata
105214,07-06-2026,SSD,Storage,7,6000,Hyderabad
105215,01-02-2026,Headphones,Accessories,3,2500,Hyderabad
105216,28-06-2026,Keyboard,Accessories,3,1200,Delhi
105217,25-03-2026,Router,Networking,9,4500,Ahmedabad
105218,12-06-2026,Printer,Electronics,4,9000,Delhi
105219,29-06-2026,Printer,Electronics,8,9000,Pune
105220,23-06-2026,Monitor,Electronics,10,15000,Mumbai
105221,30-01-2026,Headphones,Accessories,3,2500,Kolkata
105222,16-02-2026,Webcam,Electronics,8,3200,Bengaluru
105223,13-04-2026,Laptop,Electronics,4,65000,Delhi
105224,02-03-2026,Laptop,Electronics,5,65000,Delhi
105225,01-06-2026,Webcam,Electronics,2,3200,Chennai
105226,03-02-2026,Keyboard,Accessories,10,1200,Pune
105227,27-06-2026,Printer,Electronics,6,9000,Pune
105228,01-04-2026,SSD,Storage,7,6000,Mumbai
105229,28-01-2026,Monitor,Electronics,8,15000,Hyderabad
105230,05-01-2026,Printer,Electronics,6,9000,Ahmedabad
105231,06-03-2026,Headphones,Accessories,2,2500,Pune
105232,16-05-2026,SSD,Storage,8,6000,Mumbai
105233,31-03-2026,Keyboard,Accessories,3,1200,Kolkata
105234,14-05-2026,SSD,Storage,7,6000,Hyderabad
105235,11-03-2026,Webcam,Electronics,7,3200,Hyderabad
105236,02-01-2026,Webcam,Electronics,5,3200,Mumbai
105237,05-03-2026,SSD,Storage,10,6000,Bengaluru
105238,30-04-2026,Mouse,Accessories,6,700,Hyderabad
105239,24-02-2026,Router,Networking,8,4500,Pune
105240,07-02-2026,Router,Networking,6,4500,Kolkata
105241,12-05-2026,Mouse,Accessories,9,700,Hyderabad
105242,28-05-2026,Webcam,Electronics,7,3200,Delhi
105243,15-06-2026,Laptop,Electronics,8,65000,Chennai
105244,12-03-2026,Headphones,Accessories,8,2500,Chennai
105245,21-03-2026,Printer,Electronics,2,9000,Kolkata
105246,29-05-2026,Keyboard,Accessories,7,1200,Pune
105247,14-03-2026,Monitor,Electronics,5,15000,Mumbai
105248,26-06-2026,USB Drive,Accessories,1,800,Hyderabad
105249,29-03-2026,SSD,Storage,9,6000,Pune
105250,10-06-2026,SSD,Storage,1,6000,Kolkata
105251,04-04-2026,Router,Networking,6,4500,Ahmedabad
105252,26-03-2026,USB Drive,Accessories,9,800,Chennai
105253,25-02-2026,Printer,Electronics,1,9000,Hyderabad
105254,15-01-2026,Webcam,Electronics,2,3200,Ahmedabad
105255,10-04-2026,Mouse,Accessories,4,700,Delhi
105256,06-05-2026,Router,Networking,9,4500,Bengaluru
105257,18-02-2026,Monitor,Electronics,9,15000,Hyderabad
105258,15-04-2026,SSD,Storage,10,6000,Pune
105259,24-06-2026,Laptop,Electronics,3,65000,Bengaluru
105260,24-06-2026,USB Drive,Accessories,6,800,Pune
105261,27-06-2026,Headphones,Accessories,2,2500,Chennai
105262,02-06-2026,Laptop,Electronics,4,65000,Chennai
105263,04-05-2026,Webcam,Electronics,2,3200,Pune
105264,09-01-2026,SSD,Storage,4,6000,Pune
105265,27-06-2026,Webcam,Electronics,1,3200,Delhi
105266,16-04-2026,Mouse,Accessories,8,700,Chennai
105267,09-03-2026,Headphones,Accessories,10,2500,Kolkata
105268,29-01-2026,Keyboard,Accessories,2,1200,Mumbai
105269,12-06-2026,Keyboard,Accessories,8,1200,Delhi
105270,18-04-2026,Headphones,Accessories,1,2500,Bengaluru
105271,13-02-2026,Keyboard,Accessories,9,1200,Delhi
105272,04-04-2026,USB Drive,Accessories,5,800,Pune
105273,05-03-2026,Laptop,Electronics,5,65000,Pune
105274,29-05-2026,Headphones,Accessories,1,2500,Pune
105275,20-04-2026,Laptop,Electronics,8,65000,Chennai
105276,25-02-2026,Monitor,Electronics,3,15000,Hyderabad
105277,28-05-2026,SSD,Storage,1,6000,Delhi
105278,08-01-2026,Router,Networking,3,4500,Kolkata
105279,25-05-2026,USB Drive,Accessories,3,800,Delhi
105280,17-02-2026,Keyboard,Accessories,3,1200,Pune
105281,23-06-2026,Laptop,Electronics,7,65000,Delhi
105282,21-04-2026,Webcam,Electronics,1,3200,Pune
105283,23-06-2026,Mouse,Accessories,3,700,Hyderabad
105284,06-03-2026,Printer,Electronics,10,9000,Ahmedabad
105285,11-02-2026,Mouse,Accessories,7,700,Hyderabad
105286,25-06-2026,Monitor,Electronics,4,15000,Mumbai
105287,02-06-2026,Keyboard,Accessories,10,1200,Bengaluru
105288,29-01-2026,Laptop,Electronics,6,65000,Bengaluru
105289,14-02-2026,USB Drive,Accessories,1,800,Bengaluru
105290,07-02-2026,Router,Networking,4,4500,Chennai
105291,16-02-2026,Webcam,Electronics,1,3200,Pune
105292,06-05-2026,Router,Networking,9,4500,Bengaluru
105293,16-01-2026,USB Drive,Accessories,4,800,Delhi
105294,21-01-2026,Keyboard,Accessories,7,1200,Chennai
105295,08-03-2026,USB Drive,Accessories,7,800,Bengaluru
105296,11-03-2026,Webcam,Electronics,7,3200,Delhi
105297,15-06-2026,USB Drive,Accessories,5,800,Chennai
105298,29-03-2026,Keyboard,Accessories,6,1200,Ahmedabad
105299,27-06-2026,Printer,Electronics,8,9000,Chennai
105300,04-01-2026,Webcam,Electronics,1,3200,Chennai
105301,17-04-2026,Headphones,Accessories,8,2500,Delhi
105302,22-04-2026,Mouse,Accessories,3,700,Ahmedabad
105303,09-02-2026,Router,Networking,5,4500,Bengaluru
105304,12-05-2026,Keyboard,Accessories,7,1200,Kolkata
105305,07-03-2026,Mouse,Accessories,8,700,Ahmedabad
105306,20-01-2026,Router,Networking,7,4500,Kolkata
105307,19-05-2026,Router,Networking,1,4500,Kolkata
105308,07-04-2026,Printer,Electronics,8,9000,Pune
105309,12-06-2026,Mouse,Accessories,3,700,Mumbai
105310,14-02-2026,Printer,Electronics,3,9000,Pune
105311,22-06-2026,Printer,Electronics,2,9000,Mumbai
105312,28-05-2026,SSD,Storage,2,6000,Chennai
105313,23-05-2026,Laptop,Electronics,9,65000,Mumbai
105314,01-05-2026,Laptop,Electronics,9,65000,Ahmedabad
105315,27-01-2026,Headphones,Accessories,3,2500,Mumbai
105316,15-01-2026,Webcam,Electronics,5,3200,Kolkata
105317,21-05-2026,SSD,Storage,6,6000,Ahmedabad
105318,29-06-2026,Keyboard,Accessories,5,1200,Pune
105319,18-01-2026,Mouse,Accessories,1,700,Delhi
105320,14-01-2026,Webcam,Electronics,1,3200,Pune
105321,08-01-2026,Keyboard,Accessories,1,1200,Chennai
105322,25-05-2026,Webcam,Electronics,3,3200,Hyderabad
105323,24-06-2026,SSD,Storage,3,6000,Bengaluru
105324,08-06-2026,Webcam,Electronics,6,3200,Ahmedabad
105325,10-03-2026,Webcam,Electronics,6,3200,Kolkata
105326,24-03-2026,SSD,Storage,8,6000,Bengaluru
105327,30-03-2026,Keyboard,Accessories,7,1200,Chennai
105328,21-06-2026,Keyboard,Accessories,1,1200,Mumbai
105329,31-03-2026,Monitor,Electronics,8,15000,Pune
105330,24-01-2026,Monitor,Electronics,4,15000,Hyderabad
105331,24-04-2026,USB Drive,Accessories,7,800,Ahmedabad
105332,08-04-2026,Router,Networking,2,4500,Delhi
105333,16-05-2026,Headphones,Accessories,6,2500,Ahmedabad
105334,19-03-2026,SSD,Storage,1,6000,Kolkata
105335,13-05-2026,Router,Networking,2,4500,Delhi
105336,12-05-2026,Laptop,Electronics,4,65000,Kolkata
105337,13-02-2026,Printer,Electronics,1,9000,Chennai
105338,26-03-2026,Laptop,Electronics,10,65000,Hyderabad
105339,16-02-2026,Printer,Electronics,6,9000,Ahmedabad
105340,01-06-2026,Mouse,Accessories,2,700,Delhi
105341,29-06-2026,Router,Networking,6,4500,Chennai
105342,16-04-2026,USB Drive,Accessories,9,800,Pune
105343,02-06-2026,Monitor,Electronics,3,15000,Kolkata
105344,31-01-2026,Router,Networking,4,4500,Hyderabad
105345,16-06-2026,Printer,Electronics,,9000,Bengaluru
105346,07-02-2026,USB Drive,Accessories,5,800,Ahmedabad
105347,19-06-2026,Keyboard,Accessories,1,1200,Bengaluru
105348,28-05-2026,Router,Networking,8,4500,Mumbai
105349,06-06-2026,Keyboard,Accessories,2,1200,Ahmedabad
105350,24-06-2026,Printer,Electronics,10,9000,Chennai
105351,09-04-2026,Laptop,Electronics,5,65000,Ahmedabad
105352,27-01-2026,Webcam,Electronics,9,3200,Bengaluru
105353,21-01-2026,Printer,Electronics,7,9000,Pune
105354,18-05-2026,Laptop,Electronics,5,65000,Bengaluru
105355,19-04-2026,Webcam,Electronics,7,3200,Ahmedabad
105356,31-05-2026,Router,Networking,9,4500,Chennai
105357,13-03-2026,Headphones,Accessories,9,2500,Chennai
105358,18-01-2026,Monitor,Electronics,,15000,Bengaluru
105359,29-05-2026,Monitor,Electronics,7,15000,Pune
105360,04-06-2026,USB Drive,Accessories,3,800,Mumbai
105361,28-06-2026,SSD,Storage,4,6000,Delhi
105362,29-01-2026,Keyboard,Accessories,5,1200,Chennai
105363,03-05-2026,SSD,Storage,4,6000,Pune
105364,15-04-2026,Mouse,Accessories,2,700,Kolkata
105365,04-02-2026,Keyboard,Accessories,4,1200,Ahmedabad
105366,08-01-2026,USB Drive,Accessories,6,800,Pune
105367,01-03-2026,Mouse,Accessories,7,700,Ahmedabad
105368,12-06-2026,Printer,Electronics,4,9000,Ahmedabad
105369,22-06-2026,Keyboard,Accessories,8,1200,Bengaluru
105370,14-03-2026,Printer,Electronics,8,9000,Hyderabad
105371,17-01-2026,Mouse,Accessories,3,700,Delhi
105372,06-05-2026,Router,Networking,3,4500,Delhi
105373,12-04-2026,USB Drive,Accessories,2,800,Pune
105374,09-06-2026,Router,Networking,6,4500,Pune
105375,21-04-2026,Headphones,Accessories,5,2500,Bengaluru
105376,10-06-2026,Router,Networking,9,4500,Bengaluru
105377,19-06-2026,Router,Networking,9,4500,Pune
105378,07-06-2026,Printer,Electronics,7,9000,Chennai
105379,14-02-2026,Router,Networking,9,4500,Chennai
105380,25-04-2026,Laptop,Electronics,6,65000,Hyderabad
105381,22-06-2026,Keyboard,Accessories,10,1200,Ahmedabad
105382,24-01-2026,Keyboard,Accessories,4,1200,Hyderabad
105383,21-04-2026,USB Drive,Accessories,9,800,Ahmedabad
105384,04-05-2026,Router,Networking,7,4500,Pune
105385,17-02-2026,Webcam,Electronics,3,3200,Delhi
105386,04-03-2026,Keyboard,Accessories,1,1200,Ahmedabad
105387,24-05-2026,Monitor,Electronics,5,15000,Delhi
105388,15-04-2026,Keyboard,Accessories,9,1200,Pune
105389,12-06-2026,Headphones,Accessories,8,2500,Bengaluru
105390,19-02-2026,Keyboard,Accessories,8,1200,Delhi
105391,15-01-2026,Printer,Electronics,6,9000,Ahmedabad
105392,25-02-2026,Laptop,Electronics,3,65000,Bengaluru
105393,13-02-2026,Router,Networking,6,4500,Delhi
105394,21-03-2026,Keyboard,Accessories,5,1200,Bengaluru
105395,26-03-2026,Headphones,Accessories,6,2500,Hyderabad
105396,29-05-2026,Webcam,Electronics,8,3200,Mumbai
105397,17-04-2026,Webcam,Electronics,9,3200,Pune
105398,30-05-2026,USB Drive,Accessories,5,800,Hyderabad
105399,16-05-2026,USB Drive,Accessories,6,800,Chennai
105400,12-05-2026,Printer,Electronics,7,9000,Bengaluru
105401,15-02-2026,SSD,Storage,2,6000,Pune
105402,01-04-2026,Router,Networking,8,4500,Delhi
105403,18-06-2026,USB Drive,Accessories,3,800,Pune
105404,30-05-2026,SSD,Storage,5,6000,Delhi
105405,05-05-2026,USB Drive,Accessories,1,800,Hyderabad
105406,16-01-2026,Mouse,Accessories,3,700,Hyderabad
105407,28-05-2026,Router,Networking,1,4500,Ahmedabad
105408,24-01-2026,USB Drive,Accessories,3,800,Kolkata
105409,21-05-2026,SSD,Storage,1,6000,Mumbai
105410,10-01-2026,Router,Networking,1,4500,Hyderabad
105411,22-02-2026,Webcam,Electronics,5,3200,Kolkata
105412,28-04-2026,Laptop,Electronics,3,65000,Bengaluru
105413,11-05-2026,Webcam,Electronics,2,3200,Pune
105414,05-06-2026,USB Drive,Accessories,10,800,Chennai
105415,01-04-2026,Webcam,Electronics,6,3200,Pune
105416,05-04-2026,Laptop,Electronics,6,65000,Kolkata
105417,04-02-2026,SSD,Storage,2,6000,Pune
105418,15-03-2026,Mouse,Accessories,9,700,Bengaluru
105419,26-06-2026,Headphones,Accessories,3,2500,Pune
105420,06-02-2026,Laptop,Electronics,8,65000,Bengaluru
105421,20-01-2026,USB Drive,Accessories,6,800,Bengaluru
105422,24-01-2026,Printer,Electronics,6,9000,Pune
105423,08-02-2026,Laptop,Electronics,4,65000,Bengaluru
105424,02-05-2026,USB Drive,Accessories,10,800,Delhi
105425,12-05-2026,Router,Networking,3,4500,Pune
105426,24-06-2026,Monitor,Electronics,3,15000,Bengaluru
105427,14-03-2026,Printer,Electronics,1,9000,Hyderabad
105428,22-04-2026,Monitor,Electronics,5,15000,Delhi
105429,28-05-2026,Printer,Electronics,2,9000,Delhi
105430,03-04-2026,Keyboard,Accessories,6,1200,Delhi
105431,07-01-2026,Printer,Electronics,8,9000,Bengaluru
105432,17-06-2026,Monitor,Electronics,3,15000,Mumbai
105433,22-05-2026,SSD,Storage,2,6000,Hyderabad
105434,19-03-2026,Monitor,Electronics,5,15000,Ahmedabad
105435,18-01-2026,Monitor,Electronics,4,15000,Kolkata
105436,27-06-2026,Keyboard,Accessories,8,1200,Bengaluru
105437,07-05-2026,Monitor,Electronics,5,15000,Mumbai
105438,08-02-2026,Laptop,Electronics,3,65000,Hyderabad
105439,09-05-2026,Mouse,Accessories,4,700,Chennai
105440,24-05-2026,Laptop,Electronics,3,65000,Delhi
105441,23-05-2026,Router,Networking,9,4500,Kolkata
105442,19-03-2026,Headphones,Accessories,3,2500,Mumbai
105443,23-06-2026,SSD,Storage,10,6000,Hyderabad
105444,19-02-2026,Headphones,Accessories,7,2500,Hyderabad
105445,25-01-2026,Webcam,Electronics,3,3200,Kolkata
105446,06-05-2026,Laptop,Electronics,5,65000,Mumbai
105447,04-05-2026,Mouse,Accessories,1,700,Mumbai
105448,08-06-2026,Mouse,Accessories,9,700,Delhi
105449,24-03-2026,Laptop,Electronics,2,65000,Bengaluru
105450,06-01-2026,Monitor,Electronics,5,15000,Pune
105451,21-04-2026,Laptop,Electronics,8,65000,Ahmedabad
105452,11-04-2026,Headphones,Accessories,1,2500,Pune
105453,09-02-2026,Headphones,Accessories,8,2500,Kolkata
105454,23-02-2026,Mouse,Accessories,7,700,Ahmedabad
105455,14-06-2026,Router,Networking,2,4500,Delhi
105456,22-03-2026,Webcam,Electronics,1,3200,Kolkata
105457,22-02-2026,Laptop,Electronics,7,65000,Delhi
105458,30-03-2026,SSD,Storage,10,6000,Kolkata
105459,12-04-2026,SSD,Storage,4,6000,Hyderabad
105460,25-02-2026,Webcam,Electronics,1,3200,Pune
105461,14-05-2026,Laptop,Electronics,1,65000,Mumbai
105462,12-03-2026,Laptop,Electronics,9,65000,Hyderabad
105463,18-03-2026,Monitor,Electronics,1,15000,Ahmedabad
105464,17-03-2026,Printer,Electronics,9,9000,Bengaluru
105465,04-03-2026,Webcam,Electronics,6,,Ahmedabad
105466,17-02-2026,Keyboard,Accessories,9,1200,Bengaluru
105467,25-06-2026,Headphones,Accessories,9,2500,Pune
105468,22-03-2026,Mouse,Accessories,4,700,Kolkata
105469,07-01-2026,Monitor,Electronics,5,15000,Hyderabad
105470,20-04-2026,Webcam,Electronics,9,3200,Ahmedabad
105471,20-02-2026,USB Drive,Accessories,10,800,Hyderabad
105472,17-05-2026,Laptop,Electronics,1,65000,Chennai
105473,23-04-2026,Headphones,Accessories,9,2500,Chennai
105474,13-05-2026,USB Drive,Accessories,8,800,Kolkata
105475,01-03-2026,Webcam,Electronics,2,3200,Mumbai
105476,28-04-2026,Headphones,Accessories,6,2500,Ahmedabad
105477,13-04-2026,Laptop,Electronics,2,65000,Delhi
105478,12-05-2026,Mouse,Accessories,2,700,Mumbai
105479,05-04-2026,Webcam,Electronics,3,3200,Hyderabad
105480,29-06-2026,USB Drive,Accessories,2,800,Mumbai
105481,27-01-2026,Printer,Electronics,7,9000,Kolkata
105482,20-01-2026,Mouse,Accessories,9,700,Delhi
105483,27-03-2026,Headphones,Accessories,6,2500,Pune
105484,08-03-2026,Keyboard,Accessories,7,1200,Chennai
105485,01-03-2026,Webcam,Electronics,8,3200,Delhi
105486,20-02-2026,Printer,Electronics,5,9000,Pune
105487,26-05-2026,Headphones,Accessories,7,2500,Hyderabad
105488,02-01-2026,Mouse,Accessories,2,700,Bengaluru
105489,08-02-2026,Webcam,Electronics,3,3200,Kolkata
105490,31-05-2026,Webcam,Electronics,5,3200,Ahmedabad
105491,23-02-2026,USB Drive,Accessories,9,800,Delhi
105492,29-05-2026,Headphones,Accessories,8,2500,Hyderabad
105493,08-03-2026,Laptop,Electronics,10,65000,Pune
105494,09-01-2026,Router,Networking,2,4500,Chennai
105495,05-01-2026,Monitor,Electronics,5,15000,Chennai
105496,18-02-2026,Webcam,Electronics,8,3200,Bengaluru
105497,05-05-2026,SSD,Storage,6,6000,Mumbai
105498,20-03-2026,Keyboard,Accessories,10,1200,Kolkata
105499,20-04-2026,SSD,Storage,6,6000,Ahmedabad
105500,28-06-2026,Headphones,Accessories,7,2500,Delhi
105501,04-01-2026,Mouse,Accessories,7,700,Mumbai
105502,15-06-2026,Webcam,Electronics,4,3200,Chennai
105503,28-06-2026,Headphones,Accessories,10,2500,Mumbai
105504,15-04-2026,Monitor,Electronics,9,15000,Chennai
105505,12-05-2026,SSD,Storage,8,6000,Delhi
105506,14-01-2026,Mouse,Accessories,8,700,Mumbai
105507,02-02-2026,SSD,Storage,5,6000,Kolkata
105508,20-01-2026,Monitor,Electronics,1,15000,Chennai
105509,24-05-2026,Printer,Electronics,2,9000,Bengaluru
105510,10-06-2026,Monitor,Electronics,6,15000,Hyderabad
105511,13-06-2026,Monitor,Electronics,8,15000,Ahmedabad
105512,02-04-2026,USB Drive,Accessories,8,800,Hyderabad
105513,13-01-2026,Keyboard,Accessories,7,1200,Ahmedabad
105514,01-05-2026,Mouse,Accessories,2,700,Mumbai
105515,15-05-2026,Webcam,Electronics,1,3200,Chennai
105516,19-01-2026,Laptop,Electronics,8,65000,Kolkata
105517,31-01-2026,Mouse,Accessories,5,700,Kolkata
105518,16-06-2026,Mouse,Accessories,2,700,Hyderabad
105519,16-01-2026,SSD,Storage,8,6000,Chennai
105520,06-05-2026,Monitor,Electronics,9,15000,Pune
105521,17-02-2026,Monitor,Electronics,8,15000,Chennai
105522,24-05-2026,Webcam,Electronics,,3200,Mumbai
105523,11-06-2026,Keyboard,Accessories,6,1200,Mumbai
105524,10-02-2026,Mouse,Accessories,9,700,Bengaluru
105525,12-02-2026,USB Drive,Accessories,8,800,Kolkata
105526,20-06-2026,USB Drive,Accessories,7,800,Kolkata
105527,03-04-2026,Monitor,Electronics,9,15000,Pune
105528,28-04-2026,Mouse,Accessories,7,700,Bengaluru
105529,28-01-2026,Laptop,Electronics,1,65000,Ahmedabad
105530,03-01-2026,SSD,Storage,1,6000,Ahmedabad
105531,14-05-2026,Laptop,Electronics,9,65000,Kolkata
105532,22-04-2026,SSD,Storage,4,6000,Delhi
105533,27-05-2026,Router,Networking,4,4500,Bengaluru
105534,22-06-2026,USB Drive,Accessories,8,800,Kolkata
105535,25-06-2026,Keyboard,Accessories,10,1200,Ahmedabad
105536,15-03-2026,Printer,Electronics,6,9000,Kolkata
105537,01-05-2026,USB Drive,Accessories,6,800,Bengaluru
105538,09-05-2026,Mouse,Accessories,8,700,Ahmedabad
105539,28-05-2026,Headphones,Accessories,1,2500,Hyderabad
105540,20-03-2026,Headphones,Accessories,3,2500,Kolkata
105541,15-02-2026,USB Drive,Accessories,10,800,Hyderabad
105542,02-02-2026,USB Drive,Accessories,5,800,Pune
105543,24-04-2026,Monitor,Electronics,4,15000,Delhi
105544,29-04-2026,Printer,Electronics,1,9000,Mumbai
105545,21-04-2026,Router,Networking,6,4500,Ahmedabad
105546,13-04-2026,Webcam,Electronics,6,3200,Hyderabad
105547,04-05-2026,SSD,Storage,10,6000,Pune
105548,23-02-2026,USB Drive,Accessories,7,800,Bengaluru
105549,07-05-2026,USB Drive,Accessories,4,800,Bengaluru
105550,17-05-2026,Headphones,Accessories,7,2500,Hyderabad
105551,30-04-2026,Keyboard,Accessories,4,1200,Pune
105552,29-05-2026,Monitor,Electronics,2,15000,Ahmedabad
105553,28-06-2026,Laptop,Electronics,1,65000,Bengaluru
105554,17-06-2026,Monitor,Electronics,5,15000,Ahmedabad
105555,03-01-2026,Printer,Electronics,4,9000,Hyderabad
105556,24-06-2026,Mouse,Accessories,9,700,Chennai
105557,04-04-2026,USB Drive,Accessories,2,800,Delhi
105558,10-03-2026,Webcam,Electronics,4,3200,Pune
105559,25-06-2026,Mouse,Accessories,8,700,Kolkata
105560,19-05-2026,Laptop,Electronics,7,65000,Pune
105561,20-03-2026,Printer,Electronics,3,9000,Hyderabad
105562,29-04-2026,SSD,Storage,3,6000,Hyderabad
105563,07-02-2026,Webcam,Electronics,4,3200,Kolkata
105564,14-05-2026,Router,Networking,6,4500,Bengaluru
105565,15-05-2026,Router,Networking,4,4500,Hyderabad
105566,04-06-2026,Webcam,Electronics,10,3200,Hyderabad
105567,23-06-2026,Monitor,Electronics,2,15000,Bengaluru
105568,25-01-2026,SSD,Storage,9,6000,Kolkata
105569,30-03-2026,Headphones,Accessories,2,2500,Bengaluru
105570,26-03-2026,Laptop,Electronics,7,65000,Kolkata
105571,13-06-2026,Laptop,Electronics,7,65000,Chennai
105572,07-05-2026,USB Drive,Accessories,8,800,Kolkata
105573,05-03-2026,Keyboard,Accessories,9,1200,Mumbai
105574,01-01-2026,Monitor,Electronics,9,15000,Ahmedabad
105575,08-04-2026,Keyboard,Accessories,3,1200,Kolkata
105576,03-03-2026,Webcam,Electronics,5,3200,Kolkata
105577,28-02-2026,SSD,Storage,10,6000,Chennai
105578,02-01-2026,Monitor,Electronics,9,15000,Chennai
105579,17-04-2026,Headphones,Accessories,7,2500,Hyderabad
105580,20-01-2026,Webcam,Electronics,1,3200,Delhi
105581,08-02-2026,Mouse,Accessories,1,700,Ahmedabad
105582,22-02-2026,USB Drive,Accessories,7,800,Bengaluru
105583,31-03-2026,USB Drive,Accessories,8,800,Bengaluru
105584,13-02-2026,Monitor,Electronics,5,15000,Hyderabad
105585,03-06-2026,Mouse,Accessories,7,,Mumbai
105586,29-05-2026,Mouse,Accessories,1,700,Kolkata
105587,12-04-2026,Laptop,Electronics,8,65000,Bengaluru
105588,16-04-2026,Printer,Electronics,5,9000,Hyderabad
105589,20-06-2026,Webcam,Electronics,9,3200,Chennai
105590,24-01-2026,Webcam,Electronics,7,3200,Delhi
105591,03-06-2026,Monitor,Electronics,8,15000,Pune
105592,13-06-2026,Router,Networking,2,4500,Ahmedabad
105593,05-03-2026,Printer,Electronics,7,9000,Chennai
105594,07-03-2026,Webcam,Electronics,4,3200,Ahmedabad
105595,21-05-2026,Laptop,Electronics,6,65000,Delhi
105596,18-06-2026,Headphones,Accessories,7,2500,Mumbai
105597,22-05-2026,Monitor,Electronics,8,15000,Ahmedabad
105598,24-04-2026,Mouse,Accessories,10,700,Hyderabad
105599,24-04-2026,Printer,Electronics,4,9000,Kolkata
105600,11-05-2026,Headphones,Accessories,10,2500,Bengaluru
105601,24-03-2026,Laptop,Electronics,3,65000,Kolkata
105602,13-03-2026,USB Drive,Accessories,10,800,Hyderabad
105603,18-03-2026,Monitor,Electronics,6,15000,Pune
105604,15-02-2026,Mouse,Accessories,3,700,Kolkata
105605,09-01-2026,Monitor,Electronics,9,,Delhi
105606,23-02-2026,Headphones,Accessories,5,2500,Kolkata
105607,01-01-2026,Printer,Electronics,10,9000,Kolkata
105608,08-03-2026,Webcam,Electronics,5,3200,Mumbai
105609,18-06-2026,Mouse,Accessories,7,700,Pune
105610,12-01-2026,Monitor,Electronics,10,15000,Pune
105611,31-03-2026,Router,Networking,7,4500,Mumbai
105612,13-06-2026,SSD,Storage,1,6000,Mumbai
105613,22-03-2026,Router,Networking,10,4500,Bengaluru
105614,20-05-2026,USB Drive,Accessories,,800,Pune
105615,22-03-2026,Laptop,Electronics,1,65000,Ahmedabad
105616,19-02-2026,Router,Networking,1,4500,Delhi
105617,18-01-2026,Keyboard,Accessories,5,1200,Mumbai
105618,19-05-2026,Mouse,Accessories,6,700,Mumbai
105619,03-06-2026,Printer,Electronics,10,9000,Hyderabad
105620,13-04-2026,Headphones,Accessories,1,2500,Mumbai
105621,21-06-2026,SSD,Storage,4,6000,Ahmedabad
105622,21-01-2026,Router,Networking,7,4500,Ahmedabad
105623,02-01-2026,Router,Networking,1,4500,Bengaluru
105624,02-06-2026,Monitor,Electronics,3,15000,Pune
105625,05-01-2026,Webcam,Electronics,2,3200,Hyderabad
105626,23-02-2026,Keyboard,Accessories,2,1200,Pune
105627,11-02-2026,Keyboard,Accessories,1,1200,Chennai
105628,11-01-2026,Laptop,Electronics,4,65000,Ahmedabad
105629,07-05-2026,Headphones,Accessories,9,2500,Ahmedabad
105630,07-03-2026,Router,Networking,1,4500,Bengaluru
105631,17-04-2026,Keyboard,Accessories,1,1200,Kolkata
105632,01-06-2026,Headphones,Accessories,2,2500,Mumbai
105633,13-02-2026,Mouse,Accessories,2,700,Mumbai
105634,19-05-2026,Mouse,Accessories,2,700,Hyderabad
105635,23-06-2026,SSD,Storage,10,6000,Bengaluru
105636,25-03-2026,Headphones,Accessories,10,2500,Ahmedabad
105637,29-05-2026,Keyboard,Accessories,1,1200,Mumbai
105638,14-03-2026,Headphones,Accessories,10,2500,Mumbai
105639,06-01-2026,SSD,Storage,7,6000,Kolkata
105640,21-05-2026,Laptop,Electronics,5,65000,Mumbai
105641,17-01-2026,Keyboard,Accessories,1,1200,Delhi
105642,13-05-2026,Mouse,Accessories,7,700,Delhi
105643,06-03-2026,Printer,Electronics,7,9000,Mumbai
105644,27-06-2026,SSD,Storage,8,6000,Hyderabad
105645,11-03-2026,USB Drive,Accessories,10,800,Pune
105646,08-01-2026,USB Drive,Accessories,1,800,Pune
105647,09-05-2026,Laptop,Electronics,7,65000,Ahmedabad
105648,09-03-2026,Headphones,Accessories,7,2500,Pune
105649,27-05-2026,Laptop,Electronics,8,65000,Chennai
105650,21-01-2026,Printer,Electronics,3,9000,Chennai
105651,08-06-2026,Headphones,Accessories,8,2500,Ahmedabad
105652,21-04-2026,Keyboard,Accessories,6,1200,Chennai
105653,27-04-2026,USB Drive,Accessories,7,800,Pune
105654,19-02-2026,Laptop,Electronics,2,65000,Chennai
105655,07-05-2026,Keyboard,Accessories,9,1200,Ahmedabad
105656,17-03-2026,USB Drive,Accessories,9,800,Bengaluru
105657,25-06-2026,USB Drive,Accessories,3,800,Kolkata
105658,22-01-2026,Mouse,Accessories,7,700,Kolkata
105659,22-04-2026,Laptop,Electronics,4,65000,Chennai
105660,13-04-2026,Router,Networking,10,4500,Kolkata
105661,04-05-2026,Laptop,Electronics,2,65000,Ahmedabad
105662,06-05-2026,Printer,Electronics,1,9000,Ahmedabad
105663,03-02-2026,Monitor,Electronics,2,15000,Bengaluru
105664,12-03-2026,Keyboard,Accessories,4,1200,Kolkata
105665,09-01-2026,Laptop,Electronics,9,65000,Chennai
105666,03-06-2026,USB Drive,Accessories,2,800,Delhi
105667,28-03-2026,Keyboard,Accessories,1,1200,Hyderabad
105668,26-03-2026,Monitor,Electronics,2,15000,Chennai
105669,06-04-2026,USB Drive,Accessories,1,800,Hyderabad
105670,15-03-2026,Keyboard,Accessories,4,1200,Mumbai
105671,02-01-2026,SSD,Storage,2,6000,Chennai
105672,08-03-2026,Monitor,Electronics,2,15000,Mumbai
105673,13-03-2026,Laptop,Electronics,9,65000,Hyderabad
105674,09-03-2026,Monitor,Electronics,8,15000,Bengaluru
105675,26-06-2026,Printer,Electronics,1,9000,Mumbai
105676,20-04-2026,Router,Networking,3,4500,Mumbai
105677,09-05-2026,Mouse,Accessories,1,700,Kolkata
105678,08-02-2026,Printer,Electronics,3,9000,Ahmedabad
105679,13-05-2026,SSD,Storage,7,6000,Pune
105680,10-05-2026,Webcam,Electronics,8,3200,Pune
105681,02-02-2026,USB Drive,Accessories,4,800,Bengaluru
105682,20-02-2026,Webcam,Electronics,3,3200,Bengaluru
105683,02-02-2026,Headphones,Accessories,4,2500,Ahmedabad
105684,15-05-2026,Router,Networking,3,4500,Hyderabad
105685,06-03-2026,Headphones,Accessories,6,2500,Bengaluru
105686,11-05-2026,Webcam,Electronics,,3200,Kolkata
105687,02-05-2026,USB Drive,Accessories,7,800,Bengaluru
105688,19-05-2026,Router,Networking,8,4500,Ahmedabad
105689,21-01-2026,Keyboard,Accessories,1,1200,Mumbai
105690,25-06-2026,Monitor,Electronics,7,15000,Mumbai
105691,06-04-2026,Keyboard,Accessories,7,1200,Delhi
105692,04-05-2026,Printer,Electronics,2,9000,Hyderabad
105693,01-01-2026,Mouse,Accessories,1,700,Chennai
105694,02-04-2026,Keyboard,Accessories,10,1200,Chennai
105695,01-04-2026,Webcam,Electronics,5,3200,Mumbai
105696,02-06-2026,SSD,Storage,8,6000,Pune
105697,28-02-2026,Monitor,Electronics,4,15000,Ahmedabad
105698,12-02-2026,SSD,Storage,7,6000,Mumbai
105699,07-01-2026,Laptop,Electronics,4,65000,Chennai
105700,19-03-2026,SSD,Storage,10,6000,Pune
105701,22-05-2026,USB Drive,Accessories,2,800,Mumbai
105702,02-05-2026,Router,Networking,7,4500,Bengaluru
105703,30-01-2026,Headphones,Accessories,10,2500,Chennai
105704,25-02-2026,Webcam,Electronics,7,3200,Bengaluru
105705,06-05-2026,Printer,Electronics,10,9000,Hyderabad
105706,24-02-2026,Mouse,Accessories,3,700,Pune
105707,09-03-2026,Router,Networking,1,4500,Chennai
105708,26-04-2026,Monitor,Electronics,2,15000,Hyderabad
105709,12-04-2026,Router,Networking,8,4500,Ahmedabad
105710,07-03-2026,Laptop,Electronics,8,65000,Kolkata
105711,01-04-2026,USB Drive,Accessories,,800,Kolkata
105712,05-02-2026,Keyboard,Accessories,9,1200,Bengaluru
105713,25-06-2026,Router,Networking,3,4500,Hyderabad
105714,09-05-2026,USB Drive,Accessories,9,800,Chennai
105715,23-04-2026,Keyboard,Accessories,7,1200,Hyderabad
105716,20-02-2026,Laptop,Electronics,5,65000,Kolkata
105717,26-05-2026,Keyboard,Accessories,1,1200,Kolkata
105718,09-01-2026,Printer,Electronics,9,9000,Bengaluru
105719,21-02-2026,Printer,Electronics,5,9000,Chennai
105720,29-05-2026,Router,Networking,2,4500,Chennai
105721,21-04-2026,Headphones,Accessories,2,2500,Mumbai
105722,08-01-2026,USB Drive,Accessories,4,800,Ahmedabad
105723,05-01-2026,Printer,Electronics,9,9000,Kolkata
105724,06-03-2026,Router,Networking,2,4500,Pune
105725,29-05-2026,Headphones,Accessories,6,2500,Pune
105726,27-05-2026,Printer,Electronics,3,9000,Hyderabad
105727,27-01-2026,Monitor,Electronics,7,15000,Pune
105728,28-05-2026,Webcam,Electronics,3,3200,Ahmedabad
105729,02-05-2026,Webcam,Electronics,6,3200,Kolkata
105730,19-01-2026,Monitor,Electronics,5,15000,Mumbai
105731,30-05-2026,Headphones,Accessories,4,2500,Delhi
105732,21-05-2026,Router,Networking,5,4500,Bengaluru
105733,19-02-2026,Monitor,Electronics,10,15000,Ahmedabad
105734,14-04-2026,Mouse,Accessories,6,700,Mumbai
105735,21-01-2026,Monitor,Electronics,10,15000,Delhi
105736,20-03-2026,Printer,Electronics,3,9000,Chennai
105737,08-05-2026,SSD,Storage,3,6000,Delhi
105738,23-01-2026,Laptop,Electronics,9,65000,Kolkata
105739,06-03-2026,Webcam,Electronics,10,3200,Mumbai
105740,29-03-2026,Webcam,Electronics,4,3200,Kolkata
105741,27-04-2026,SSD,Storage,10,6000,Kolkata
105742,26-04-2026,Keyboard,Accessories,1,1200,Delhi
105743,16-02-2026,Monitor,Electronics,8,15000,Bengaluru
105744,15-01-2026,Headphones,Accessories,9,2500,Ahmedabad
105745,10-02-2026,Printer,Electronics,6,9000,Pune
105746,03-04-2026,Webcam,Electronics,10,3200,Ahmedabad
105747,30-04-2026,Laptop,Electronics,2,65000,Mumbai
105748,30-04-2026,Webcam,Electronics,4,3200,Kolkata
105749,02-01-2026,SSD,Storage,7,6000,Kolkata
105750,17-01-2026,Laptop,Electronics,9,65000,Hyderabad
105751,30-03-2026,Router,Networking,7,4500,Chennai
105752,24-02-2026,Monitor,Electronics,7,15000,Delhi
105753,13-02-2026,USB Drive,Accessories,4,800,Ahmedabad
105754,18-06-2026,USB Drive,Accessories,6,800,Chennai
105755,27-03-2026,Router,Networking,8,4500,Chennai
105756,30-05-2026,Printer,Electronics,8,9000,Hyderabad
105757,12-03-2026,Webcam,Electronics,5,3200,Bengaluru
105758,06-03-2026,Laptop,Electronics,6,65000,Delhi
105759,24-05-2026,Printer,Electronics,9,9000,Hyderabad
105760,14-06-2026,SSD,Storage,5,6000,Ahmedabad
105761,31-03-2026,Printer,Electronics,9,9000,Ahmedabad
105762,15-05-2026,Laptop,Electronics,6,65000,Pune
105763,14-04-2026,SSD,Storage,4,6000,Hyderabad
105764,15-04-2026,SSD,Storage,7,6000,Delhi
105765,28-06-2026,Printer,Electronics,1,9000,Delhi
105766,12-03-2026,Mouse,Accessories,,700,Hyderabad
105767,15-02-2026,Printer,Electronics,1,9000,Bengaluru
105768,15-04-2026,Headphones,Accessories,9,2500,Kolkata
105769,22-02-2026,Monitor,Electronics,5,15000,Kolkata
105770,10-03-2026,USB Drive,Accessories,7,800,Bengaluru
105771,05-05-2026,Monitor,Electronics,10,15000,Pune
105772,02-06-2026,Keyboard,Accessories,1,1200,Chennai
105773,18-01-2026,Laptop,Electronics,2,65000,Kolkata
105774,12-01-2026,Webcam,Electronics,9,3200,Pune
105775,30-01-2026,USB Drive,Accessories,5,800,Ahmedabad
105776,02-05-2026,SSD,Storage,8,6000,Hyderabad
105777,06-01-2026,USB Drive,Accessories,2,800,Pune
105778,25-04-2026,Headphones,Accessories,5,2500,Hyderabad
105779,29-03-2026,Laptop,Electronics,6,65000,Bengaluru
105780,15-04-2026,Laptop,Electronics,3,65000,Kolkata
105781,16-05-2026,Webcam,Electronics,6,3200,Ahmedabad
105782,22-01-2026,Router,Networking,2,4500,Hyderabad
105783,13-04-2026,Mouse,Accessories,4,700,Ahmedabad
105784,29-04-2026,Printer,Electronics,6,9000,Chennai
105785,22-06-2026,Mouse,Accessories,4,700,Kolkata
105786,09-05-2026,Webcam,Electronics,1,3200,Delhi
105787,06-05-2026,SSD,Storage,2,6000,Kolkata
105788,14-06-2026,Headphones,Accessories,2,2500,Chennai
105789,11-01-2026,Webcam,Electronics,1,3200,Chennai
105790,23-04-2026,Router,Networking,5,4500,Delhi
105791,28-02-2026,Printer,Electronics,9,9000,Hyderabad
105792,21-04-2026,Headphones,Accessories,5,,Chennai
105793,09-03-2026,SSD,Storage,3,6000,Delhi
105794,18-02-2026,Mouse,Accessories,8,700,Hyderabad
105795,19-06-2026,USB Drive,Accessories,5,800,Kolkata
105796,07-05-2026,Router,Networking,6,4500,Chennai
105797,08-03-2026,Printer,Electronics,1,9000,Pune
105798,31-05-2026,Monitor,Electronics,1,15000,Delhi
105799,29-04-2026,Headphones,Accessories,,2500,Pune
105800,09-02-2026,USB Drive,Accessories,10,800,Pune
105801,10-02-2026,Monitor,Electronics,1,15000,Kolkata
105802,08-04-2026,Monitor,Electronics,4,15000,Bengaluru
105803,04-03-2026,Headphones,Accessories,7,2500,Hyderabad
105804,08-01-2026,Webcam,Electronics,10,3200,Pune
105805,12-03-2026,Laptop,Electronics,3,65000,Bengaluru
105806,07-01-2026,Mouse,Accessories,3,700,Pune
105807,25-02-2026,Mouse,Accessories,9,700,Delhi
105808,16-03-2026,Keyboard,Accessories,4,1200,Bengaluru
105809,29-06-2026,Laptop,Electronics,7,65000,Delhi
105810,19-03-2026,Router,Networking,2,4500,Hyderabad
105811,15-01-2026,Headphones,Accessories,5,2500,Hyderabad
105812,13-05-2026,Headphones,Accessories,8,2500,Ahmedabad
105813,22-02-2026,SSD,Storage,9,6000,Pune
105814,13-06-2026,Headphones,Accessories,4,2500,Mumbai
105815,18-05-2026,Keyboard,Accessories,8,1200,Bengaluru
105816,22-04-2026,Printer,Electronics,3,9000,Mumbai
105817,10-05-2026,Headphones,Accessories,3,2500,Ahmedabad
105818,25-06-2026,USB Drive,Accessories,9,800,Mumbai
105819,28-03-2026,Headphones,Accessories,10,2500,Mumbai
105820,28-05-2026,USB Drive,Accessories,10,800,Ahmedabad
105821,10-04-2026,Mouse,Accessories,6,700,Chennai
105822,12-05-2026,Router,Networking,5,4500,Pune
105823,08-01-2026,Router,Networking,10,4500,Kolkata
105824,16-03-2026,Laptop,Electronics,4,65000,Kolkata
105825,02-06-2026,Headphones,Accessories,6,2500,Hyderabad
105826,05-04-2026,Headphones,Accessories,9,2500,Bengaluru
105827,19-06-2026,Keyboard,Accessories,8,1200,Ahmedabad
105828,26-04-2026,Webcam,Electronics,8,3200,Bengaluru
105829,05-04-2026,Printer,Electronics,2,9000,Bengaluru
105830,15-03-2026,SSD,Storage,4,6000,Delhi
105831,05-01-2026,Webcam,Electronics,1,3200,Pune
105832,03-06-2026,Printer,Electronics,9,9000,Kolkata
105833,29-04-2026,Printer,Electronics,2,9000,Pune
105834,18-04-2026,Webcam,Electronics,2,3200,Hyderabad
105835,29-03-2026,Laptop,Electronics,3,65000,Chennai
105836,09-06-2026,Laptop,Electronics,7,65000,Bengaluru
105837,06-05-2026,Keyboard,Accessories,8,1200,Mumbai
105838,14-03-2026,Headphones,Accessories,2,2500,Mumbai
105839,08-05-2026,Laptop,Electronics,1,65000,Pune
105840,23-05-2026,Monitor,Electronics,5,15000,Pune
105841,04-04-2026,USB Drive,Accessories,3,800,Hyderabad
105842,22-02-2026,Headphones,Accessories,8,2500,Kolkata
105843,17-04-2026,Router,Networking,1,4500,Pune
105844,02-01-2026,Printer,Electronics,10,9000,Delhi
105845,17-03-2026,Monitor,Electronics,2,15000,Pune
105846,24-06-2026,Webcam,Electronics,9,3200,Ahmedabad
105847,30-05-2026,Monitor,Electronics,4,15000,Delhi
105848,07-06-2026,Monitor,Electronics,2,15000,Pune
105849,15-06-2026,Laptop,Electronics,2,65000,Hyderabad
105850,02-06-2026,Mouse,Accessories,2,700,Bengaluru
105851,12-01-2026,Keyboard,Accessories,7,1200,Hyderabad
105852,25-06-2026,Monitor,Electronics,4,15000,Ahmedabad
105853,31-05-2026,Laptop,Electronics,3,65000,Hyderabad
105854,20-05-2026,Router,Networking,8,4500,Mumbai
105855,24-05-2026,Router,Networking,10,4500,Ahmedabad
105856,14-05-2026,Mouse,Accessories,7,700,Hyderabad
105857,11-03-2026,Keyboard,Accessories,1,1200,Mumbai
105858,17-02-2026,Printer,Electronics,3,9000,Chennai
105859,04-05-2026,Printer,Electronics,3,9000,Chennai
105860,08-01-2026,Printer,Electronics,8,9000,Bengaluru
105861,07-05-2026,SSD,Storage,7,6000,Pune
105862,13-05-2026,Mouse,Accessories,9,700,Chennai
105863,11-03-2026,SSD,Storage,10,6000,Ahmedabad
105864,19-06-2026,Mouse,Accessories,5,700,Hyderabad
105865,26-05-2026,SSD,Storage,6,6000,Pune
105866,22-04-2026,USB Drive,Accessories,5,800,Chennai
105867,03-01-2026,Keyboard,Accessories,7,1200,Delhi
105868,23-05-2026,SSD,Storage,7,6000,Kolkata
105869,10-04-2026,USB Drive,Accessories,9,800,Bengaluru
105870,05-02-2026,SSD,Storage,3,6000,Bengaluru
105871,10-03-2026,USB Drive,Accessories,9,800,Delhi
105872,27-02-2026,Webcam,Electronics,4,3200,Chennai
105873,14-01-2026,USB Drive,Accessories,2,800,Chennai
105874,14-05-2026,Headphones,Accessories,8,2500,Chennai
105875,26-03-2026,Headphones,Accessories,10,2500,Pune
105876,22-06-2026,Webcam,Electronics,7,3200,Pune
105877,28-04-2026,Router,Networking,7,,Pune
105878,28-03-2026,Mouse,Accessories,3,700,Ahmedabad
105879,16-06-2026,USB Drive,Accessories,5,800,Chennai
105880,24-02-2026,USB Drive,Accessories,4,800,Kolkata
105881,28-01-2026,Printer,Electronics,7,9000,Chennai
105882,15-02-2026,Laptop,Electronics,1,65000,Kolkata
105883,24-04-2026,Printer,Electronics,8,9000,Bengaluru
105884,13-01-2026,Monitor,Electronics,6,15000,Pune
105885,21-06-2026,Laptop,Electronics,6,65000,Hyderabad
105886,27-02-2026,Headphones,Accessories,9,2500,Chennai
105887,18-02-2026,Keyboard,Accessories,3,1200,Ahmedabad
105888,19-04-2026,USB Drive,Accessories,4,800,Delhi
105889,13-03-2026,Keyboard,Accessories,4,1200,Kolkata
105890,11-01-2026,Router,Networking,10,4500,Ahmedabad
105891,12-01-2026,Laptop,Electronics,6,65000,Chennai
105892,31-03-2026,Webcam,Electronics,5,3200,Pune
105893,08-06-2026,SSD,Storage,1,6000,Delhi
105894,16-02-2026,Headphones,Accessories,10,2500,Mumbai
105895,16-03-2026,Monitor,Electronics,6,15000,Hyderabad
105896,12-01-2026,Printer,Electronics,1,9000,Pune
105897,01-02-2026,Monitor,Electronics,1,15000,Bengaluru
105898,05-02-2026,Mouse,Accessories,7,700,Pune
105899,21-02-2026,Webcam,Electronics,2,3200,Bengaluru
105900,12-01-2026,Printer,Electronics,4,9000,Chennai
105901,05-03-2026,Mouse,Accessories,3,700,Kolkata
105902,12-01-2026,Keyboard,Accessories,4,1200,Kolkata
105903,02-04-2026,Headphones,Accessories,9,2500,Chennai
105904,27-04-2026,Headphones,Accessories,6,2500,Bengaluru
105905,14-01-2026,Monitor,Electronics,7,15000,Delhi
105906,06-02-2026,Webcam,Electronics,6,,Pune
105907,25-06-2026,USB Drive,Accessories,9,800,Delhi
105908,23-03-2026,Webcam,Electronics,2,3200,Mumbai
105909,28-06-2026,Router,Networking,2,4500,Hyderabad
105910,16-02-2026,Monitor,Electronics,6,15000,Hyderabad
105911,28-06-2026,Monitor,Electronics,1,15000,Chennai
105912,30-05-2026,Headphones,Accessories,2,2500,Ahmedabad
105913,15-01-2026,Webcam,Electronics,10,3200,Mumbai
105914,16-05-2026,Monitor,Electronics,1,15000,Chennai
105915,16-04-2026,Router,Networking,6,4500,Mumbai
105916,27-05-2026,Laptop,Electronics,3,65000,Mumbai
105917,24-03-2026,Printer,Electronics,9,9000,Mumbai
105918,13-01-2026,SSD,Storage,4,6000,Pune
105919,05-03-2026,Monitor,Electronics,7,15000,Pune
105920,04-05-2026,Headphones,Accessories,5,2500,Delhi
105921,01-01-2026,SSD,Storage,9,6000,Chennai
105922,01-03-2026,Webcam,Electronics,8,3200,Mumbai
105923,29-04-2026,Laptop,Electronics,5,65000,Bengaluru
105924,29-03-2026,SSD,Storage,3,6000,Hyderabad
105925,24-02-2026,SSD,Storage,8,6000,Pune
105926,08-04-2026,Router,Networking,2,4500,Pune
105927,10-01-2026,Headphones,Accessories,10,2500,Hyderabad
105928,26-06-2026,SSD,Storage,4,6000,Delhi
105929,25-06-2026,Headphones,Accessories,6,2500,Kolkata
105930,05-06-2026,Router,Networking,4,4500,Ahmedabad
105931,31-05-2026,Monitor,Electronics,7,15000,Chennai
105932,18-03-2026,Laptop,Electronics,7,65000,Chennai
105933,01-04-2026,Keyboard,Accessories,6,1200,Pune
105934,30-04-2026,Laptop,Electronics,8,65000,Pune
105935,02-01-2026,SSD,Storage,5,6000,Ahmedabad
105936,18-05-2026,Headphones,Accessories,7,2500,Bengaluru
105937,26-04-2026,Mouse,Accessories,10,700,Delhi
105938,02-02-2026,USB Drive,Accessories,2,800,Delhi
105939,31-01-2026,Laptop,Electronics,10,65000,Kolkata
105940,01-01-2026,SSD,Storage,2,6000,Delhi
105941,23-05-2026,Mouse,Accessories,8,700,Bengaluru
105942,08-05-2026,USB Drive,Accessories,3,800,Ahmedabad
105943,30-04-2026,Webcam,Electronics,8,3200,Ahmedabad
105944,04-02-2026,USB Drive,Accessories,9,800,Mumbai
105945,25-05-2026,Headphones,Accessories,7,2500,Kolkata
105946,20-03-2026,USB Drive,Accessories,1,800,Pune
105947,02-06-2026,Headphones,Accessories,7,2500,Mumbai
105948,01-06-2026,Keyboard,Accessories,3,1200,Mumbai
105949,22-02-2026,Headphones,Accessories,7,2500,Ahmedabad
105950,14-03-2026,Router,Networking,10,4500,Ahmedabad
105951,02-04-2026,Mouse,Accessories,7,700,Kolkata
105952,13-06-2026,Webcam,Electronics,4,3200,Bengaluru
105953,29-01-2026,Webcam,Electronics,8,3200,Chennai
105954,08-05-2026,Webcam,Electronics,10,3200,Pune
105955,17-06-2026,Router,Networking,5,4500,Kolkata
105956,04-06-2026,SSD,Storage,10,6000,Pune
105957,07-02-2026,Laptop,Electronics,2,65000,Kolkata
105958,07-03-2026,USB Drive,Accessories,10,800,Ahmedabad
105959,29-01-2026,SSD,Storage,2,6000,Hyderabad
105960,23-02-2026,Headphones,Accessories,4,2500,Mumbai
105961,04-03-2026,Router,Networking,8,4500,Kolkata
105962,16-05-2026,Keyboard,Accessories,9,1200,Ahmedabad
105963,06-04-2026,Monitor,Electronics,4,15000,Kolkata
105964,26-06-2026,Keyboard,Accessories,1,1200,Ahmedabad
105965,06-03-2026,Webcam,Electronics,9,3200,Bengaluru
105966,14-04-2026,SSD,Storage,10,6000,Mumbai
105967,26-04-2026,Monitor,Electronics,10,15000,Bengaluru
105968,29-05-2026,Monitor,Electronics,2,15000,Kolkata
105969,27-03-2026,Laptop,Electronics,4,65000,Ahmedabad
105970,06-04-2026,Laptop,Electronics,6,65000,Ahmedabad
105971,04-05-2026,SSD,Storage,2,6000,Bengaluru
105972,21-06-2026,Printer,Electronics,4,9000,Pune
105973,05-03-2026,Router,Networking,2,4500,Pune
105974,09-01-2026,SSD,Storage,3,6000,Delhi
105975,08-06-2026,Printer,Electronics,9,9000,Kolkata
105976,01-06-2026,Headphones,Accessories,8,2500,Bengaluru
105977,06-06-2026,Printer,Electronics,4,9000,Kolkata
105978,28-04-2026,Laptop,Electronics,9,65000,Kolkata
105979,27-05-2026,Printer,Electronics,4,9000,Chennai
105980,10-03-2026,Mouse,Accessories,1,700,Chennai
105981,07-02-2026,Webcam,Electronics,10,3200,Pune
105982,13-03-2026,SSD,Storage,3,6000,Mumbai
105983,15-05-2026,Mouse,Accessories,9,700,Kolkata
105984,06-06-2026,SSD,Storage,2,6000,Hyderabad
105985,05-04-2026,Webcam,Electronics,6,3200,Mumbai
105986,26-01-2026,Mouse,Accessories,6,700,Hyderabad
105987,18-03-2026,Webcam,Electronics,6,3200,Kolkata
105988,15-03-2026,Keyboard,Accessories,7,1200,Pune
105989,24-03-2026,Printer,Electronics,7,,Bengaluru
105990,01-02-2026,Monitor,Electronics,6,15000,Bengaluru
105991,06-02-2026,Monitor,Electronics,10,15000,Mumbai
105992,24-04-2026,Monitor,Electronics,5,15000,Delhi
105993,09-06-2026,Headphones,Accessories,5,2500,Delhi
105994,17-04-2026,Laptop,Electronics,4,65000,Mumbai
105995,14-01-2026,Webcam,Electronics,10,3200,Kolkata
105996,18-02-2026,Headphones,Accessories,3,2500,Mumbai
105997,15-02-2026,Laptop,Electronics,3,65000,Ahmedabad
105998,28-03-2026,USB Drive,Accessories,2,800,Pune
105999,22-04-2026,Printer,Electronics,2,9000,Pune
106000,11-03-2026,Mouse,Accessories,4,700,Kolkata
106001,03-04-2026,Laptop,Electronics,3,65000,Mumbai
106002,26-03-2026,USB Drive,Accessories,6,800,Mumbai
106003,20-06-2026,Headphones,Accessories,8,2500,Pune
106004,15-02-2026,Printer,Electronics,10,9000,Mumbai
106005,14-06-2026,Mouse,Accessories,5,700,Chennai
106006,09-05-2026,Mouse,Accessories,5,,Mumbai
106007,25-02-2026,Router,Networking,6,4500,Hyderabad
106008,29-05-2026,Mouse,Accessories,5,700,Bengaluru
106009,02-01-2026,Mouse,Accessories,3,700,Ahmedabad
106010,19-03-2026,Laptop,Electronics,3,65000,Chennai
106011,29-06-2026,Printer,Electronics,7,9000,Kolkata
106012,14-04-2026,Headphones,Accessories,10,2500,Bengaluru
106013,29-04-2026,Keyboard,Accessories,10,1200,Ahmedabad
106014,21-06-2026,Headphones,Accessories,10,2500,Chennai
106015,11-03-2026,SSD,Storage,2,6000,Hyderabad
106016,08-02-2026,Mouse,Accessories,9,700,Mumbai
106017,18-02-2026,Laptop,Electronics,9,65000,Mumbai
106018,02-04-2026,USB Drive,Accessories,9,800,Hyderabad
106019,16-03-2026,Keyboard,Accessories,9,1200,Delhi
106020,02-02-2026,Keyboard,Accessories,5,1200,Ahmedabad
106021,21-01-2026,Monitor,Electronics,3,15000,Hyderabad
106022,06-03-2026,Keyboard,Accessories,4,1200,Delhi
106023,25-04-2026,Webcam,Electronics,7,3200,Hyderabad
106024,16-06-2026,SSD,Storage,9,6000,Kolkata
106025,12-04-2026,Webcam,Electronics,5,3200,Ahmedabad
106026,05-05-2026,Keyboard,Accessories,2,1200,Bengaluru
106027,16-03-2026,Laptop,Electronics,1,65000,Delhi
106028,05-04-2026,Mouse,Accessories,1,700,Ahmedabad
106029,07-02-2026,Printer,Electronics,8,9000,Chennai
106030,16-02-2026,USB Drive,Accessories,6,800,Hyderabad
106031,01-06-2026,Keyboard,Accessories,8,1200,Hyderabad
106032,29-05-2026,Router,Networking,6,4500,Mumbai
106033,22-05-2026,Keyboard,Accessories,9,1200,Hyderabad
106034,21-06-2026,Keyboard,Accessories,8,1200,Delhi
106035,03-05-2026,Laptop,Electronics,5,65000,Pune
106036,27-04-2026,Monitor,Electronics,2,15000,Hyderabad
106037,19-01-2026,Mouse,Accessories,7,700,Mumbai
106038,16-06-2026,Monitor,Electronics,6,15000,Delhi
106039,30-03-2026,Laptop,Electronics,8,65000,Delhi
106040,07-05-2026,Webcam,Electronics,,3200,Chennai
106041,25-05-2026,Printer,Electronics,10,9000,Kolkata
106042,20-02-2026,Headphones,Accessories,8,2500,Kolkata
106043,02-02-2026,Mouse,Accessories,4,700,Pune
106044,29-05-2026,Headphones,Accessories,2,2500,Chennai
106045,02-04-2026,Printer,Electronics,3,9000,Pune
106046,28-03-2026,Mouse,Accessories,4,700,Delhi
106047,25-03-2026,SSD,Storage,2,6000,Kolkata
106048,23-02-2026,Headphones,Accessories,2,2500,Mumbai
106049,07-01-2026,SSD,Storage,7,6000,Hyderabad
106050,20-04-2026,Monitor,Electronics,7,15000,Delhi
106051,27-03-2026,Laptop,Electronics,5,65000,Bengaluru
106052,06-02-2026,Monitor,Electronics,5,15000,Ahmedabad
106053,09-05-2026,Webcam,Electronics,1,3200,Bengaluru
106054,25-02-2026,Router,Networking,2,4500,Mumbai
106055,15-05-2026,SSD,Storage,10,6000,Chennai
106056,22-06-2026,Webcam,Electronics,6,3200,Mumbai
106057,19-01-2026,Keyboard,Accessories,8,1200,Kolkata
106058,04-03-2026,Webcam,Electronics,4,3200,Hyderabad
106059,03-03-2026,Mouse,Accessories,1,700,Bengaluru
106060,03-03-2026,Laptop,Electronics,7,65000,Chennai
106061,22-06-2026,Laptop,Electronics,1,65000,Mumbai
106062,11-05-2026,Laptop,Electronics,4,65000,Pune
106063,24-01-2026,Laptop,Electronics,1,65000,Chennai
106064,20-01-2026,Printer,Electronics,1,9000,Bengaluru
106065,13-05-2026,Printer,Electronics,7,9000,Ahmedabad
106066,17-05-2026,Webcam,Electronics,4,3200,Ahmedabad
106067,03-01-2026,Monitor,Electronics,3,15000,Chennai
106068,20-06-2026,Webcam,Electronics,5,3200,Chennai
106069,03-02-2026,Mouse,Accessories,1,700,Delhi
106070,06-01-2026,Printer,Electronics,,9000,Chennai
106071,29-01-2026,Monitor,Electronics,2,15000,Ahmedabad
106072,27-05-2026,Printer,Electronics,3,9000,Bengaluru
106073,25-06-2026,Keyboard,Accessories,4,1200,Ahmedabad
106074,03-02-2026,Mouse,Accessories,8,700,Ahmedabad
106075,22-05-2026,Webcam,Electronics,8,3200,Pune
106076,17-01-2026,Monitor,Electronics,9,15000,Bengaluru
106077,24-02-2026,SSD,Storage,9,6000,Hyderabad
106078,07-06-2026,Webcam,Electronics,3,3200,Hyderabad
106079,10-01-2026,Printer,Electronics,6,9000,Pune
106080,09-05-2026,USB Drive,Accessories,9,800,Ahmedabad
106081,27-02-2026,Printer,Electronics,2,9000,Delhi
106082,08-05-2026,SSD,Storage,7,6000,Delhi
106083,05-03-2026,Mouse,Accessories,6,700,Pune
106084,08-06-2026,Monitor,Electronics,10,15000,Pune
106085,03-03-2026,USB Drive,Accessories,3,800,Chennai
106086,03-06-2026,Monitor,Electronics,4,15000,Pune
106087,06-03-2026,Laptop,Electronics,7,65000,Kolkata
106088,27-04-2026,Laptop,Electronics,3,65000,Mumbai
106089,01-04-2026,Monitor,Electronics,8,15000,Delhi
106090,25-06-2026,Headphones,Accessories,6,2500,Pune
106091,26-02-2026,Headphones,Accessories,5,2500,Delhi
106092,26-04-2026,Router,Networking,10,4500,Bengaluru
106093,14-06-2026,Keyboard,Accessories,2,1200,Delhi
106094,27-04-2026,Keyboard,Accessories,1,1200,Chennai
106095,07-05-2026,Mouse,Accessories,2,700,Mumbai
106096,26-06-2026,Webcam,Electronics,6,3200,Delhi
106097,13-03-2026,Mouse,Accessories,1,700,Kolkata
106098,15-04-2026,Webcam,Electronics,2,3200,Chennai
106099,08-02-2026,USB Drive,Accessories,3,800,Ahmedabad
106100,16-01-2026,Printer,Electronics,10,9000,Mumbai
106101,05-01-2026,Mouse,Accessories,9,700,Hyderabad
106102,04-03-2026,Keyboard,Accessories,6,1200,Chennai
106103,18-06-2026,Printer,Electronics,4,9000,Hyderabad
106104,04-02-2026,Printer,Electronics,7,9000,Ahmedabad
106105,18-06-2026,Printer,Electronics,10,9000,Hyderabad
106106,13-06-2026,Laptop,Electronics,5,65000,Mumbai
106107,29-04-2026,Webcam,Electronics,10,3200,Bengaluru
106108,08-03-2026,USB Drive,Accessories,10,800,Chennai
106109,16-05-2026,Mouse,Accessories,2,700,Delhi
106110,24-01-2026,Router,Networking,7,4500,Bengaluru
106111,05-03-2026,Mouse,Accessories,5,700,Pune
106112,25-01-2026,Router,Networking,2,4500,Mumbai
106113,02-05-2026,Laptop,Electronics,1,65000,Ahmedabad
106114,11-03-2026,Monitor,Electronics,3,15000,Ahmedabad
106115,17-03-2026,Laptop,Electronics,6,65000,Mumbai
106116,16-06-2026,Keyboard,Accessories,4,1200,Chennai
106117,28-01-2026,Mouse,Accessories,2,700,Delhi
106118,13-06-2026,Keyboard,Accessories,1,1200,Hyderabad
106119,13-04-2026,SSD,Storage,4,6000,Bengaluru
106120,15-02-2026,Mouse,Accessories,5,700,Kolkata
106121,23-04-2026,Monitor,Electronics,6,15000,Bengaluru
106122,22-03-2026,USB Drive,Accessories,2,800,Pune
106123,21-06-2026,SSD,Storage,10,6000,Bengaluru
106124,16-04-2026,Mouse,Accessories,9,700,Pune
106125,23-02-2026,Webcam,Electronics,6,3200,Bengaluru
106126,14-06-2026,SSD,Storage,6,6000,Chennai
106127,09-01-2026,Keyboard,Accessories,4,1200,Pune
106128,01-06-2026,Monitor,Electronics,6,15000,Pune
106129,15-06-2026,Keyboard,Accessories,9,1200,Ahmedabad
106130,22-03-2026,Laptop,Electronics,8,65000,Ahmedabad
106131,24-02-2026,Headphones,Accessories,5,2500,Bengaluru
106132,02-04-2026,Keyboard,Accessories,5,1200,Ahmedabad
106133,04-05-2026,Printer,Electronics,5,9000,Kolkata
106134,09-03-2026,SSD,Storage,4,6000,Delhi
106135,13-01-2026,USB Drive,Accessories,1,800,Bengaluru
106136,10-04-2026,Printer,Electronics,9,9000,Ahmedabad
106137,04-04-2026,Headphones,Accessories,4,2500,Pune
106138,16-06-2026,Printer,Electronics,7,9000,Mumbai
106139,06-01-2026,Printer,Electronics,1,9000,Chennai
106140,01-04-2026,Monitor,Electronics,10,15000,Kolkata
106141,16-01-2026,SSD,Storage,10,6000,Bengaluru
106142,11-06-2026,Printer,Electronics,8,9000,Kolkata
106143,04-02-2026,Headphones,Accessories,2,2500,Mumbai
106144,25-06-2026,USB Drive,Accessories,1,800,Hyderabad
106145,24-06-2026,SSD,Storage,5,6000,Chennai
106146,10-03-2026,Keyboard,Accessories,8,1200,Hyderabad
106147,20-04-2026,Mouse,Accessories,8,700,Kolkata
106148,09-03-2026,Headphones,Accessories,5,2500,Pune
106149,09-06-2026,Headphones,Accessories,8,2500,Bengaluru
106150,25-04-2026,Monitor,Electronics,2,15000,Bengaluru
106151,23-04-2026,Mouse,Accessories,9,700,Chennai
106152,07-01-2026,Keyboard,Accessories,4,1200,Bengaluru
106153,02-05-2026,USB Drive,Accessories,2,800,Chennai
106154,08-01-2026,Printer,Electronics,1,9000,Pune
106155,19-06-2026,Headphones,Accessories,2,2500,Hyderabad
106156,10-05-2026,Mouse,Accessories,2,700,Bengaluru
106157,03-02-2026,Router,Networking,10,4500,Chennai
106158,23-06-2026,Headphones,Accessories,10,2500,Bengaluru
106159,24-04-2026,USB Drive,Accessories,8,800,Hyderabad
106160,09-06-2026,Monitor,Electronics,6,15000,Hyderabad
106161,13-06-2026,Webcam,Electronics,4,3200,Ahmedabad
106162,14-05-2026,Monitor,Electronics,10,15000,Bengaluru
106163,21-01-2026,Headphones,Accessories,2,2500,Delhi
106164,06-05-2026,Webcam,Electronics,3,3200,Chennai
106165,28-06-2026,Router,Networking,7,4500,Kolkata
106166,29-03-2026,Monitor,Electronics,8,15000,Ahmedabad
106167,05-03-2026,Mouse,Accessories,1,,Hyderabad
106168,17-01-2026,Router,Networking,8,4500,Pune
106169,14-01-2026,Webcam,Electronics,10,3200,Ahmedabad
106170,28-02-2026,Mouse,Accessories,3,700,Chennai
106171,22-01-2026,Printer,Electronics,9,9000,Bengaluru
106172,25-06-2026,Webcam,Electronics,6,3200,Delhi
106173,15-05-2026,Keyboard,Accessories,7,1200,Delhi
106174,01-05-2026,Keyboard,Accessories,3,1200,Ahmedabad
106175,22-01-2026,Keyboard,Accessories,2,1200,Chennai
106176,30-03-2026,Keyboard,Accessories,4,1200,Pune
106177,26-05-2026,USB Drive,Accessories,1,800,Pune
106178,08-06-2026,SSD,Storage,9,6000,Mumbai
106179,28-04-2026,Headphones,Accessories,8,2500,Bengaluru
106180,20-02-2026,Laptop,Electronics,9,65000,Kolkata
106181,01-01-2026,SSD,Storage,5,6000,Delhi
106182,13-02-2026,Printer,Electronics,2,9000,Delhi
106183,24-04-2026,Router,Networking,9,4500,Ahmedabad
106184,25-03-2026,Headphones,Accessories,9,2500,Pune
106185,28-05-2026,Mouse,Accessories,5,700,Ahmedabad
106186,15-02-2026,Monitor,Electronics,7,15000,Kolkata
106187,02-02-2026,Webcam,Electronics,3,3200,Mumbai
106188,19-05-2026,Mouse,Accessories,5,700,Chennai
106189,27-02-2026,Router,Networking,5,4500,Delhi
106190,24-06-2026,Printer,Electronics,7,9000,Kolkata
106191,08-03-2026,Monitor,Electronics,5,15000,Chennai
106192,28-01-2026,USB Drive,Accessories,7,800,Ahmedabad
106193,23-05-2026,Router,Networking,7,4500,Pune
106194,17-05-2026,Headphones,Accessories,8,2500,Mumbai
106195,14-01-2026,USB Drive,Accessories,7,800,Kolkata
106196,16-03-2026,Mouse,Accessories,9,700,Ahmedabad
106197,18-05-2026,SSD,Storage,6,6000,Mumbai
106198,10-02-2026,Printer,Electronics,10,9000,Kolkata
106199,10-03-2026,Headphones,Accessories,10,2500,Chennai
106200,05-03-2026,Webcam,Electronics,9,3200,Chennai
106201,11-01-2026,Webcam,Electronics,10,3200,Ahmedabad
106202,06-04-2026,USB Drive,Accessories,10,800,Bengaluru
106203,13-01-2026,Monitor,Electronics,3,15000,Pune
106204,08-05-2026,Mouse,Accessories,3,700,Bengaluru
106205,19-01-2026,Keyboard,Accessories,,1200,Pune
106206,28-04-2026,Router,Networking,10,4500,Pune
106207,01-03-2026,Keyboard,Accessories,5,1200,Kolkata
106208,06-01-2026,Laptop,Electronics,10,65000,Delhi
106209,27-03-2026,Webcam,Electronics,9,3200,Delhi
106210,28-06-2026,Monitor,Electronics,1,15000,Mumbai
106211,04-03-2026,USB Drive,Accessories,6,800,Pune
106212,22-04-2026,Router,Networking,5,4500,Ahmedabad
106213,23-04-2026,Laptop,Electronics,8,65000,Delhi
106214,08-05-2026,Printer,Electronics,7,9000,Hyderabad
106215,05-03-2026,Webcam,Electronics,1,3200,Mumbai
106216,19-06-2026,Webcam,Electronics,5,3200,Kolkata
106217,24-05-2026,Webcam,Electronics,2,3200,Kolkata
106218,03-03-2026,Router,Networking,8,4500,Pune
106219,03-05-2026,Webcam,Electronics,5,3200,Chennai
106220,06-04-2026,Router,Networking,7,4500,Chennai
106221,19-05-2026,Webcam,Electronics,5,3200,Pune
106222,01-03-2026,Mouse,Accessories,5,700,Ahmedabad
106223,14-02-2026,USB Drive,Accessories,4,800,Bengaluru
106224,22-01-2026,Keyboard,Accessories,3,1200,Bengaluru
106225,01-02-2026,Headphones,Accessories,10,2500,Mumbai
106226,24-02-2026,Keyboard,Accessories,1,1200,Chennai
106227,31-03-2026,USB Drive,Accessories,8,800,Pune
106228,20-06-2026,Printer,Electronics,2,9000,Kolkata
106229,10-04-2026,Laptop,Electronics,5,65000,Hyderabad
106230,28-05-2026,Mouse,Accessories,2,700,Chennai
106231,05-04-2026,Webcam,Electronics,7,3200,Ahmedabad
106232,13-04-2026,Headphones,Accessories,8,2500,Chennai
106233,04-05-2026,USB Drive,Accessories,1,800,Pune
106234,14-06-2026,Keyboard,Accessories,10,1200,Pune
106235,17-02-2026,Mouse,Accessories,8,700,Ahmedabad
106236,16-05-2026,Keyboard,Accessories,10,1200,Bengaluru
106237,30-04-2026,Headphones,Accessories,5,2500,Delhi
106238,21-04-2026,Mouse,Accessories,9,700,Bengaluru
106239,02-06-2026,Router,Networking,8,4500,Kolkata
106240,25-06-2026,Printer,Electronics,1,9000,Bengaluru
106241,20-03-2026,USB Drive,Accessories,7,800,Bengaluru
106242,23-01-2026,Printer,Electronics,4,9000,Hyderabad
106243,26-05-2026,Monitor,Electronics,4,15000,Mumbai
106244,29-01-2026,Router,Networking,5,4500,Chennai
106245,09-05-2026,Router,Networking,6,4500,Pune
106246,04-02-2026,Printer,Electronics,6,9000,Pune
106247,20-01-2026,Printer,Electronics,4,9000,Chennai
106248,30-03-2026,Webcam,Electronics,9,3200,Ahmedabad
106249,27-05-2026,Router,Networking,4,4500,Mumbai
106250,18-06-2026,Monitor,Electronics,6,15000,Kolkata
106251,08-06-2026,USB Drive,Accessories,4,800,Pune
106252,18-05-2026,USB Drive,Accessories,5,800,Bengaluru
106253,25-03-2026,USB Drive,Accessories,1,800,Mumbai
106254,21-04-2026,Keyboard,Accessories,5,1200,Chennai
106255,12-06-2026,Webcam,Electronics,7,3200,Hyderabad
106256,11-04-2026,Router,Networking,5,4500,Pune
106257,30-01-2026,Webcam,Electronics,10,3200,Delhi
106258,24-01-2026,Laptop,Electronics,3,65000,Ahmedabad
106259,20-01-2026,SSD,Storage,1,6000,Pune
106260,23-06-2026,Keyboard,Accessories,1,1200,Ahmedabad
106261,10-02-2026,Mouse,Accessories,3,700,Pune
106262,13-06-2026,Mouse,Accessories,10,700,Pune
106263,08-04-2026,Keyboard,Accessories,5,1200,Kolkata
106264,26-06-2026,Keyboard,Accessories,3,1200,Kolkata
106265,15-04-2026,Monitor,Electronics,4,15000,Pune
106266,10-01-2026,Router,Networking,3,4500,Kolkata
106267,02-02-2026,Headphones,Accessories,4,2500,Chennai
106268,04-01-2026,Monitor,Electronics,1,15000,Chennai
106269,17-01-2026,Printer,Electronics,3,9000,Chennai
106270,18-02-2026,Headphones,Accessories,1,2500,Hyderabad
106271,05-03-2026,Keyboard,Accessories,9,1200,Ahmedabad
106272,07-01-2026,Keyboard,Accessories,5,1200,Hyderabad
106273,23-01-2026,Laptop,Electronics,10,65000,Bengaluru
106274,02-03-2026,Headphones,Accessories,4,2500,Ahmedabad
106275,02-05-2026,Monitor,Electronics,8,15000,Ahmedabad
106276,12-04-2026,Mouse,Accessories,8,700,Hyderabad
106277,28-03-2026,Headphones,Accessories,5,2500,Ahmedabad
106278,25-01-2026,Keyboard,Accessories,7,1200,Hyderabad
106279,29-05-2026,Monitor,Electronics,10,15000,Chennai
106280,15-02-2026,Webcam,Electronics,1,3200,Pune
106281,16-01-2026,Mouse,Accessories,4,700,Hyderabad
106282,12-06-2026,Monitor,Electronics,10,15000,Pune
106283,10-05-2026,Keyboard,Accessories,5,1200,Hyderabad
106284,25-05-2026,Mouse,Accessories,3,700,Delhi
106285,26-02-2026,Webcam,Electronics,2,3200,Ahmedabad
106286,30-03-2026,SSD,Storage,4,6000,Pune
106287,29-04-2026,Mouse,Accessories,5,700,Mumbai
106288,18-04-2026,Keyboard,Accessories,3,1200,Kolkata
106289,17-06-2026,Headphones,Accessories,10,,Chennai
106290,06-03-2026,Monitor,Electronics,7,15000,Chennai
106291,16-03-2026,Printer,Electronics,4,9000,Kolkata
106292,31-05-2026,Mouse,Accessories,5,700,Delhi
106293,11-06-2026,Laptop,Electronics,8,65000,Ahmedabad
106294,12-04-2026,Router,Networking,4,4500,Delhi
106295,10-06-2026,Router,Networking,8,4500,Ahmedabad
106296,28-01-2026,Laptop,Electronics,10,65000,Pune
106297,25-02-2026,Laptop,Electronics,1,65000,Delhi
106298,20-06-2026,USB Drive,Accessories,4,800,Kolkata
106299,15-06-2026,Webcam,Electronics,8,3200,Pune
106300,22-05-2026,USB Drive,Accessories,2,800,Chennai
106301,29-04-2026,Laptop,Electronics,4,65000,Hyderabad
106302,26-02-2026,Keyboard,Accessories,5,1200,Kolkata
106303,16-05-2026,Printer,Electronics,2,9000,Hyderabad
106304,27-03-2026,Mouse,Accessories,8,700,Mumbai
106305,12-05-2026,Headphones,Accessories,2,2500,Ahmedabad
106306,12-04-2026,SSD,Storage,7,6000,Pune
106307,29-05-2026,USB Drive,Accessories,6,800,Hyderabad
106308,26-02-2026,Webcam,Electronics,6,3200,Kolkata
106309,11-03-2026,Router,Networking,5,4500,Bengaluru
106310,17-02-2026,Keyboard,Accessories,6,1200,Pune
106311,03-05-2026,SSD,Storage,6,6000,Bengaluru
106312,28-02-2026,Webcam,Electronics,7,3200,Chennai
106313,06-02-2026,USB Drive,Accessories,5,800,Ahmedabad
106314,12-01-2026,Router,Networking,2,4500,Bengaluru
106315,01-06-2026,Router,Networking,3,4500,Hyderabad
106316,03-04-2026,Keyboard,Accessories,5,1200,Bengaluru
106317,12-02-2026,SSD,Storage,6,6000,Chennai
106318,26-05-2026,USB Drive,Accessories,3,800,Kolkata
106319,23-06-2026,SSD,Storage,6,6000,Ahmedabad
106320,18-05-2026,Monitor,Electronics,5,15000,Delhi
106321,13-01-2026,Webcam,Electronics,9,3200,Kolkata
106322,11-04-2026,USB Drive,Accessories,10,800,Kolkata
106323,25-06-2026,Laptop,Electronics,10,65000,Kolkata
106324,10-05-2026,Keyboard,Accessories,6,1200,Pune
106325,27-03-2026,SSD,Storage,3,6000,Bengaluru
106326,27-05-2026,Webcam,Electronics,3,3200,Bengaluru
106327,23-02-2026,Keyboard,Accessories,6,1200,Ahmedabad
106328,04-03-2026,Printer,Electronics,7,9000,Bengaluru
106329,02-05-2026,Laptop,Electronics,5,65000,Hyderabad
106330,06-03-2026,Printer,Electronics,7,9000,Pune
106331,26-01-2026,Printer,Electronics,10,9000,Delhi
106332,07-04-2026,Router,Networking,7,4500,Kolkata
106333,14-05-2026,Router,Networking,8,4500,Bengaluru
106334,11-03-2026,Printer,Electronics,10,9000,Delhi
106335,04-03-2026,SSD,Storage,6,6000,Pune
106336,17-04-2026,Mouse,Accessories,4,700,Hyderabad
106337,28-06-2026,Monitor,Electronics,2,15000,Mumbai
106338,12-04-2026,SSD,Storage,4,6000,Mumbai
106339,04-02-2026,Monitor,Electronics,8,15000,Hyderabad
106340,11-06-2026,SSD,Storage,9,6000,Bengaluru
106341,10-02-2026,Laptop,Electronics,2,65000,Pune
106342,16-02-2026,Laptop,Electronics,1,65000,Mumbai
106343,04-04-2026,Keyboard,Accessories,4,1200,Kolkata
106344,13-06-2026,Monitor,Electronics,2,,Bengaluru
106345,21-01-2026,Keyboard,Accessories,8,1200,Kolkata
106346,04-05-2026,Keyboard,Accessories,1,1200,Pune
106347,04-06-2026,Laptop,Electronics,4,65000,Ahmedabad
106348,12-06-2026,Headphones,Accessories,7,2500,Delhi
106349,02-01-2026,Laptop,Electronics,2,65000,Mumbai
106350,29-04-2026,USB Drive,Accessories,6,800,Bengaluru
106351,17-03-2026,Printer,Electronics,9,9000,Ahmedabad
106352,30-01-2026,Headphones,Accessories,2,2500,Chennai
106353,22-04-2026,SSD,Storage,2,6000,Delhi
106354,26-06-2026,Router,Networking,8,4500,Bengaluru
106355,09-01-2026,Printer,Electronics,1,9000,Delhi
106356,20-05-2026,Monitor,Electronics,5,15000,Mumbai
106357,15-02-2026,Monitor,Electronics,3,15000,Delhi
106358,07-01-2026,Headphones,Accessories,10,2500,Chennai
106359,28-06-2026,Mouse,Accessories,9,700,Pune
106360,17-02-2026,Webcam,Electronics,7,3200,Delhi
106361,11-02-2026,Mouse,Accessories,4,700,Pune
106362,16-03-2026,Keyboard,Accessories,9,1200,Bengaluru
106363,09-04-2026,Webcam,Electronics,1,3200,Kolkata
106364,25-04-2026,Router,Networking,2,4500,Ahmedabad
106365,18-05-2026,USB Drive,Accessories,3,,Pune
106366,25-01-2026,Headphones,Accessories,4,2500,Bengaluru
106367,21-04-2026,Webcam,Electronics,4,3200,Delhi
106368,07-06-2026,SSD,Storage,5,6000,Pune
106369,23-02-2026,Laptop,Electronics,5,65000,Hyderabad
106370,20-01-2026,SSD,Storage,9,6000,Pune
106371,08-01-2026,Webcam,Electronics,6,,Chennai
106372,09-05-2026,Headphones,Accessories,3,2500,Ahmedabad
106373,25-04-2026,Laptop,Electronics,4,65000,Kolkata
106374,26-04-2026,SSD,Storage,8,,Hyderabad
106375,07-01-2026,Webcam,Electronics,7,3200,Delhi
106376,28-03-2026,Router,Networking,4,4500,Delhi
106377,22-01-2026,Webcam,Electronics,3,3200,Ahmedabad
106378,04-03-2026,Keyboard,Accessories,9,1200,Hyderabad
106379,03-02-2026,Laptop,Electronics,6,65000,Mumbai
106380,19-02-2026,Printer,Electronics,1,9000,Kolkata
106381,17-05-2026,Laptop,Electronics,2,65000,Pune
106382,08-01-2026,Keyboard,Accessories,5,1200,Mumbai
106383,22-06-2026,Webcam,Electronics,5,3200,Mumbai
106384,23-01-2026,Webcam,Electronics,1,3200,Pune
106385,23-04-2026,SSD,Storage,7,6000,Hyderabad
106386,11-06-2026,Mouse,Accessories,3,700,Chennai
106387,15-01-2026,Webcam,Electronics,10,3200,Mumbai
106388,05-03-2026,Router,Networking,9,4500,Mumbai
106389,26-01-2026,Printer,Electronics,6,9000,Kolkata
106390,29-04-2026,Webcam,Electronics,7,3200,Pune
106391,03-02-2026,Printer,Electronics,10,9000,Ahmedabad
106392,10-01-2026,SSD,Storage,3,6000,Chennai
106393,26-03-2026,Mouse,Accessories,8,700,Delhi
106394,03-02-2026,Keyboard,Accessories,4,1200,Pune
106395,28-02-2026,Printer,Electronics,8,9000,Ahmedabad
106396,18-06-2026,Keyboard,Accessories,6,1200,Delhi
106397,08-06-2026,Headphones,Accessories,10,2500,Chennai
106398,15-05-2026,SSD,Storage,9,6000,Ahmedabad
106399,14-02-2026,Webcam,Electronics,3,3200,Hyderabad
106400,25-02-2026,Headphones,Accessories,8,2500,Bengaluru
106401,29-06-2026,Printer,Electronics,1,9000,Kolkata
106402,20-06-2026,USB Drive,Accessories,4,800,Chennai
106403,09-04-2026,Printer,Electronics,9,9000,Ahmedabad
106404,05-03-2026,SSD,Storage,9,6000,Kolkata
106405,23-06-2026,Headphones,Accessories,3,2500,Kolkata
106406,19-06-2026,Webcam,Electronics,7,3200,Ahmedabad
106407,05-03-2026,Headphones,Accessories,4,2500,Delhi
106408,10-04-2026,Keyboard,Accessories,1,1200,Hyderabad
106409,04-03-2026,Printer,Electronics,1,9000,Bengaluru
106410,24-01-2026,Headphones,Accessories,7,2500,Pune
106411,15-02-2026,USB Drive,Accessories,4,800,Kolkata
106412,16-02-2026,Monitor,Electronics,4,15000,Chennai
106413,10-03-2026,Headphones,Accessories,6,2500,Chennai
106414,22-02-2026,Printer,Electronics,5,9000,Mumbai
106415,30-04-2026,Headphones,Accessories,5,2500,Pune
106416,03-05-2026,Printer,Electronics,3,9000,Chennai
106417,15-02-2026,Printer,Electronics,7,9000,Pune
106418,20-01-2026,Keyboard,Accessories,10,1200,Kolkata
106419,11-03-2026,Webcam,Electronics,10,3200,Kolkata
106420,15-03-2026,Keyboard,Accessories,10,1200,Ahmedabad
106421,14-02-2026,Printer,Electronics,8,9000,Ahmedabad
106422,06-04-2026,SSD,Storage,2,6000,Delhi
106423,29-04-2026,Headphones,Accessories,2,2500,Mumbai
106424,16-05-2026,Monitor,Electronics,5,15000,Hyderabad
106425,13-01-2026,Headphones,Accessories,8,2500,Chennai
106426,25-03-2026,Monitor,Electronics,2,15000,Bengaluru
106427,06-03-2026,USB Drive,Accessories,5,800,Ahmedabad
106428,17-05-2026,USB Drive,Accessories,3,800,Mumbai
106429,10-03-2026,USB Drive,Accessories,1,800,Kolkata
106430,30-01-2026,Laptop,Electronics,7,65000,Kolkata
106431,04-03-2026,Webcam,Electronics,5,3200,Bengaluru
106432,17-01-2026,Router,Networking,8,4500,Delhi
106433,09-04-2026,Headphones,Accessories,1,2500,Chennai
106434,23-04-2026,Mouse,Accessories,6,700,Bengaluru
106435,23-03-2026,Laptop,Electronics,3,65000,Kolkata
106436,12-01-2026,Laptop,Electronics,5,65000,Ahmedabad
106437,12-02-2026,Router,Networking,10,4500,Hyderabad
106438,13-06-2026,Keyboard,Accessories,2,1200,Kolkata
106439,21-01-2026,Printer,Electronics,10,9000,Delhi
106440,29-04-2026,SSD,Storage,7,6000,Ahmedabad
106441,10-05-2026,Printer,Electronics,3,9000,Mumbai
106442,15-03-2026,Mouse,Accessories,5,700,Kolkata
106443,04-01-2026,Webcam,Electronics,4,3200,Kolkata
106444,18-01-2026,Headphones,Accessories,10,2500,Pune
106445,03-06-2026,SSD,Storage,5,6000,Ahmedabad
106446,28-06-2026,USB Drive,Accessories,4,800,Bengaluru
106447,01-06-2026,Monitor,Electronics,1,15000,Ahmedabad
106448,18-06-2026,SSD,Storage,9,6000,Ahmedabad
106449,22-04-2026,Laptop,Electronics,8,65000,Delhi
106450,05-04-2026,SSD,Storage,4,6000,Mumbai
106451,23-03-2026,Laptop,Electronics,5,65000,Delhi
106452,02-03-2026,Headphones,Accessories,7,2500,Pune
106453,22-05-2026,USB Drive,Accessories,10,800,Delhi
106454,08-06-2026,USB Drive,Accessories,4,800,Kolkata
106455,05-01-2026,Webcam,Electronics,6,3200,Mumbai
106456,15-01-2026,Mouse,Accessories,9,700,Bengaluru
106457,08-04-2026,Printer,Electronics,5,9000,Bengaluru
106458,13-03-2026,Headphones,Accessories,10,2500,Hyderabad
106459,24-03-2026,USB Drive,Accessories,6,800,Chennai
106460,14-06-2026,Monitor,Electronics,8,15000,Pune
106461,10-01-2026,Webcam,Electronics,7,3200,Pune
106462,28-04-2026,Monitor,Electronics,8,15000,Pune
106463,09-02-2026,Headphones,Accessories,2,2500,Chennai
106464,18-04-2026,Webcam,Electronics,10,3200,Ahmedabad
106465,25-03-2026,Keyboard,Accessories,3,1200,Bengaluru
106466,09-06-2026,Printer,Electronics,10,9000,Kolkata
106467,25-03-2026,Keyboard,Accessories,4,1200,Chennai
106468,23-06-2026,SSD,Storage,10,6000,Hyderabad
106469,20-06-2026,Router,Networking,6,4500,Delhi
106470,24-05-2026,Printer,Electronics,2,9000,Bengaluru
106471,14-03-2026,Keyboard,Accessories,7,1200,Pune
106472,26-02-2026,Router,Networking,6,4500,Ahmedabad
106473,07-04-2026,Monitor,Electronics,6,15000,Mumbai
106474,21-03-2026,Keyboard,Accessories,7,1200,Delhi
106475,11-05-2026,Headphones,Accessories,3,2500,Hyderabad
106476,09-03-2026,USB Drive,Accessories,2,800,Ahmedabad
106477,18-02-2026,Webcam,Electronics,3,3200,Pune
106478,04-06-2026,Monitor,Electronics,4,15000,Mumbai
106479,06-06-2026,Mouse,Accessories,8,700,Kolkata
106480,13-01-2026,Monitor,Electronics,4,15000,Hyderabad
106481,16-01-2026,Router,Networking,6,4500,Chennai
106482,05-03-2026,USB Drive,Accessories,7,800,Delhi
106483,11-06-2026,SSD,Storage,4,6000,Delhi
106484,10-02-2026,Mouse,Accessories,1,700,Ahmedabad
106485,16-04-2026,Webcam,Electronics,8,3200,Kolkata
106486,29-03-2026,Webcam,Electronics,7,3200,Pune
106487,08-06-2026,Laptop,Electronics,4,65000,Mumbai
106488,07-06-2026,Headphones,Accessories,5,2500,Mumbai
106489,28-01-2026,Laptop,Electronics,3,65000,Pune
106490,06-04-2026,Monitor,Electronics,4,15000,Bengaluru
106491,19-02-2026,Monitor,Electronics,4,15000,Hyderabad
106492,04-04-2026,Mouse,Accessories,5,700,Pune
106493,08-01-2026,Webcam,Electronics,1,3200,Kolkata
106494,05-02-2026,USB Drive,Accessories,1,800,Mumbai
106495,23-03-2026,Mouse,Accessories,5,700,Kolkata
106496,10-02-2026,Mouse,Accessories,7,700,Hyderabad
106497,07-03-2026,Keyboard,Accessories,8,1200,Ahmedabad
106498,05-03-2026,Laptop,Electronics,3,65000,Pune
106499,03-05-2026,Keyboard,Accessories,6,1200,Hyderabad
106500,03-04-2026,Router,Networking,10,4500,Mumbai
106501,11-02-2026,Headphones,Accessories,9,2500,Mumbai
106502,01-06-2026,SSD,Storage,5,6000,Mumbai
106503,09-04-2026,Headphones,Accessories,10,2500,Chennai
106504,22-03-2026,USB Drive,Accessories,5,800,Pune
106505,06-02-2026,Monitor,Electronics,,15000,Pune
106506,13-02-2026,Printer,Electronics,3,9000,Kolkata
106507,07-05-2026,Router,Networking,6,4500,Delhi
106508,18-01-2026,Router,Networking,10,4500,Pune
106509,12-01-2026,Mouse,Accessories,5,700,Hyderabad
106510,19-04-2026,Webcam,Electronics,3,3200,Delhi
106511,02-02-2026,Router,Networking,1,4500,Mumbai
106512,29-04-2026,Webcam,Electronics,1,3200,Chennai
106513,29-06-2026,USB Drive,Accessories,1,800,Mumbai
106514,26-02-2026,Printer,Electronics,1,9000,Bengaluru
106515,25-06-2026,Mouse,Accessories,7,700,Pune
106516,15-02-2026,Webcam,Electronics,6,3200,Hyderabad
106517,02-02-2026,Router,Networking,7,4500,Pune
106518,24-01-2026,Headphones,Accessories,1,2500,Mumbai
106519,30-03-2026,Headphones,Accessories,8,2500,Kolkata
106520,23-06-2026,USB Drive,Accessories,2,800,Chennai
106521,12-01-2026,SSD,Storage,4,6000,Kolkata
106522,06-03-2026,USB Drive,Accessories,1,800,Pune
106523,31-01-2026,USB Drive,Accessories,2,800,Hyderabad
106524,31-05-2026,Headphones,Accessories,7,2500,Chennai
106525,06-04-2026,Mouse,Accessories,9,700,Kolkata
106526,18-01-2026,SSD,Storage,3,6000,Kolkata
106527,26-05-2026,Webcam,Electronics,5,3200,Kolkata
106528,29-05-2026,Webcam,Electronics,9,3200,Kolkata
106529,20-02-2026,Mouse,Accessories,10,700,Pune
106530,11-02-2026,Webcam,Electronics,1,3200,Bengaluru
106531,16-02-2026,Headphones,Accessories,10,2500,Bengaluru
106532,02-03-2026,Laptop,Electronics,2,65000,Delhi
106533,29-01-2026,Webcam,Electronics,7,3200,Mumbai
106534,27-05-2026,Router,Networking,7,4500,Delhi
106535,15-05-2026,Headphones,Accessories,6,2500,Kolkata
106536,08-02-2026,Keyboard,Accessories,4,1200,Kolkata
106537,01-05-2026,Monitor,Electronics,6,15000,Chennai
106538,12-02-2026,SSD,Storage,9,6000,Chennai
106539,03-01-2026,Laptop,Electronics,4,65000,Hyderabad
106540,05-01-2026,Monitor,Electronics,3,15000,Ahmedabad
106541,19-03-2026,USB Drive,Accessories,4,800,Hyderabad
106542,29-03-2026,USB Drive,Accessories,2,800,Bengaluru
106543,04-01-2026,Monitor,Electronics,,15000,Pune
106544,10-05-2026,USB Drive,Accessories,3,800,Hyderabad
106545,16-06-2026,Mouse,Accessories,2,700,Mumbai
106546,30-04-2026,Webcam,Electronics,10,3200,Kolkata
106547,19-04-2026,USB Drive,Accessories,7,800,Chennai
106548,03-05-2026,Keyboard,Accessories,9,1200,Kolkata
106549,25-03-2026,SSD,Storage,9,6000,Hyderabad
106550,25-06-2026,Webcam,Electronics,10,3200,Chennai
106551,08-01-2026,Monitor,Electronics,8,15000,Hyderabad
106552,20-06-2026,Mouse,Accessories,4,700,Pune
106553,02-02-2026,Webcam,Electronics,6,3200,Pune
106554,13-01-2026,Monitor,Electronics,1,15000,Delhi
106555,27-04-2026,Mouse,Accessories,3,700,Pune
106556,08-02-2026,Printer,Electronics,10,9000,Mumbai
106557,09-05-2026,Headphones,Accessories,3,2500,Hyderabad
106558,10-05-2026,Router,Networking,3,4500,Mumbai
106559,25-03-2026,Mouse,Accessories,5,700,Kolkata
106560,10-03-2026,SSD,Storage,2,6000,Kolkata
106561,01-04-2026,Webcam,Electronics,7,3200,Bengaluru
106562,04-02-2026,USB Drive,Accessories,2,800,Chennai
106563,25-05-2026,Laptop,Electronics,3,65000,Chennai
106564,29-05-2026,Printer,Electronics,4,9000,Chennai
106565,23-03-2026,Webcam,Electronics,8,3200,Kolkata
106566,20-01-2026,Monitor,Electronics,9,15000,Pune
106567,05-01-2026,Laptop,Electronics,10,65000,Pune
106568,13-04-2026,Webcam,Electronics,9,3200,Pune
106569,01-06-2026,Monitor,Electronics,7,15000,Chennai
106570,23-01-2026,Keyboard,Accessories,8,1200,Pune
106571,21-06-2026,Monitor,Electronics,7,15000,Delhi
106572,23-04-2026,Keyboard,Accessories,1,1200,Hyderabad
106573,12-06-2026,Monitor,Electronics,9,15000,Mumbai
106574,10-02-2026,Laptop,Electronics,10,65000,Ahmedabad
106575,20-04-2026,Monitor,Electronics,8,15000,Ahmedabad
106576,27-02-2026,Printer,Electronics,5,9000,Kolkata
106577,03-04-2026,USB Drive,Accessories,,800,Delhi
106578,30-03-2026,USB Drive,Accessories,6,800,Hyderabad
106579,31-05-2026,USB Drive,Accessories,8,800,Kolkata
106580,26-04-2026,Monitor,Electronics,10,15000,Delhi
106581,01-06-2026,Headphones,Accessories,5,2500,Ahmedabad
106582,03-03-2026,Laptop,Electronics,6,65000,Mumbai
106583,15-01-2026,Keyboard,Accessories,6,1200,Bengaluru
106584,19-04-2026,USB Drive,Accessories,3,800,Delhi
106585,25-06-2026,Laptop,Electronics,10,65000,Delhi
106586,24-01-2026,Printer,Electronics,7,9000,Ahmedabad
106587,04-01-2026,Laptop,Electronics,1,65000,Delhi
106588,09-01-2026,Webcam,Electronics,4,3200,Chennai
106589,11-04-2026,Webcam,Electronics,4,3200,Chennai
106590,04-03-2026,USB Drive,Accessories,10,800,Delhi
106591,22-05-2026,SSD,Storage,5,6000,Pune
106592,28-05-2026,USB Drive,Accessories,8,800,Mumbai
106593,21-02-2026,Laptop,Electronics,6,65000,Chennai
106594,17-06-2026,Keyboard,Accessories,6,1200,Delhi
106595,20-02-2026,Headphones,Accessories,10,2500,Chennai
106596,12-02-2026,SSD,Storage,5,6000,Ahmedabad
106597,09-06-2026,SSD,Storage,10,6000,Bengaluru
106598,05-03-2026,Router,Networking,9,4500,Ahmedabad
106599,10-04-2026,USB Drive,Accessories,1,800,Bengaluru
106600,15-05-2026,SSD,Storage,6,6000,Hyderabad
106601,21-03-2026,Laptop,Electronics,4,65000,Ahmedabad
106602,21-05-2026,Monitor,Electronics,9,15000,Hyderabad
106603,06-01-2026,Router,Networking,2,4500,Bengaluru
106604,26-06-2026,SSD,Storage,4,6000,Ahmedabad
106605,03-01-2026,Keyboard,Accessories,7,1200,Bengaluru
106606,02-01-2026,Webcam,Electronics,2,3200,Mumbai
106607,22-05-2026,Headphones,Accessories,2,2500,Mumbai
106608,20-01-2026,Webcam,Electronics,9,3200,Ahmedabad
106609,14-04-2026,Webcam,Electronics,8,3200,Bengaluru
106610,09-01-2026,Monitor,Electronics,1,15000,Ahmedabad
106611,23-03-2026,Webcam,Electronics,5,3200,Bengaluru
106612,02-03-2026,Laptop,Electronics,4,65000,Ahmedabad
106613,16-05-2026,Webcam,Electronics,2,3200,Chennai
106614,02-06-2026,Webcam,Electronics,3,3200,Ahmedabad
106615,17-01-2026,Monitor,Electronics,7,15000,Ahmedabad
106616,08-03-2026,Headphones,Accessories,2,2500,Hyderabad
106617,26-04-2026,Headphones,Accessories,3,2500,Chennai
106618,23-06-2026,Router,Networking,9,4500,Bengaluru
106619,18-04-2026,SSD,Storage,10,6000,Pune
106620,27-01-2026,Mouse,Accessories,2,700,Hyderabad
106621,01-03-2026,Router,Networking,6,4500,Chennai
106622,18-04-2026,Webcam,Electronics,1,3200,Kolkata
106623,17-05-2026,Laptop,Electronics,10,65000,Hyderabad
106624,18-01-2026,SSD,Storage,4,6000,Delhi
106625,15-02-2026,Webcam,Electronics,6,3200,Hyderabad
106626,10-06-2026,Printer,Electronics,6,9000,Hyderabad
106627,19-05-2026,SSD,Storage,3,6000,Pune
106628,05-02-2026,Printer,Electronics,6,9000,Pune
106629,28-03-2026,Webcam,Electronics,9,3200,Kolkata
106630,19-02-2026,Router,Networking,,4500,Bengaluru
106631,10-03-2026,Keyboard,Accessories,8,1200,Kolkata
106632,11-02-2026,Router,Networking,7,4500,Chennai
106633,04-05-2026,USB Drive,Accessories,3,800,Ahmedabad
106634,07-01-2026,Monitor,Electronics,9,15000,Ahmedabad
106635,24-05-2026,Webcam,Electronics,3,3200,Hyderabad
106636,01-02-2026,SSD,Storage,3,6000,Chennai
106637,24-01-2026,Keyboard,Accessories,4,1200,Delhi
106638,11-04-2026,Keyboard,Accessories,6,1200,Mumbai
106639,09-05-2026,Headphones,Accessories,5,2500,Bengaluru
106640,23-03-2026,Router,Networking,9,4500,Mumbai
106641,08-03-2026,Laptop,Electronics,1,65000,Hyderabad
106642,08-01-2026,Monitor,Electronics,3,15000,Hyderabad
106643,25-03-2026,Printer,Electronics,,9000,Kolkata
106644,03-04-2026,Webcam,Electronics,2,3200,Kolkata
106645,17-06-2026,Keyboard,Accessories,2,1200,Pune
106646,16-01-2026,Router,Networking,7,4500,Pune
106647,09-04-2026,Printer,Electronics,4,9000,Bengaluru
106648,23-02-2026,Laptop,Electronics,10,65000,Ahmedabad
106649,15-02-2026,Router,Networking,10,4500,Kolkata
106650,30-04-2026,Monitor,Electronics,7,15000,Hyderabad
106651,05-01-2026,Router,Networking,5,4500,Bengaluru
106652,11-04-2026,Keyboard,Accessories,9,1200,Hyderabad
106653,29-06-2026,USB Drive,Accessories,5,800,Chennai
106654,20-06-2026,Webcam,Electronics,5,3200,Kolkata
106655,03-03-2026,Printer,Electronics,4,9000,Hyderabad
106656,25-01-2026,Laptop,Electronics,2,65000,Kolkata
106657,21-04-2026,Keyboard,Accessories,3,1200,Pune
106658,20-03-2026,Mouse,Accessories,5,700,Pune
106659,27-04-2026,SSD,Storage,7,6000,Pune
106660,20-01-2026,Mouse,Accessories,1,700,Mumbai
106661,10-01-2026,USB Drive,Accessories,7,800,Delhi
106662,16-02-2026,USB Drive,Accessories,1,800,Mumbai
106663,24-04-2026,Printer,Electronics,10,9000,Mumbai
106664,08-04-2026,Keyboard,Accessories,5,1200,Kolkata
106665,10-04-2026,Webcam,Electronics,9,3200,Ahmedabad
106666,26-02-2026,Keyboard,Accessories,2,1200,Bengaluru
106667,24-06-2026,Printer,Electronics,3,9000,Hyderabad
106668,30-03-2026,Printer,Electronics,5,9000,Mumbai
106669,18-01-2026,Laptop,Electronics,8,65000,Pune
106670,07-01-2026,Keyboard,Accessories,4,1200,Pune
106671,13-06-2026,Laptop,Electronics,7,65000,Pune
106672,01-03-2026,Monitor,Electronics,4,15000,Mumbai
106673,07-03-2026,Webcam,Electronics,10,3200,Mumbai
106674,13-02-2026,SSD,Storage,9,6000,Bengaluru
106675,10-02-2026,Laptop,Electronics,3,65000,Mumbai
106676,02-04-2026,Keyboard,Accessories,1,1200,Pune
106677,05-02-2026,Mouse,Accessories,8,700,Mumbai
106678,10-02-2026,USB Drive,Accessories,10,800,Delhi
106679,25-03-2026,Laptop,Electronics,8,65000,Bengaluru
106680,13-03-2026,SSD,Storage,2,6000,Hyderabad
106681,14-01-2026,Monitor,Electronics,3,15000,Bengaluru
106682,05-05-2026,Printer,Electronics,10,9000,Hyderabad
106683,24-05-2026,Monitor,Electronics,9,15000,Hyderabad
106684,04-05-2026,USB Drive,Accessories,6,800,Chennai
106685,09-02-2026,Router,Networking,6,4500,Hyderabad
106686,07-01-2026,Router,Networking,7,4500,Chennai
106687,23-05-2026,USB Drive,Accessories,4,800,Delhi
106688,12-05-2026,Headphones,Accessories,1,2500,Chennai
106689,21-06-2026,Router,Networking,8,4500,Delhi
106690,22-03-2026,Mouse,Accessories,9,700,Ahmedabad
106691,13-02-2026,Mouse,Accessories,1,700,Chennai
106692,07-03-2026,Webcam,Electronics,10,3200,Mumbai
106693,01-05-2026,Mouse,Accessories,8,700,Delhi
106694,08-01-2026,Monitor,Electronics,5,15000,Chennai
106695,16-05-2026,USB Drive,Accessories,6,800,Hyderabad
106696,03-05-2026,Printer,Electronics,5,9000,Delhi
106697,24-04-2026,Keyboard,Accessories,4,1200,Chennai
106698,01-05-2026,Printer,Electronics,2,9000,Delhi
106699,19-02-2026,USB Drive,Accessories,9,800,Bengaluru
106700,02-04-2026,Keyboard,Accessories,9,1200,Chennai
106701,02-01-2026,Printer,Electronics,4,9000,Mumbai
106702,13-04-2026,Laptop,Electronics,3,65000,Pune
106703,04-05-2026,Webcam,Electronics,6,3200,Kolkata
106704,24-05-2026,Printer,Electronics,9,9000,Mumbai
106705,20-04-2026,Monitor,Electronics,7,15000,Pune
106706,08-02-2026,Printer,Electronics,9,9000,Ahmedabad
106707,09-04-2026,Printer,Electronics,3,9000,Hyderabad
106708,06-06-2026,Monitor,Electronics,1,15000,Pune
106709,03-03-2026,SSD,Storage,6,6000,Kolkata
106710,11-01-2026,Router,Networking,9,4500,Ahmedabad
106711,02-03-2026,Printer,Electronics,1,9000,Ahmedabad
106712,19-03-2026,Webcam,Electronics,6,3200,Ahmedabad
106713,29-04-2026,Laptop,Electronics,5,65000,Delhi
106714,28-05-2026,USB Drive,Accessories,8,800,Pune
106715,10-04-2026,Headphones,Accessories,10,2500,Kolkata
106716,25-01-2026,Laptop,Electronics,4,65000,Pune
106717,01-05-2026,Monitor,Electronics,7,15000,Mumbai
106718,14-01-2026,Router,Networking,1,4500,Ahmedabad
106719,22-03-2026,USB Drive,Accessories,10,800,Delhi
106720,02-05-2026,Keyboard,Accessories,2,1200,Ahmedabad
106721,19-06-2026,Webcam,Electronics,2,3200,Mumbai
106722,10-04-2026,Headphones,Accessories,9,2500,Hyderabad
106723,20-03-2026,Mouse,Accessories,2,700,Pune
106724,23-04-2026,Router,Networking,7,4500,Bengaluru
106725,09-04-2026,Headphones,Accessories,8,2500,Mumbai
106726,22-05-2026,Keyboard,Accessories,10,1200,Ahmedabad
106727,24-05-2026,SSD,Storage,9,6000,Bengaluru
106728,08-03-2026,SSD,Storage,10,6000,Delhi
106729,13-06-2026,Router,Networking,5,4500,Pune
106730,05-04-2026,Monitor,Electronics,8,15000,Chennai
106731,24-02-2026,Webcam,Electronics,7,3200,Pune
106732,25-05-2026,USB Drive,Accessories,8,800,Kolkata
106733,09-06-2026,Printer,Electronics,5,9000,Mumbai
106734,11-03-2026,Printer,Electronics,,9000,Chennai
106735,10-01-2026,Webcam,Electronics,6,3200,Mumbai
106736,14-01-2026,USB Drive,Accessories,5,800,Ahmedabad
106737,10-02-2026,SSD,Storage,7,6000,Pune
106738,20-03-2026,Keyboard,Accessories,8,1200,Chennai
106739,31-05-2026,Webcam,Electronics,10,3200,Pune
106740,30-01-2026,SSD,Storage,8,6000,Kolkata
106741,11-06-2026,Headphones,Accessories,5,2500,Ahmedabad
106742,24-05-2026,Monitor,Electronics,8,15000,Pune
106743,18-02-2026,SSD,Storage,3,6000,Delhi
106744,21-04-2026,Webcam,Electronics,8,3200,Kolkata
106745,01-01-2026,Mouse,Accessories,8,700,Delhi
106746,07-03-2026,Laptop,Electronics,3,65000,Delhi
106747,12-01-2026,Printer,Electronics,2,9000,Kolkata
106748,07-05-2026,Webcam,Electronics,6,3200,Delhi
106749,23-04-2026,Mouse,Accessories,3,700,Ahmedabad
106750,27-01-2026,Webcam,Electronics,7,3200,Delhi
106751,16-04-2026,Printer,Electronics,3,9000,Delhi
106752,26-06-2026,Printer,Electronics,4,9000,Ahmedabad
106753,15-04-2026,Webcam,Electronics,7,3200,Ahmedabad
106754,09-01-2026,Keyboard,Accessories,6,1200,Kolkata
106755,13-06-2026,Monitor,Electronics,10,15000,Kolkata
106756,11-03-2026,Webcam,Electronics,3,3200,Chennai
106757,09-04-2026,Webcam,Electronics,9,3200,Hyderabad
106758,22-04-2026,SSD,Storage,1,6000,Pune
106759,29-06-2026,Headphones,Accessories,1,2500,Mumbai
106760,02-03-2026,Printer,Electronics,1,9000,Ahmedabad
106761,27-02-2026,Mouse,Accessories,3,700,Delhi
106762,21-04-2026,USB Drive,Accessories,8,800,Chennai
106763,17-06-2026,Laptop,Electronics,6,65000,Chennai
106764,10-02-2026,Mouse,Accessories,7,700,Pune
106765,27-02-2026,Keyboard,Accessories,9,1200,Ahmedabad
106766,21-05-2026,Laptop,Electronics,6,65000,Delhi
106767,27-03-2026,Webcam,Electronics,4,3200,Ahmedabad
106768,23-05-2026,Router,Networking,7,4500,Pune
106769,04-02-2026,USB Drive,Accessories,2,800,Delhi
106770,31-03-2026,Headphones,Accessories,,2500,Bengaluru
106771,09-06-2026,Headphones,Accessories,1,2500,Chennai
106772,16-03-2026,Mouse,Accessories,3,700,Kolkata
106773,17-06-2026,Keyboard,Accessories,6,1200,Kolkata
106774,05-03-2026,Headphones,Accessories,7,2500,Bengaluru
106775,27-03-2026,Headphones,Accessories,2,2500,Ahmedabad
106776,27-06-2026,Headphones,Accessories,2,2500,Chennai
106777,31-05-2026,Headphones,Accessories,4,2500,Ahmedabad
106778,20-02-2026,Printer,Electronics,5,9000,Delhi
106779,21-06-2026,Mouse,Accessories,10,700,Bengaluru
106780,29-01-2026,Monitor,Electronics,5,15000,Chennai
106781,24-06-2026,USB Drive,Accessories,2,800,Kolkata
106782,27-03-2026,Monitor,Electronics,3,15000,Chennai
106783,26-04-2026,Laptop,Electronics,9,65000,Mumbai
106784,11-03-2026,Router,Networking,2,4500,Mumbai
106785,07-06-2026,Router,Networking,9,4500,Chennai
106786,05-03-2026,Webcam,Electronics,5,3200,Mumbai
106787,04-02-2026,USB Drive,Accessories,9,800,Hyderabad
106788,03-01-2026,Laptop,Electronics,9,65000,Delhi
106789,26-03-2026,Router,Networking,1,4500,Hyderabad
106790,25-02-2026,Printer,Electronics,1,9000,Mumbai
106791,27-06-2026,Laptop,Electronics,6,65000,Hyderabad
106792,29-03-2026,Router,Networking,7,4500,Delhi
106793,12-06-2026,Keyboard,Accessories,2,1200,Mumbai
106794,16-04-2026,USB Drive,Accessories,10,800,Bengaluru
106795,12-06-2026,Mouse,Accessories,3,700,Kolkata
106796,25-04-2026,USB Drive,Accessories,5,800,Pune
106797,25-05-2026,Router,Networking,4,4500,Ahmedabad
106798,10-03-2026,SSD,Storage,9,6000,Chennai
106799,30-05-2026,Headphones,Accessories,10,2500,Delhi
106800,29-05-2026,Keyboard,Accessories,1,1200,Chennai
106801,21-04-2026,Headphones,Accessories,7,2500,Mumbai
106802,18-04-2026,USB Drive,Accessories,6,800,Mumbai
106803,24-02-2026,Laptop,Electronics,5,65000,Delhi
106804,19-03-2026,Monitor,Electronics,9,15000,Chennai
106805,16-06-2026,Mouse,Accessories,7,700,Kolkata
106806,06-02-2026,SSD,Storage,6,6000,Bengaluru
106807,27-02-2026,Laptop,Electronics,8,65000,Ahmedabad
106808,09-04-2026,Printer,Electronics,2,9000,Hyderabad
106809,21-06-2026,SSD,Storage,6,6000,Pune
106810,06-05-2026,Printer,Electronics,6,9000,Delhi
106811,26-06-2026,Headphones,Accessories,9,2500,Delhi
106812,13-05-2026,Monitor,Electronics,6,15000,Chennai
106813,06-02-2026,Webcam,Electronics,9,3200,Mumbai
106814,31-05-2026,Keyboard,Accessories,1,1200,Kolkata
106815,06-06-2026,Monitor,Electronics,3,15000,Kolkata
106816,06-02-2026,Webcam,Electronics,7,3200,Kolkata
106817,18-05-2026,Monitor,Electronics,2,15000,Hyderabad
106818,07-03-2026,Mouse,Accessories,9,700,Pune
106819,28-03-2026,Webcam,Electronics,9,3200,Delhi
106820,11-02-2026,Keyboard,Accessories,9,1200,Ahmedabad
106821,21-01-2026,Laptop,Electronics,7,65000,Delhi
106822,04-02-2026,USB Drive,Accessories,10,800,Pune
106823,20-06-2026,Monitor,Electronics,5,15000,Chennai
106824,28-06-2026,Monitor,Electronics,10,15000,Bengaluru
106825,03-03-2026,Mouse,Accessories,9,700,Kolkata
106826,30-04-2026,SSD,Storage,1,6000,Ahmedabad
106827,07-03-2026,Webcam,Electronics,8,3200,Delhi
106828,25-01-2026,Mouse,Accessories,1,700,Chennai
106829,05-03-2026,Webcam,Electronics,9,3200,Mumbai
106830,14-06-2026,Router,Networking,8,4500,Pune
106831,14-06-2026,Monitor,Electronics,4,15000,Chennai
106832,06-02-2026,Keyboard,Accessories,6,1200,Bengaluru
106833,04-02-2026,Printer,Electronics,3,9000,Ahmedabad
106834,26-04-2026,Keyboard,Accessories,8,1200,Pune
106835,13-01-2026,Keyboard,Accessories,2,1200,Pune
106836,17-02-2026,Mouse,Accessories,2,700,Chennai
106837,21-04-2026,Laptop,Electronics,4,65000,Hyderabad
106838,30-05-2026,USB Drive,Accessories,9,800,Chennai
106839,15-02-2026,Laptop,Electronics,5,65000,Hyderabad
106840,05-04-2026,Router,Networking,10,4500,Delhi
106841,09-04-2026,SSD,Storage,4,6000,Pune
106842,03-03-2026,Keyboard,Accessories,1,1200,Pune
106843,21-03-2026,USB Drive,Accessories,2,800,Ahmedabad
106844,01-06-2026,Printer,Electronics,7,9000,Ahmedabad
106845,15-05-2026,Mouse,Accessories,9,700,Kolkata
106846,25-02-2026,USB Drive,Accessories,2,800,Pune
106847,08-06-2026,Printer,Electronics,6,9000,Mumbai
106848,30-01-2026,Router,Networking,6,4500,Pune
106849,11-06-2026,Laptop,Electronics,2,65000,Ahmedabad
106850,05-05-2026,SSD,Storage,7,6000,Kolkata
106851,01-04-2026,Printer,Electronics,10,9000,Ahmedabad
106852,26-05-2026,Mouse,Accessories,8,700,Bengaluru
106853,06-01-2026,Laptop,Electronics,9,65000,Delhi
106854,25-01-2026,Printer,Electronics,3,9000,Kolkata
106855,02-06-2026,Laptop,Electronics,7,65000,Ahmedabad
106856,24-03-2026,SSD,Storage,6,6000,Delhi
106857,25-05-2026,USB Drive,Accessories,8,800,Delhi
106858,19-06-2026,Router,Networking,,4500,Pune
106859,12-05-2026,Webcam,Electronics,3,3200,Ahmedabad
106860,22-06-2026,Printer,Electronics,10,9000,Bengaluru
106861,08-06-2026,Printer,Electronics,9,9000,Pune
106862,30-01-2026,Webcam,Electronics,2,3200,Pune
106863,17-01-2026,Keyboard,Accessories,4,1200,Hyderabad
106864,25-03-2026,Monitor,Electronics,7,15000,Ahmedabad
106865,08-05-2026,Webcam,Electronics,4,3200,Bengaluru
106866,10-04-2026,Headphones,Accessories,9,2500,Hyderabad
106867,20-06-2026,Mouse,Accessories,1,700,Ahmedabad
106868,03-06-2026,Mouse,Accessories,,700,Mumbai
106869,11-06-2026,Keyboard,Accessories,9,1200,Mumbai
106870,19-06-2026,SSD,Storage,10,6000,Kolkata
106871,11-04-2026,USB Drive,Accessories,10,800,Chennai
106872,02-05-2026,Keyboard,Accessories,2,1200,Bengaluru
106873,16-03-2026,Monitor,Electronics,6,15000,Hyderabad
106874,13-01-2026,Monitor,Electronics,3,15000,Pune
106875,06-02-2026,Headphones,Accessories,6,2500,Kolkata
106876,06-05-2026,Monitor,Electronics,6,15000,Mumbai
106877,15-01-2026,Webcam,Electronics,3,3200,Chennai
106878,29-04-2026,USB Drive,Accessories,5,800,Mumbai
106879,16-02-2026,USB Drive,Accessories,2,800,Hyderabad
106880,18-06-2026,USB Drive,Accessories,4,800,Bengaluru
106881,23-04-2026,Headphones,Accessories,7,2500,Delhi
106882,30-05-2026,Headphones,Accessories,2,2500,Kolkata
106883,13-04-2026,Monitor,Electronics,1,15000,Kolkata
106884,07-02-2026,Mouse,Accessories,1,700,Chennai
106885,15-01-2026,Webcam,Electronics,9,3200,Delhi
106886,18-03-2026,Router,Networking,2,4500,Pune
106887,20-02-2026,Webcam,Electronics,4,3200,Bengaluru
106888,04-05-2026,Keyboard,Accessories,10,1200,Kolkata
106889,23-04-2026,Webcam,Electronics,8,3200,Chennai
106890,13-05-2026,SSD,Storage,10,6000,Mumbai
106891,16-02-2026,SSD,Storage,10,6000,Mumbai
106892,25-03-2026,Printer,Electronics,9,9000,Ahmedabad
106893,03-01-2026,Laptop,Electronics,3,65000,Mumbai
106894,24-02-2026,Keyboard,Accessories,7,1200,Chennai
106895,18-04-2026,Laptop,Electronics,3,65000,Chennai
106896,20-01-2026,Headphones,Accessories,8,2500,Mumbai
106897,15-05-2026,Printer,Electronics,3,9000,Mumbai
106898,01-06-2026,Headphones,Accessories,7,2500,Pune
106899,28-03-2026,Router,Networking,10,4500,Pune
106900,03-04-2026,Keyboard,Accessories,9,1200,Delhi
106901,22-04-2026,Monitor,Electronics,1,15000,Bengaluru
106902,21-05-2026,Keyboard,Accessories,10,1200,Pune
106903,06-02-2026,Router,Networking,8,4500,Pune
106904,19-02-2026,Headphones,Accessories,10,2500,Bengaluru
106905,16-04-2026,Router,Networking,5,4500,Kolkata
106906,12-03-2026,Headphones,Accessories,6,2500,Hyderabad
106907,27-01-2026,Laptop,Electronics,2,65000,Delhi
106908,15-05-2026,Router,Networking,1,4500,Kolkata
106909,21-03-2026,Headphones,Accessories,1,2500,Mumbai
106910,16-06-2026,Laptop,Electronics,6,65000,Kolkata
106911,05-05-2026,SSD,Storage,8,6000,Ahmedabad
106912,22-04-2026,Mouse,Accessories,10,700,Kolkata
106913,07-04-2026,Monitor,Electronics,7,15000,Pune
106914,04-03-2026,Monitor,Electronics,4,15000,Chennai
106915,27-05-2026,USB Drive,Accessories,4,800,Bengaluru
106916,09-02-2026,USB Drive,Accessories,3,800,Mumbai
106917,30-03-2026,Laptop,Electronics,3,65000,Ahmedabad
106918,04-03-2026,Printer,Electronics,6,9000,Mumbai
106919,03-06-2026,Printer,Electronics,1,9000,Chennai
106920,02-05-2026,Keyboard,Accessories,7,1200,Kolkata
106921,11-02-2026,SSD,Storage,2,6000,Ahmedabad
106922,26-04-2026,Monitor,Electronics,7,15000,Pune
106923,29-05-2026,Mouse,Accessories,10,700,Chennai
106924,05-05-2026,Monitor,Electronics,7,15000,Ahmedabad
106925,15-06-2026,Router,Networking,9,4500,Chennai
106926,10-05-2026,SSD,Storage,6,6000,Ahmedabad
106927,30-01-2026,Monitor,Electronics,2,15000,Chennai
106928,09-03-2026,Printer,Electronics,10,9000,Kolkata
106929,04-03-2026,SSD,Storage,6,6000,Ahmedabad
106930,03-05-2026,Webcam,Electronics,5,3200,Mumbai
106931,06-02-2026,Monitor,Electronics,9,15000,Pune
106932,09-04-2026,Mouse,Accessories,10,700,Ahmedabad
106933,27-03-2026,Headphones,Accessories,8,2500,Hyderabad
106934,02-02-2026,Keyboard,Accessories,10,1200,Delhi
106935,24-03-2026,SSD,Storage,1,6000,Mumbai
106936,23-04-2026,Monitor,Electronics,7,15000,Delhi
106937,24-03-2026,SSD,Storage,2,6000,Bengaluru
106938,16-03-2026,USB Drive,Accessories,3,800,Ahmedabad
106939,27-01-2026,Keyboard,Accessories,4,1200,Delhi
106940,15-04-2026,Headphones,Accessories,4,2500,Hyderabad
106941,05-04-2026,SSD,Storage,8,6000,Delhi
106942,27-05-2026,USB Drive,Accessories,3,800,Mumbai
106943,02-06-2026,USB Drive,Accessories,1,800,Pune
106944,12-06-2026,Webcam,Electronics,9,3200,Ahmedabad
106945,18-02-2026,Webcam,Electronics,7,3200,Ahmedabad
106946,27-04-2026,Monitor,Electronics,10,15000,Hyderabad
106947,22-04-2026,USB Drive,Accessories,7,800,Ahmedabad
106948,09-05-2026,Headphones,Accessories,6,2500,Delhi
106949,25-06-2026,Printer,Electronics,5,9000,Ahmedabad
106950,05-02-2026,SSD,Storage,7,6000,Delhi
106951,25-06-2026,Mouse,Accessories,1,700,Bengaluru
106952,26-06-2026,Keyboard,Accessories,7,1200,Bengaluru
106953,30-03-2026,Printer,Electronics,7,9000,Chennai
106954,21-06-2026,Mouse,Accessories,6,700,Ahmedabad
106955,24-04-2026,Headphones,Accessories,4,2500,Ahmedabad
106956,12-02-2026,Printer,Electronics,6,9000,Ahmedabad
106957,21-06-2026,Laptop,Electronics,9,65000,Ahmedabad
106958,26-03-2026,Headphones,Accessories,4,2500,Pune
106959,20-02-2026,USB Drive,Accessories,6,800,Kolkata
106960,14-05-2026,Monitor,Electronics,10,15000,Ahmedabad
106961,28-06-2026,Laptop,Electronics,6,65000,Delhi
106962,15-04-2026,SSD,Storage,7,6000,Bengaluru
106963,17-05-2026,Mouse,Accessories,6,700,Ahmedabad
106964,08-01-2026,Keyboard,Accessories,8,1200,Pune
106965,27-02-2026,Webcam,Electronics,10,3200,Bengaluru
106966,29-01-2026,Printer,Electronics,10,9000,Ahmedabad
106967,27-01-2026,Webcam,Electronics,,3200,Hyderabad
106968,25-05-2026,Laptop,Electronics,9,65000,Kolkata
106969,24-05-2026,Printer,Electronics,9,9000,Mumbai
106970,19-04-2026,Webcam,Electronics,3,3200,Pune
106971,20-06-2026,USB Drive,Accessories,1,800,Pune
106972,31-03-2026,SSD,Storage,6,6000,Pune
106973,16-03-2026,Mouse,Accessories,1,700,Ahmedabad
106974,04-05-2026,Keyboard,Accessories,6,1200,Bengaluru
106975,26-03-2026,Router,Networking,10,4500,Delhi
106976,10-06-2026,Router,Networking,6,4500,Bengaluru
106977,24-02-2026,Headphones,Accessories,8,2500,Ahmedabad
106978,11-06-2026,Keyboard,Accessories,1,1200,Mumbai
106979,05-01-2026,Printer,Electronics,2,9000,Chennai
106980,29-05-2026,Monitor,Electronics,2,15000,Mumbai
106981,20-04-2026,Mouse,Accessories,2,700,Kolkata
106982,22-04-2026,Mouse,Accessories,4,700,Chennai
106983,23-04-2026,Headphones,Accessories,1,2500,Chennai
106984,27-03-2026,Router,Networking,5,4500,Bengaluru
106985,03-02-2026,Webcam,Electronics,1,3200,Delhi
106986,16-06-2026,USB Drive,Accessories,5,800,Hyderabad
106987,27-03-2026,USB Drive,Accessories,6,800,Delhi
106988,23-06-2026,Monitor,Electronics,7,15000,Chennai
106989,05-05-2026,Keyboard,Accessories,3,1200,Mumbai
106990,05-05-2026,Laptop,Electronics,9,65000,Mumbai
106991,17-03-2026,Keyboard,Accessories,5,1200,Kolkata
106992,13-04-2026,Monitor,Electronics,10,15000,Delhi
106993,08-03-2026,Headphones,Accessories,4,2500,Delhi
106994,11-03-2026,Router,Networking,9,4500,Bengaluru
106995,22-03-2026,Mouse,Accessories,5,700,Mumbai
106996,23-04-2026,Laptop,Electronics,10,65000,Hyderabad
106997,19-01-2026,Webcam,Electronics,1,3200,Mumbai
106998,12-04-2026,USB Drive,Accessories,9,800,Delhi
106999,28-02-2026,Router,Networking,5,4500,Bengaluru
107000,21-05-2026,Mouse,Accessories,6,700,Pune
107001,08-03-2026,USB Drive,Accessories,7,800,Hyderabad
107002,29-01-2026,Keyboard,Accessories,6,1200,Ahmedabad
107003,14-04-2026,SSD,Storage,9,6000,Bengaluru
107004,30-05-2026,Headphones,Accessories,8,2500,Chennai
107005,06-05-2026,Printer,Electronics,6,9000,Ahmedabad
107006,31-01-2026,Webcam,Electronics,4,3200,Pune
107007,07-05-2026,Mouse,Accessories,7,700,Kolkata
107008,22-01-2026,Printer,Electronics,5,9000,Pune
107009,10-01-2026,Printer,Electronics,5,9000,Kolkata
107010,08-03-2026,Printer,Electronics,6,9000,Bengaluru
107011,03-06-2026,USB Drive,Accessories,10,800,Chennai
107012,23-01-2026,SSD,Storage,2,6000,Ahmedabad
107013,23-05-2026,Laptop,Electronics,5,65000,Kolkata
107014,04-02-2026,Laptop,Electronics,10,65000,Hyderabad
107015,24-04-2026,Monitor,Electronics,10,15000,Bengaluru
107016,21-03-2026,Keyboard,Accessories,8,,Ahmedabad
107017,14-03-2026,Mouse,Accessories,5,700,Chennai
107018,01-01-2026,Keyboard,Accessories,7,1200,Hyderabad
107019,14-03-2026,Keyboard,Accessories,6,1200,Hyderabad
107020,06-02-2026,USB Drive,Accessories,3,800,Chennai
107021,01-02-2026,Headphones,Accessories,6,,Pune
107022,11-03-2026,Keyboard,Accessories,6,1200,Pune
107023,02-01-2026,Headphones,Accessories,7,2500,Delhi
107024,11-05-2026,Printer,Electronics,9,9000,Ahmedabad
107025,10-02-2026,Webcam,Electronics,2,3200,Chennai
107026,09-01-2026,Keyboard,Accessories,10,1200,Mumbai
107027,05-03-2026,Keyboard,Accessories,7,1200,Hyderabad
107028,09-02-2026,USB Drive,Accessories,3,800,Kolkata
107029,23-04-2026,Printer,Electronics,7,9000,Mumbai
107030,29-05-2026,Printer,Electronics,7,9000,Ahmedabad
107031,17-03-2026,SSD,Storage,3,6000,Hyderabad
107032,19-01-2026,Monitor,Electronics,7,15000,Ahmedabad
107033,10-02-2026,USB Drive,Accessories,7,800,Delhi
107034,25-06-2026,Headphones,Accessories,4,2500,Ahmedabad
107035,15-06-2026,Router,Networking,4,4500,Mumbai
107036,12-04-2026,Mouse,Accessories,4,700,Delhi
107037,29-03-2026,Monitor,Electronics,5,15000,Hyderabad
107038,18-02-2026,Monitor,Electronics,2,15000,Mumbai
107039,12-05-2026,Laptop,Electronics,2,65000,Delhi
107040,10-02-2026,Monitor,Electronics,7,15000,Mumbai
107041,02-06-2026,Monitor,Electronics,9,15000,Pune
107042,19-02-2026,Mouse,Accessories,2,700,Hyderabad
107043,25-05-2026,Webcam,Electronics,9,3200,Hyderabad
107044,08-03-2026,Mouse,Accessories,6,700,Kolkata
107045,20-04-2026,Laptop,Electronics,9,65000,Kolkata
107046,01-04-2026,Laptop,Electronics,5,65000,Kolkata
107047,17-06-2026,Keyboard,Accessories,3,1200,Bengaluru
107048,07-02-2026,Headphones,Accessories,2,2500,Bengaluru
107049,20-04-2026,Mouse,Accessories,4,700,Bengaluru
107050,17-01-2026,Laptop,Electronics,9,65000,Ahmedabad
107051,07-06-2026,SSD,Storage,8,6000,Bengaluru
107052,07-06-2026,Router,Networking,2,4500,Ahmedabad
107053,14-06-2026,Headphones,Accessories,3,2500,Kolkata
107054,18-04-2026,Headphones,Accessories,1,2500,Mumbai
107055,11-04-2026,Router,Networking,3,4500,Hyderabad
107056,01-05-2026,Monitor,Electronics,1,15000,Mumbai
107057,13-03-2026,Monitor,Electronics,10,15000,Bengaluru
107058,07-01-2026,Laptop,Electronics,6,65000,Kolkata
107059,15-02-2026,USB Drive,Accessories,1,800,Chennai
107060,07-05-2026,Printer,Electronics,9,9000,Ahmedabad
107061,09-06-2026,Router,Networking,9,4500,Mumbai
107062,01-03-2026,Keyboard,Accessories,8,1200,Pune
107063,14-02-2026,Keyboard,Accessories,10,1200,Bengaluru
107064,28-05-2026,Webcam,Electronics,3,3200,Delhi
107065,29-01-2026,Printer,Electronics,10,9000,Chennai
107066,06-05-2026,Headphones,Accessories,5,2500,Kolkata
107067,21-03-2026,Headphones,Accessories,10,2500,Delhi
107068,02-05-2026,SSD,Storage,3,6000,Kolkata
107069,25-02-2026,USB Drive,Accessories,7,800,Hyderabad
107070,03-05-2026,Headphones,Accessories,6,2500,Delhi
107071,13-03-2026,Headphones,Accessories,9,2500,Delhi
107072,04-01-2026,Webcam,Electronics,8,3200,Delhi
107073,18-02-2026,Mouse,Accessories,8,700,Mumbai
107074,28-02-2026,Headphones,Accessories,10,,Hyderabad
107075,23-02-2026,Monitor,Electronics,2,15000,Kolkata
107076,29-05-2026,USB Drive,Accessories,5,800,Chennai
107077,14-04-2026,Laptop,Electronics,2,65000,Hyderabad
107078,25-03-2026,Keyboard,Accessories,1,1200,Bengaluru
107079,09-04-2026,Laptop,Electronics,10,65000,Chennai
107080,03-02-2026,USB Drive,Accessories,7,800,Mumbai
107081,08-04-2026,Mouse,Accessories,5,700,Bengaluru
107082,18-02-2026,Mouse,Accessories,1,700,Ahmedabad
107083,31-01-2026,SSD,Storage,10,6000,Chennai
107084,12-01-2026,Headphones,Accessories,2,2500,Pune
107085,08-01-2026,Router,Networking,2,4500,Delhi
107086,27-03-2026,USB Drive,Accessories,8,800,Pune
107087,10-02-2026,USB Drive,Accessories,4,800,Ahmedabad
107088,21-04-2026,Monitor,Electronics,6,15000,Delhi
107089,08-02-2026,Keyboard,Accessories,9,1200,Mumbai
107090,14-01-2026,USB Drive,Accessories,7,800,Bengaluru
107091,17-03-2026,SSD,Storage,3,6000,Ahmedabad
107092,23-04-2026,Webcam,Electronics,5,3200,Delhi
107093,05-04-2026,Webcam,Electronics,2,3200,Bengaluru
107094,07-05-2026,SSD,Storage,10,6000,Pune
107095,11-02-2026,USB Drive,Accessories,2,800,Mumbai
107096,13-04-2026,Router,Networking,4,4500,Pune
107097,30-01-2026,Mouse,Accessories,2,700,Mumbai
107098,10-02-2026,Printer,Electronics,9,9000,Chennai
107099,17-04-2026,Webcam,Electronics,4,3200,Hyderabad
107100,24-04-2026,Mouse,Accessories,8,700,Chennai
107101,24-01-2026,SSD,Storage,1,6000,Pune
107102,21-03-2026,Headphones,Accessories,1,2500,Delhi
107103,19-02-2026,Printer,Electronics,1,9000,Mumbai
107104,07-05-2026,USB Drive,Accessories,2,800,Hyderabad
107105,16-06-2026,Laptop,Electronics,2,65000,Hyderabad
107106,17-05-2026,Monitor,Electronics,2,15000,Mumbai
107107,27-04-2026,Keyboard,Accessories,1,1200,Ahmedabad
107108,31-05-2026,USB Drive,Accessories,6,800,Delhi
107109,08-01-2026,Mouse,Accessories,10,700,Pune
107110,16-03-2026,Keyboard,Accessories,7,1200,Ahmedabad
107111,22-05-2026,Keyboard,Accessories,5,1200,Chennai
107112,22-02-2026,Printer,Electronics,3,9000,Mumbai
107113,01-02-2026,Printer,Electronics,8,9000,Kolkata
107114,22-04-2026,Keyboard,Accessories,5,1200,Bengaluru
107115,28-02-2026,Laptop,Electronics,7,65000,Bengaluru
107116,19-01-2026,Mouse,Accessories,7,700,Delhi
107117,27-02-2026,Router,Networking,10,4500,Pune
107118,07-06-2026,Keyboard,Accessories,4,1200,Kolkata
107119,23-03-2026,Keyboard,Accessories,2,1200,Kolkata
107120,07-03-2026,Headphones,Accessories,4,2500,Kolkata
107121,11-03-2026,SSD,Storage,,6000,Pune
107122,15-06-2026,Printer,Electronics,2,9000,Ahmedabad
107123,17-06-2026,Mouse,Accessories,4,700,Kolkata
107124,03-03-2026,Mouse,Accessories,1,700,Delhi
107125,13-06-2026,Webcam,Electronics,9,3200,Pune
107126,26-04-2026,USB Drive,Accessories,1,800,Hyderabad
107127,04-01-2026,Printer,Electronics,2,9000,Chennai
107128,13-06-2026,Printer,Electronics,8,9000,Hyderabad
107129,10-03-2026,Monitor,Electronics,6,15000,Ahmedabad
107130,05-03-2026,USB Drive,Accessories,10,800,Kolkata
107131,09-05-2026,Headphones,Accessories,3,2500,Hyderabad
107132,20-01-2026,Webcam,Electronics,6,3200,Hyderabad
107133,02-05-2026,Laptop,Electronics,2,65000,Pune
107134,09-06-2026,USB Drive,Accessories,9,800,Delhi
107135,08-06-2026,Headphones,Accessories,3,2500,Pune
107136,09-01-2026,SSD,Storage,6,6000,Mumbai
107137,16-05-2026,Printer,Electronics,8,9000,Delhi
107138,12-04-2026,Monitor,Electronics,10,15000,Chennai
107139,20-01-2026,USB Drive,Accessories,2,800,Chennai
107140,10-01-2026,USB Drive,Accessories,3,800,Delhi
107141,11-05-2026,Router,Networking,1,4500,Mumbai
107142,01-02-2026,Keyboard,Accessories,2,1200,Bengaluru
107143,22-05-2026,Keyboard,Accessories,3,1200,Bengaluru
107144,26-03-2026,USB Drive,Accessories,8,800,Hyderabad
107145,13-05-2026,Headphones,Accessories,7,2500,Ahmedabad
107146,29-06-2026,Mouse,Accessories,5,700,Bengaluru
107147,08-05-2026,Webcam,Electronics,4,3200,Ahmedabad
107148,01-03-2026,Webcam,Electronics,5,3200,Chennai
107149,08-02-2026,Laptop,Electronics,10,65000,Hyderabad
107150,04-05-2026,Printer,Electronics,2,9000,Mumbai
107151,08-06-2026,SSD,Storage,5,6000,Pune
107152,26-05-2026,Keyboard,Accessories,6,1200,Delhi
107153,28-05-2026,Headphones,Accessories,6,2500,Ahmedabad
107154,07-05-2026,SSD,Storage,10,6000,Bengaluru
107155,06-05-2026,Monitor,Electronics,8,15000,Hyderabad
107156,14-05-2026,Mouse,Accessories,7,700,Mumbai
107157,02-02-2026,SSD,Storage,3,6000,Mumbai
107158,18-06-2026,Mouse,Accessories,4,700,Delhi
107159,02-05-2026,Headphones,Accessories,4,2500,Delhi
107160,15-02-2026,Printer,Electronics,7,9000,Chennai
107161,27-01-2026,Keyboard,Accessories,4,1200,Bengaluru
107162,28-02-2026,Keyboard,Accessories,1,1200,Pune
107163,02-05-2026,Laptop,Electronics,10,65000,Mumbai
107164,05-03-2026,Webcam,Electronics,1,3200,Ahmedabad
107165,13-05-2026,Monitor,Electronics,8,15000,Mumbai
107166,19-04-2026,Router,Networking,3,4500,Delhi
107167,08-06-2026,SSD,Storage,4,6000,Hyderabad
107168,20-01-2026,Webcam,Electronics,9,3200,Hyderabad
107169,19-05-2026,Laptop,Electronics,4,65000,Ahmedabad
107170,01-03-2026,Router,Networking,2,4500,Ahmedabad
107171,16-01-2026,Printer,Electronics,10,9000,Pune
107172,22-03-2026,Printer,Electronics,1,9000,Delhi
107173,04-01-2026,Headphones,Accessories,4,2500,Bengaluru
107174,22-02-2026,Printer,Electronics,9,9000,Delhi
107175,20-06-2026,Router,Networking,3,4500,Pune
107176,15-01-2026,Keyboard,Accessories,9,1200,Bengaluru
107177,29-03-2026,Router,Networking,8,4500,Mumbai
107178,06-04-2026,USB Drive,Accessories,5,800,Hyderabad
107179,25-02-2026,Laptop,Electronics,8,65000,Kolkata
107180,24-06-2026,Webcam,Electronics,1,3200,Kolkata
107181,24-02-2026,Monitor,Electronics,2,15000,Mumbai
107182,21-04-2026,Mouse,Accessories,2,700,Pune
107183,26-02-2026,Laptop,Electronics,10,65000,Mumbai
107184,18-02-2026,Printer,Electronics,1,9000,Mumbai
107185,30-04-2026,Laptop,Electronics,4,65000,Hyderabad
107186,08-01-2026,USB Drive,Accessories,2,800,Delhi
107187,04-01-2026,Printer,Electronics,6,9000,Bengaluru
107188,25-01-2026,USB Drive,Accessories,3,800,Chennai
107189,02-02-2026,Printer,Electronics,7,9000,Hyderabad
107190,07-02-2026,Headphones,Accessories,6,2500,Pune
107191,04-02-2026,SSD,Storage,10,6000,Hyderabad
107192,09-04-2026,Webcam,Electronics,10,3200,Ahmedabad
107193,10-02-2026,Laptop,Electronics,10,65000,Delhi
107194,01-03-2026,Headphones,Accessories,6,2500,Mumbai
107195,26-05-2026,SSD,Storage,7,6000,Chennai
107196,13-03-2026,Headphones,Accessories,7,2500,Mumbai
107197,25-04-2026,Printer,Electronics,5,9000,Pune
107198,08-03-2026,Laptop,Electronics,6,65000,Pune
107199,26-06-2026,Headphones,Accessories,7,2500,Delhi
107200,25-05-2026,Keyboard,Accessories,1,1200,Ahmedabad
107201,22-03-2026,SSD,Storage,10,6000,Delhi
107202,19-01-2026,Monitor,Electronics,5,15000,Delhi
107203,31-03-2026,Router,Networking,1,4500,Mumbai
107204,07-03-2026,Printer,Electronics,7,9000,Delhi
107205,13-01-2026,Laptop,Electronics,1,65000,Chennai
107206,16-04-2026,Printer,Electronics,6,9000,Hyderabad
107207,17-03-2026,Router,Networking,8,4500,Delhi
107208,14-03-2026,Router,Networking,10,4500,Kolkata
107209,19-04-2026,Keyboard,Accessories,6,1200,Hyderabad
107210,16-05-2026,Laptop,Electronics,8,65000,Mumbai
107211,10-05-2026,Mouse,Accessories,3,700,Kolkata
107212,01-04-2026,Keyboard,Accessories,6,1200,Pune
107213,25-05-2026,Headphones,Accessories,10,2500,Pune
107214,06-01-2026,Webcam,Electronics,2,3200,Kolkata
107215,25-06-2026,Printer,Electronics,8,9000,Kolkata
107216,18-02-2026,Mouse,Accessories,1,700,Bengaluru
107217,29-06-2026,Monitor,Electronics,2,15000,Delhi
107218,11-02-2026,Headphones,Accessories,5,2500,Chennai
107219,16-03-2026,Printer,Electronics,7,9000,Bengaluru
107220,06-03-2026,Printer,Electronics,2,9000,Bengaluru
107221,11-05-2026,Mouse,Accessories,2,700,Ahmedabad
107222,11-06-2026,Keyboard,Accessories,5,1200,Chennai
107223,07-05-2026,SSD,Storage,3,6000,Pune
107224,28-05-2026,Mouse,Accessories,5,700,Chennai
107225,06-01-2026,Laptop,Electronics,10,65000,Chennai
107226,14-04-2026,Monitor,Electronics,10,15000,Ahmedabad
107227,24-05-2026,Laptop,Electronics,8,65000,Ahmedabad
107228,18-04-2026,Printer,Electronics,10,9000,Delhi
107229,24-03-2026,Monitor,Electronics,5,15000,Mumbai
107230,18-05-2026,Webcam,Electronics,2,3200,Ahmedabad
107231,20-03-2026,Webcam,Electronics,7,3200,Kolkata
107232,15-01-2026,SSD,Storage,2,6000,Pune
107233,11-02-2026,USB Drive,Accessories,5,800,Hyderabad
107234,29-01-2026,Webcam,Electronics,7,3200,Delhi
107235,16-05-2026,Headphones,Accessories,7,2500,Mumbai
107236,07-01-2026,Headphones,Accessories,7,2500,Kolkata
107237,05-05-2026,Laptop,Electronics,5,65000,Ahmedabad
107238,04-05-2026,Mouse,Accessories,5,700,Ahmedabad
107239,15-01-2026,Keyboard,Accessories,6,1200,Mumbai
107240,03-04-2026,Headphones,Accessories,5,2500,Pune
107241,28-04-2026,Headphones,Accessories,3,2500,Hyderabad
107242,06-05-2026,Printer,Electronics,5,9000,Pune
107243,28-03-2026,Headphones,Accessories,8,2500,Kolkata
107244,23-02-2026,Monitor,Electronics,6,15000,Delhi
107245,27-03-2026,Laptop,Electronics,10,65000,Delhi
107246,25-06-2026,Webcam,Electronics,3,3200,Bengaluru
107247,16-05-2026,Keyboard,Accessories,8,1200,Ahmedabad
107248,16-01-2026,Router,Networking,10,4500,Bengaluru
107249,15-06-2026,USB Drive,Accessories,7,800,Kolkata
107250,06-06-2026,Router,Networking,1,4500,Ahmedabad
107251,22-04-2026,Printer,Electronics,5,9000,Chennai
107252,20-02-2026,Headphones,Accessories,1,2500,Kolkata
107253,27-01-2026,USB Drive,Accessories,6,800,Ahmedabad
107254,24-06-2026,Router,Networking,5,4500,Kolkata
107255,15-03-2026,SSD,Storage,2,6000,Kolkata
107256,29-05-2026,Headphones,Accessories,1,2500,Bengaluru
107257,29-03-2026,SSD,Storage,3,6000,Mumbai
107258,31-03-2026,USB Drive,Accessories,10,800,Bengaluru
107259,23-02-2026,Laptop,Electronics,8,65000,Mumbai
107260,20-02-2026,Monitor,Electronics,5,15000,Bengaluru
107261,23-02-2026,Webcam,Electronics,5,3200,Kolkata
107262,27-05-2026,Keyboard,Accessories,5,1200,Delhi
107263,24-01-2026,USB Drive,Accessories,10,800,Mumbai
107264,31-01-2026,Keyboard,Accessories,10,1200,Chennai
107265,11-01-2026,Monitor,Electronics,2,15000,Ahmedabad
107266,03-06-2026,Mouse,Accessories,5,700,Pune
107267,25-01-2026,Mouse,Accessories,3,700,Hyderabad
107268,25-05-2026,Laptop,Electronics,6,65000,Kolkata
107269,24-06-2026,USB Drive,Accessories,10,800,Chennai
107270,18-02-2026,Router,Networking,4,4500,Chennai
107271,10-02-2026,Router,Networking,9,4500,Ahmedabad
107272,03-03-2026,Printer,Electronics,9,9000,Hyderabad
107273,03-01-2026,Keyboard,Accessories,8,1200,Mumbai
107274,27-04-2026,SSD,Storage,4,6000,Pune
107275,12-01-2026,Headphones,Accessories,6,2500,Bengaluru
107276,13-03-2026,Printer,Electronics,9,9000,Kolkata
107277,23-05-2026,Webcam,Electronics,8,3200,Chennai
107278,02-06-2026,Mouse,Accessories,3,700,Ahmedabad
107279,12-02-2026,Router,Networking,8,4500,Kolkata
107280,07-06-2026,Mouse,Accessories,1,700,Bengaluru
107281,02-06-2026,USB Drive,Accessories,10,800,Bengaluru
107282,14-03-2026,Mouse,Accessories,6,700,Delhi
107283,06-02-2026,Laptop,Electronics,5,65000,Delhi
107284,28-04-2026,Mouse,Accessories,10,700,Chennai
107285,05-03-2026,Monitor,Electronics,8,15000,Kolkata
107286,04-04-2026,Webcam,Electronics,9,3200,Kolkata
107287,26-02-2026,Headphones,Accessories,6,2500,Pune
107288,23-02-2026,Mouse,Accessories,2,700,Pune
107289,11-05-2026,Printer,Electronics,6,9000,Mumbai
107290,26-02-2026,Webcam,Electronics,1,3200,Mumbai
107291,20-06-2026,Webcam,Electronics,5,3200,Ahmedabad
107292,03-04-2026,USB Drive,Accessories,1,800,Delhi
107293,17-02-2026,Mouse,Accessories,8,700,Ahmedabad
107294,12-06-2026,Laptop,Electronics,2,65000,Mumbai
107295,19-06-2026,Printer,Electronics,10,9000,Bengaluru
107296,10-02-2026,Printer,Electronics,1,9000,Hyderabad
107297,15-05-2026,USB Drive,Accessories,6,800,Kolkata
107298,14-04-2026,Laptop,Electronics,3,65000,Mumbai
107299,11-03-2026,Monitor,Electronics,6,15000,Chennai
107300,01-05-2026,Mouse,Accessories,2,700,Delhi
107301,09-01-2026,Printer,Electronics,6,9000,Hyderabad
107302,18-01-2026,Mouse,Accessories,10,700,Kolkata
107303,15-01-2026,Keyboard,Accessories,8,1200,Chennai
107304,07-05-2026,Webcam,Electronics,10,3200,Pune
107305,07-03-2026,Router,Networking,6,4500,Pune
107306,03-01-2026,Printer,Electronics,3,9000,Chennai
107307,15-01-2026,USB Drive,Accessories,10,800,Kolkata
107308,29-01-2026,Webcam,Electronics,6,3200,Bengaluru
107309,08-05-2026,Webcam,Electronics,2,3200,Mumbai
107310,08-04-2026,Laptop,Electronics,6,65000,Mumbai
107311,26-05-2026,Webcam,Electronics,6,3200,Bengaluru
107312,13-04-2026,Webcam,Electronics,9,3200,Delhi
107313,09-03-2026,Printer,Electronics,5,9000,Chennai
107314,05-02-2026,SSD,Storage,5,6000,Ahmedabad
107315,11-06-2026,Laptop,Electronics,9,65000,Delhi
107316,17-01-2026,Headphones,Accessories,2,2500,Kolkata
107317,15-02-2026,USB Drive,Accessories,9,800,Ahmedabad
107318,12-01-2026,Printer,Electronics,3,9000,Mumbai
107319,17-03-2026,Keyboard,Accessories,1,1200,Mumbai
107320,23-04-2026,Laptop,Electronics,1,65000,Chennai
107321,26-02-2026,USB Drive,Accessories,6,800,Hyderabad
107322,02-06-2026,Webcam,Electronics,7,3200,Delhi
107323,22-03-2026,Printer,Electronics,2,9000,Pune
107324,10-01-2026,Laptop,Electronics,8,65000,Ahmedabad
107325,31-03-2026,Mouse,Accessories,9,,Ahmedabad
107326,02-05-2026,Router,Networking,5,4500,Pune
107327,03-04-2026,Webcam,Electronics,7,3200,Ahmedabad
107328,04-05-2026,Laptop,Electronics,7,65000,Mumbai
107329,04-06-2026,Keyboard,Accessories,3,1200,Mumbai
107330,08-03-2026,Monitor,Electronics,1,15000,Bengaluru
107331,29-01-2026,Headphones,Accessories,3,2500,Pune
107332,09-06-2026,Webcam,Electronics,9,3200,Ahmedabad
107333,13-03-2026,Laptop,Electronics,9,65000,Delhi
107334,30-03-2026,SSD,Storage,10,6000,Ahmedabad
107335,10-06-2026,USB Drive,Accessories,10,800,Delhi
107336,24-01-2026,Keyboard,Accessories,3,1200,Bengaluru
107337,16-01-2026,Router,Networking,4,4500,Delhi
107338,08-02-2026,Headphones,Accessories,8,2500,Mumbai
107339,14-04-2026,Keyboard,Accessories,1,1200,Hyderabad
107340,28-04-2026,Laptop,Electronics,4,65000,Pune
107341,09-06-2026,Mouse,Accessories,6,700,Kolkata
107342,20-01-2026,USB Drive,Accessories,7,800,Pune
107343,19-05-2026,USB Drive,Accessories,4,800,Bengaluru
107344,03-04-2026,Monitor,Electronics,7,15000,Bengaluru
107345,16-01-2026,SSD,Storage,3,6000,Pune
107346,12-01-2026,Router,Networking,1,4500,Ahmedabad
107347,24-05-2026,Webcam,Electronics,4,3200,Ahmedabad
107348,25-01-2026,Router,Networking,4,4500,Mumbai
107349,15-01-2026,Laptop,Electronics,1,65000,Chennai
107350,12-05-2026,Printer,Electronics,4,9000,Hyderabad
107351,07-01-2026,Laptop,Electronics,5,65000,Pune
107352,16-06-2026,USB Drive,Accessories,1,800,Ahmedabad
107353,10-01-2026,USB Drive,Accessories,5,800,Hyderabad
107354,01-05-2026,Headphones,Accessories,10,2500,Ahmedabad
107355,06-06-2026,Laptop,Electronics,6,65000,Delhi
107356,09-03-2026,Webcam,Electronics,1,3200,Delhi
107357,10-02-2026,Webcam,Electronics,7,3200,Hyderabad
107358,02-01-2026,Laptop,Electronics,6,65000,Mumbai
107359,09-06-2026,Router,Networking,6,4500,Ahmedabad
107360,23-02-2026,Router,Networking,9,4500,Bengaluru
107361,05-05-2026,Printer,Electronics,1,9000,Pune
107362,01-01-2026,Webcam,Electronics,3,3200,Delhi
107363,05-04-2026,Keyboard,Accessories,9,1200,Pune
107364,15-01-2026,Mouse,Accessories,4,700,Mumbai
107365,24-01-2026,Webcam,Electronics,9,3200,Pune
107366,04-01-2026,Headphones,Accessories,2,2500,Mumbai
107367,16-05-2026,Printer,Electronics,2,9000,Mumbai
107368,16-03-2026,Mouse,Accessories,3,700,Delhi
107369,07-05-2026,Printer,Electronics,1,9000,Pune
107370,18-01-2026,Headphones,Accessories,7,2500,Hyderabad
107371,25-02-2026,Keyboard,Accessories,8,1200,Kolkata
107372,24-05-2026,SSD,Storage,10,6000,Ahmedabad
107373,06-06-2026,Monitor,Electronics,1,15000,Pune
107374,15-02-2026,Monitor,Electronics,10,15000,Pune
107375,16-04-2026,Monitor,Electronics,7,15000,Bengaluru
107376,19-03-2026,Mouse,Accessories,4,700,Chennai
107377,07-06-2026,Mouse,Accessories,3,700,Mumbai
107378,26-05-2026,Monitor,Electronics,7,15000,Hyderabad
107379,21-04-2026,Printer,Electronics,4,9000,Hyderabad
107380,22-01-2026,Printer,Electronics,6,9000,Chennai
107381,06-04-2026,USB Drive,Accessories,9,800,Pune
107382,28-01-2026,Printer,Electronics,7,9000,Mumbai
107383,17-05-2026,Webcam,Electronics,10,3200,Kolkata
107384,28-02-2026,Monitor,Electronics,1,,Bengaluru
107385,23-02-2026,Monitor,Electronics,4,15000,Hyderabad
107386,27-01-2026,SSD,Storage,,6000,Delhi
107387,06-06-2026,Keyboard,Accessories,8,,Chennai
107388,04-03-2026,Router,Networking,7,4500,Chennai
107389,30-04-2026,Laptop,Electronics,8,65000,Bengaluru
107390,29-04-2026,Headphones,Accessories,8,2500,Kolkata
107391,21-02-2026,USB Drive,Accessories,9,800,Ahmedabad
107392,19-02-2026,Router,Networking,1,4500,Bengaluru
107393,21-02-2026,Monitor,Electronics,1,15000,Bengaluru
107394,17-03-2026,Webcam,Electronics,8,3200,Pune
107395,26-01-2026,Router,Networking,7,,Kolkata
107396,18-02-2026,USB Drive,Accessories,8,800,Bengaluru
107397,10-05-2026,Mouse,Accessories,7,700,Delhi
107398,04-01-2026,USB Drive,Accessories,7,800,Mumbai
107399,10-02-2026,Webcam,Electronics,10,3200,Bengaluru
107400,05-04-2026,Keyboard,Accessories,9,1200,Delhi
107401,19-04-2026,Router,Networking,2,4500,Bengaluru
107402,11-06-2026,Printer,Electronics,2,9000,Ahmedabad
107403,04-06-2026,Webcam,Electronics,1,3200,Delhi
107404,16-05-2026,Monitor,Electronics,5,,Pune
107405,08-03-2026,Printer,Electronics,9,9000,Delhi
107406,11-03-2026,Router,Networking,4,4500,Pune
107407,19-05-2026,USB Drive,Accessories,8,800,Kolkata
107408,16-01-2026,Keyboard,Accessories,2,1200,Delhi
107409,19-04-2026,USB Drive,Accessories,7,800,Ahmedabad
107410,12-06-2026,Printer,Electronics,4,9000,Delhi
107411,29-06-2026,Monitor,Electronics,8,15000,Pune
107412,03-03-2026,Webcam,Electronics,2,3200,Ahmedabad
107413,06-01-2026,Printer,Electronics,2,9000,Ahmedabad
107414,19-05-2026,Mouse,Accessories,4,700,Mumbai
107415,14-03-2026,Keyboard,Accessories,2,1200,Kolkata
107416,05-02-2026,Printer,Electronics,8,9000,Chennai
107417,05-03-2026,Monitor,Electronics,2,15000,Ahmedabad
107418,27-02-2026,Laptop,Electronics,6,65000,Kolkata
107419,22-04-2026,Keyboard,Accessories,1,1200,Ahmedabad
107420,14-05-2026,Printer,Electronics,7,9000,Mumbai
107421,27-03-2026,Webcam,Electronics,8,3200,Bengaluru
107422,30-01-2026,SSD,Storage,10,6000,Pune
107423,20-04-2026,Headphones,Accessories,3,2500,Chennai
107424,08-02-2026,Printer,Electronics,6,9000,Ahmedabad
107425,14-02-2026,SSD,Storage,3,6000,Ahmedabad
107426,11-02-2026,Keyboard,Accessories,7,1200,Kolkata
107427,20-06-2026,Laptop,Electronics,2,65000,Mumbai
107428,28-02-2026,Router,Networking,3,4500,Hyderabad
107429,23-05-2026,USB Drive,Accessories,9,800,Bengaluru
107430,21-02-2026,Router,Networking,10,4500,Pune
107431,15-06-2026,Printer,Electronics,7,9000,Bengaluru
107432,25-05-2026,USB Drive,Accessories,7,800,Pune
107433,13-04-2026,Headphones,Accessories,8,2500,Chennai
107434,21-02-2026,Webcam,Electronics,2,3200,Bengaluru
107435,16-04-2026,Keyboard,Accessories,8,1200,Kolkata
107436,09-01-2026,Laptop,Electronics,2,65000,Chennai
107437,10-04-2026,Laptop,Electronics,10,65000,Delhi
107438,26-05-2026,Mouse,Accessories,1,700,Kolkata
107439,02-04-2026,SSD,Storage,6,6000,Hyderabad
107440,10-01-2026,Laptop,Electronics,2,65000,Chennai
107441,13-04-2026,Keyboard,Accessories,8,1200,Bengaluru
107442,02-01-2026,Headphones,Accessories,3,2500,Ahmedabad
107443,25-06-2026,Monitor,Electronics,1,15000,Bengaluru
107444,28-01-2026,USB Drive,Accessories,7,800,Kolkata
107445,26-05-2026,Mouse,Accessories,1,700,Kolkata
107446,17-01-2026,Mouse,Accessories,8,700,Chennai
107447,01-01-2026,Keyboard,Accessories,6,1200,Chennai
107448,15-02-2026,Keyboard,Accessories,8,1200,Chennai
107449,04-03-2026,Printer,Electronics,10,9000,Kolkata
107450,28-03-2026,Keyboard,Accessories,7,1200,Delhi
107451,23-03-2026,Monitor,Electronics,5,15000,Chennai
107452,21-01-2026,Mouse,Accessories,7,700,Pune
107453,19-02-2026,Router,Networking,9,4500,Ahmedabad
107454,23-03-2026,SSD,Storage,3,6000,Pune
107455,24-03-2026,Keyboard,Accessories,9,1200,Bengaluru
107456,28-02-2026,Laptop,Electronics,2,65000,Hyderabad
107457,06-01-2026,Monitor,Electronics,3,15000,Chennai
107458,17-03-2026,Printer,Electronics,4,9000,Bengaluru
107459,01-06-2026,Printer,Electronics,6,9000,Ahmedabad
107460,27-06-2026,Printer,Electronics,1,9000,Ahmedabad
107461,27-04-2026,Keyboard,Accessories,5,1200,Chennai
107462,08-06-2026,Webcam,Electronics,3,3200,Hyderabad
107463,19-06-2026,Printer,Electronics,2,9000,Ahmedabad
107464,10-06-2026,Mouse,Accessories,1,700,Chennai
107465,16-03-2026,Keyboard,Accessories,10,1200,Hyderabad
107466,17-01-2026,USB Drive,Accessories,5,800,Bengaluru
107467,19-04-2026,Headphones,Accessories,9,2500,Delhi
107468,16-02-2026,Printer,Electronics,9,,Pune
107469,01-05-2026,SSD,Storage,10,6000,Chennai
107470,28-02-2026,Printer,Electronics,6,9000,Mumbai
107471,16-06-2026,Keyboard,Accessories,4,1200,Chennai
107472,15-01-2026,Webcam,Electronics,1,3200,Hyderabad
107473,19-01-2026,Monitor,Electronics,10,15000,Hyderabad
107474,24-03-2026,Webcam,Electronics,9,3200,Chennai
107475,25-03-2026,SSD,Storage,1,6000,Mumbai
107476,09-02-2026,Router,Networking,3,4500,Mumbai
107477,16-02-2026,USB Drive,Accessories,5,800,Mumbai
107478,23-03-2026,Printer,Electronics,5,9000,Hyderabad
107479,29-04-2026,Webcam,Electronics,1,3200,Delhi
107480,24-04-2026,Laptop,Electronics,10,65000,Delhi
107481,13-06-2026,USB Drive,Accessories,3,800,Ahmedabad
107482,14-04-2026,Keyboard,Accessories,5,1200,Hyderabad
107483,03-02-2026,USB Drive,Accessories,6,,Ahmedabad
107484,05-06-2026,Router,Networking,1,4500,Ahmedabad
107485,12-05-2026,SSD,Storage,4,6000,Ahmedabad
107486,07-05-2026,Headphones,Accessories,3,2500,Kolkata
107487,19-02-2026,USB Drive,Accessories,10,800,Chennai
107488,03-04-2026,Printer,Electronics,5,9000,Hyderabad
107489,10-05-2026,Headphones,Accessories,8,2500,Bengaluru
107490,15-05-2026,Keyboard,Accessories,7,1200,Delhi
107491,26-01-2026,USB Drive,Accessories,6,800,Pune
107492,12-02-2026,Webcam,Electronics,5,3200,Ahmedabad
107493,26-01-2026,Headphones,Accessories,6,2500,Hyderabad
107494,19-01-2026,Webcam,Electronics,10,3200,Hyderabad
107495,14-06-2026,Printer,Electronics,8,9000,Mumbai
107496,07-06-2026,USB Drive,Accessories,2,800,Delhi
107497,06-02-2026,Mouse,Accessories,1,700,Bengaluru
107498,08-05-2026,Router,Networking,7,4500,Pune
107499,14-05-2026,Webcam,Electronics,1,3200,Bengaluru
107500,25-03-2026,Monitor,Electronics,9,15000,Kolkata
107501,19-02-2026,Mouse,Accessories,10,700,Hyderabad
107502,07-05-2026,USB Drive,Accessories,10,800,Ahmedabad
107503,12-06-2026,SSD,Storage,3,6000,Ahmedabad
107504,15-03-2026,USB Drive,Accessories,3,800,Ahmedabad
107505,23-03-2026,Monitor,Electronics,2,15000,Bengaluru
107506,21-06-2026,Printer,Electronics,4,9000,Delhi
107507,24-04-2026,Headphones,Accessories,8,2500,Chennai
107508,16-06-2026,Printer,Electronics,5,9000,Mumbai
107509,01-06-2026,SSD,Storage,7,6000,Kolkata
107510,15-02-2026,Printer,Electronics,4,,Bengaluru
107511,07-05-2026,Webcam,Electronics,2,3200,Hyderabad
107512,20-06-2026,USB Drive,Accessories,9,800,Delhi
107513,24-03-2026,Mouse,Accessories,9,700,Mumbai
107514,08-01-2026,Monitor,Electronics,2,15000,Bengaluru
107515,05-01-2026,Webcam,Electronics,6,3200,Pune
107516,17-04-2026,USB Drive,Accessories,2,800,Ahmedabad
107517,25-06-2026,USB Drive,Accessories,1,800,Delhi
107518,11-03-2026,Monitor,Electronics,5,15000,Delhi
107519,17-02-2026,USB Drive,Accessories,6,800,Chennai
107520,29-04-2026,Headphones,Accessories,7,2500,Kolkata
107521,03-04-2026,Webcam,Electronics,4,3200,Ahmedabad
107522,03-05-2026,Printer,Electronics,2,9000,Kolkata
107523,14-05-2026,Headphones,Accessories,10,2500,Bengaluru
107524,03-03-2026,Monitor,Electronics,1,15000,Kolkata
107525,29-06-2026,Keyboard,Accessories,2,1200,Delhi
107526,18-04-2026,Mouse,Accessories,7,700,Ahmedabad
107527,26-02-2026,Laptop,Electronics,6,65000,Chennai
107528,12-02-2026,Router,Networking,,4500,Mumbai
107529,12-06-2026,USB Drive,Accessories,3,800,Kolkata
107530,29-01-2026,Headphones,Accessories,1,2500,Delhi
107531,21-04-2026,USB Drive,Accessories,2,800,Kolkata
107532,28-04-2026,Laptop,Electronics,6,65000,Mumbai
107533,28-04-2026,SSD,Storage,8,6000,Hyderabad
107534,27-01-2026,SSD,Storage,10,6000,Delhi
107535,26-05-2026,SSD,Storage,7,6000,Chennai
107536,07-06-2026,USB Drive,Accessories,2,800,Hyderabad
107537,05-01-2026,Router,Networking,8,4500,Ahmedabad
107538,26-04-2026,SSD,Storage,9,6000,Chennai
107539,25-02-2026,Webcam,Electronics,6,3200,Kolkata
107540,18-05-2026,USB Drive,Accessories,3,800,Bengaluru
107541,28-06-2026,Monitor,Electronics,1,15000,Ahmedabad
107542,17-01-2026,Headphones,Accessories,5,2500,Pune
107543,05-01-2026,Mouse,Accessories,4,700,Hyderabad
107544,09-04-2026,Webcam,Electronics,3,3200,Pune
107545,08-04-2026,Webcam,Electronics,9,3200,Bengaluru
107546,17-05-2026,Keyboard,Accessories,5,1200,Mumbai
107547,14-06-2026,Monitor,Electronics,8,15000,Delhi
107548,26-05-2026,Printer,Electronics,3,9000,Mumbai
107549,06-04-2026,SSD,Storage,7,6000,Mumbai
107550,27-02-2026,Mouse,Accessories,10,700,Mumbai
107551,03-03-2026,USB Drive,Accessories,10,800,Ahmedabad
107552,02-06-2026,Laptop,Electronics,5,65000,Chennai
107553,16-01-2026,Headphones,Accessories,9,2500,Hyderabad
107554,07-06-2026,Printer,Electronics,3,9000,Mumbai
107555,10-06-2026,Mouse,Accessories,10,700,Delhi
107556,06-01-2026,SSD,Storage,9,6000,Delhi
107557,13-06-2026,USB Drive,Accessories,9,800,Chennai
107558,20-03-2026,Mouse,Accessories,7,700,Kolkata
107559,25-01-2026,Mouse,Accessories,8,700,Chennai
107560,11-02-2026,Laptop,Electronics,7,65000,Delhi
107561,29-03-2026,Router,Networking,6,4500,Delhi
107562,07-03-2026,SSD,Storage,8,6000,Pune
107563,29-06-2026,Webcam,Electronics,3,,Hyderabad
107564,16-01-2026,Monitor,Electronics,2,15000,Kolkata
107565,24-01-2026,Webcam,Electronics,6,3200,Bengaluru
107566,08-02-2026,Printer,Electronics,10,9000,Kolkata
107567,09-03-2026,Mouse,Accessories,10,700,Pune
107568,10-05-2026,Monitor,Electronics,3,15000,Delhi
107569,22-01-2026,Laptop,Electronics,3,65000,Hyderabad
107570,24-02-2026,Printer,Electronics,10,9000,Ahmedabad
107571,05-05-2026,Webcam,Electronics,1,3200,Bengaluru
107572,19-04-2026,Router,Networking,3,4500,Pune
107573,05-04-2026,Printer,Electronics,4,9000,Bengaluru
107574,24-01-2026,Monitor,Electronics,9,15000,Pune
107575,15-06-2026,Headphones,Accessories,8,2500,Mumbai
107576,22-06-2026,Headphones,Accessories,2,2500,Pune
107577,05-04-2026,Monitor,Electronics,3,15000,Pune
107578,04-01-2026,Router,Networking,4,4500,Ahmedabad
107579,23-03-2026,Keyboard,Accessories,6,1200,Hyderabad
107580,07-02-2026,Printer,Electronics,4,9000,Hyderabad
107581,26-05-2026,Headphones,Accessories,8,2500,Pune
107582,22-04-2026,Keyboard,Accessories,,1200,Hyderabad
107583,06-04-2026,Laptop,Electronics,1,65000,Pune
107584,25-03-2026,Router,Networking,1,4500,Bengaluru
107585,06-06-2026,Printer,Electronics,1,9000,Bengaluru
107586,13-05-2026,USB Drive,Accessories,3,800,Ahmedabad
107587,16-02-2026,SSD,Storage,4,6000,Delhi
107588,20-04-2026,Keyboard,Accessories,6,1200,Hyderabad
107589,08-04-2026,Laptop,Electronics,9,65000,Bengaluru
107590,23-06-2026,Keyboard,Accessories,7,1200,Mumbai
107591,15-04-2026,Webcam,Electronics,6,3200,Pune
107592,20-02-2026,Keyboard,Accessories,8,1200,Hyderabad
107593,18-03-2026,Mouse,Accessories,5,700,Pune
107594,08-04-2026,Router,Networking,9,4500,Ahmedabad
107595,23-01-2026,Monitor,Electronics,8,15000,Ahmedabad
107596,03-01-2026,Router,Networking,1,4500,Pune
107597,05-03-2026,Router,Networking,3,4500,Mumbai
107598,15-02-2026,Keyboard,Accessories,4,1200,Kolkata
107599,26-03-2026,Webcam,Electronics,6,3200,Ahmedabad
107600,10-04-2026,Printer,Electronics,5,9000,Pune
107601,09-04-2026,Keyboard,Accessories,3,1200,Hyderabad
107602,13-03-2026,USB Drive,Accessories,5,800,Bengaluru
107603,31-05-2026,SSD,Storage,7,6000,Ahmedabad
107604,20-01-2026,Router,Networking,7,4500,Hyderabad
107605,04-06-2026,SSD,Storage,5,6000,Kolkata
107606,18-06-2026,Router,Networking,4,4500,Bengaluru
107607,19-01-2026,USB Drive,Accessories,3,800,Kolkata
107608,04-01-2026,Printer,Electronics,3,9000,Ahmedabad
107609,28-01-2026,Laptop,Electronics,4,65000,Delhi
107610,03-04-2026,USB Drive,Accessories,10,800,Kolkata
107611,15-02-2026,Headphones,Accessories,1,2500,Chennai
107612,19-01-2026,Keyboard,Accessories,4,1200,Delhi
107613,23-06-2026,Router,Networking,9,4500,Kolkata
107614,08-01-2026,Router,Networking,2,4500,Ahmedabad
107615,26-01-2026,Printer,Electronics,10,9000,Hyderabad
107616,13-04-2026,Laptop,Electronics,4,65000,Delhi
107617,10-05-2026,Headphones,Accessories,9,2500,Chennai
107618,23-02-2026,Webcam,Electronics,3,3200,Bengaluru
107619,21-04-2026,Webcam,Electronics,8,3200,Hyderabad
107620,19-01-2026,SSD,Storage,2,6000,Chennai
107621,01-03-2026,Router,Networking,5,4500,Ahmedabad
107622,26-05-2026,Webcam,Electronics,6,3200,Chennai
107623,15-02-2026,Mouse,Accessories,9,700,Delhi
107624,17-01-2026,Router,Networking,8,4500,Mumbai
107625,27-06-2026,Monitor,Electronics,2,15000,Pune
107626,08-06-2026,Webcam,Electronics,5,3200,Bengaluru
107627,25-06-2026,Monitor,Electronics,2,15000,Mumbai
107628,25-04-2026,Laptop,Electronics,5,65000,Bengaluru
107629,07-05-2026,Headphones,Accessories,9,2500,Mumbai
107630,17-05-2026,Headphones,Accessories,10,2500,Hyderabad
107631,07-01-2026,Printer,Electronics,2,9000,Ahmedabad
107632,12-02-2026,USB Drive,Accessories,2,800,Delhi
107633,28-05-2026,Headphones,Accessories,4,2500,Mumbai
107634,28-04-2026,SSD,Storage,3,6000,Kolkata
107635,13-06-2026,Keyboard,Accessories,3,1200,Mumbai
107636,25-02-2026,Webcam,Electronics,1,3200,Mumbai
107637,02-06-2026,Printer,Electronics,1,9000,Chennai
107638,10-04-2026,SSD,Storage,7,6000,Kolkata
107639,10-01-2026,Webcam,Electronics,8,3200,Delhi
107640,11-06-2026,Printer,Electronics,6,9000,Delhi
107641,22-04-2026,Monitor,Electronics,6,15000,Pune
107642,07-01-2026,Mouse,Accessories,7,700,Pune
107643,18-01-2026,Laptop,Electronics,5,65000,Kolkata
107644,31-01-2026,Webcam,Electronics,4,3200,Mumbai
107645,28-03-2026,Mouse,Accessories,4,700,Kolkata
107646,24-04-2026,Monitor,Electronics,1,15000,Bengaluru
107647,17-03-2026,Laptop,Electronics,8,65000,Hyderabad
107648,28-03-2026,SSD,Storage,7,6000,Delhi
107649,26-02-2026,USB Drive,Accessories,4,800,Pune
107650,04-05-2026,Printer,Electronics,4,9000,Pune
107651,10-05-2026,Laptop,Electronics,1,65000,Mumbai
107652,11-04-2026,Keyboard,Accessories,7,1200,Chennai
107653,21-04-2026,Router,Networking,4,4500,Pune
107654,02-01-2026,Laptop,Electronics,4,65000,Pune
107655,03-04-2026,Router,Networking,5,4500,Bengaluru
107656,16-01-2026,Mouse,Accessories,9,700,Delhi
107657,05-02-2026,Monitor,Electronics,,15000,Pune
107658,27-01-2026,SSD,Storage,9,6000,Kolkata
107659,05-01-2026,SSD,Storage,2,6000,Delhi
107660,27-04-2026,Headphones,Accessories,2,2500,Bengaluru
107661,10-04-2026,Webcam,Electronics,8,3200,Chennai
107662,13-04-2026,Mouse,Accessories,7,700,Chennai
107663,20-02-2026,SSD,Storage,7,6000,Ahmedabad
107664,12-02-2026,Laptop,Electronics,3,65000,Ahmedabad
107665,21-01-2026,Laptop,Electronics,4,65000,Hyderabad
107666,14-03-2026,Webcam,Electronics,7,3200,Chennai
107667,06-02-2026,Webcam,Electronics,2,3200,Ahmedabad
107668,17-03-2026,Headphones,Accessories,4,2500,Pune
107669,01-04-2026,Laptop,Electronics,9,65000,Delhi
107670,20-04-2026,SSD,Storage,6,6000,Pune
107671,19-04-2026,Printer,Electronics,3,9000,Chennai
107672,22-02-2026,USB Drive,Accessories,2,800,Delhi
107673,25-05-2026,Router,Networking,3,4500,Mumbai
107674,09-03-2026,USB Drive,Accessories,5,800,Hyderabad
107675,18-04-2026,Laptop,Electronics,8,65000,Kolkata
107676,04-01-2026,Keyboard,Accessories,3,1200,Hyderabad
107677,19-06-2026,Mouse,Accessories,4,700,Kolkata
107678,17-02-2026,Keyboard,Accessories,9,1200,Chennai
107679,18-01-2026,Webcam,Electronics,6,3200,Kolkata
107680,05-03-2026,Webcam,Electronics,10,3200,Chennai
107681,22-05-2026,Keyboard,Accessories,9,1200,Hyderabad
107682,24-02-2026,SSD,Storage,7,6000,Delhi
107683,20-05-2026,Keyboard,Accessories,10,1200,Pune
107684,22-04-2026,Mouse,Accessories,3,700,Kolkata
107685,14-03-2026,USB Drive,Accessories,5,800,Ahmedabad
107686,07-04-2026,Printer,Electronics,8,9000,Bengaluru
107687,26-03-2026,Laptop,Electronics,9,65000,Mumbai
107688,16-06-2026,Printer,Electronics,4,9000,Bengaluru
107689,02-04-2026,Webcam,Electronics,1,3200,Bengaluru
107690,12-05-2026,USB Drive,Accessories,,800,Pune
107691,28-01-2026,Printer,Electronics,4,9000,Pune
107692,24-06-2026,Headphones,Accessories,3,2500,Kolkata
107693,28-03-2026,SSD,Storage,2,6000,Delhi
107694,31-03-2026,Keyboard,Accessories,9,1200,Delhi
107695,28-03-2026,Monitor,Electronics,1,15000,Delhi
107696,21-06-2026,Router,Networking,4,4500,Chennai
107697,05-01-2026,Mouse,Accessories,7,700,Kolkata
107698,01-06-2026,Keyboard,Accessories,2,1200,Delhi
107699,26-03-2026,Laptop,Electronics,8,65000,Delhi
107700,04-06-2026,Headphones,Accessories,8,2500,Chennai
107701,31-03-2026,Printer,Electronics,1,9000,Mumbai
107702,21-03-2026,Monitor,Electronics,9,15000,Hyderabad
107703,22-05-2026,Printer,Electronics,4,9000,Pune
107704,06-04-2026,USB Drive,Accessories,8,800,Ahmedabad
107705,09-06-2026,Keyboard,Accessories,10,1200,Hyderabad
107706,12-02-2026,Webcam,Electronics,4,3200,Hyderabad
107707,06-05-2026,Laptop,Electronics,4,65000,Mumbai
107708,27-05-2026,Laptop,Electronics,6,65000,Mumbai
107709,09-03-2026,Mouse,Accessories,4,700,Ahmedabad
107710,12-04-2026,Router,Networking,4,4500,Ahmedabad
107711,09-04-2026,Router,Networking,2,4500,Delhi
107712,01-04-2026,Mouse,Accessories,10,700,Bengaluru
107713,24-06-2026,Printer,Electronics,3,9000,Hyderabad
107714,24-04-2026,Printer,Electronics,4,9000,Mumbai
107715,25-02-2026,Mouse,Accessories,9,700,Mumbai
107716,18-02-2026,Headphones,Accessories,8,2500,Bengaluru
107717,16-04-2026,Mouse,Accessories,2,700,Ahmedabad
107718,08-04-2026,Keyboard,Accessories,1,1200,Ahmedabad
107719,28-02-2026,Headphones,Accessories,5,2500,Pune
107720,31-03-2026,USB Drive,Accessories,5,800,Hyderabad
107721,17-01-2026,Mouse,Accessories,7,700,Bengaluru
107722,14-04-2026,USB Drive,Accessories,4,800,Delhi
107723,20-05-2026,Router,Networking,10,4500,Delhi
107724,01-02-2026,Printer,Electronics,9,9000,Mumbai
107725,14-04-2026,Headphones,Accessories,,2500,Delhi
107726,23-06-2026,Printer,Electronics,2,9000,Bengaluru
107727,14-03-2026,Printer,Electronics,7,9000,Bengaluru
107728,21-04-2026,Mouse,Accessories,8,700,Delhi
107729,20-05-2026,Webcam,Electronics,4,3200,Hyderabad
107730,21-01-2026,Printer,Electronics,10,9000,Mumbai
107731,18-02-2026,Webcam,Electronics,3,3200,Hyderabad
107732,14-05-2026,Laptop,Electronics,5,65000,Delhi
107733,14-06-2026,Router,Networking,4,4500,Mumbai
107734,13-04-2026,Printer,Electronics,8,9000,Ahmedabad
107735,20-02-2026,Router,Networking,7,4500,Hyderabad
107736,02-05-2026,Keyboard,Accessories,3,1200,Mumbai
107737,23-05-2026,Mouse,Accessories,6,700,Bengaluru
107738,04-04-2026,Router,Networking,9,4500,Mumbai
107739,21-02-2026,USB Drive,Accessories,8,800,Hyderabad
107740,04-03-2026,Router,Networking,5,4500,Ahmedabad
107741,14-04-2026,Laptop,Electronics,3,65000,Delhi
107742,01-05-2026,Keyboard,Accessories,7,1200,Mumbai
107743,01-01-2026,Headphones,Accessories,1,2500,Ahmedabad
107744,18-05-2026,Mouse,Accessories,3,700,Ahmedabad
107745,06-06-2026,Monitor,Electronics,10,15000,Hyderabad
107746,15-01-2026,Router,Networking,3,4500,Ahmedabad
107747,15-06-2026,Router,Networking,2,4500,Hyderabad
107748,01-06-2026,Headphones,Accessories,4,2500,Bengaluru
107749,04-03-2026,Keyboard,Accessories,1,1200,Kolkata
107750,26-01-2026,Mouse,Accessories,6,700,Bengaluru
107751,01-03-2026,Laptop,Electronics,7,65000,Chennai
107752,09-04-2026,Webcam,Electronics,1,3200,Mumbai
107753,08-02-2026,Router,Networking,1,4500,Bengaluru
107754,10-01-2026,Router,Networking,4,4500,Ahmedabad
107755,20-03-2026,Router,Networking,6,4500,Ahmedabad
107756,20-05-2026,Router,Networking,7,4500,Hyderabad
107757,03-02-2026,Webcam,Electronics,8,3200,Kolkata
107758,18-02-2026,SSD,Storage,6,6000,Kolkata
107759,23-05-2026,SSD,Storage,10,6000,Ahmedabad
107760,16-03-2026,Mouse,Accessories,7,700,Hyderabad
107761,17-04-2026,USB Drive,Accessories,4,800,Pune
107762,17-04-2026,Mouse,Accessories,9,700,Ahmedabad
107763,26-04-2026,Webcam,Electronics,8,3200,Bengaluru
107764,26-06-2026,SSD,Storage,5,6000,Kolkata
107765,19-01-2026,Router,Networking,9,4500,Chennai
107766,21-03-2026,Router,Networking,10,4500,Kolkata
107767,10-01-2026,Printer,Electronics,3,9000,Bengaluru
107768,31-03-2026,USB Drive,Accessories,8,800,Ahmedabad
107769,13-05-2026,Keyboard,Accessories,10,1200,Mumbai
107770,12-04-2026,Mouse,Accessories,1,700,Kolkata
107771,23-02-2026,Keyboard,Accessories,10,1200,Delhi
107772,19-03-2026,Monitor,Electronics,8,15000,Kolkata
107773,06-06-2026,Router,Networking,1,4500,Pune
107774,31-01-2026,Laptop,Electronics,9,65000,Ahmedabad
107775,01-01-2026,Webcam,Electronics,9,3200,Mumbai
107776,02-03-2026,Keyboard,Accessories,10,1200,Ahmedabad
107777,04-04-2026,SSD,Storage,5,6000,Mumbai
107778,14-04-2026,Headphones,Accessories,8,2500,Chennai
107779,14-05-2026,USB Drive,Accessories,4,800,Delhi
107780,25-06-2026,Webcam,Electronics,1,3200,Pune
107781,22-03-2026,Webcam,Electronics,4,3200,Chennai
107782,30-01-2026,Laptop,Electronics,10,65000,Kolkata
107783,08-04-2026,Mouse,Accessories,7,700,Mumbai
107784,18-06-2026,Headphones,Accessories,4,2500,Kolkata
107785,06-01-2026,Keyboard,Accessories,5,1200,Ahmedabad
107786,29-06-2026,SSD,Storage,2,6000,Hyderabad
107787,26-06-2026,USB Drive,Accessories,10,800,Pune
107788,03-04-2026,Printer,Electronics,7,9000,Hyderabad
107789,10-03-2026,Keyboard,Accessories,7,1200,Bengaluru
107790,11-06-2026,Printer,Electronics,10,9000,Kolkata
107791,07-04-2026,Laptop,Electronics,9,65000,Mumbai
107792,12-05-2026,Webcam,Electronics,6,3200,Mumbai
107793,16-03-2026,Laptop,Electronics,4,65000,Chennai
107794,15-05-2026,Webcam,Electronics,5,3200,Kolkata
107795,31-01-2026,SSD,Storage,4,6000,Bengaluru
107796,10-02-2026,SSD,Storage,4,6000,Chennai
107797,17-03-2026,Monitor,Electronics,2,15000,Hyderabad
107798,12-03-2026,Headphones,Accessories,6,2500,Delhi
107799,11-01-2026,Webcam,Electronics,3,3200,Ahmedabad
107800,03-02-2026,Monitor,Electronics,1,15000,Kolkata
107801,31-03-2026,Webcam,Electronics,9,3200,Mumbai
107802,15-06-2026,Headphones,Accessories,2,2500,Mumbai
107803,02-03-2026,USB Drive,Accessories,8,800,Ahmedabad
107804,05-06-2026,Headphones,Accessories,10,2500,Bengaluru
107805,03-02-2026,Printer,Electronics,10,9000,Mumbai
107806,31-05-2026,USB Drive,Accessories,8,800,Mumbai
107807,03-02-2026,Laptop,Electronics,10,65000,Delhi
107808,11-02-2026,Router,Networking,10,4500,Chennai
107809,22-02-2026,Router,Networking,9,4500,Ahmedabad
107810,14-04-2026,SSD,Storage,5,6000,Kolkata
107811,10-04-2026,Webcam,Electronics,5,3200,Kolkata
107812,04-06-2026,Laptop,Electronics,9,65000,Hyderabad
107813,25-05-2026,Mouse,Accessories,5,700,Pune
107814,30-05-2026,Laptop,Electronics,10,65000,Chennai
107815,16-03-2026,Printer,Electronics,8,9000,Ahmedabad
107816,05-02-2026,Headphones,Accessories,5,2500,Ahmedabad
107817,24-05-2026,USB Drive,Accessories,2,800,Ahmedabad
107818,16-06-2026,Keyboard,Accessories,9,1200,Ahmedabad
107819,23-03-2026,Mouse,Accessories,10,700,Chennai
107820,08-04-2026,Laptop,Electronics,4,65000,Delhi
107821,28-02-2026,Headphones,Accessories,7,2500,Mumbai
107822,23-06-2026,Laptop,Electronics,9,65000,Ahmedabad
107823,03-05-2026,Webcam,Electronics,1,3200,Delhi
107824,28-01-2026,Monitor,Electronics,10,15000,Bengaluru
107825,24-03-2026,USB Drive,Accessories,8,800,Ahmedabad
107826,27-06-2026,Printer,Electronics,7,9000,Ahmedabad
107827,04-05-2026,Mouse,Accessories,9,700,Ahmedabad
107828,16-05-2026,USB Drive,Accessories,2,800,Hyderabad
107829,24-05-2026,USB Drive,Accessories,4,800,Delhi
107830,20-02-2026,Keyboard,Accessories,7,1200,Kolkata
107831,19-03-2026,Laptop,Electronics,10,65000,Chennai
107832,26-05-2026,Webcam,Electronics,8,3200,Kolkata
107833,18-03-2026,Printer,Electronics,4,9000,Pune
107834,15-03-2026,Mouse,Accessories,3,700,Bengaluru
107835,13-01-2026,Router,Networking,1,4500,Hyderabad
107836,07-03-2026,Router,Networking,3,4500,Bengaluru
107837,05-01-2026,Headphones,Accessories,4,2500,Chennai
107838,12-06-2026,Headphones,Accessories,7,2500,Delhi
107839,10-01-2026,Mouse,Accessories,10,700,Mumbai
107840,22-03-2026,Keyboard,Accessories,5,1200,Mumbai
107841,22-03-2026,Webcam,Electronics,6,3200,Bengaluru
107842,29-04-2026,USB Drive,Accessories,9,800,Bengaluru
107843,03-05-2026,Webcam,Electronics,10,3200,Hyderabad
107844,27-02-2026,Monitor,Electronics,6,15000,Chennai
107845,09-02-2026,Laptop,Electronics,2,65000,Pune
107846,25-04-2026,USB Drive,Accessories,7,800,Bengaluru
107847,28-05-2026,Headphones,Accessories,1,2500,Delhi
107848,24-02-2026,Mouse,Accessories,9,700,Ahmedabad
107849,04-03-2026,Keyboard,Accessories,7,1200,Chennai
107850,12-06-2026,USB Drive,Accessories,6,800,Chennai
107851,20-04-2026,Mouse,Accessories,3,700,Hyderabad
107852,19-05-2026,Printer,Electronics,7,9000,Chennai
107853,19-03-2026,Laptop,Electronics,2,65000,Bengaluru
107854,11-05-2026,SSD,Storage,2,6000,Pune
107855,24-02-2026,Headphones,Accessories,5,2500,Kolkata
107856,02-02-2026,Router,Networking,7,4500,Ahmedabad
107857,27-06-2026,Router,Networking,2,4500,Chennai
107858,27-04-2026,Headphones,Accessories,2,2500,Delhi
107859,29-04-2026,Printer,Electronics,10,9000,Pune
107860,05-01-2026,Headphones,Accessories,9,2500,Chennai
107861,14-01-2026,Headphones,Accessories,6,2500,Pune
107862,20-01-2026,Keyboard,Accessories,1,1200,Kolkata
107863,28-01-2026,Mouse,Accessories,10,700,Ahmedabad
107864,25-02-2026,Webcam,Electronics,3,3200,Hyderabad
107865,31-01-2026,Headphones,Accessories,9,2500,Chennai
107866,11-03-2026,Keyboard,Accessories,9,1200,Delhi
107867,16-01-2026,SSD,Storage,3,6000,Hyderabad
107868,28-01-2026,SSD,Storage,6,6000,Ahmedabad
107869,24-05-2026,Webcam,Electronics,4,3200,Hyderabad
107870,29-05-2026,Laptop,Electronics,1,65000,Hyderabad
107871,17-02-2026,SSD,Storage,3,6000,Pune
107872,24-06-2026,Headphones,Accessories,6,2500,Kolkata
107873,07-02-2026,Router,Networking,5,4500,Pune
107874,24-04-2026,Router,Networking,4,4500,Hyderabad
107875,04-06-2026,SSD,Storage,5,6000,Pune
107876,21-01-2026,Router,Networking,9,4500,Ahmedabad
107877,16-05-2026,Keyboard,Accessories,9,1200,Pune
107878,04-05-2026,Keyboard,Accessories,9,1200,Hyderabad
107879,04-01-2026,Mouse,Accessories,9,700,Pune
107880,11-06-2026,SSD,Storage,9,6000,Delhi
107881,26-04-2026,Printer,Electronics,6,9000,Pune
107882,23-06-2026,USB Drive,Accessories,,800,Bengaluru
107883,25-04-2026,Mouse,Accessories,9,700,Pune
107884,14-05-2026,Webcam,Electronics,6,3200,Delhi
107885,20-06-2026,Keyboard,Accessories,1,1200,Bengaluru
107886,12-01-2026,Printer,Electronics,7,9000,Delhi
107887,29-04-2026,Printer,Electronics,4,9000,Chennai
107888,17-05-2026,Printer,Electronics,8,9000,Bengaluru
107889,11-01-2026,Keyboard,Accessories,5,1200,Chennai
107890,04-01-2026,Webcam,Electronics,4,3200,Mumbai
107891,19-05-2026,SSD,Storage,1,6000,Hyderabad
107892,12-04-2026,Webcam,Electronics,3,3200,Mumbai
107893,12-04-2026,SSD,Storage,5,6000,Mumbai
107894,13-06-2026,USB Drive,Accessories,7,800,Mumbai
107895,08-01-2026,Webcam,Electronics,10,3200,Pune
107896,18-04-2026,Headphones,Accessories,3,2500,Hyderabad
107897,28-01-2026,Monitor,Electronics,1,15000,Kolkata
107898,21-01-2026,Router,Networking,4,4500,Delhi
107899,16-01-2026,Webcam,Electronics,5,3200,Kolkata
107900,28-06-2026,Printer,Electronics,4,9000,Delhi
107901,17-03-2026,Keyboard,Accessories,9,1200,Kolkata
107902,06-05-2026,Keyboard,Accessories,4,1200,Kolkata
107903,06-03-2026,Printer,Electronics,8,9000,Kolkata
107904,16-01-2026,USB Drive,Accessories,8,800,Ahmedabad
107905,16-05-2026,Router,Networking,10,4500,Mumbai
107906,11-01-2026,Laptop,Electronics,8,65000,Chennai
107907,01-05-2026,SSD,Storage,9,6000,Mumbai
107908,27-04-2026,Laptop,Electronics,6,65000,Kolkata
107909,26-03-2026,Router,Networking,6,4500,Delhi
107910,27-02-2026,Monitor,Electronics,7,15000,Pune
107911,12-06-2026,SSD,Storage,5,6000,Mumbai
107912,06-01-2026,SSD,Storage,10,6000,Hyderabad
107913,04-05-2026,Router,Networking,5,4500,Pune
107914,11-02-2026,Monitor,Electronics,1,15000,Hyderabad
107915,19-02-2026,Printer,Electronics,4,9000,Bengaluru
107916,07-01-2026,Webcam,Electronics,,3200,Ahmedabad
107917,31-03-2026,Headphones,Accessories,5,2500,Kolkata
107918,16-03-2026,Mouse,Accessories,7,700,Mumbai
107919,27-01-2026,Webcam,Electronics,3,3200,Delhi
107920,19-02-2026,Headphones,Accessories,9,2500,Bengaluru
107921,10-04-2026,Monitor,Electronics,4,15000,Delhi
107922,08-03-2026,Router,Networking,1,4500,Kolkata
107923,27-06-2026,Mouse,Accessories,2,700,Delhi
107924,19-03-2026,Printer,Electronics,4,9000,Ahmedabad
107925,04-05-2026,Keyboard,Accessories,2,1200,Kolkata
107926,13-05-2026,Mouse,Accessories,1,700,Ahmedabad
107927,17-04-2026,USB Drive,Accessories,4,800,Pune
107928,08-02-2026,USB Drive,Accessories,8,800,Mumbai
107929,19-01-2026,Laptop,Electronics,8,65000,Kolkata
107930,15-05-2026,USB Drive,Accessories,5,800,Chennai
107931,26-01-2026,Printer,Electronics,8,9000,Chennai
107932,20-04-2026,Router,Networking,10,4500,Chennai
107933,17-02-2026,Headphones,Accessories,3,2500,Kolkata
107934,18-05-2026,SSD,Storage,10,6000,Ahmedabad
107935,26-02-2026,SSD,Storage,6,6000,Kolkata
107936,09-01-2026,Monitor,Electronics,3,15000,Ahmedabad
107937,08-01-2026,Mouse,Accessories,5,700,Pune
107938,15-06-2026,Laptop,Electronics,8,65000,Pune
107939,14-06-2026,Mouse,Accessories,10,700,Hyderabad
107940,06-02-2026,Monitor,Electronics,1,15000,Ahmedabad
107941,08-02-2026,Headphones,Accessories,10,2500,Pune
107942,13-06-2026,SSD,Storage,6,6000,Hyderabad
107943,28-02-2026,Router,Networking,5,4500,Delhi
107944,22-04-2026,Keyboard,Accessories,9,1200,Pune
107945,28-06-2026,USB Drive,Accessories,7,800,Hyderabad
107946,07-01-2026,SSD,Storage,9,6000,Hyderabad
107947,09-03-2026,Monitor,Electronics,5,15000,Hyderabad
107948,24-03-2026,USB Drive,Accessories,9,800,Ahmedabad
107949,24-04-2026,SSD,Storage,4,6000,Chennai
107950,25-01-2026,USB Drive,Accessories,8,800,Ahmedabad
107951,16-03-2026,Monitor,Electronics,1,15000,Chennai
107952,03-02-2026,SSD,Storage,4,6000,Chennai
107953,14-05-2026,Webcam,Electronics,1,3200,Bengaluru
107954,30-05-2026,Headphones,Accessories,2,2500,Delhi
107955,23-05-2026,Printer,Electronics,6,9000,Kolkata
107956,05-02-2026,Webcam,Electronics,8,3200,Bengaluru
107957,28-03-2026,Router,Networking,2,4500,Ahmedabad
107958,11-04-2026,USB Drive,Accessories,4,800,Mumbai
107959,09-06-2026,Webcam,Electronics,5,3200,Kolkata
107960,29-03-2026,Keyboard,Accessories,3,1200,Kolkata
107961,13-05-2026,Headphones,Accessories,2,2500,Ahmedabad
107962,05-04-2026,Mouse,Accessories,8,700,Bengaluru
107963,11-06-2026,Router,Networking,5,4500,Delhi
107964,10-06-2026,Headphones,Accessories,1,2500,Ahmedabad
107965,08-03-2026,Headphones,Accessories,9,2500,Kolkata
107966,21-03-2026,Router,Networking,8,4500,Hyderabad
107967,31-01-2026,Keyboard,Accessories,8,1200,Hyderabad
107968,20-02-2026,Headphones,Accessories,10,2500,Bengaluru
107969,07-03-2026,Headphones,Accessories,3,2500,Mumbai
107970,10-04-2026,Laptop,Electronics,4,65000,Chennai
107971,28-01-2026,Webcam,Electronics,7,3200,Kolkata
107972,28-01-2026,Printer,Electronics,2,9000,Mumbai
107973,09-01-2026,Mouse,Accessories,5,700,Hyderabad
107974,26-05-2026,Mouse,Accessories,3,700,Hyderabad
107975,22-03-2026,Router,Networking,5,4500,Delhi
107976,22-06-2026,Mouse,Accessories,3,700,Ahmedabad
107977,06-05-2026,Mouse,Accessories,6,700,Pune
107978,19-02-2026,SSD,Storage,1,6000,Ahmedabad
107979,14-03-2026,Printer,Electronics,8,9000,Delhi
107980,15-05-2026,Laptop,Electronics,4,65000,Bengaluru
107981,12-02-2026,SSD,Storage,1,6000,Mumbai
107982,04-06-2026,SSD,Storage,7,6000,Delhi
107983,09-02-2026,SSD,Storage,4,6000,Bengaluru
107984,17-04-2026,Headphones,Accessories,9,2500,Delhi
107985,13-02-2026,Monitor,Electronics,9,15000,Bengaluru
107986,16-04-2026,Laptop,Electronics,1,65000,Delhi
107987,21-06-2026,Mouse,Accessories,9,700,Delhi
107988,28-06-2026,Monitor,Electronics,,15000,Ahmedabad
107989,18-05-2026,Keyboard,Accessories,9,1200,Ahmedabad
107990,11-06-2026,Keyboard,Accessories,3,1200,Hyderabad
107991,03-01-2026,Webcam,Electronics,2,3200,Mumbai
107992,19-04-2026,SSD,Storage,3,6000,Ahmedabad
107993,07-04-2026,USB Drive,Accessories,3,800,Pune
107994,28-06-2026,Mouse,Accessories,10,700,Delhi
107995,23-06-2026,Keyboard,Accessories,8,1200,Bengaluru
107996,27-06-2026,SSD,Storage,5,6000,Kolkata
107997,25-02-2026,Headphones,Accessories,9,2500,Bengaluru
107998,10-04-2026,Monitor,Electronics,9,15000,Ahmedabad
107999,15-06-2026,Printer,Electronics,10,9000,Delhi
108000,06-06-2026,Keyboard,Accessories,4,1200,Pune
108001,27-04-2026,Keyboard,Accessories,9,1200,Hyderabad
108002,15-06-2026,Router,Networking,10,4500,Delhi
108003,31-03-2026,Headphones,Accessories,9,2500,Bengaluru
108004,31-05-2026,USB Drive,Accessories,2,800,Delhi
108005,23-06-2026,SSD,Storage,5,6000,Pune
108006,10-06-2026,Keyboard,Accessories,1,1200,Mumbai
108007,12-03-2026,Headphones,Accessories,5,2500,Mumbai
108008,24-05-2026,SSD,Storage,2,6000,Chennai
108009,28-03-2026,Router,Networking,5,4500,Chennai
108010,11-01-2026,Laptop,Electronics,10,65000,Kolkata
108011,30-03-2026,Router,Networking,1,4500,Bengaluru
108012,06-01-2026,Laptop,Electronics,9,65000,Ahmedabad
108013,06-01-2026,Mouse,Accessories,10,700,Hyderabad
108014,18-06-2026,Headphones,Accessories,8,2500,Bengaluru
108015,26-03-2026,Headphones,Accessories,6,2500,Delhi
108016,29-06-2026,Router,Networking,5,4500,Delhi
108017,01-01-2026,Mouse,Accessories,6,700,Bengaluru
108018,24-02-2026,USB Drive,Accessories,3,800,Chennai
108019,04-05-2026,Laptop,Electronics,1,65000,Mumbai
108020,27-05-2026,Laptop,Electronics,7,65000,Bengaluru
108021,20-03-2026,Printer,Electronics,7,9000,Ahmedabad
108022,26-06-2026,Webcam,Electronics,3,3200,Ahmedabad
108023,15-03-2026,Webcam,Electronics,7,3200,Delhi
108024,25-06-2026,Router,Networking,4,4500,Delhi
108025,08-06-2026,Mouse,Accessories,1,700,Kolkata
108026,05-03-2026,Printer,Electronics,8,9000,Mumbai
108027,10-05-2026,Laptop,Electronics,5,65000,Bengaluru
108028,10-02-2026,Monitor,Electronics,1,15000,Ahmedabad
108029,30-03-2026,Webcam,Electronics,4,3200,Kolkata
108030,23-05-2026,Keyboard,Accessories,9,1200,Ahmedabad
108031,03-04-2026,Headphones,Accessories,6,2500,Pune
108032,09-04-2026,Router,Networking,6,4500,Kolkata
108033,10-03-2026,Router,Networking,8,4500,Chennai
108034,11-05-2026,Webcam,Electronics,2,3200,Bengaluru
108035,29-03-2026,Headphones,Accessories,5,2500,Hyderabad
108036,03-03-2026,Printer,Electronics,8,9000,Chennai
108037,12-06-2026,Router,Networking,5,,Mumbai
108038,26-06-2026,Printer,Electronics,6,9000,Kolkata
108039,24-02-2026,Monitor,Electronics,8,15000,Pune
108040,16-06-2026,Mouse,Accessories,2,700,Mumbai
108041,20-02-2026,Router,Networking,8,4500,Pune
108042,25-03-2026,SSD,Storage,5,6000,Mumbai
108043,20-06-2026,Monitor,Electronics,4,15000,Chennai
108044,20-01-2026,SSD,Storage,10,6000,Ahmedabad
108045,23-01-2026,Mouse,Accessories,,700,Kolkata
108046,24-04-2026,Webcam,Electronics,5,3200,Delhi
108047,09-03-2026,Router,Networking,10,4500,Pune
108048,04-06-2026,Keyboard,Accessories,8,1200,Kolkata
108049,27-05-2026,Printer,Electronics,8,9000,Chennai
108050,03-05-2026,USB Drive,Accessories,9,800,Kolkata
108051,21-01-2026,USB Drive,Accessories,2,800,Ahmedabad
108052,28-04-2026,USB Drive,Accessories,5,800,Delhi
108053,19-05-2026,Printer,Electronics,4,9000,Pune
108054,11-02-2026,Mouse,Accessories,8,700,Delhi
108055,24-03-2026,Monitor,Electronics,2,15000,Pune
108056,23-03-2026,Webcam,Electronics,5,3200,Chennai
108057,28-03-2026,SSD,Storage,6,6000,Ahmedabad
108058,19-04-2026,SSD,Storage,6,6000,Mumbai
108059,13-06-2026,Keyboard,Accessories,7,1200,Ahmedabad
108060,13-05-2026,Monitor,Electronics,8,15000,Hyderabad
108061,31-03-2026,SSD,Storage,5,6000,Chennai
108062,25-03-2026,SSD,Storage,3,6000,Delhi
108063,16-02-2026,Printer,Electronics,6,9000,Mumbai
108064,09-04-2026,Keyboard,Accessories,8,1200,Mumbai
108065,14-03-2026,SSD,Storage,3,6000,Bengaluru
108066,07-05-2026,Laptop,Electronics,3,65000,Delhi
108067,03-02-2026,Router,Networking,2,4500,Ahmedabad
108068,10-04-2026,Monitor,Electronics,5,15000,Kolkata
108069,01-01-2026,Keyboard,Accessories,7,1200,Pune
108070,12-04-2026,Printer,Electronics,2,9000,Ahmedabad
108071,10-01-2026,Keyboard,Accessories,6,1200,Mumbai
108072,10-03-2026,Monitor,Electronics,6,15000,Bengaluru
108073,16-06-2026,Monitor,Electronics,7,15000,Chennai
108074,18-06-2026,Printer,Electronics,9,9000,Bengaluru
108075,04-03-2026,Headphones,Accessories,5,2500,Bengaluru
108076,07-03-2026,Laptop,Electronics,6,65000,Hyderabad
108077,12-01-2026,USB Drive,Accessories,2,800,Delhi
108078,02-01-2026,Printer,Electronics,6,9000,Bengaluru
108079,02-05-2026,Headphones,Accessories,3,2500,Ahmedabad
108080,10-01-2026,Headphones,Accessories,7,2500,Hyderabad
108081,26-02-2026,Headphones,Accessories,6,2500,Pune
108082,01-06-2026,Router,Networking,2,4500,Chennai
108083,23-02-2026,SSD,Storage,10,6000,Kolkata
108084,29-05-2026,Router,Networking,1,4500,Pune
108085,06-05-2026,Monitor,Electronics,4,,Bengaluru
108086,14-04-2026,USB Drive,Accessories,1,800,Chennai
108087,06-03-2026,Webcam,Electronics,6,3200,Pune
108088,04-01-2026,Headphones,Accessories,7,2500,Pune
108089,13-05-2026,SSD,Storage,10,6000,Kolkata
108090,24-03-2026,Router,Networking,7,4500,Bengaluru
108091,11-02-2026,Monitor,Electronics,3,15000,Hyderabad
108092,05-01-2026,Laptop,Electronics,7,65000,Mumbai
108093,10-01-2026,USB Drive,Accessories,10,800,Hyderabad
108094,08-04-2026,Monitor,Electronics,6,15000,Mumbai
108095,19-03-2026,Keyboard,Accessories,1,1200,Kolkata
108096,28-01-2026,Keyboard,Accessories,3,1200,Mumbai
108097,11-03-2026,Laptop,Electronics,3,65000,Chennai
108098,04-02-2026,Keyboard,Accessories,5,1200,Chennai
108099,03-03-2026,Laptop,Electronics,3,65000,Delhi
108100,04-01-2026,Laptop,Electronics,2,65000,Bengaluru
108101,20-05-2026,Keyboard,Accessories,5,1200,Ahmedabad
108102,26-05-2026,Mouse,Accessories,4,700,Pune
108103,08-04-2026,Mouse,Accessories,8,700,Chennai
108104,28-06-2026,Router,Networking,5,4500,Kolkata
108105,15-03-2026,Laptop,Electronics,9,65000,Ahmedabad
108106,28-04-2026,SSD,Storage,6,6000,Chennai
108107,01-01-2026,Router,Networking,,4500,Delhi
108108,11-04-2026,Monitor,Electronics,4,15000,Hyderabad
108109,01-02-2026,Headphones,Accessories,7,2500,Kolkata
108110,18-01-2026,Webcam,Electronics,4,3200,Chennai
108111,24-03-2026,SSD,Storage,9,6000,Ahmedabad
108112,20-02-2026,Router,Networking,3,4500,Bengaluru
108113,17-01-2026,Printer,Electronics,7,9000,Bengaluru
108114,11-02-2026,Router,Networking,4,4500,Mumbai
108115,20-02-2026,Router,Networking,6,4500,Pune
108116,03-06-2026,Laptop,Electronics,7,65000,Chennai
108117,11-01-2026,Mouse,Accessories,5,700,Pune
108118,11-02-2026,Keyboard,Accessories,10,1200,Pune
108119,10-04-2026,Webcam,Electronics,1,3200,Hyderabad
108120,28-05-2026,Monitor,Electronics,6,15000,Bengaluru
108121,27-06-2026,SSD,Storage,4,6000,Chennai
108122,29-01-2026,Headphones,Accessories,4,2500,Hyderabad
108123,23-02-2026,Router,Networking,8,4500,Pune
108124,09-06-2026,Mouse,Accessories,10,700,Delhi
108125,29-05-2026,Printer,Electronics,6,9000,Pune
108126,16-01-2026,Router,Networking,3,4500,Bengaluru
108127,27-02-2026,Keyboard,Accessories,4,1200,Kolkata
108128,18-01-2026,Router,Networking,7,4500,Chennai
108129,11-04-2026,Webcam,Electronics,5,3200,Pune
108130,13-02-2026,SSD,Storage,2,6000,Pune
108131,15-06-2026,USB Drive,Accessories,6,800,Kolkata
108132,27-05-2026,Keyboard,Accessories,3,1200,Delhi
108133,14-02-2026,Headphones,Accessories,3,2500,Chennai
108134,10-06-2026,Mouse,Accessories,2,700,Pune
108135,01-04-2026,USB Drive,Accessories,3,800,Bengaluru
108136,19-04-2026,USB Drive,Accessories,8,800,Delhi
108137,15-06-2026,SSD,Storage,5,6000,Kolkata
108138,19-03-2026,Webcam,Electronics,1,3200,Chennai
108139,13-02-2026,Printer,Electronics,6,9000,Bengaluru
108140,07-01-2026,USB Drive,Accessories,6,800,Hyderabad
108141,05-02-2026,USB Drive,Accessories,2,800,Delhi
108142,28-06-2026,Monitor,Electronics,8,15000,Chennai
108143,18-02-2026,Mouse,Accessories,1,700,Kolkata
108144,17-05-2026,Monitor,Electronics,1,15000,Pune
108145,03-03-2026,Mouse,Accessories,3,700,Kolkata
108146,12-03-2026,SSD,Storage,8,6000,Delhi
108147,22-04-2026,Webcam,Electronics,7,3200,Kolkata
108148,10-06-2026,Monitor,Electronics,1,15000,Delhi
108149,28-04-2026,Router,Networking,2,4500,Delhi
108150,28-01-2026,Keyboard,Accessories,5,1200,Delhi
108151,06-04-2026,USB Drive,Accessories,10,800,Mumbai
108152,29-01-2026,Router,Networking,8,4500,Delhi
108153,07-01-2026,Printer,Electronics,5,9000,Delhi
108154,23-04-2026,Keyboard,Accessories,4,1200,Chennai
108155,26-05-2026,Keyboard,Accessories,1,1200,Delhi
108156,17-04-2026,Printer,Electronics,1,9000,Mumbai
108157,16-01-2026,Webcam,Electronics,1,3200,Hyderabad
108158,20-01-2026,Laptop,Electronics,6,,Mumbai
108159,04-04-2026,Router,Networking,9,4500,Kolkata
108160,17-04-2026,Laptop,Electronics,7,65000,Mumbai
108161,10-03-2026,Mouse,Accessories,5,700,Mumbai
108162,27-03-2026,USB Drive,Accessories,1,800,Bengaluru
108163,28-04-2026,Webcam,Electronics,1,3200,Hyderabad
108164,19-05-2026,USB Drive,Accessories,2,800,Mumbai
108165,21-01-2026,USB Drive,Accessories,3,800,Mumbai
108166,07-03-2026,Monitor,Electronics,6,15000,Delhi
108167,11-04-2026,Mouse,Accessories,7,700,Chennai
108168,28-06-2026,Webcam,Electronics,3,3200,Mumbai
108169,28-06-2026,Laptop,Electronics,8,65000,Bengaluru
108170,07-02-2026,Laptop,Electronics,8,65000,Chennai
108171,24-03-2026,Keyboard,Accessories,5,1200,Kolkata
108172,09-01-2026,SSD,Storage,7,6000,Hyderabad
108173,02-03-2026,USB Drive,Accessories,1,800,Hyderabad
108174,20-01-2026,SSD,Storage,2,6000,Chennai
108175,16-01-2026,Laptop,Electronics,10,65000,Bengaluru
108176,09-06-2026,Webcam,Electronics,2,3200,Bengaluru
108177,13-05-2026,Router,Networking,8,4500,Mumbai
108178,27-03-2026,SSD,Storage,5,6000,Chennai
108179,12-06-2026,Monitor,Electronics,5,15000,Bengaluru
108180,14-04-2026,USB Drive,Accessories,5,800,Kolkata
108181,10-06-2026,SSD,Storage,7,6000,Mumbai
108182,22-01-2026,Laptop,Electronics,6,65000,Bengaluru
108183,28-06-2026,Webcam,Electronics,3,3200,Kolkata
108184,07-05-2026,Webcam,Electronics,8,3200,Kolkata
108185,27-04-2026,Webcam,Electronics,9,3200,Bengaluru
108186,06-03-2026,Laptop,Electronics,9,65000,Pune
108187,22-01-2026,Monitor,Electronics,4,15000,Pune
108188,27-04-2026,SSD,Storage,3,6000,Hyderabad
108189,21-04-2026,USB Drive,Accessories,2,800,Bengaluru
108190,05-01-2026,Mouse,Accessories,8,700,Pune
108191,30-01-2026,Keyboard,Accessories,7,1200,Delhi
108192,24-06-2026,Router,Networking,7,4500,Mumbai
108193,23-01-2026,Laptop,Electronics,9,65000,Delhi
108194,26-05-2026,Keyboard,Accessories,8,1200,Kolkata
108195,06-01-2026,Router,Networking,7,4500,Hyderabad
108196,30-05-2026,SSD,Storage,6,6000,Kolkata
108197,14-06-2026,Webcam,Electronics,,3200,Pune
108198,06-01-2026,Router,Networking,1,4500,Delhi
108199,23-06-2026,SSD,Storage,1,6000,Bengaluru
108200,03-04-2026,Laptop,Electronics,10,65000,Pune
108201,05-04-2026,USB Drive,Accessories,5,800,Chennai
108202,18-01-2026,Keyboard,Accessories,5,1200,Delhi
108203,06-04-2026,Laptop,Electronics,3,65000,Delhi
108204,23-04-2026,USB Drive,Accessories,2,800,Mumbai
108205,21-03-2026,SSD,Storage,9,6000,Chennai
108206,06-06-2026,Laptop,Electronics,4,65000,Ahmedabad
108207,24-04-2026,Printer,Electronics,10,9000,Mumbai
108208,03-05-2026,USB Drive,Accessories,8,800,Delhi
108209,13-03-2026,Monitor,Electronics,8,15000,Mumbai
108210,27-03-2026,Webcam,Electronics,6,3200,Bengaluru
108211,15-02-2026,SSD,Storage,6,6000,Kolkata
108212,10-01-2026,Monitor,Electronics,10,15000,Chennai
108213,23-05-2026,USB Drive,Accessories,8,800,Ahmedabad
108214,05-04-2026,Monitor,Electronics,6,15000,Hyderabad
108215,08-03-2026,Webcam,Electronics,5,3200,Ahmedabad
108216,01-01-2026,Router,Networking,2,4500,Delhi
108217,07-01-2026,Monitor,Electronics,8,15000,Mumbai
108218,01-01-2026,Monitor,Electronics,3,,Bengaluru
108219,03-03-2026,Printer,Electronics,2,9000,Delhi
108220,28-05-2026,Webcam,Electronics,6,3200,Pune
108221,30-01-2026,USB Drive,Accessories,7,800,Kolkata
108222,08-03-2026,Printer,Electronics,5,9000,Hyderabad
108223,01-06-2026,Printer,Electronics,7,9000,Bengaluru
108224,02-02-2026,Keyboard,Accessories,8,1200,Bengaluru
108225,21-04-2026,Mouse,Accessories,1,700,Delhi
108226,13-02-2026,USB Drive,Accessories,1,800,Chennai
108227,16-04-2026,Headphones,Accessories,6,2500,Pune
108228,09-04-2026,Router,Networking,9,4500,Hyderabad
108229,19-02-2026,SSD,Storage,8,6000,Mumbai
108230,17-05-2026,Laptop,Electronics,3,65000,Ahmedabad
108231,16-04-2026,Mouse,Accessories,5,700,Hyderabad
108232,21-06-2026,Webcam,Electronics,4,3200,Delhi
108233,08-06-2026,Laptop,Electronics,9,65000,Ahmedabad
108234,04-06-2026,Printer,Electronics,8,9000,Hyderabad
108235,17-06-2026,Printer,Electronics,3,9000,Bengaluru
108236,15-03-2026,SSD,Storage,3,6000,Pune
108237,10-02-2026,Monitor,Electronics,5,15000,Mumbai
108238,23-03-2026,Mouse,Accessories,3,700,Ahmedabad
108239,14-04-2026,Laptop,Electronics,9,65000,Mumbai
108240,06-01-2026,USB Drive,Accessories,7,800,Ahmedabad
108241,09-05-2026,Keyboard,Accessories,5,1200,Kolkata
108242,03-04-2026,Router,Networking,3,4500,Pune
108243,06-03-2026,Laptop,Electronics,5,65000,Delhi
108244,26-06-2026,Monitor,Electronics,10,15000,Hyderabad
108245,06-03-2026,USB Drive,Accessories,7,800,Mumbai
108246,07-03-2026,Printer,Electronics,10,9000,Bengaluru
108247,04-06-2026,USB Drive,Accessories,6,800,Hyderabad
108248,20-01-2026,Headphones,Accessories,4,2500,Mumbai
108249,08-06-2026,Laptop,Electronics,5,65000,Kolkata
108250,06-01-2026,Mouse,Accessories,6,700,Hyderabad
108251,03-03-2026,Printer,Electronics,6,9000,Bengaluru
108252,04-06-2026,Printer,Electronics,6,9000,Hyderabad
108253,21-02-2026,Webcam,Electronics,9,3200,Ahmedabad
108254,20-03-2026,Keyboard,Accessories,6,1200,Chennai
108255,26-02-2026,Router,Networking,3,4500,Pune
108256,22-06-2026,Laptop,Electronics,1,65000,Ahmedabad
108257,27-03-2026,Headphones,Accessories,1,2500,Pune
108258,04-05-2026,USB Drive,Accessories,1,800,Ahmedabad
108259,23-02-2026,Monitor,Electronics,7,15000,Chennai
108260,01-05-2026,Printer,Electronics,2,9000,Mumbai
108261,22-04-2026,Monitor,Electronics,3,15000,Mumbai
108262,14-06-2026,Printer,Electronics,9,9000,Bengaluru
108263,29-06-2026,Printer,Electronics,4,9000,Mumbai
108264,24-04-2026,Router,Networking,3,4500,Ahmedabad
108265,02-05-2026,Monitor,Electronics,1,15000,Kolkata
108266,08-01-2026,Mouse,Accessories,8,700,Kolkata
108267,20-03-2026,Laptop,Electronics,1,65000,Bengaluru
108268,25-03-2026,USB Drive,Accessories,9,800,Pune
108269,03-06-2026,USB Drive,Accessories,3,800,Ahmedabad
108270,03-05-2026,Webcam,Electronics,7,,Hyderabad
108271,18-03-2026,Webcam,Electronics,2,3200,Hyderabad
108272,26-04-2026,Printer,Electronics,1,9000,Bengaluru
108273,18-04-2026,Headphones,Accessories,7,2500,Hyderabad
108274,20-06-2026,USB Drive,Accessories,8,800,Pune
108275,06-03-2026,Headphones,Accessories,5,2500,Hyderabad
108276,04-06-2026,Webcam,Electronics,6,3200,Kolkata
108277,18-06-2026,Printer,Electronics,3,9000,Chennai
108278,23-04-2026,Laptop,Electronics,6,65000,Kolkata
108279,02-04-2026,Router,Networking,4,4500,Delhi
108280,18-01-2026,Router,Networking,8,4500,Bengaluru
108281,25-04-2026,Laptop,Electronics,5,65000,Pune
108282,07-02-2026,Router,Networking,8,4500,Hyderabad
108283,11-03-2026,Printer,Electronics,4,9000,Ahmedabad
108284,03-03-2026,Router,Networking,6,4500,Bengaluru
108285,13-03-2026,Laptop,Electronics,3,65000,Chennai
108286,18-05-2026,Laptop,Electronics,5,65000,Kolkata
108287,29-06-2026,SSD,Storage,9,6000,Ahmedabad
108288,13-04-2026,Monitor,Electronics,5,15000,Bengaluru
108289,20-03-2026,Webcam,Electronics,8,3200,Ahmedabad
108290,19-02-2026,Webcam,Electronics,9,3200,Mumbai
108291,14-04-2026,Keyboard,Accessories,2,1200,Ahmedabad
108292,22-01-2026,Monitor,Electronics,9,15000,Chennai
108293,06-01-2026,Monitor,Electronics,2,15000,Kolkata
108294,19-04-2026,USB Drive,Accessories,2,800,Kolkata
108295,08-06-2026,Router,Networking,9,4500,Kolkata
108296,03-05-2026,USB Drive,Accessories,3,800,Bengaluru
108297,16-02-2026,Printer,Electronics,8,9000,Bengaluru
108298,02-02-2026,Printer,Electronics,8,9000,Kolkata
108299,23-04-2026,Laptop,Electronics,8,65000,Mumbai
108300,13-06-2026,Printer,Electronics,9,9000,Bengaluru
108301,27-03-2026,Webcam,Electronics,9,3200,Pune
108302,08-02-2026,SSD,Storage,9,6000,Hyderabad
108303,16-03-2026,Mouse,Accessories,4,700,Pune
108304,10-03-2026,Keyboard,Accessories,5,1200,Mumbai
108305,17-01-2026,Headphones,Accessories,6,2500,Bengaluru
108306,17-01-2026,Router,Networking,2,4500,Ahmedabad
108307,24-01-2026,SSD,Storage,1,6000,Ahmedabad
108308,01-05-2026,USB Drive,Accessories,10,800,Hyderabad
108309,25-01-2026,USB Drive,Accessories,5,800,Hyderabad
108310,13-04-2026,Printer,Electronics,3,9000,Hyderabad
108311,03-04-2026,Monitor,Electronics,4,15000,Bengaluru
108312,23-01-2026,Laptop,Electronics,2,65000,Kolkata
108313,26-04-2026,Headphones,Accessories,10,2500,Pune
108314,27-05-2026,Webcam,Electronics,8,3200,Ahmedabad
108315,01-01-2026,Headphones,Accessories,7,2500,Pune
108316,22-05-2026,Monitor,Electronics,3,15000,Hyderabad
108317,26-03-2026,Printer,Electronics,6,9000,Hyderabad
108318,12-04-2026,Webcam,Electronics,10,3200,Hyderabad
108319,22-04-2026,Router,Networking,7,4500,Chennai
108320,21-06-2026,Printer,Electronics,5,9000,Mumbai
108321,08-01-2026,USB Drive,Accessories,4,800,Ahmedabad
108322,19-02-2026,SSD,Storage,3,6000,Delhi
108323,12-03-2026,Keyboard,Accessories,10,1200,Bengaluru
108324,20-01-2026,Mouse,Accessories,10,700,Chennai
108325,24-02-2026,Headphones,Accessories,1,2500,Bengaluru
108326,16-01-2026,SSD,Storage,10,6000,Bengaluru
108327,31-01-2026,Mouse,Accessories,3,700,Bengaluru
108328,01-06-2026,SSD,Storage,9,6000,Delhi
108329,27-01-2026,Headphones,Accessories,1,2500,Pune
108330,09-06-2026,Headphones,Accessories,5,2500,Kolkata
108331,24-05-2026,Laptop,Electronics,7,65000,Delhi
108332,21-03-2026,Laptop,Electronics,1,65000,Chennai
108333,18-04-2026,Router,Networking,1,4500,Hyderabad
108334,31-01-2026,Printer,Electronics,4,9000,Pune
108335,07-05-2026,Printer,Electronics,4,9000,Mumbai
108336,31-01-2026,Headphones,Accessories,5,2500,Bengaluru
108337,28-05-2026,Mouse,Accessories,8,700,Kolkata
108338,09-06-2026,Laptop,Electronics,10,65000,Chennai
108339,17-01-2026,Webcam,Electronics,7,3200,Bengaluru
108340,05-01-2026,Headphones,Accessories,10,2500,Kolkata
108341,07-01-2026,SSD,Storage,1,6000,Kolkata
108342,14-05-2026,Laptop,Electronics,2,65000,Hyderabad
108343,17-04-2026,Laptop,Electronics,10,65000,Chennai
108344,04-04-2026,Monitor,Electronics,5,15000,Bengaluru
108345,16-01-2026,Laptop,Electronics,10,65000,Pune
108346,20-02-2026,Headphones,Accessories,4,2500,Delhi
108347,02-04-2026,Monitor,Electronics,3,15000,Kolkata
108348,14-02-2026,Printer,Electronics,9,9000,Delhi
108349,18-03-2026,SSD,Storage,8,6000,Pune
108350,24-03-2026,Headphones,Accessories,2,2500,Hyderabad
108351,11-02-2026,Printer,Electronics,1,9000,Ahmedabad
108352,22-06-2026,Printer,Electronics,2,9000,Hyderabad
108353,05-04-2026,Monitor,Electronics,10,,Mumbai
108354,27-06-2026,USB Drive,Accessories,7,800,Pune
108355,09-02-2026,Mouse,Accessories,9,700,Kolkata
108356,16-05-2026,Laptop,Electronics,5,65000,Chennai
108357,06-02-2026,SSD,Storage,1,6000,Bengaluru
108358,25-03-2026,Router,Networking,6,4500,Delhi
108359,19-02-2026,Webcam,Electronics,1,3200,Mumbai
108360,09-02-2026,Laptop,Electronics,6,65000,Kolkata
108361,26-05-2026,Printer,Electronics,9,9000,Ahmedabad
108362,06-03-2026,Router,Networking,8,4500,Hyderabad
108363,07-03-2026,Laptop,Electronics,10,65000,Chennai
108364,04-01-2026,Headphones,Accessories,1,2500,Hyderabad
108365,09-04-2026,Mouse,Accessories,8,,Chennai
108366,12-05-2026,Headphones,Accessories,5,2500,Bengaluru
108367,24-06-2026,Monitor,Electronics,5,15000,Chennai
108368,23-06-2026,Headphones,Accessories,3,2500,Kolkata
108369,07-02-2026,Headphones,Accessories,6,2500,Mumbai
108370,09-02-2026,SSD,Storage,9,6000,Delhi
108371,06-06-2026,Monitor,Electronics,3,15000,Chennai
108372,28-01-2026,Webcam,Electronics,7,3200,Chennai
108373,12-05-2026,Monitor,Electronics,3,15000,Kolkata
108374,29-03-2026,Keyboard,Accessories,7,1200,Kolkata
108375,16-04-2026,SSD,Storage,5,6000,Delhi
108376,01-01-2026,Mouse,Accessories,2,700,Delhi
108377,01-02-2026,USB Drive,Accessories,8,800,Pune
108378,10-06-2026,USB Drive,Accessories,8,800,Hyderabad
108379,10-04-2026,Router,Networking,5,4500,Chennai
108380,11-04-2026,Keyboard,Accessories,3,1200,Ahmedabad
108381,09-03-2026,SSD,Storage,1,6000,Delhi
108382,29-03-2026,SSD,Storage,,6000,Chennai
108383,11-02-2026,Router,Networking,2,4500,Bengaluru
108384,26-03-2026,Webcam,Electronics,8,3200,Ahmedabad
108385,17-02-2026,Webcam,Electronics,5,3200,Delhi
108386,06-04-2026,SSD,Storage,2,6000,Ahmedabad
108387,27-05-2026,Router,Networking,2,4500,Chennai
108388,01-06-2026,Headphones,Accessories,6,2500,Hyderabad
108389,10-06-2026,Headphones,Accessories,3,2500,Bengaluru
108390,22-05-2026,Printer,Electronics,3,9000,Bengaluru
108391,26-05-2026,Router,Networking,1,4500,Bengaluru
108392,08-06-2026,Mouse,Accessories,8,700,Mumbai
108393,17-06-2026,Monitor,Electronics,5,15000,Pune
108394,06-05-2026,Router,Networking,2,4500,Chennai
108395,03-04-2026,USB Drive,Accessories,3,800,Hyderabad
108396,16-01-2026,Keyboard,Accessories,5,1200,Delhi
108397,30-01-2026,Mouse,Accessories,4,700,Chennai
108398,17-02-2026,Mouse,Accessories,5,700,Delhi
108399,06-04-2026,Headphones,Accessories,10,2500,Ahmedabad
108400,02-05-2026,Laptop,Electronics,3,65000,Ahmedabad
108401,13-04-2026,SSD,Storage,8,6000,Ahmedabad
108402,28-06-2026,Keyboard,Accessories,6,1200,Chennai
108403,20-01-2026,Mouse,Accessories,4,700,Kolkata
108404,16-03-2026,SSD,Storage,10,6000,Ahmedabad
108405,14-04-2026,Monitor,Electronics,4,15000,Delhi
108406,24-04-2026,Mouse,Accessories,2,700,Pune
108407,13-01-2026,Headphones,Accessories,3,2500,Bengaluru
108408,04-05-2026,Laptop,Electronics,5,65000,Pune
108409,26-05-2026,Monitor,Electronics,4,15000,Hyderabad
108410,22-05-2026,Mouse,Accessories,5,700,Mumbai
108411,21-04-2026,USB Drive,Accessories,10,800,Chennai
108412,16-04-2026,SSD,Storage,8,6000,Pune
108413,18-01-2026,Mouse,Accessories,2,700,Ahmedabad
108414,02-02-2026,Monitor,Electronics,10,15000,Mumbai
108415,24-03-2026,Headphones,Accessories,9,2500,Chennai
108416,03-02-2026,Monitor,Electronics,7,15000,Chennai
108417,28-03-2026,Router,Networking,9,4500,Kolkata
108418,29-05-2026,Monitor,Electronics,8,15000,Ahmedabad
108419,30-03-2026,Laptop,Electronics,9,65000,Ahmedabad
108420,10-06-2026,Mouse,Accessories,2,700,Ahmedabad
108421,16-05-2026,Printer,Electronics,5,9000,Ahmedabad
108422,08-03-2026,Router,Networking,10,4500,Hyderabad
108423,24-04-2026,SSD,Storage,4,6000,Delhi
108424,15-03-2026,Printer,Electronics,9,9000,Ahmedabad
108425,30-01-2026,Mouse,Accessories,9,700,Bengaluru
108426,06-05-2026,Webcam,Electronics,4,3200,Chennai
108427,31-05-2026,USB Drive,Accessories,8,800,Pune
108428,29-06-2026,Keyboard,Accessories,8,1200,Hyderabad
108429,14-06-2026,Mouse,Accessories,9,700,Mumbai
108430,23-03-2026,USB Drive,Accessories,8,800,Hyderabad
108431,27-03-2026,Printer,Electronics,6,9000,Ahmedabad
108432,13-06-2026,Laptop,Electronics,8,65000,Ahmedabad
108433,24-04-2026,Laptop,Electronics,5,65000,Hyderabad
108434,07-01-2026,Laptop,Electronics,2,65000,Chennai
108435,27-01-2026,Keyboard,Accessories,8,1200,Bengaluru
108436,28-01-2026,Keyboard,Accessories,10,1200,Ahmedabad
108437,26-06-2026,Keyboard,Accessories,5,1200,Bengaluru
108438,25-03-2026,Mouse,Accessories,8,700,Pune
108439,21-04-2026,Headphones,Accessories,3,2500,Bengaluru
108440,11-03-2026,Monitor,Electronics,8,15000,Bengaluru
108441,09-02-2026,Laptop,Electronics,3,65000,Delhi
108442,18-04-2026,Printer,Electronics,10,9000,Kolkata
108443,29-03-2026,Keyboard,Accessories,1,1200,Mumbai
108444,13-03-2026,Router,Networking,8,4500,Ahmedabad
108445,01-03-2026,Webcam,Electronics,3,3200,Hyderabad
108446,11-02-2026,Mouse,Accessories,10,700,Hyderabad
108447,15-02-2026,Laptop,Electronics,6,65000,Pune
108448,11-01-2026,USB Drive,Accessories,10,800,Pune
108449,19-05-2026,Router,Networking,5,4500,Hyderabad
108450,12-04-2026,Printer,Electronics,10,9000,Delhi
108451,09-01-2026,Keyboard,Accessories,1,1200,Kolkata
108452,09-01-2026,Printer,Electronics,1,9000,Hyderabad
108453,17-02-2026,Mouse,Accessories,6,700,Ahmedabad
108454,22-03-2026,Mouse,Accessories,10,700,Bengaluru
108455,28-05-2026,USB Drive,Accessories,1,800,Hyderabad
108456,21-01-2026,Printer,Electronics,4,9000,Delhi
108457,07-05-2026,Laptop,Electronics,5,65000,Delhi
108458,27-04-2026,Webcam,Electronics,3,3200,Chennai
108459,08-06-2026,SSD,Storage,6,6000,Kolkata
108460,05-05-2026,Printer,Electronics,3,9000,Mumbai
108461,05-05-2026,USB Drive,Accessories,8,800,Hyderabad
108462,09-05-2026,Router,Networking,1,4500,Hyderabad
108463,09-01-2026,Headphones,Accessories,3,2500,Hyderabad
108464,16-05-2026,Monitor,Electronics,6,15000,Hyderabad
108465,30-04-2026,Webcam,Electronics,6,3200,Delhi
108466,12-04-2026,Monitor,Electronics,3,15000,Kolkata
108467,21-05-2026,Printer,Electronics,7,9000,Bengaluru
108468,18-04-2026,Mouse,Accessories,7,700,Chennai
108469,03-02-2026,Webcam,Electronics,10,3200,Ahmedabad
108470,15-01-2026,Keyboard,Accessories,2,1200,Kolkata
108471,20-01-2026,USB Drive,Accessories,10,800,Chennai
108472,02-05-2026,USB Drive,Accessories,2,800,Kolkata
108473,19-06-2026,Headphones,Accessories,5,2500,Delhi
108474,09-03-2026,Monitor,Electronics,8,15000,Kolkata
108475,28-04-2026,Laptop,Electronics,6,65000,Bengaluru
108476,02-03-2026,Webcam,Electronics,3,3200,Chennai
108477,25-03-2026,USB Drive,Accessories,1,800,Pune
108478,23-01-2026,Mouse,Accessories,10,700,Pune
108479,11-04-2026,Monitor,Electronics,3,15000,Ahmedabad
108480,04-06-2026,Mouse,Accessories,2,700,Pune
108481,30-01-2026,Keyboard,Accessories,6,1200,Ahmedabad
108482,15-02-2026,SSD,Storage,2,6000,Bengaluru
108483,07-02-2026,Keyboard,Accessories,10,1200,Chennai
108484,19-01-2026,Router,Networking,8,4500,Kolkata
108485,23-01-2026,Webcam,Electronics,7,3200,Bengaluru
108486,21-06-2026,Printer,Electronics,6,9000,Hyderabad
108487,22-04-2026,USB Drive,Accessories,1,800,Hyderabad
108488,19-06-2026,Printer,Electronics,1,9000,Hyderabad
108489,01-05-2026,Router,Networking,4,4500,Pune
108490,12-06-2026,SSD,Storage,3,6000,Kolkata
108491,08-04-2026,Router,Networking,1,4500,Pune
108492,17-04-2026,Headphones,Accessories,4,2500,Bengaluru
108493,05-05-2026,Headphones,Accessories,1,2500,Delhi
108494,13-03-2026,Webcam,Electronics,1,3200,Hyderabad
108495,26-02-2026,Webcam,Electronics,2,3200,Hyderabad
108496,01-05-2026,Printer,Electronics,8,9000,Hyderabad
108497,29-05-2026,Keyboard,Accessories,3,1200,Chennai
108498,27-05-2026,Headphones,Accessories,5,2500,Bengaluru
108499,06-06-2026,Monitor,Electronics,4,15000,Hyderabad
108500,06-02-2026,Printer,Electronics,1,9000,Mumbai
108501,07-06-2026,Headphones,Accessories,10,2500,Kolkata
108502,20-01-2026,Router,Networking,1,4500,Delhi
108503,03-06-2026,Router,Networking,9,4500,Hyderabad
108504,01-03-2026,USB Drive,Accessories,3,800,Chennai
108505,26-03-2026,Keyboard,Accessories,3,1200,Bengaluru
108506,10-04-2026,Webcam,Electronics,4,3200,Ahmedabad
108507,15-02-2026,Keyboard,Accessories,3,1200,Pune
108508,02-03-2026,Keyboard,Accessories,6,1200,Hyderabad
108509,17-02-2026,SSD,Storage,8,6000,Kolkata
108510,28-03-2026,Mouse,Accessories,,700,Chennai
108511,01-06-2026,Headphones,Accessories,2,2500,Kolkata
108512,02-01-2026,Headphones,Accessories,8,2500,Kolkata
108513,12-04-2026,Printer,Electronics,8,9000,Mumbai
108514,24-02-2026,Keyboard,Accessories,1,1200,Mumbai
108515,30-05-2026,Mouse,Accessories,9,700,Pune
108516,14-01-2026,USB Drive,Accessories,4,800,Pune
108517,17-01-2026,USB Drive,Accessories,8,800,Pune
108518,01-04-2026,SSD,Storage,10,6000,Kolkata
108519,16-04-2026,SSD,Storage,8,6000,Bengaluru
108520,20-02-2026,USB Drive,Accessories,5,800,Pune
108521,25-06-2026,Mouse,Accessories,5,700,Chennai
108522,20-02-2026,Printer,Electronics,3,9000,Kolkata
108523,09-02-2026,USB Drive,Accessories,4,800,Chennai
108524,11-03-2026,Keyboard,Accessories,3,1200,Chennai
108525,03-02-2026,Mouse,Accessories,10,700,Mumbai
108526,21-06-2026,SSD,Storage,1,6000,Hyderabad
108527,27-01-2026,Webcam,Electronics,6,3200,Pune
108528,19-05-2026,Monitor,Electronics,9,15000,Hyderabad
108529,02-03-2026,Keyboard,Accessories,8,1200,Hyderabad
108530,24-03-2026,Mouse,Accessories,4,700,Hyderabad
108531,22-06-2026,Printer,Electronics,4,9000,Mumbai
108532,04-06-2026,Mouse,Accessories,7,700,Pune
108533,08-03-2026,Webcam,Electronics,2,3200,Hyderabad
108534,04-03-2026,Router,Networking,3,4500,Kolkata
108535,20-05-2026,SSD,Storage,3,6000,Kolkata
108536,19-05-2026,Keyboard,Accessories,10,1200,Chennai
108537,29-03-2026,Router,Networking,1,4500,Chennai
108538,30-03-2026,Webcam,Electronics,2,3200,Mumbai
108539,25-05-2026,Router,Networking,2,4500,Chennai
108540,02-06-2026,SSD,Storage,4,6000,Hyderabad
108541,18-04-2026,Headphones,Accessories,2,2500,Kolkata
108542,29-01-2026,Monitor,Electronics,7,15000,Kolkata
108543,21-01-2026,USB Drive,Accessories,2,800,Chennai
108544,03-03-2026,Monitor,Electronics,8,15000,Hyderabad
108545,08-04-2026,Webcam,Electronics,2,3200,Ahmedabad
108546,02-01-2026,USB Drive,Accessories,10,800,Hyderabad
108547,20-01-2026,Keyboard,Accessories,2,1200,Chennai
108548,01-01-2026,USB Drive,Accessories,10,800,Kolkata
108549,25-04-2026,Keyboard,Accessories,1,1200,Bengaluru
108550,06-06-2026,Monitor,Electronics,2,15000,Kolkata
108551,24-04-2026,Router,Networking,8,4500,Kolkata
108552,26-06-2026,Printer,Electronics,8,9000,Mumbai
108553,05-06-2026,Keyboard,Accessories,6,1200,Ahmedabad
108554,27-03-2026,Headphones,Accessories,1,2500,Kolkata
108555,29-01-2026,Printer,Electronics,4,9000,Chennai
108556,13-01-2026,Monitor,Electronics,10,15000,Kolkata
108557,03-05-2026,Headphones,Accessories,5,2500,Delhi
108558,29-05-2026,Printer,Electronics,2,9000,Delhi
108559,07-06-2026,Headphones,Accessories,7,2500,Delhi
108560,25-02-2026,Router,Networking,6,4500,Bengaluru
108561,18-02-2026,Mouse,Accessories,4,700,Kolkata
108562,05-05-2026,Router,Networking,4,4500,Hyderabad
108563,02-04-2026,Router,Networking,6,4500,Ahmedabad
108564,30-04-2026,USB Drive,Accessories,4,800,Kolkata
108565,18-06-2026,SSD,Storage,3,6000,Chennai
108566,28-02-2026,Webcam,Electronics,7,3200,Ahmedabad
108567,25-01-2026,Mouse,Accessories,8,700,Kolkata
108568,05-04-2026,Monitor,Electronics,6,15000,Hyderabad
108569,05-06-2026,Printer,Electronics,6,9000,Pune
108570,09-05-2026,Keyboard,Accessories,10,1200,Delhi
108571,05-06-2026,SSD,Storage,8,6000,Pune
108572,27-06-2026,Printer,Electronics,2,9000,Chennai
108573,26-02-2026,Mouse,Accessories,5,700,Chennai
108574,10-02-2026,Mouse,Accessories,6,700,Delhi
108575,29-05-2026,USB Drive,Accessories,8,800,Bengaluru
108576,21-05-2026,Headphones,Accessories,8,2500,Pune
108577,10-02-2026,Webcam,Electronics,8,3200,Hyderabad
108578,05-04-2026,Printer,Electronics,8,9000,Hyderabad
108579,13-01-2026,Webcam,Electronics,8,3200,Pune
108580,20-01-2026,Laptop,Electronics,10,65000,Pune
108581,26-01-2026,SSD,Storage,5,6000,Hyderabad
108582,13-03-2026,USB Drive,Accessories,2,800,Mumbai
108583,17-01-2026,Webcam,Electronics,1,3200,Bengaluru
108584,14-01-2026,SSD,Storage,3,6000,Hyderabad
108585,08-06-2026,Laptop,Electronics,1,65000,Delhi
108586,17-01-2026,Mouse,Accessories,5,700,Ahmedabad
108587,15-02-2026,SSD,Storage,10,6000,Pune
108588,24-03-2026,Keyboard,Accessories,4,1200,Delhi
108589,06-03-2026,SSD,Storage,8,6000,Chennai
108590,22-03-2026,USB Drive,Accessories,9,800,Kolkata
108591,01-03-2026,Monitor,Electronics,4,15000,Chennai
108592,17-04-2026,Headphones,Accessories,2,2500,Chennai
108593,24-05-2026,Monitor,Electronics,1,15000,Hyderabad
108594,11-01-2026,Mouse,Accessories,7,700,Chennai
108595,19-06-2026,Printer,Electronics,10,9000,Hyderabad
108596,16-03-2026,Mouse,Accessories,8,700,Hyderabad
108597,22-02-2026,Printer,Electronics,4,9000,Delhi
108598,27-04-2026,Mouse,Accessories,9,700,Mumbai
108599,10-06-2026,Router,Networking,3,4500,Delhi
108600,22-04-2026,Monitor,Electronics,10,15000,Kolkata
108601,29-04-2026,Router,Networking,2,4500,Delhi
108602,20-05-2026,Laptop,Electronics,3,65000,Hyderabad
108603,13-04-2026,SSD,Storage,8,6000,Bengaluru
108604,21-06-2026,Headphones,Accessories,8,2500,Pune
108605,19-04-2026,Printer,Electronics,5,9000,Hyderabad
108606,31-03-2026,Printer,Electronics,8,9000,Hyderabad
108607,01-06-2026,SSD,Storage,7,6000,Bengaluru
108608,01-03-2026,Router,Networking,5,4500,Hyderabad
108609,19-01-2026,Webcam,Electronics,6,3200,Delhi
108610,05-06-2026,Laptop,Electronics,10,65000,Pune
108611,03-05-2026,Keyboard,Accessories,9,1200,Pune
108612,02-03-2026,SSD,Storage,2,6000,Ahmedabad
108613,27-02-2026,Monitor,Electronics,4,15000,Kolkata
108614,23-03-2026,Monitor,Electronics,5,15000,Bengaluru
108615,27-06-2026,Printer,Electronics,10,9000,Bengaluru
108616,02-03-2026,Router,Networking,6,4500,Bengaluru
108617,07-01-2026,Mouse,Accessories,1,700,Pune
108618,23-06-2026,Printer,Electronics,5,9000,Chennai
108619,06-05-2026,SSD,Storage,,6000,Pune
108620,27-01-2026,Router,Networking,8,4500,Bengaluru
108621,13-02-2026,Mouse,Accessories,8,700,Delhi
108622,04-02-2026,Headphones,Accessories,5,2500,Hyderabad
108623,27-05-2026,Mouse,Accessories,1,700,Delhi
108624,26-06-2026,Printer,Electronics,2,9000,Ahmedabad
108625,03-02-2026,Router,Networking,2,4500,Ahmedabad
108626,14-02-2026,SSD,Storage,6,6000,Pune
108627,30-01-2026,Keyboard,Accessories,7,1200,Delhi
108628,07-05-2026,SSD,Storage,7,6000,Hyderabad
108629,23-02-2026,Laptop,Electronics,3,65000,Kolkata
108630,20-04-2026,USB Drive,Accessories,9,800,Bengaluru
108631,06-05-2026,Printer,Electronics,7,9000,Hyderabad
108632,19-03-2026,Headphones,Accessories,10,2500,Bengaluru
108633,13-06-2026,SSD,Storage,6,6000,Kolkata
108634,10-02-2026,Mouse,Accessories,10,700,Pune
108635,03-06-2026,Laptop,Electronics,10,65000,Chennai
108636,20-01-2026,Printer,Electronics,8,9000,Ahmedabad
108637,20-04-2026,Monitor,Electronics,8,15000,Bengaluru
108638,31-03-2026,USB Drive,Accessories,5,800,Kolkata
108639,21-03-2026,Webcam,Electronics,7,3200,Pune
108640,23-06-2026,Webcam,Electronics,8,3200,Kolkata
108641,04-04-2026,Laptop,Electronics,7,65000,Kolkata
108642,13-03-2026,Headphones,Accessories,2,2500,Delhi
108643,22-03-2026,SSD,Storage,3,6000,Kolkata
108644,09-05-2026,Webcam,Electronics,1,3200,Chennai
108645,07-04-2026,SSD,Storage,8,6000,Delhi
108646,18-03-2026,USB Drive,Accessories,7,800,Kolkata
108647,26-02-2026,Router,Networking,3,4500,Chennai
108648,27-01-2026,USB Drive,Accessories,3,800,Bengaluru
108649,08-01-2026,SSD,Storage,3,6000,Bengaluru
108650,27-02-2026,Router,Networking,1,4500,Chennai
108651,09-03-2026,USB Drive,Accessories,3,800,Pune
108652,25-01-2026,Printer,Electronics,9,9000,Ahmedabad
108653,11-06-2026,Mouse,Accessories,6,700,Pune
108654,12-03-2026,Headphones,Accessories,9,2500,Pune
108655,27-02-2026,Monitor,Electronics,6,15000,Mumbai
108656,21-04-2026,SSD,Storage,6,6000,Pune
108657,06-02-2026,Keyboard,Accessories,9,1200,Pune
108658,21-01-2026,Keyboard,Accessories,1,1200,Mumbai
108659,08-05-2026,Printer,Electronics,10,9000,Mumbai
108660,21-01-2026,Printer,Electronics,10,9000,Delhi
108661,25-05-2026,Router,Networking,10,4500,Delhi
108662,22-03-2026,Laptop,Electronics,5,65000,Kolkata
108663,12-06-2026,Mouse,Accessories,10,700,Chennai
108664,16-01-2026,Laptop,Electronics,6,65000,Hyderabad
108665,09-03-2026,Printer,Electronics,6,9000,Mumbai
108666,05-01-2026,Printer,Electronics,3,9000,Chennai
108667,23-01-2026,Router,Networking,3,4500,Kolkata
108668,24-03-2026,Printer,Electronics,10,9000,Ahmedabad
108669,14-02-2026,Headphones,Accessories,6,2500,Mumbai
108670,27-03-2026,Mouse,Accessories,10,700,Pune
108671,25-04-2026,Webcam,Electronics,1,3200,Kolkata
108672,18-06-2026,Laptop,Electronics,7,65000,Chennai
108673,29-01-2026,Monitor,Electronics,6,15000,Chennai
108674,23-05-2026,Monitor,Electronics,7,15000,Pune
108675,31-05-2026,Headphones,Accessories,9,2500,Delhi
108676,27-06-2026,USB Drive,Accessories,10,800,Bengaluru
108677,17-04-2026,SSD,Storage,2,6000,Chennai
108678,03-06-2026,Laptop,Electronics,7,65000,Bengaluru
108679,08-05-2026,USB Drive,Accessories,2,800,Hyderabad
108680,01-04-2026,Mouse,Accessories,3,700,Chennai
108681,04-04-2026,SSD,Storage,7,6000,Ahmedabad
108682,22-02-2026,Printer,Electronics,10,9000,Pune
108683,12-06-2026,USB Drive,Accessories,4,800,Chennai
108684,01-06-2026,Mouse,Accessories,4,700,Ahmedabad
108685,01-01-2026,Mouse,Accessories,9,700,Mumbai
108686,31-01-2026,Monitor,Electronics,4,15000,Bengaluru
108687,23-02-2026,Monitor,Electronics,2,15000,Mumbai
108688,11-06-2026,Webcam,Electronics,1,3200,Mumbai
108689,07-02-2026,Webcam,Electronics,9,3200,Hyderabad
108690,04-03-2026,Router,Networking,8,4500,Delhi
108691,12-05-2026,Mouse,Accessories,4,700,Delhi
108692,10-05-2026,Keyboard,Accessories,3,1200,Chennai
108693,18-06-2026,Monitor,Electronics,6,15000,Mumbai
108694,17-04-2026,Printer,Electronics,10,9000,Delhi
108695,16-03-2026,Keyboard,Accessories,6,1200,Delhi
108696,11-06-2026,Keyboard,Accessories,9,1200,Mumbai
108697,08-05-2026,Laptop,Electronics,2,65000,Hyderabad
108698,10-06-2026,Mouse,Accessories,4,700,Hyderabad
108699,07-03-2026,Laptop,Electronics,4,65000,Pune
108700,20-06-2026,Webcam,Electronics,10,3200,Mumbai
108701,08-05-2026,Monitor,Electronics,4,15000,Mumbai
108702,01-03-2026,USB Drive,Accessories,9,800,Mumbai
108703,10-06-2026,Headphones,Accessories,3,2500,Ahmedabad
108704,07-06-2026,USB Drive,Accessories,9,800,Bengaluru
108705,21-01-2026,Mouse,Accessories,7,,Delhi
108706,17-04-2026,Keyboard,Accessories,1,1200,Bengaluru
108707,10-03-2026,Laptop,Electronics,8,65000,Kolkata
108708,14-03-2026,Headphones,Accessories,4,2500,Bengaluru
108709,30-01-2026,Monitor,Electronics,6,15000,Mumbai
108710,03-03-2026,Printer,Electronics,5,9000,Pune
108711,07-01-2026,SSD,Storage,3,6000,Chennai
108712,11-05-2026,SSD,Storage,10,6000,Chennai
108713,02-06-2026,Webcam,Electronics,3,3200,Bengaluru
108714,18-06-2026,Laptop,Electronics,5,65000,Chennai
108715,02-02-2026,Mouse,Accessories,8,700,Chennai
108716,31-05-2026,Laptop,Electronics,5,65000,Chennai
108717,19-03-2026,Printer,Electronics,5,9000,Ahmedabad
108718,21-03-2026,Router,Networking,2,4500,Bengaluru
108719,23-03-2026,Keyboard,Accessories,9,1200,Kolkata
108720,18-03-2026,USB Drive,Accessories,6,800,Hyderabad
108721,07-01-2026,Printer,Electronics,4,9000,Chennai
108722,09-02-2026,Mouse,Accessories,4,700,Kolkata
108723,29-06-2026,SSD,Storage,10,6000,Hyderabad
108724,07-06-2026,Monitor,Electronics,8,15000,Bengaluru
108725,23-04-2026,Mouse,Accessories,6,700,Chennai
108726,30-01-2026,Keyboard,Accessories,6,1200,Delhi
108727,22-02-2026,Router,Networking,4,4500,Chennai
108728,02-05-2026,Keyboard,Accessories,3,1200,Ahmedabad
108729,07-02-2026,Laptop,Electronics,8,65000,Ahmedabad
108730,30-03-2026,Monitor,Electronics,8,15000,Kolkata
108731,02-03-2026,Keyboard,Accessories,4,1200,Ahmedabad
108732,27-04-2026,Monitor,Electronics,4,15000,Delhi
108733,16-05-2026,Headphones,Accessories,9,2500,Pune
108734,02-04-2026,Router,Networking,3,4500,Bengaluru
108735,23-01-2026,Router,Networking,10,4500,Pune
108736,26-01-2026,Laptop,Electronics,9,65000,Mumbai
108737,16-05-2026,Mouse,Accessories,2,700,Chennai
108738,16-02-2026,Router,Networking,2,4500,Hyderabad
108739,15-03-2026,Keyboard,Accessories,1,1200,Pune
108740,28-03-2026,Monitor,Electronics,5,15000,Ahmedabad
108741,26-01-2026,SSD,Storage,8,6000,Delhi
108742,25-05-2026,Monitor,Electronics,3,15000,Hyderabad
108743,10-06-2026,Laptop,Electronics,1,65000,Ahmedabad
108744,27-02-2026,Mouse,Accessories,7,700,Hyderabad
108745,01-01-2026,Router,Networking,8,4500,Chennai
108746,03-05-2026,Router,Networking,4,4500,Ahmedabad
108747,31-01-2026,Keyboard,Accessories,2,1200,Ahmedabad
108748,08-06-2026,Router,Networking,10,4500,Mumbai
108749,13-01-2026,Keyboard,Accessories,5,1200,Bengaluru
108750,01-05-2026,Keyboard,Accessories,5,1200,Bengaluru
108751,10-01-2026,Webcam,Electronics,7,3200,Mumbai
108752,02-04-2026,Keyboard,Accessories,9,1200,Ahmedabad
108753,07-05-2026,Router,Networking,10,4500,Pune
108754,15-01-2026,Mouse,Accessories,9,700,Chennai
108755,06-01-2026,Keyboard,Accessories,8,1200,Bengaluru
108756,26-02-2026,Mouse,Accessories,7,700,Pune
108757,24-01-2026,Laptop,Electronics,1,65000,Kolkata
108758,18-05-2026,Headphones,Accessories,8,2500,Ahmedabad
108759,14-06-2026,Monitor,Electronics,9,15000,Mumbai
108760,27-06-2026,Router,Networking,5,4500,Mumbai
108761,10-04-2026,Monitor,Electronics,1,15000,Mumbai
108762,18-05-2026,Keyboard,Accessories,4,1200,Ahmedabad
108763,04-02-2026,Headphones,Accessories,2,2500,Delhi
108764,22-02-2026,Mouse,Accessories,1,700,Ahmedabad
108765,07-01-2026,Headphones,Accessories,1,2500,Chennai
108766,23-05-2026,Keyboard,Accessories,6,1200,Bengaluru
108767,25-03-2026,Printer,Electronics,7,9000,Chennai
108768,07-05-2026,USB Drive,Accessories,4,800,Mumbai
108769,18-03-2026,Headphones,Accessories,6,2500,Delhi
108770,22-02-2026,USB Drive,Accessories,6,800,Chennai
108771,10-02-2026,Monitor,Electronics,8,15000,Kolkata
108772,19-04-2026,Webcam,Electronics,7,3200,Kolkata
108773,28-06-2026,Webcam,Electronics,7,3200,Ahmedabad
108774,31-05-2026,Laptop,Electronics,5,65000,Pune
108775,12-02-2026,Keyboard,Accessories,5,1200,Delhi
108776,03-04-2026,SSD,Storage,7,6000,Pune
108777,15-03-2026,SSD,Storage,8,6000,Hyderabad
108778,04-05-2026,Mouse,Accessories,10,700,Kolkata
108779,11-01-2026,Monitor,Electronics,5,15000,Ahmedabad
108780,26-02-2026,Mouse,Accessories,2,700,Kolkata
108781,29-03-2026,Monitor,Electronics,10,15000,Mumbai
108782,25-01-2026,Headphones,Accessories,5,2500,Mumbai
108783,30-03-2026,Laptop,Electronics,5,65000,Delhi
108784,15-05-2026,USB Drive,Accessories,9,800,Hyderabad
108785,28-03-2026,Router,Networking,6,4500,Hyderabad
108786,20-04-2026,Printer,Electronics,6,9000,Pune
108787,06-06-2026,Webcam,Electronics,10,3200,Ahmedabad
108788,08-03-2026,Keyboard,Accessories,6,1200,Delhi
108789,19-03-2026,Monitor,Electronics,7,15000,Pune
108790,14-04-2026,Router,Networking,5,4500,Pune
108791,16-01-2026,Webcam,Electronics,9,3200,Ahmedabad
108792,16-02-2026,Headphones,Accessories,4,2500,Pune
108793,16-05-2026,Laptop,Electronics,9,65000,Chennai
108794,06-04-2026,Mouse,Accessories,2,700,Hyderabad
108795,23-06-2026,Keyboard,Accessories,5,1200,Bengaluru
108796,29-04-2026,Headphones,Accessories,3,2500,Delhi
108797,03-01-2026,Keyboard,Accessories,10,1200,Kolkata
108798,18-02-2026,Headphones,Accessories,2,2500,Ahmedabad
108799,31-03-2026,Webcam,Electronics,1,3200,Delhi
108800,25-05-2026,Monitor,Electronics,7,15000,Delhi
108801,17-01-2026,Printer,Electronics,5,9000,Mumbai
108802,09-06-2026,Webcam,Electronics,3,3200,Chennai
108803,19-01-2026,Laptop,Electronics,4,65000,Delhi
108804,10-04-2026,SSD,Storage,4,6000,Chennai
108805,11-01-2026,Mouse,Accessories,2,700,Delhi
108806,05-03-2026,Webcam,Electronics,1,3200,Chennai
108807,16-04-2026,Webcam,Electronics,10,3200,Hyderabad
108808,02-05-2026,Monitor,Electronics,2,15000,Bengaluru
108809,25-04-2026,Headphones,Accessories,10,2500,Delhi
108810,22-01-2026,Laptop,Electronics,1,65000,Ahmedabad
108811,01-05-2026,Printer,Electronics,,9000,Delhi
108812,17-01-2026,Router,Networking,4,4500,Kolkata
108813,08-04-2026,Mouse,Accessories,,700,Pune
108814,04-03-2026,Webcam,Electronics,,3200,Delhi
108815,26-01-2026,Laptop,Electronics,3,65000,Mumbai
108816,13-02-2026,USB Drive,Accessories,9,800,Delhi
108817,23-03-2026,Mouse,Accessories,1,700,Mumbai
108818,20-05-2026,Mouse,Accessories,7,700,Mumbai
108819,02-01-2026,USB Drive,Accessories,8,800,Ahmedabad
108820,17-01-2026,Laptop,Electronics,2,65000,Mumbai
108821,19-04-2026,Monitor,Electronics,3,15000,Pune
108822,29-01-2026,SSD,Storage,7,6000,Pune
108823,10-05-2026,USB Drive,Accessories,2,800,Mumbai
108824,05-05-2026,Laptop,Electronics,3,65000,Chennai
108825,02-06-2026,USB Drive,Accessories,6,800,Chennai
108826,10-02-2026,Mouse,Accessories,9,700,Pune
108827,09-03-2026,Router,Networking,1,4500,Pune
108828,08-06-2026,Headphones,Accessories,1,2500,Bengaluru
108829,06-03-2026,Keyboard,Accessories,7,1200,Bengaluru
108830,28-02-2026,Mouse,Accessories,8,700,Ahmedabad
108831,08-05-2026,Mouse,Accessories,4,700,Kolkata
108832,24-01-2026,Monitor,Electronics,10,15000,Hyderabad
108833,28-01-2026,Router,Networking,7,4500,Ahmedabad
108834,13-03-2026,Printer,Electronics,9,9000,Ahmedabad
108835,22-05-2026,Laptop,Electronics,8,65000,Delhi
108836,18-03-2026,SSD,Storage,7,6000,Kolkata
108837,17-04-2026,USB Drive,Accessories,8,800,Kolkata
108838,09-01-2026,Keyboard,Accessories,10,1200,Chennai
108839,06-06-2026,SSD,Storage,2,6000,Chennai
108840,07-05-2026,Mouse,Accessories,7,700,Pune
108841,07-03-2026,Headphones,Accessories,9,2500,Kolkata
108842,30-03-2026,Webcam,Electronics,8,3200,Ahmedabad
108843,29-01-2026,Headphones,Accessories,4,2500,Hyderabad
108844,12-06-2026,Keyboard,Accessories,9,1200,Hyderabad
108845,07-02-2026,Keyboard,Accessories,8,1200,Pune
108846,07-03-2026,Router,Networking,5,4500,Chennai
108847,20-04-2026,Printer,Electronics,6,9000,Hyderabad
108848,08-01-2026,Laptop,Electronics,3,65000,Hyderabad
108849,09-04-2026,USB Drive,Accessories,6,800,Chennai
108850,02-04-2026,Monitor,Electronics,9,15000,Hyderabad
108851,04-02-2026,Monitor,Electronics,5,15000,Hyderabad
108852,25-02-2026,Headphones,Accessories,7,2500,Bengaluru
108853,15-05-2026,SSD,Storage,7,6000,Pune
108854,19-03-2026,SSD,Storage,3,6000,Hyderabad
108855,29-06-2026,SSD,Storage,,6000,Ahmedabad
108856,13-06-2026,USB Drive,Accessories,2,800,Pune
108857,22-06-2026,Webcam,Electronics,8,3200,Chennai
108858,23-01-2026,Mouse,Accessories,2,700,Mumbai
108859,12-06-2026,USB Drive,Accessories,3,800,Chennai
108860,11-02-2026,Router,Networking,2,4500,Kolkata
108861,28-03-2026,Laptop,Electronics,10,65000,Ahmedabad
108862,13-06-2026,Headphones,Accessories,1,2500,Bengaluru
108863,31-01-2026,Headphones,Accessories,2,2500,Mumbai
108864,16-01-2026,Laptop,Electronics,10,65000,Delhi
108865,10-01-2026,Keyboard,Accessories,8,1200,Delhi
108866,23-06-2026,USB Drive,Accessories,6,800,Ahmedabad
108867,14-06-2026,USB Drive,Accessories,4,800,Bengaluru
108868,08-04-2026,Monitor,Electronics,3,15000,Kolkata
108869,27-02-2026,Mouse,Accessories,2,700,Delhi
108870,28-04-2026,Headphones,Accessories,4,2500,Ahmedabad
108871,21-01-2026,Printer,Electronics,2,9000,Bengaluru
108872,21-04-2026,Printer,Electronics,3,9000,Kolkata
108873,21-06-2026,Printer,Electronics,7,9000,Hyderabad
108874,10-05-2026,Monitor,Electronics,9,15000,Ahmedabad
108875,18-03-2026,Keyboard,Accessories,9,1200,Chennai
108876,14-01-2026,Headphones,Accessories,9,2500,Hyderabad
108877,23-05-2026,SSD,Storage,5,6000,Ahmedabad
108878,11-02-2026,Printer,Electronics,6,9000,Bengaluru
108879,17-02-2026,Printer,Electronics,6,9000,Chennai
108880,08-02-2026,Mouse,Accessories,,700,Kolkata
108881,31-01-2026,Mouse,Accessories,8,700,Chennai
108882,06-04-2026,Monitor,Electronics,10,15000,Pune
108883,23-04-2026,SSD,Storage,9,6000,Kolkata
108884,02-06-2026,Keyboard,Accessories,4,1200,Hyderabad
108885,03-01-2026,Laptop,Electronics,3,65000,Hyderabad
108886,02-06-2026,Headphones,Accessories,3,2500,Hyderabad
108887,27-04-2026,Webcam,Electronics,4,3200,Bengaluru
108888,21-03-2026,Headphones,Accessories,9,2500,Delhi
108889,01-02-2026,Monitor,Electronics,2,15000,Ahmedabad
108890,31-03-2026,Mouse,Accessories,8,700,Hyderabad
108891,16-04-2026,Keyboard,Accessories,5,1200,Mumbai
108892,28-03-2026,Mouse,Accessories,6,700,Hyderabad
108893,22-05-2026,Webcam,Electronics,9,3200,Mumbai
108894,01-03-2026,Headphones,Accessories,10,2500,Mumbai
108895,15-01-2026,Headphones,Accessories,5,2500,Bengaluru
108896,26-03-2026,USB Drive,Accessories,3,800,Kolkata
108897,13-03-2026,Monitor,Electronics,4,15000,Bengaluru
108898,01-01-2026,SSD,Storage,10,6000,Ahmedabad
108899,23-05-2026,Printer,Electronics,3,9000,Pune
108900,27-01-2026,Headphones,Accessories,4,2500,Bengaluru
108901,13-01-2026,SSD,Storage,8,6000,Pune
108902,10-01-2026,USB Drive,Accessories,7,800,Bengaluru
108903,20-05-2026,Headphones,Accessories,7,2500,Chennai
108904,16-03-2026,Mouse,Accessories,7,700,Hyderabad
108905,26-01-2026,Mouse,Accessories,2,700,Pune
108906,21-03-2026,Laptop,Electronics,3,65000,Mumbai
108907,13-05-2026,Laptop,Electronics,7,65000,Delhi
108908,04-03-2026,USB Drive,Accessories,4,800,Mumbai
108909,21-05-2026,Headphones,Accessories,3,2500,Kolkata
108910,01-04-2026,USB Drive,Accessories,2,800,Ahmedabad
108911,03-03-2026,SSD,Storage,9,6000,Chennai
108912,11-05-2026,Printer,Electronics,6,9000,Hyderabad
108913,08-01-2026,Laptop,Electronics,8,65000,Ahmedabad
108914,06-05-2026,Webcam,Electronics,5,3200,Kolkata
108915,30-03-2026,Mouse,Accessories,9,700,Hyderabad
108916,14-02-2026,Headphones,Accessories,4,2500,Hyderabad
108917,21-04-2026,Monitor,Electronics,1,15000,Ahmedabad
108918,26-06-2026,Router,Networking,7,4500,Delhi
108919,17-02-2026,Headphones,Accessories,1,2500,Kolkata
108920,20-04-2026,Laptop,Electronics,7,65000,Delhi
108921,12-05-2026,Headphones,Accessories,3,2500,Kolkata
108922,12-05-2026,SSD,Storage,7,6000,Hyderabad
108923,04-02-2026,USB Drive,Accessories,5,800,Chennai
108924,17-01-2026,Keyboard,Accessories,5,1200,Chennai
108925,20-02-2026,SSD,Storage,7,6000,Hyderabad
108926,23-03-2026,SSD,Storage,7,,Mumbai
108927,22-05-2026,Keyboard,Accessories,1,1200,Kolkata
108928,11-06-2026,Monitor,Electronics,9,15000,Hyderabad
108929,23-06-2026,SSD,Storage,3,6000,Hyderabad
108930,24-05-2026,Mouse,Accessories,10,700,Bengaluru
108931,25-01-2026,USB Drive,Accessories,,800,Mumbai
108932,30-04-2026,Headphones,Accessories,8,,Delhi
108933,14-05-2026,USB Drive,Accessories,8,800,Bengaluru
108934,02-02-2026,USB Drive,Accessories,3,800,Pune
108935,02-02-2026,Router,Networking,10,4500,Kolkata
108936,22-04-2026,Headphones,Accessories,2,2500,Mumbai
108937,22-02-2026,Mouse,Accessories,10,700,Chennai
108938,26-05-2026,Monitor,Electronics,2,15000,Ahmedabad
108939,23-06-2026,USB Drive,Accessories,3,800,Hyderabad
108940,06-05-2026,USB Drive,Accessories,6,800,Bengaluru
108941,24-03-2026,USB Drive,Accessories,7,800,Kolkata
108942,24-02-2026,SSD,Storage,2,6000,Pune
108943,06-03-2026,Router,Networking,4,4500,Hyderabad
108944,15-03-2026,Mouse,Accessories,4,700,Hyderabad
108945,14-03-2026,USB Drive,Accessories,1,800,Kolkata
108946,12-06-2026,Router,Networking,8,4500,Chennai
108947,20-04-2026,Headphones,Accessories,5,2500,Mumbai
108948,12-05-2026,Webcam,Electronics,4,3200,Bengaluru
108949,28-01-2026,Keyboard,Accessories,6,1200,Ahmedabad
108950,01-05-2026,Printer,Electronics,1,9000,Hyderabad
108951,17-01-2026,Headphones,Accessories,2,2500,Kolkata
108952,06-04-2026,Laptop,Electronics,9,65000,Kolkata
108953,08-06-2026,SSD,Storage,7,6000,Ahmedabad
108954,10-03-2026,Printer,Electronics,8,9000,Chennai
108955,23-01-2026,Keyboard,Accessories,6,1200,Hyderabad
108956,09-03-2026,Mouse,Accessories,1,700,Bengaluru
108957,06-06-2026,SSD,Storage,8,6000,Kolkata
108958,10-02-2026,Laptop,Electronics,7,65000,Hyderabad
108959,05-06-2026,Monitor,Electronics,4,15000,Ahmedabad
108960,27-04-2026,Printer,Electronics,5,9000,Chennai
108961,21-02-2026,SSD,Storage,8,6000,Mumbai
108962,14-05-2026,Keyboard,Accessories,1,1200,Chennai
108963,10-01-2026,SSD,Storage,4,6000,Bengaluru
108964,03-05-2026,Mouse,Accessories,8,700,Bengaluru
108965,14-01-2026,Monitor,Electronics,2,15000,Kolkata
108966,14-03-2026,USB Drive,Accessories,6,800,Chennai
108967,02-05-2026,Router,Networking,9,4500,Ahmedabad
108968,15-05-2026,Router,Networking,9,4500,Ahmedabad
108969,08-06-2026,Headphones,Accessories,8,2500,Mumbai
108970,16-03-2026,SSD,Storage,2,6000,Chennai
108971,17-04-2026,Mouse,Accessories,10,700,Bengaluru
108972,27-02-2026,SSD,Storage,6,6000,Hyderabad
108973,04-02-2026,Webcam,Electronics,9,3200,Kolkata
108974,19-05-2026,SSD,Storage,10,6000,Delhi
108975,28-02-2026,Keyboard,Accessories,7,1200,Hyderabad
108976,13-01-2026,Headphones,Accessories,3,2500,Bengaluru
108977,11-01-2026,Webcam,Electronics,7,3200,Hyderabad
108978,25-02-2026,Headphones,Accessories,3,2500,Pune
108979,02-05-2026,USB Drive,Accessories,1,800,Kolkata
108980,26-06-2026,Mouse,Accessories,1,700,Bengaluru
108981,01-06-2026,Webcam,Electronics,1,3200,Kolkata
108982,19-05-2026,Webcam,Electronics,7,3200,Ahmedabad
108983,16-04-2026,Webcam,Electronics,7,3200,Hyderabad
108984,27-03-2026,Printer,Electronics,6,9000,Chennai
108985,28-02-2026,Mouse,Accessories,6,700,Hyderabad
108986,25-06-2026,Printer,Electronics,9,9000,Pune
108987,04-03-2026,Mouse,Accessories,3,700,Delhi
108988,14-05-2026,Headphones,Accessories,10,2500,Delhi
108989,14-02-2026,Printer,Electronics,2,9000,Hyderabad
108990,14-04-2026,Printer,Electronics,3,9000,Hyderabad
108991,25-02-2026,Mouse,Accessories,4,700,Chennai
108992,17-01-2026,Printer,Electronics,8,9000,Ahmedabad
108993,11-04-2026,Keyboard,Accessories,2,1200,Ahmedabad
108994,05-06-2026,Printer,Electronics,3,9000,Bengaluru
108995,26-01-2026,Laptop,Electronics,2,65000,Chennai
108996,19-05-2026,Keyboard,Accessories,2,1200,Ahmedabad
108997,28-03-2026,Laptop,Electronics,8,65000,Mumbai
108998,27-02-2026,Keyboard,Accessories,5,1200,Chennai
108999,31-05-2026,USB Drive,Accessories,2,800,Pune
109000,24-01-2026,SSD,Storage,7,6000,Chennai
109001,31-03-2026,Webcam,Electronics,1,3200,Kolkata
109002,10-05-2026,USB Drive,Accessories,3,800,Hyderabad
109003,24-04-2026,Router,Networking,6,4500,Mumbai
109004,23-06-2026,Webcam,Electronics,2,3200,Hyderabad
109005,27-06-2026,SSD,Storage,2,6000,Ahmedabad
109006,01-01-2026,Webcam,Electronics,,3200,Ahmedabad
109007,28-05-2026,USB Drive,Accessories,3,800,Bengaluru
109008,24-04-2026,Router,Networking,5,,Delhi
109009,26-02-2026,SSD,Storage,9,6000,Delhi
109010,18-04-2026,Printer,Electronics,7,9000,Chennai
109011,02-06-2026,Mouse,Accessories,9,700,Chennai
109012,03-06-2026,Router,Networking,8,4500,Hyderabad
109013,28-06-2026,Keyboard,Accessories,1,1200,Bengaluru
109014,07-04-2026,Router,Networking,7,4500,Hyderabad
109015,01-05-2026,Headphones,Accessories,6,2500,Ahmedabad
109016,17-05-2026,Headphones,Accessories,5,2500,Kolkata
109017,25-03-2026,Monitor,Electronics,1,15000,Kolkata
109018,15-03-2026,Monitor,Electronics,1,15000,Bengaluru
109019,08-02-2026,Keyboard,Accessories,6,1200,Chennai
109020,20-01-2026,Keyboard,Accessories,3,1200,Hyderabad
109021,27-06-2026,Headphones,Accessories,1,2500,Pune
109022,05-04-2026,Webcam,Electronics,4,3200,Bengaluru
109023,18-06-2026,USB Drive,Accessories,7,800,Chennai
109024,06-05-2026,Webcam,Electronics,,3200,Bengaluru
109025,24-06-2026,Router,Networking,1,4500,Delhi
109026,06-02-2026,Printer,Electronics,6,9000,Kolkata
109027,11-03-2026,Mouse,Accessories,8,700,Kolkata
109028,06-06-2026,Webcam,Electronics,10,3200,Hyderabad
109029,06-06-2026,Monitor,Electronics,4,15000,Ahmedabad
109030,20-04-2026,Router,Networking,9,4500,Kolkata
109031,14-05-2026,SSD,Storage,9,6000,Ahmedabad
109032,23-02-2026,Router,Networking,7,4500,Kolkata
109033,31-03-2026,Keyboard,Accessories,3,1200,Hyderabad
109034,03-05-2026,Router,Networking,8,4500,Bengaluru
109035,30-01-2026,SSD,Storage,10,6000,Chennai
109036,02-06-2026,USB Drive,Accessories,1,800,Chennai
109037,15-02-2026,SSD,Storage,10,6000,Kolkata
109038,29-04-2026,Keyboard,Accessories,3,1200,Bengaluru
109039,17-05-2026,Mouse,Accessories,1,700,Ahmedabad
109040,18-05-2026,USB Drive,Accessories,8,800,Ahmedabad
109041,20-01-2026,Router,Networking,2,4500,Ahmedabad
109042,09-03-2026,USB Drive,Accessories,9,800,Hyderabad
109043,25-02-2026,Laptop,Electronics,6,65000,Delhi
109044,21-06-2026,USB Drive,Accessories,3,800,Mumbai
109045,15-01-2026,Monitor,Electronics,4,15000,Ahmedabad
109046,08-05-2026,Monitor,Electronics,7,15000,Chennai
109047,05-06-2026,Mouse,Accessories,10,700,Kolkata
109048,21-01-2026,Monitor,Electronics,3,15000,Hyderabad
109049,04-04-2026,Webcam,Electronics,3,3200,Hyderabad
109050,03-06-2026,Router,Networking,6,4500,Kolkata
109051,19-06-2026,Router,Networking,6,4500,Chennai
109052,28-02-2026,Router,Networking,6,4500,Delhi
109053,07-01-2026,SSD,Storage,10,6000,Kolkata
109054,22-04-2026,SSD,Storage,3,6000,Pune
109055,26-06-2026,Laptop,Electronics,6,65000,Delhi
109056,21-03-2026,Router,Networking,8,4500,Ahmedabad
109057,06-04-2026,Printer,Electronics,4,9000,Pune
109058,02-03-2026,USB Drive,Accessories,5,800,Delhi
109059,05-05-2026,Webcam,Electronics,10,3200,Bengaluru
109060,08-02-2026,Keyboard,Accessories,3,1200,Kolkata
109061,22-06-2026,Mouse,Accessories,6,700,Delhi
109062,03-01-2026,Keyboard,Accessories,8,1200,Pune
109063,16-01-2026,Webcam,Electronics,7,3200,Ahmedabad
109064,27-06-2026,USB Drive,Accessories,10,800,Delhi
109065,23-03-2026,Mouse,Accessories,5,700,Kolkata
109066,16-06-2026,SSD,Storage,1,6000,Mumbai
109067,09-02-2026,Laptop,Electronics,8,,Delhi
109068,14-04-2026,SSD,Storage,10,6000,Pune
109069,16-05-2026,Headphones,Accessories,10,2500,Bengaluru
109070,06-02-2026,Printer,Electronics,5,9000,Pune
109071,16-02-2026,Monitor,Electronics,3,15000,Chennai
109072,13-03-2026,Mouse,Accessories,4,700,Pune
109073,17-06-2026,Mouse,Accessories,8,700,Hyderabad
109074,14-01-2026,Monitor,Electronics,9,15000,Pune
109075,31-05-2026,Laptop,Electronics,8,65000,Kolkata
109076,03-06-2026,Headphones,Accessories,2,2500,Hyderabad
109077,16-04-2026,Mouse,Accessories,2,700,Ahmedabad
109078,16-03-2026,Laptop,Electronics,9,65000,Hyderabad
109079,07-01-2026,USB Drive,Accessories,10,800,Bengaluru
109080,18-01-2026,Printer,Electronics,6,9000,Kolkata
109081,04-02-2026,Router,Networking,10,4500,Bengaluru
109082,22-05-2026,Printer,Electronics,1,9000,Pune
109083,13-01-2026,Headphones,Accessories,7,2500,Hyderabad
109084,28-01-2026,SSD,Storage,2,6000,Chennai
109085,29-06-2026,Router,Networking,6,4500,Kolkata
109086,25-03-2026,Printer,Electronics,10,9000,Chennai
109087,11-03-2026,Laptop,Electronics,10,65000,Kolkata
109088,01-04-2026,Printer,Electronics,8,9000,Ahmedabad
109089,14-06-2026,Laptop,Electronics,6,65000,Ahmedabad
109090,10-01-2026,Headphones,Accessories,7,2500,Delhi
109091,06-04-2026,USB Drive,Accessories,1,800,Chennai
109092,10-06-2026,USB Drive,Accessories,2,800,Bengaluru
109093,22-06-2026,Monitor,Electronics,6,15000,Pune
109094,07-04-2026,USB Drive,Accessories,1,800,Delhi
109095,31-03-2026,SSD,Storage,1,6000,Pune
109096,28-06-2026,Webcam,Electronics,7,3200,Hyderabad
109097,02-05-2026,SSD,Storage,4,6000,Chennai
109098,05-05-2026,Printer,Electronics,4,9000,Delhi
109099,18-02-2026,Headphones,Accessories,3,2500,Kolkata
109100,05-01-2026,SSD,Storage,2,6000,Chennai
109101,08-05-2026,Mouse,Accessories,5,700,Hyderabad
109102,13-02-2026,Mouse,Accessories,2,700,Delhi
109103,03-02-2026,USB Drive,Accessories,7,800,Ahmedabad
109104,26-04-2026,Monitor,Electronics,9,15000,Hyderabad
109105,02-01-2026,SSD,Storage,9,6000,Pune
109106,11-02-2026,Monitor,Electronics,8,15000,Delhi
109107,23-02-2026,Printer,Electronics,7,9000,Bengaluru
109108,12-05-2026,Webcam,Electronics,5,3200,Kolkata
109109,23-03-2026,USB Drive,Accessories,9,800,Delhi
109110,18-06-2026,Headphones,Accessories,9,2500,Pune
109111,23-05-2026,SSD,Storage,6,6000,Hyderabad
109112,20-05-2026,Mouse,Accessories,6,700,Delhi
109113,24-01-2026,Headphones,Accessories,5,2500,Pune
109114,27-04-2026,Router,Networking,2,4500,Ahmedabad
109115,27-04-2026,SSD,Storage,5,6000,Mumbai
109116,14-03-2026,Router,Networking,9,4500,Mumbai
109117,17-03-2026,Printer,Electronics,7,9000,Pune
109118,06-03-2026,Mouse,Accessories,8,,Kolkata
109119,04-04-2026,USB Drive,Accessories,3,800,Pune
109120,16-03-2026,Headphones,Accessories,6,2500,Kolkata
109121,26-02-2026,Webcam,Electronics,8,3200,Pune
109122,08-06-2026,SSD,Storage,1,6000,Chennai
109123,03-02-2026,Monitor,Electronics,9,15000,Bengaluru
109124,08-04-2026,USB Drive,Accessories,5,800,Mumbai
109125,15-05-2026,USB Drive,Accessories,2,800,Hyderabad
109126,14-04-2026,Monitor,Electronics,6,15000,Pune
109127,22-02-2026,Monitor,Electronics,2,15000,Hyderabad
109128,20-01-2026,Monitor,Electronics,6,15000,Ahmedabad
109129,02-01-2026,Keyboard,Accessories,8,1200,Chennai
109130,20-03-2026,Webcam,Electronics,10,3200,Bengaluru
109131,28-02-2026,SSD,Storage,2,6000,Kolkata
109132,23-05-2026,Keyboard,Accessories,3,1200,Chennai
109133,19-06-2026,Monitor,Electronics,2,15000,Pune
109134,28-06-2026,Webcam,Electronics,5,3200,Ahmedabad
109135,12-03-2026,Laptop,Electronics,8,65000,Kolkata
109136,27-01-2026,Webcam,Electronics,6,3200,Delhi
109137,09-04-2026,Mouse,Accessories,9,700,Chennai
109138,08-02-2026,Headphones,Accessories,2,2500,Pune
109139,08-03-2026,Headphones,Accessories,6,2500,Bengaluru
109140,16-03-2026,Mouse,Accessories,6,700,Kolkata
109141,02-03-2026,Printer,Electronics,9,9000,Kolkata
109142,23-01-2026,Webcam,Electronics,1,3200,Kolkata
109143,06-03-2026,SSD,Storage,2,6000,Hyderabad
109144,07-05-2026,Headphones,Accessories,3,2500,Kolkata
109145,06-06-2026,Mouse,Accessories,5,700,Kolkata
109146,25-06-2026,Printer,Electronics,2,9000,Hyderabad
109147,02-05-2026,USB Drive,Accessories,9,800,Mumbai
109148,21-02-2026,Printer,Electronics,2,9000,Delhi
109149,08-06-2026,Laptop,Electronics,8,65000,Mumbai
109150,18-06-2026,Printer,Electronics,6,9000,Mumbai
109151,13-03-2026,SSD,Storage,6,6000,Ahmedabad
109152,24-02-2026,USB Drive,Accessories,9,800,Bengaluru
109153,02-06-2026,USB Drive,Accessories,7,800,Delhi
109154,17-05-2026,Printer,Electronics,4,9000,Mumbai
109155,08-04-2026,Router,Networking,5,4500,Bengaluru
109156,20-02-2026,Laptop,Electronics,10,65000,Delhi
109157,21-03-2026,USB Drive,Accessories,5,,Delhi
109158,19-06-2026,Laptop,Electronics,7,65000,Mumbai
109159,22-06-2026,SSD,Storage,10,6000,Ahmedabad
109160,01-03-2026,Monitor,Electronics,1,15000,Kolkata
109161,03-03-2026,Keyboard,Accessories,8,1200,Ahmedabad
109162,26-02-2026,USB Drive,Accessories,10,800,Hyderabad
109163,07-02-2026,USB Drive,Accessories,1,800,Ahmedabad
109164,01-03-2026,Headphones,Accessories,4,2500,Kolkata
109165,18-06-2026,Headphones,Accessories,5,2500,Pune
109166,23-02-2026,SSD,Storage,8,6000,Pune
109167,25-01-2026,Monitor,Electronics,6,15000,Chennai
109168,07-02-2026,USB Drive,Accessories,1,800,Delhi
109169,06-06-2026,Router,Networking,10,4500,Chennai
109170,03-01-2026,Headphones,Accessories,2,2500,Mumbai
109171,10-04-2026,Printer,Electronics,2,9000,Mumbai
109172,29-06-2026,Monitor,Electronics,7,15000,Delhi
109173,14-06-2026,Keyboard,Accessories,6,1200,Bengaluru
109174,20-04-2026,Laptop,Electronics,1,65000,Bengaluru
109175,12-02-2026,Monitor,Electronics,9,15000,Ahmedabad
109176,05-06-2026,SSD,Storage,4,6000,Chennai
109177,05-04-2026,Router,Networking,10,4500,Ahmedabad
109178,13-03-2026,Webcam,Electronics,6,3200,Ahmedabad
109179,28-04-2026,Headphones,Accessories,7,2500,Pune
109180,22-04-2026,Monitor,Electronics,9,15000,Kolkata
109181,30-03-2026,Webcam,Electronics,1,3200,Mumbai
109182,12-02-2026,Keyboard,Accessories,2,1200,Ahmedabad
109183,02-04-2026,Monitor,Electronics,5,15000,Hyderabad
109184,27-03-2026,Printer,Electronics,6,9000,Hyderabad
109185,08-06-2026,USB Drive,Accessories,9,800,Bengaluru
109186,03-04-2026,Keyboard,Accessories,6,1200,Hyderabad
109187,29-03-2026,Monitor,Electronics,6,15000,Mumbai
109188,06-05-2026,Monitor,Electronics,5,15000,Delhi
109189,21-04-2026,Router,Networking,10,4500,Bengaluru
109190,07-03-2026,Webcam,Electronics,2,3200,Pune
109191,17-04-2026,Mouse,Accessories,1,700,Mumbai
109192,10-01-2026,Monitor,Electronics,1,15000,Bengaluru
109193,23-02-2026,SSD,Storage,6,6000,Mumbai
109194,17-04-2026,SSD,Storage,9,6000,Pune
109195,08-03-2026,Mouse,Accessories,5,700,Kolkata
109196,01-03-2026,Keyboard,Accessories,7,1200,Mumbai
109197,17-03-2026,Printer,Electronics,6,9000,Pune
109198,15-06-2026,Laptop,Electronics,5,65000,Kolkata
109199,06-05-2026,Router,Networking,8,4500,Delhi
109200,21-01-2026,Mouse,Accessories,6,700,Bengaluru
109201,19-04-2026,Router,Networking,5,4500,Kolkata
109202,18-02-2026,Headphones,Accessories,6,2500,Delhi
109203,23-02-2026,Monitor,Electronics,7,15000,Hyderabad
109204,23-01-2026,Laptop,Electronics,6,65000,Hyderabad
109205,15-02-2026,Monitor,Electronics,9,15000,Pune
109206,05-02-2026,Webcam,Electronics,9,3200,Bengaluru
109207,11-06-2026,USB Drive,Accessories,1,800,Pune
109208,20-04-2026,Printer,Electronics,1,9000,Delhi
109209,09-06-2026,SSD,Storage,10,6000,Mumbai
109210,03-06-2026,Headphones,Accessories,1,2500,Ahmedabad
109211,26-05-2026,USB Drive,Accessories,10,800,Mumbai
109212,26-05-2026,Mouse,Accessories,10,700,Ahmedabad
109213,11-03-2026,USB Drive,Accessories,2,800,Mumbai
109214,03-06-2026,Laptop,Electronics,1,65000,Pune
109215,29-01-2026,Webcam,Electronics,6,3200,Hyderabad
109216,26-04-2026,Monitor,Electronics,6,15000,Ahmedabad
109217,09-01-2026,Keyboard,Accessories,9,1200,Kolkata
109218,15-04-2026,USB Drive,Accessories,9,800,Pune
109219,19-05-2026,Printer,Electronics,4,9000,Mumbai
109220,16-01-2026,USB Drive,Accessories,6,800,Chennai
109221,29-06-2026,SSD,Storage,5,6000,Kolkata
109222,04-04-2026,Printer,Electronics,4,9000,Ahmedabad
109223,07-05-2026,Mouse,Accessories,1,700,Bengaluru
109224,29-04-2026,Headphones,Accessories,10,2500,Pune
109225,21-05-2026,USB Drive,Accessories,10,800,Pune
109226,14-05-2026,Printer,Electronics,4,9000,Mumbai
109227,09-03-2026,SSD,Storage,5,6000,Mumbai
109228,13-02-2026,Headphones,Accessories,9,2500,Delhi
109229,09-06-2026,Router,Networking,2,4500,Delhi
109230,17-06-2026,SSD,Storage,10,6000,Chennai
109231,27-01-2026,Printer,Electronics,1,9000,Pune
109232,04-01-2026,Mouse,Accessories,4,700,Chennai
109233,11-02-2026,SSD,Storage,7,6000,Chennai
109234,19-01-2026,Keyboard,Accessories,3,1200,Bengaluru
109235,23-03-2026,Printer,Electronics,4,9000,Bengaluru
109236,15-03-2026,Headphones,Accessories,4,2500,Delhi
109237,16-03-2026,Keyboard,Accessories,5,1200,Ahmedabad
109238,14-03-2026,Printer,Electronics,3,9000,Kolkata
109239,16-05-2026,Headphones,Accessories,3,2500,Kolkata
109240,09-05-2026,Keyboard,Accessories,1,1200,Mumbai
109241,12-02-2026,Keyboard,Accessories,5,1200,Kolkata
109242,01-02-2026,Printer,Electronics,3,9000,Ahmedabad
109243,01-01-2026,Keyboard,Accessories,1,1200,Delhi
109244,05-06-2026,USB Drive,Accessories,4,800,Pune
109245,09-06-2026,Mouse,Accessories,2,700,Hyderabad
109246,31-01-2026,Webcam,Electronics,1,3200,Hyderabad
109247,03-03-2026,Webcam,Electronics,10,3200,Delhi
109248,20-03-2026,Monitor,Electronics,8,15000,Ahmedabad
109249,16-02-2026,Headphones,Accessories,4,2500,Delhi
109250,25-06-2026,Mouse,Accessories,6,700,Delhi
109251,21-02-2026,Keyboard,Accessories,6,1200,Kolkata
109252,11-03-2026,Webcam,Electronics,5,3200,Hyderabad
109253,18-01-2026,Mouse,Accessories,6,700,Hyderabad
109254,06-06-2026,Printer,Electronics,9,9000,Bengaluru
109255,06-02-2026,USB Drive,Accessories,7,800,Hyderabad
109256,05-01-2026,SSD,Storage,10,6000,Chennai
109257,27-06-2026,SSD,Storage,2,6000,Kolkata
109258,13-06-2026,Headphones,Accessories,4,2500,Kolkata
109259,08-05-2026,Mouse,Accessories,4,700,Hyderabad
109260,26-03-2026,Mouse,Accessories,5,700,Bengaluru
109261,24-02-2026,Keyboard,Accessories,6,1200,Pune
109262,17-02-2026,SSD,Storage,8,6000,Chennai
109263,02-06-2026,USB Drive,Accessories,6,800,Hyderabad
109264,14-06-2026,Monitor,Electronics,6,15000,Ahmedabad
109265,01-01-2026,USB Drive,Accessories,,800,Mumbai
109266,06-02-2026,Monitor,Electronics,2,15000,Chennai
109267,08-03-2026,Webcam,Electronics,9,3200,Ahmedabad
109268,27-03-2026,Laptop,Electronics,2,65000,Delhi
109269,18-02-2026,Printer,Electronics,10,9000,Delhi
109270,22-06-2026,Headphones,Accessories,3,2500,Kolkata
109271,21-02-2026,USB Drive,Accessories,5,800,Mumbai
109272,17-02-2026,USB Drive,Accessories,5,800,Hyderabad
109273,10-04-2026,Webcam,Electronics,7,3200,Ahmedabad
109274,06-06-2026,USB Drive,Accessories,8,800,Bengaluru
109275,09-04-2026,SSD,Storage,9,6000,Mumbai
109276,26-06-2026,Monitor,Electronics,4,15000,Bengaluru
109277,25-01-2026,Webcam,Electronics,1,3200,Ahmedabad
109278,31-01-2026,SSD,Storage,10,6000,Chennai
109279,09-06-2026,Mouse,Accessories,9,700,Ahmedabad
109280,01-04-2026,USB Drive,Accessories,2,800,Hyderabad
109281,20-05-2026,Printer,Electronics,10,9000,Bengaluru
109282,12-04-2026,Laptop,Electronics,7,65000,Bengaluru
109283,09-05-2026,Webcam,Electronics,10,3200,Chennai
109284,22-01-2026,Laptop,Electronics,10,65000,Pune
109285,07-06-2026,Keyboard,Accessories,10,1200,Pune
109286,26-04-2026,Router,Networking,10,4500,Pune
109287,12-01-2026,USB Drive,Accessories,10,800,Hyderabad
109288,15-03-2026,Webcam,Electronics,2,3200,Ahmedabad
109289,24-02-2026,Laptop,Electronics,3,65000,Pune
109290,13-06-2026,SSD,Storage,6,6000,Bengaluru
109291,01-06-2026,Keyboard,Accessories,1,1200,Delhi
109292,22-02-2026,Monitor,Electronics,6,15000,Hyderabad
109293,28-05-2026,Router,Networking,10,4500,Mumbai
109294,03-03-2026,SSD,Storage,10,6000,Hyderabad
109295,19-05-2026,Webcam,Electronics,10,3200,Ahmedabad
109296,10-04-2026,Webcam,Electronics,9,3200,Delhi
109297,12-06-2026,Router,Networking,5,4500,Kolkata
109298,15-04-2026,Headphones,Accessories,2,2500,Kolkata
109299,28-03-2026,Webcam,Electronics,5,3200,Bengaluru
109300,06-01-2026,USB Drive,Accessories,9,800,Chennai
109301,25-05-2026,SSD,Storage,2,6000,Bengaluru
109302,13-01-2026,Keyboard,Accessories,10,1200,Delhi
109303,02-01-2026,Router,Networking,5,4500,Mumbai
109304,16-03-2026,Mouse,Accessories,10,700,Mumbai
109305,29-06-2026,Webcam,Electronics,10,3200,Delhi
109306,10-06-2026,Headphones,Accessories,1,2500,Chennai
109307,27-05-2026,Headphones,Accessories,1,2500,Bengaluru
109308,23-04-2026,Mouse,Accessories,10,700,Delhi
109309,06-02-2026,Router,Networking,5,4500,Mumbai
109310,15-04-2026,Mouse,Accessories,7,700,Kolkata
109311,15-02-2026,Printer,Electronics,1,9000,Pune
109312,30-01-2026,USB Drive,Accessories,4,800,Hyderabad
109313,06-05-2026,Laptop,Electronics,6,65000,Mumbai
109314,10-01-2026,Monitor,Electronics,8,15000,Kolkata
109315,27-03-2026,SSD,Storage,5,6000,Pune
109316,17-05-2026,Monitor,Electronics,9,15000,Hyderabad
109317,22-03-2026,Webcam,Electronics,9,3200,Kolkata
109318,14-03-2026,Printer,Electronics,7,9000,Ahmedabad
109319,28-01-2026,Monitor,Electronics,3,15000,Mumbai
109320,16-01-2026,Keyboard,Accessories,10,1200,Pune
109321,25-06-2026,Mouse,Accessories,2,700,Mumbai
109322,14-01-2026,Mouse,Accessories,5,700,Pune
109323,05-03-2026,Headphones,Accessories,10,2500,Delhi
109324,25-01-2026,Printer,Electronics,1,9000,Hyderabad
109325,28-03-2026,USB Drive,Accessories,4,800,Kolkata
109326,12-04-2026,Laptop,Electronics,3,65000,Bengaluru
109327,29-04-2026,Router,Networking,9,4500,Ahmedabad
109328,23-01-2026,Router,Networking,2,4500,Hyderabad
109329,20-03-2026,Webcam,Electronics,8,3200,Mumbai
109330,04-01-2026,Printer,Electronics,8,,Delhi
109331,17-02-2026,Router,Networking,3,4500,Mumbai
109332,28-06-2026,Printer,Electronics,9,9000,Mumbai
109333,19-03-2026,Monitor,Electronics,1,15000,Kolkata
109334,26-05-2026,Webcam,Electronics,9,3200,Pune
109335,25-05-2026,USB Drive,Accessories,4,800,Delhi
109336,06-01-2026,Mouse,Accessories,10,700,Hyderabad
109337,05-03-2026,Printer,Electronics,,9000,Pune
109338,23-01-2026,Mouse,Accessories,4,700,Ahmedabad
109339,10-04-2026,USB Drive,Accessories,2,800,Mumbai
109340,10-04-2026,USB Drive,Accessories,9,800,Chennai
109341,26-06-2026,Router,Networking,3,4500,Ahmedabad
109342,02-02-2026,Router,Networking,5,4500,Mumbai
109343,12-05-2026,Mouse,Accessories,9,700,Bengaluru
109344,27-02-2026,Printer,Electronics,5,9000,Pune
109345,23-04-2026,Keyboard,Accessories,5,1200,Mumbai
109346,26-02-2026,SSD,Storage,7,6000,Kolkata
109347,09-02-2026,Laptop,Electronics,10,,Chennai
109348,30-05-2026,Printer,Electronics,2,9000,Hyderabad
109349,18-01-2026,SSD,Storage,1,6000,Kolkata
109350,19-04-2026,Router,Networking,7,4500,Mumbai
109351,28-06-2026,Router,Networking,6,4500,Pune
109352,12-05-2026,Printer,Electronics,1,9000,Delhi
109353,04-04-2026,Webcam,Electronics,2,3200,Kolkata
109354,23-03-2026,USB Drive,Accessories,6,800,Chennai
109355,26-01-2026,USB Drive,Accessories,6,800,Mumbai
109356,27-03-2026,Webcam,Electronics,2,3200,Bengaluru
109357,10-01-2026,Webcam,Electronics,1,3200,Delhi
109358,27-06-2026,Headphones,Accessories,9,2500,Pune
109359,26-05-2026,USB Drive,Accessories,8,800,Kolkata
109360,16-02-2026,Headphones,Accessories,6,2500,Mumbai
109361,31-03-2026,Laptop,Electronics,4,65000,Chennai
109362,18-05-2026,Laptop,Electronics,9,65000,Hyderabad
109363,03-01-2026,Printer,Electronics,4,9000,Ahmedabad
109364,19-05-2026,Headphones,Accessories,4,2500,Delhi
109365,17-01-2026,Monitor,Electronics,4,15000,Hyderabad
109366,03-01-2026,SSD,Storage,1,6000,Ahmedabad
109367,18-04-2026,Headphones,Accessories,9,2500,Delhi
109368,28-01-2026,Printer,Electronics,1,9000,Delhi
109369,07-02-2026,Headphones,Accessories,8,2500,Delhi
109370,06-06-2026,Headphones,Accessories,10,2500,Ahmedabad
109371,04-06-2026,SSD,Storage,1,6000,Mumbai
109372,02-06-2026,SSD,Storage,2,6000,Kolkata
109373,10-03-2026,Router,Networking,9,4500,Kolkata
109374,21-01-2026,USB Drive,Accessories,4,800,Ahmedabad
109375,18-01-2026,Webcam,Electronics,8,3200,Chennai
109376,22-06-2026,Keyboard,Accessories,7,1200,Chennai
109377,19-05-2026,SSD,Storage,8,6000,Mumbai
109378,21-06-2026,Printer,Electronics,2,9000,Bengaluru
109379,24-04-2026,Webcam,Electronics,1,3200,Ahmedabad
109380,28-03-2026,Headphones,Accessories,1,2500,Chennai
109381,17-05-2026,Mouse,Accessories,9,700,Kolkata
109382,24-04-2026,Router,Networking,10,4500,Mumbai
109383,27-02-2026,SSD,Storage,2,6000,Ahmedabad
109384,16-01-2026,Webcam,Electronics,5,3200,Bengaluru
109385,06-01-2026,Mouse,Accessories,4,700,Chennai
109386,24-02-2026,Router,Networking,3,4500,Mumbai
109387,21-03-2026,Laptop,Electronics,5,65000,Kolkata
109388,25-06-2026,Monitor,Electronics,6,15000,Bengaluru
109389,25-02-2026,USB Drive,Accessories,3,800,Delhi
109390,09-05-2026,SSD,Storage,1,6000,Chennai
109391,21-03-2026,USB Drive,Accessories,9,800,Bengaluru
109392,17-01-2026,Laptop,Electronics,10,65000,Kolkata
109393,24-05-2026,USB Drive,Accessories,2,800,Hyderabad
109394,15-01-2026,Webcam,Electronics,10,3200,Mumbai
109395,27-06-2026,SSD,Storage,10,6000,Chennai
109396,12-04-2026,Webcam,Electronics,7,3200,Pune
109397,31-01-2026,Mouse,Accessories,1,700,Kolkata
109398,11-02-2026,Headphones,Accessories,8,2500,Delhi
109399,10-06-2026,SSD,Storage,1,6000,Ahmedabad
109400,01-06-2026,Headphones,Accessories,6,2500,Chennai
109401,18-03-2026,Printer,Electronics,2,9000,Kolkata
109402,24-06-2026,Monitor,Electronics,1,15000,Ahmedabad
109403,10-02-2026,Webcam,Electronics,6,3200,Bengaluru
109404,06-01-2026,Keyboard,Accessories,2,1200,Bengaluru
109405,24-05-2026,Monitor,Electronics,10,15000,Ahmedabad
109406,08-01-2026,Mouse,Accessories,4,700,Delhi
109407,20-06-2026,Webcam,Electronics,,3200,Bengaluru
109408,13-03-2026,Router,Networking,10,4500,Hyderabad
109409,15-06-2026,Webcam,Electronics,8,3200,Ahmedabad
109410,06-06-2026,Printer,Electronics,7,9000,Hyderabad
109411,17-02-2026,Printer,Electronics,2,9000,Chennai
109412,09-02-2026,USB Drive,Accessories,9,800,Delhi
109413,05-05-2026,Webcam,Electronics,6,3200,Chennai
109414,22-04-2026,Headphones,Accessories,9,2500,Pune
109415,11-04-2026,Printer,Electronics,6,9000,Bengaluru
109416,12-03-2026,Keyboard,Accessories,8,1200,Bengaluru
109417,17-06-2026,SSD,Storage,9,6000,Pune
109418,06-02-2026,Keyboard,Accessories,9,1200,Pune
109419,28-01-2026,Mouse,Accessories,9,700,Hyderabad
109420,08-03-2026,Mouse,Accessories,5,700,Ahmedabad
109421,23-04-2026,Printer,Electronics,8,9000,Ahmedabad
109422,18-06-2026,Mouse,Accessories,1,700,Ahmedabad
109423,15-02-2026,Webcam,Electronics,8,3200,Delhi
109424,15-04-2026,Router,Networking,9,4500,Ahmedabad
109425,20-06-2026,Printer,Electronics,3,9000,Delhi
109426,20-06-2026,Headphones,Accessories,8,2500,Bengaluru
109427,06-02-2026,Mouse,Accessories,7,700,Pune
109428,24-01-2026,Router,Networking,7,4500,Pune
109429,01-03-2026,Mouse,Accessories,3,700,Hyderabad
109430,14-05-2026,Keyboard,Accessories,10,1200,Delhi
109431,17-05-2026,USB Drive,Accessories,9,800,Chennai
109432,22-04-2026,USB Drive,Accessories,1,800,Delhi
109433,31-03-2026,SSD,Storage,4,6000,Mumbai
109434,26-06-2026,Headphones,Accessories,6,2500,Kolkata
109435,20-03-2026,Mouse,Accessories,3,700,Pune
109436,27-03-2026,Keyboard,Accessories,10,1200,Ahmedabad
109437,20-02-2026,Headphones,Accessories,2,2500,Delhi
109438,16-02-2026,Keyboard,Accessories,8,1200,Mumbai
109439,09-05-2026,Laptop,Electronics,1,65000,Delhi
109440,09-01-2026,Router,Networking,5,4500,Pune
109441,03-04-2026,Webcam,Electronics,8,3200,Hyderabad
109442,08-02-2026,Router,Networking,3,4500,Hyderabad
109443,02-02-2026,Mouse,Accessories,9,700,Kolkata
109444,10-04-2026,SSD,Storage,5,6000,Delhi
109445,15-05-2026,Printer,Electronics,7,9000,Ahmedabad
109446,22-02-2026,Keyboard,Accessories,10,1200,Pune
109447,11-05-2026,Printer,Electronics,6,9000,Hyderabad
109448,30-04-2026,Laptop,Electronics,3,65000,Chennai
109449,31-03-2026,SSD,Storage,9,6000,Delhi
109450,08-04-2026,USB Drive,Accessories,1,800,Hyderabad
109451,14-01-2026,USB Drive,Accessories,3,800,Kolkata
109452,26-03-2026,Router,Networking,9,4500,Ahmedabad
109453,15-02-2026,Printer,Electronics,5,9000,Hyderabad
109454,22-01-2026,Keyboard,Accessories,9,1200,Delhi
109455,29-05-2026,Keyboard,Accessories,8,1200,Delhi
109456,31-05-2026,Router,Networking,2,4500,Delhi
109457,16-02-2026,Mouse,Accessories,6,700,Pune
109458,21-01-2026,Monitor,Electronics,7,15000,Chennai
109459,28-01-2026,USB Drive,Accessories,6,800,Delhi
109460,01-01-2026,Router,Networking,8,4500,Delhi
109461,12-01-2026,Monitor,Electronics,3,15000,Delhi
109462,02-05-2026,Monitor,Electronics,5,15000,Chennai
109463,03-03-2026,Keyboard,Accessories,7,1200,Chennai
109464,19-04-2026,Printer,Electronics,4,9000,Hyderabad
109465,05-02-2026,Monitor,Electronics,4,15000,Pune
109466,07-03-2026,Monitor,Electronics,8,15000,Ahmedabad
109467,02-03-2026,Laptop,Electronics,6,65000,Mumbai
109468,08-06-2026,USB Drive,Accessories,5,800,Kolkata
109469,20-05-2026,Keyboard,Accessories,3,1200,Bengaluru
109470,24-06-2026,Mouse,Accessories,3,700,Hyderabad
109471,07-06-2026,Keyboard,Accessories,4,1200,Chennai
109472,29-01-2026,Keyboard,Accessories,6,1200,Ahmedabad
109473,15-01-2026,Webcam,Electronics,8,3200,Bengaluru
109474,18-03-2026,Printer,Electronics,6,9000,Ahmedabad
109475,25-03-2026,SSD,Storage,8,6000,Mumbai
109476,06-04-2026,USB Drive,Accessories,9,800,Delhi
109477,03-02-2026,Printer,Electronics,3,9000,Kolkata
109478,01-03-2026,SSD,Storage,5,6000,Pune
109479,12-05-2026,Monitor,Electronics,2,15000,Delhi
109480,19-02-2026,Headphones,Accessories,9,2500,Ahmedabad
109481,04-02-2026,USB Drive,Accessories,4,800,Ahmedabad
109482,31-03-2026,Laptop,Electronics,3,65000,Bengaluru
109483,10-04-2026,Printer,Electronics,3,,Hyderabad
109484,21-05-2026,Webcam,Electronics,3,3200,Delhi
109485,06-05-2026,Monitor,Electronics,7,15000,Chennai
109486,26-05-2026,Webcam,Electronics,1,3200,Pune
109487,29-05-2026,SSD,Storage,1,6000,Mumbai
109488,25-05-2026,USB Drive,Accessories,5,800,Hyderabad
109489,30-03-2026,USB Drive,Accessories,3,800,Delhi
109490,14-02-2026,Mouse,Accessories,2,700,Ahmedabad
109491,02-01-2026,Laptop,Electronics,1,65000,Bengaluru
109492,02-02-2026,Laptop,Electronics,6,65000,Delhi
109493,19-05-2026,SSD,Storage,4,6000,Delhi
109494,16-05-2026,SSD,Storage,9,6000,Mumbai
109495,25-04-2026,Mouse,Accessories,1,700,Bengaluru
109496,09-03-2026,Webcam,Electronics,6,3200,Mumbai
109497,01-02-2026,Webcam,Electronics,4,3200,Kolkata
109498,24-03-2026,Laptop,Electronics,7,65000,Pune
109499,29-04-2026,USB Drive,Accessories,1,800,Hyderabad
109500,01-02-2026,USB Drive,Accessories,1,800,Delhi
109501,09-02-2026,Printer,Electronics,6,9000,Hyderabad
109502,02-02-2026,Webcam,Electronics,1,3200,Pune
109503,09-02-2026,Printer,Electronics,2,9000,Chennai
109504,12-06-2026,Headphones,Accessories,7,2500,Kolkata
109505,07-04-2026,Webcam,Electronics,7,3200,Chennai
109506,16-04-2026,SSD,Storage,2,6000,Chennai
109507,03-01-2026,Laptop,Electronics,1,65000,Mumbai
109508,24-02-2026,Webcam,Electronics,5,3200,Ahmedabad
109509,25-01-2026,Laptop,Electronics,8,65000,Hyderabad
109510,16-02-2026,Keyboard,Accessories,6,1200,Hyderabad
109511,27-02-2026,Webcam,Electronics,7,3200,Bengaluru
109512,23-02-2026,Monitor,Electronics,5,15000,Chennai
109513,31-01-2026,Webcam,Electronics,8,3200,Kolkata
109514,22-04-2026,Mouse,Accessories,1,700,Delhi
109515,31-03-2026,SSD,Storage,2,6000,Kolkata
109516,11-02-2026,Printer,Electronics,8,9000,Hyderabad
109517,10-06-2026,Monitor,Electronics,5,15000,Chennai
109518,15-01-2026,Keyboard,Accessories,7,1200,Kolkata
109519,27-02-2026,Mouse,Accessories,6,700,Pune
109520,23-06-2026,Router,Networking,1,4500,Pune
109521,08-05-2026,Headphones,Accessories,8,2500,Hyderabad
109522,29-01-2026,Router,Networking,4,4500,Hyderabad
109523,06-05-2026,Laptop,Electronics,9,65000,Pune
109524,05-01-2026,Mouse,Accessories,4,700,Pune
109525,23-06-2026,Printer,Electronics,2,9000,Hyderabad
109526,11-02-2026,USB Drive,Accessories,5,800,Mumbai
109527,01-05-2026,Webcam,Electronics,4,3200,Delhi
109528,18-01-2026,Laptop,Electronics,7,65000,Pune
109529,17-03-2026,SSD,Storage,8,6000,Hyderabad
109530,21-01-2026,Laptop,Electronics,9,65000,Ahmedabad
109531,30-04-2026,Headphones,Accessories,7,2500,Delhi
109532,22-04-2026,Laptop,Electronics,5,65000,Kolkata
109533,03-01-2026,SSD,Storage,6,6000,Mumbai
109534,22-01-2026,Router,Networking,3,4500,Mumbai
109535,05-01-2026,Webcam,Electronics,6,3200,Pune
109536,24-05-2026,Monitor,Electronics,1,15000,Hyderabad
109537,26-06-2026,USB Drive,Accessories,4,800,Bengaluru
109538,09-05-2026,SSD,Storage,7,6000,Kolkata
109539,31-01-2026,Webcam,Electronics,6,3200,Hyderabad
109540,06-03-2026,Headphones,Accessories,5,2500,Chennai
109541,20-06-2026,Keyboard,Accessories,3,1200,Bengaluru
109542,28-03-2026,Headphones,Accessories,9,2500,Hyderabad
109543,31-03-2026,Router,Networking,1,4500,Ahmedabad
109544,05-04-2026,USB Drive,Accessories,4,800,Mumbai
109545,11-01-2026,Router,Networking,9,4500,Hyderabad
109546,22-01-2026,SSD,Storage,3,6000,Ahmedabad
109547,24-04-2026,Router,Networking,4,4500,Hyderabad
109548,05-02-2026,Router,Networking,2,4500,Ahmedabad
109549,23-01-2026,Webcam,Electronics,8,3200,Hyderabad
109550,14-03-2026,Laptop,Electronics,3,65000,Hyderabad
109551,22-04-2026,Mouse,Accessories,8,700,Chennai
109552,28-01-2026,Webcam,Electronics,10,3200,Delhi
109553,05-01-2026,Laptop,Electronics,1,65000,Mumbai
109554,28-02-2026,Monitor,Electronics,1,15000,Bengaluru
109555,31-01-2026,Printer,Electronics,9,9000,Delhi
109556,21-01-2026,Mouse,Accessories,4,700,Bengaluru
109557,28-01-2026,Headphones,Accessories,9,2500,Bengaluru
109558,30-04-2026,Webcam,Electronics,3,3200,Ahmedabad
109559,18-04-2026,Printer,Electronics,6,9000,Chennai
109560,20-04-2026,Router,Networking,10,4500,Hyderabad
109561,22-02-2026,USB Drive,Accessories,6,800,Ahmedabad
109562,12-01-2026,SSD,Storage,2,6000,Mumbai
109563,04-06-2026,Keyboard,Accessories,10,1200,Hyderabad
109564,27-02-2026,Router,Networking,3,4500,Kolkata
109565,01-02-2026,SSD,Storage,8,6000,Kolkata
109566,20-05-2026,Mouse,Accessories,3,700,Mumbai
109567,09-04-2026,SSD,Storage,10,6000,Ahmedabad
109568,26-04-2026,Laptop,Electronics,9,65000,Kolkata
109569,01-04-2026,Webcam,Electronics,5,3200,Pune
109570,02-06-2026,Webcam,Electronics,8,3200,Ahmedabad
109571,06-05-2026,USB Drive,Accessories,8,800,Delhi
109572,11-01-2026,Webcam,Electronics,6,3200,Bengaluru
109573,19-02-2026,Monitor,Electronics,8,15000,Hyderabad
109574,13-03-2026,Webcam,Electronics,5,3200,Bengaluru
109575,22-04-2026,Webcam,Electronics,9,3200,Ahmedabad
109576,14-01-2026,Webcam,Electronics,4,3200,Pune
109577,08-03-2026,USB Drive,Accessories,1,800,Bengaluru
109578,21-01-2026,Webcam,Electronics,4,3200,Delhi
109579,13-06-2026,Headphones,Accessories,9,2500,Bengaluru
109580,10-06-2026,Router,Networking,9,4500,Bengaluru
109581,31-05-2026,Headphones,Accessories,6,2500,Ahmedabad
109582,12-04-2026,SSD,Storage,4,6000,Hyderabad
109583,08-05-2026,Laptop,Electronics,8,65000,Mumbai
109584,27-06-2026,SSD,Storage,1,6000,Mumbai
109585,30-03-2026,Printer,Electronics,4,9000,Mumbai
109586,25-05-2026,Webcam,Electronics,5,3200,Chennai
109587,19-05-2026,USB Drive,Accessories,8,800,Bengaluru
109588,17-03-2026,SSD,Storage,9,6000,Kolkata
109589,03-03-2026,Printer,Electronics,4,9000,Delhi
109590,07-06-2026,Printer,Electronics,2,9000,Kolkata
109591,27-04-2026,Keyboard,Accessories,5,1200,Bengaluru
109592,24-05-2026,Webcam,Electronics,1,3200,Bengaluru
109593,26-01-2026,Headphones,Accessories,7,2500,Mumbai
109594,11-05-2026,Webcam,Electronics,2,,Pune
109595,06-06-2026,SSD,Storage,10,6000,Ahmedabad
109596,21-01-2026,Router,Networking,10,4500,Delhi
109597,08-02-2026,Keyboard,Accessories,2,1200,Kolkata
109598,09-01-2026,Headphones,Accessories,1,2500,Mumbai
109599,12-06-2026,Mouse,Accessories,8,700,Ahmedabad
109600,07-03-2026,Mouse,Accessories,5,700,Pune
109601,18-03-2026,Headphones,Accessories,2,2500,Hyderabad
109602,22-02-2026,Headphones,Accessories,6,2500,Chennai
109603,08-06-2026,Mouse,Accessories,6,700,Delhi
109604,26-06-2026,Monitor,Electronics,7,15000,Chennai
109605,11-05-2026,USB Drive,Accessories,6,800,Chennai
109606,09-03-2026,Monitor,Electronics,6,15000,Delhi
109607,17-01-2026,SSD,Storage,2,6000,Chennai
109608,29-04-2026,Laptop,Electronics,7,65000,Ahmedabad
109609,05-05-2026,Router,Networking,2,4500,Mumbai
109610,21-03-2026,Headphones,Accessories,3,2500,Kolkata
109611,12-03-2026,SSD,Storage,2,6000,Pune
109612,07-01-2026,SSD,Storage,1,6000,Pune
109613,20-01-2026,Router,Networking,5,4500,Hyderabad
109614,03-06-2026,Keyboard,Accessories,10,1200,Kolkata
109615,04-04-2026,Mouse,Accessories,4,700,Delhi
109616,09-01-2026,Printer,Electronics,10,9000,Bengaluru
109617,20-04-2026,Printer,Electronics,4,9000,Ahmedabad
109618,07-01-2026,SSD,Storage,9,6000,Delhi
109619,03-04-2026,Laptop,Electronics,10,65000,Hyderabad
109620,03-03-2026,SSD,Storage,3,6000,Kolkata
109621,02-02-2026,Headphones,Accessories,10,2500,Kolkata
109622,03-04-2026,Webcam,Electronics,2,3200,Bengaluru
109623,17-03-2026,SSD,Storage,2,6000,Hyderabad
109624,01-01-2026,Laptop,Electronics,7,65000,Mumbai
109625,12-05-2026,Monitor,Electronics,10,15000,Kolkata
109626,07-05-2026,SSD,Storage,2,6000,Kolkata
109627,03-01-2026,Webcam,Electronics,10,3200,Bengaluru
109628,06-06-2026,Keyboard,Accessories,4,1200,Pune
109629,25-05-2026,Mouse,Accessories,4,700,Mumbai
109630,06-04-2026,Monitor,Electronics,6,15000,Ahmedabad
109631,05-02-2026,Printer,Electronics,6,9000,Chennai
109632,27-06-2026,Laptop,Electronics,10,65000,Ahmedabad
109633,20-06-2026,Webcam,Electronics,2,3200,Bengaluru
109634,17-05-2026,SSD,Storage,9,6000,Bengaluru
109635,16-03-2026,Printer,Electronics,7,9000,Mumbai
109636,13-04-2026,Monitor,Electronics,7,15000,Hyderabad
109637,14-05-2026,USB Drive,Accessories,5,800,Ahmedabad
109638,01-03-2026,Keyboard,Accessories,3,1200,Bengaluru
109639,06-03-2026,Keyboard,Accessories,7,1200,Hyderabad
109640,11-04-2026,Router,Networking,2,4500,Chennai
109641,29-03-2026,Keyboard,Accessories,9,1200,Chennai
109642,03-05-2026,Headphones,Accessories,,2500,Chennai
109643,28-06-2026,Mouse,Accessories,8,700,Chennai
109644,20-01-2026,Laptop,Electronics,6,65000,Delhi
109645,09-04-2026,Headphones,Accessories,3,2500,Hyderabad
109646,11-06-2026,Keyboard,Accessories,5,1200,Hyderabad
109647,13-03-2026,Headphones,Accessories,2,2500,Pune
109648,02-01-2026,Router,Networking,10,4500,Chennai
109649,07-05-2026,Keyboard,Accessories,9,1200,Ahmedabad
109650,08-01-2026,USB Drive,Accessories,7,800,Delhi
109651,27-01-2026,USB Drive,Accessories,3,800,Ahmedabad
109652,24-04-2026,Mouse,Accessories,5,700,Ahmedabad
109653,12-02-2026,Printer,Electronics,9,9000,Kolkata
109654,30-01-2026,Headphones,Accessories,3,2500,Hyderabad
109655,02-01-2026,Headphones,Accessories,7,2500,Delhi
109656,11-05-2026,Keyboard,Accessories,1,1200,Delhi
109657,02-06-2026,Router,Networking,9,4500,Delhi
109658,29-05-2026,Keyboard,Accessories,6,1200,Chennai
109659,06-02-2026,Monitor,Electronics,6,15000,Mumbai
109660,24-02-2026,Laptop,Electronics,3,65000,Bengaluru
109661,31-05-2026,SSD,Storage,1,6000,Delhi
109662,22-06-2026,Keyboard,Accessories,3,1200,Bengaluru
109663,03-04-2026,Webcam,Electronics,10,3200,Hyderabad
109664,27-03-2026,SSD,Storage,5,6000,Delhi
109665,01-03-2026,Keyboard,Accessories,3,1200,Ahmedabad
109666,02-05-2026,Laptop,Electronics,1,65000,Mumbai
109667,06-05-2026,Mouse,Accessories,6,700,Pune
109668,07-02-2026,Printer,Electronics,7,9000,Pune
109669,28-05-2026,Keyboard,Accessories,1,1200,Pune
109670,22-01-2026,Keyboard,Accessories,3,1200,Kolkata
109671,12-01-2026,Laptop,Electronics,10,65000,Chennai
109672,28-05-2026,Printer,Electronics,2,9000,Pune
109673,30-05-2026,Laptop,Electronics,4,65000,Ahmedabad
109674,05-03-2026,Webcam,Electronics,3,3200,Delhi
109675,28-01-2026,Keyboard,Accessories,6,1200,Chennai
109676,14-05-2026,Monitor,Electronics,5,15000,Ahmedabad
109677,19-05-2026,USB Drive,Accessories,8,800,Bengaluru
109678,26-05-2026,Headphones,Accessories,10,2500,Pune
109679,05-05-2026,Mouse,Accessories,10,700,Ahmedabad
109680,14-01-2026,Laptop,Electronics,8,65000,Mumbai
109681,14-06-2026,Laptop,Electronics,4,65000,Hyderabad
109682,31-03-2026,SSD,Storage,3,6000,Bengaluru
109683,21-02-2026,Printer,Electronics,1,9000,Mumbai
109684,06-04-2026,Headphones,Accessories,9,2500,Kolkata
109685,18-04-2026,Monitor,Electronics,2,15000,Hyderabad
109686,19-05-2026,Webcam,Electronics,1,3200,Chennai
109687,07-02-2026,Mouse,Accessories,2,700,Pune
109688,06-06-2026,Printer,Electronics,10,9000,Bengaluru
109689,09-04-2026,Headphones,Accessories,10,2500,Hyderabad
109690,11-04-2026,USB Drive,Accessories,7,800,Hyderabad
109691,23-01-2026,Monitor,Electronics,8,15000,Delhi
109692,29-06-2026,Mouse,Accessories,10,700,Mumbai
109693,02-01-2026,USB Drive,Accessories,4,800,Chennai
109694,02-03-2026,Keyboard,Accessories,7,1200,Pune
109695,21-01-2026,Router,Networking,10,4500,Ahmedabad
109696,09-05-2026,Headphones,Accessories,6,2500,Mumbai
109697,30-03-2026,Printer,Electronics,4,9000,Delhi
109698,14-06-2026,Monitor,Electronics,5,15000,Hyderabad
109699,08-01-2026,Printer,Electronics,10,9000,Mumbai
109700,09-01-2026,Laptop,Electronics,7,65000,Mumbai
109701,04-06-2026,Router,Networking,4,4500,Hyderabad
109702,22-01-2026,USB Drive,Accessories,8,800,Kolkata
109703,09-04-2026,Printer,Electronics,1,9000,Hyderabad
109704,13-01-2026,Webcam,Electronics,,3200,Delhi
109705,17-06-2026,USB Drive,Accessories,5,800,Kolkata
109706,25-04-2026,Mouse,Accessories,1,700,Kolkata
109707,05-04-2026,Mouse,Accessories,1,700,Bengaluru
109708,07-01-2026,Router,Networking,7,4500,Chennai
109709,29-05-2026,Printer,Electronics,6,9000,Hyderabad
109710,02-06-2026,Monitor,Electronics,2,15000,Kolkata
109711,09-04-2026,Headphones,Accessories,5,2500,Chennai
109712,29-04-2026,Router,Networking,2,4500,Kolkata
109713,13-05-2026,Router,Networking,9,,Kolkata
109714,10-06-2026,Monitor,Electronics,3,15000,Delhi
109715,10-06-2026,Monitor,Electronics,1,15000,Mumbai
109716,29-04-2026,USB Drive,Accessories,3,800,Pune
109717,27-03-2026,Router,Networking,9,4500,Mumbai
109718,12-02-2026,Webcam,Electronics,8,3200,Mumbai
109719,20-05-2026,Laptop,Electronics,8,65000,Chennai
109720,02-02-2026,Printer,Electronics,7,9000,Delhi
109721,16-01-2026,Printer,Electronics,3,9000,Ahmedabad
109722,16-04-2026,Headphones,Accessories,8,2500,Chennai
109723,31-03-2026,Router,Networking,5,4500,Pune
109724,23-01-2026,SSD,Storage,7,6000,Delhi
109725,18-01-2026,Printer,Electronics,1,9000,Delhi
109726,27-03-2026,Printer,Electronics,5,9000,Bengaluru
109727,16-06-2026,Headphones,Accessories,3,2500,Hyderabad
109728,22-05-2026,SSD,Storage,8,6000,Hyderabad
109729,30-05-2026,Laptop,Electronics,8,65000,Kolkata
109730,05-05-2026,Headphones,Accessories,3,2500,Bengaluru
109731,04-01-2026,Monitor,Electronics,2,15000,Ahmedabad
109732,31-05-2026,SSD,Storage,,6000,Pune
109733,23-05-2026,Mouse,Accessories,2,700,Delhi
109734,02-05-2026,Webcam,Electronics,9,3200,Delhi
109735,22-06-2026,SSD,Storage,7,6000,Mumbai
109736,26-05-2026,Keyboard,Accessories,3,1200,Kolkata
109737,17-04-2026,Keyboard,Accessories,4,1200,Hyderabad
109738,02-04-2026,Keyboard,Accessories,,1200,Ahmedabad
109739,14-02-2026,USB Drive,Accessories,6,800,Hyderabad
109740,02-02-2026,USB Drive,Accessories,2,800,Chennai
109741,04-02-2026,Webcam,Electronics,1,3200,Bengaluru
109742,24-02-2026,Monitor,Electronics,3,15000,Delhi
109743,12-02-2026,Headphones,Accessories,4,2500,Kolkata
109744,01-05-2026,Printer,Electronics,1,9000,Pune
109745,26-02-2026,Monitor,Electronics,2,15000,Chennai
109746,28-06-2026,Router,Networking,4,4500,Ahmedabad
109747,28-03-2026,Monitor,Electronics,2,15000,Hyderabad
109748,02-03-2026,USB Drive,Accessories,5,800,Bengaluru
109749,31-05-2026,USB Drive,Accessories,5,800,Mumbai
109750,07-04-2026,USB Drive,Accessories,4,800,Delhi
109751,23-02-2026,Keyboard,Accessories,3,1200,Delhi
109752,30-04-2026,Laptop,Electronics,2,65000,Mumbai
109753,29-06-2026,Headphones,Accessories,6,2500,Mumbai
109754,04-02-2026,Headphones,Accessories,2,2500,Hyderabad
109755,27-06-2026,Monitor,Electronics,5,15000,Ahmedabad
109756,28-05-2026,Mouse,Accessories,10,700,Pune
109757,11-06-2026,Headphones,Accessories,8,2500,Kolkata
109758,08-02-2026,Headphones,Accessories,4,2500,Mumbai
109759,05-05-2026,Mouse,Accessories,3,700,Pune
109760,26-06-2026,Webcam,Electronics,5,3200,Ahmedabad
109761,29-03-2026,USB Drive,Accessories,6,800,Bengaluru
109762,23-02-2026,Laptop,Electronics,1,65000,Bengaluru
109763,03-02-2026,Monitor,Electronics,8,15000,Chennai
109764,28-02-2026,Monitor,Electronics,4,15000,Pune
109765,22-01-2026,SSD,Storage,10,6000,Bengaluru
109766,17-01-2026,Mouse,Accessories,2,700,Bengaluru
109767,24-04-2026,Laptop,Electronics,10,65000,Delhi
109768,18-04-2026,Webcam,Electronics,7,3200,Mumbai
109769,24-01-2026,Webcam,Electronics,4,3200,Mumbai
109770,08-01-2026,Printer,Electronics,7,9000,Bengaluru
109771,15-06-2026,Laptop,Electronics,5,65000,Kolkata
109772,17-05-2026,USB Drive,Accessories,6,800,Pune
109773,23-02-2026,Webcam,Electronics,3,3200,Hyderabad
109774,27-05-2026,Keyboard,Accessories,,1200,Hyderabad
109775,16-02-2026,Printer,Electronics,5,9000,Delhi
109776,06-05-2026,USB Drive,Accessories,10,800,Pune
109777,29-04-2026,Webcam,Electronics,7,3200,Pune
109778,02-06-2026,Keyboard,Accessories,9,1200,Hyderabad
109779,19-01-2026,Keyboard,Accessories,5,1200,Ahmedabad
109780,08-03-2026,SSD,Storage,2,6000,Chennai
109781,23-06-2026,Webcam,Electronics,9,3200,Bengaluru
109782,07-02-2026,Keyboard,Accessories,4,1200,Chennai
109783,12-06-2026,SSD,Storage,5,6000,Chennai
109784,18-05-2026,Printer,Electronics,9,9000,Chennai
109785,19-03-2026,Headphones,Accessories,2,2500,Pune
109786,29-04-2026,Keyboard,Accessories,10,1200,Bengaluru
109787,08-04-2026,Laptop,Electronics,8,65000,Mumbai
109788,11-03-2026,Monitor,Electronics,9,15000,Chennai
109789,19-06-2026,USB Drive,Accessories,2,800,Pune
109790,24-03-2026,Printer,Electronics,6,9000,Bengaluru
109791,27-03-2026,SSD,Storage,2,6000,Delhi
109792,16-04-2026,Webcam,Electronics,8,3200,Delhi
109793,08-06-2026,Webcam,Electronics,9,3200,Hyderabad
109794,07-03-2026,USB Drive,Accessories,9,800,Ahmedabad
109795,29-03-2026,Monitor,Electronics,10,15000,Hyderabad
109796,21-05-2026,Keyboard,Accessories,9,1200,Mumbai
109797,11-05-2026,Monitor,Electronics,6,15000,Chennai
109798,17-05-2026,Headphones,Accessories,6,2500,Mumbai
109799,30-03-2026,Mouse,Accessories,2,700,Pune
109800,12-04-2026,USB Drive,Accessories,3,800,Kolkata
109801,11-02-2026,Webcam,Electronics,3,3200,Mumbai
109802,20-03-2026,Printer,Electronics,6,9000,Pune
109803,22-01-2026,Printer,Electronics,10,9000,Delhi
109804,18-01-2026,Printer,Electronics,5,9000,Chennai
109805,24-03-2026,Headphones,Accessories,5,,Bengaluru
109806,17-06-2026,Keyboard,Accessories,3,1200,Chennai
109807,24-05-2026,Mouse,Accessories,4,700,Pune
109808,05-06-2026,Monitor,Electronics,1,15000,Hyderabad
109809,07-01-2026,SSD,Storage,3,6000,Delhi
109810,12-02-2026,Printer,Electronics,2,9000,Ahmedabad
109811,12-01-2026,USB Drive,Accessories,9,800,Bengaluru
109812,07-04-2026,USB Drive,Accessories,8,800,Delhi
109813,20-06-2026,Laptop,Electronics,10,65000,Ahmedabad
109814,26-02-2026,Headphones,Accessories,5,2500,Pune
109815,20-06-2026,SSD,Storage,6,6000,Bengaluru
109816,24-01-2026,Monitor,Electronics,6,15000,Mumbai
109817,11-02-2026,Headphones,Accessories,4,2500,Kolkata
109818,08-03-2026,USB Drive,Accessories,7,800,Kolkata
109819,02-05-2026,Headphones,Accessories,7,2500,Mumbai
109820,10-03-2026,Router,Networking,3,4500,Chennai
109821,26-03-2026,Webcam,Electronics,3,3200,Pune
109822,23-03-2026,Monitor,Electronics,3,15000,Pune
109823,01-04-2026,Headphones,Accessories,1,2500,Chennai
109824,05-04-2026,Laptop,Electronics,6,65000,Kolkata
109825,14-01-2026,Webcam,Electronics,3,3200,Chennai
109826,29-05-2026,SSD,Storage,4,6000,Kolkata
109827,10-04-2026,Router,Networking,10,4500,Kolkata
109828,11-06-2026,Headphones,Accessories,3,2500,Chennai
109829,20-02-2026,Laptop,Electronics,6,65000,Kolkata
109830,27-01-2026,Printer,Electronics,2,9000,Hyderabad
109831,17-06-2026,Webcam,Electronics,1,3200,Chennai
109832,05-02-2026,Laptop,Electronics,1,65000,Pune
109833,14-01-2026,Keyboard,Accessories,10,1200,Ahmedabad
109834,26-05-2026,SSD,Storage,4,6000,Mumbai
109835,13-01-2026,Printer,Electronics,9,9000,Pune
109836,02-06-2026,Laptop,Electronics,6,65000,Chennai
109837,23-05-2026,Webcam,Electronics,9,3200,Mumbai
109838,20-03-2026,Webcam,Electronics,2,3200,Ahmedabad
109839,05-05-2026,SSD,Storage,6,6000,Kolkata
109840,06-06-2026,SSD,Storage,3,6000,Hyderabad
109841,27-04-2026,SSD,Storage,1,6000,Chennai
109842,22-06-2026,Laptop,Electronics,5,65000,Hyderabad
109843,28-02-2026,Laptop,Electronics,10,65000,Chennai
109844,01-05-2026,SSD,Storage,2,6000,Bengaluru
109845,09-05-2026,Printer,Electronics,3,9000,Kolkata
109846,06-05-2026,Webcam,Electronics,5,3200,Ahmedabad
109847,13-03-2026,USB Drive,Accessories,7,800,Pune
109848,18-04-2026,Monitor,Electronics,8,15000,Kolkata
109849,18-01-2026,Mouse,Accessories,2,700,Pune
109850,31-05-2026,Headphones,Accessories,3,2500,Mumbai
109851,21-04-2026,Router,Networking,8,4500,Pune
109852,15-04-2026,Monitor,Electronics,5,15000,Pune
109853,23-01-2026,Laptop,Electronics,2,65000,Hyderabad
109854,27-06-2026,Mouse,Accessories,5,700,Chennai
109855,20-01-2026,Laptop,Electronics,2,65000,Mumbai
109856,15-06-2026,Webcam,Electronics,5,3200,Mumbai
109857,22-03-2026,Webcam,Electronics,10,3200,Chennai
109858,03-02-2026,Monitor,Electronics,9,15000,Bengaluru
109859,07-03-2026,Headphones,Accessories,9,2500,Ahmedabad
109860,03-01-2026,Router,Networking,1,4500,Bengaluru
109861,29-04-2026,Router,Networking,6,4500,Kolkata
109862,27-06-2026,Printer,Electronics,3,9000,Chennai
109863,23-06-2026,Webcam,Electronics,1,3200,Mumbai
109864,11-06-2026,Headphones,Accessories,5,2500,Bengaluru
109865,01-01-2026,Webcam,Electronics,3,3200,Hyderabad
109866,29-06-2026,Mouse,Accessories,9,700,Kolkata
109867,27-06-2026,Monitor,Electronics,4,15000,Chennai
109868,31-03-2026,Monitor,Electronics,10,15000,Delhi
109869,21-05-2026,Keyboard,Accessories,10,1200,Hyderabad
109870,12-05-2026,Headphones,Accessories,7,2500,Delhi
109871,05-02-2026,Router,Networking,5,4500,Bengaluru
109872,26-04-2026,Router,Networking,4,4500,Kolkata
109873,22-05-2026,Printer,Electronics,10,9000,Chennai
109874,28-04-2026,SSD,Storage,1,6000,Mumbai
109875,30-03-2026,Monitor,Electronics,8,15000,Delhi
109876,21-04-2026,Laptop,Electronics,9,65000,Hyderabad
109877,24-06-2026,Router,Networking,3,4500,Delhi
109878,24-06-2026,Keyboard,Accessories,10,,Ahmedabad
109879,22-05-2026,Keyboard,Accessories,5,1200,Hyderabad
109880,02-01-2026,SSD,Storage,3,6000,Mumbai
109881,02-02-2026,Router,Networking,9,4500,Hyderabad
109882,23-03-2026,Router,Networking,4,4500,Bengaluru
109883,28-02-2026,Keyboard,Accessories,8,1200,Bengaluru
109884,10-03-2026,Mouse,Accessories,7,700,Mumbai
109885,07-03-2026,Router,Networking,10,4500,Bengaluru
109886,21-06-2026,Keyboard,Accessories,4,1200,Bengaluru
109887,09-05-2026,Printer,Electronics,7,9000,Mumbai
109888,04-06-2026,SSD,Storage,10,6000,Mumbai
109889,11-05-2026,USB Drive,Accessories,4,800,Mumbai
109890,03-03-2026,Monitor,Electronics,8,15000,Bengaluru
109891,21-01-2026,Printer,Electronics,6,9000,Chennai
109892,25-04-2026,Keyboard,Accessories,3,1200,Chennai
109893,13-05-2026,SSD,Storage,10,6000,Chennai
109894,12-02-2026,Keyboard,Accessories,6,1200,Hyderabad
109895,09-01-2026,Monitor,Electronics,8,15000,Pune
109896,15-06-2026,Laptop,Electronics,9,65000,Chennai
109897,26-02-2026,Keyboard,Accessories,1,1200,Delhi
109898,13-04-2026,Laptop,Electronics,9,65000,Ahmedabad
109899,05-05-2026,Monitor,Electronics,7,15000,Pune
109900,10-05-2026,Headphones,Accessories,10,2500,Mumbai
109901,23-03-2026,Webcam,Electronics,4,3200,Hyderabad
109902,09-05-2026,Monitor,Electronics,8,15000,Delhi
109903,17-02-2026,Monitor,Electronics,9,15000,Chennai
109904,22-06-2026,Laptop,Electronics,6,65000,Ahmedabad
109905,08-04-2026,Mouse,Accessories,10,700,Mumbai
109906,09-02-2026,Laptop,Electronics,8,65000,Chennai
109907,19-05-2026,Laptop,Electronics,10,65000,Bengaluru
109908,09-03-2026,Keyboard,Accessories,8,1200,Ahmedabad
109909,04-03-2026,Webcam,Electronics,3,3200,Delhi
109910,17-01-2026,Mouse,Accessories,8,700,Kolkata
109911,27-04-2026,Webcam,Electronics,5,3200,Delhi
109912,18-04-2026,Webcam,Electronics,5,3200,Delhi
109913,06-05-2026,Mouse,Accessories,7,700,Delhi
109914,02-03-2026,Laptop,Electronics,3,65000,Bengaluru
109915,26-02-2026,Laptop,Electronics,1,65000,Mumbai
109916,17-05-2026,Webcam,Electronics,2,3200,Delhi
109917,20-02-2026,SSD,Storage,4,6000,Delhi
109918,18-02-2026,Headphones,Accessories,5,2500,Hyderabad
109919,23-04-2026,Monitor,Electronics,2,15000,Pune
109920,27-06-2026,Laptop,Electronics,5,65000,Mumbai
109921,07-06-2026,Router,Networking,8,4500,Ahmedabad
109922,28-02-2026,Keyboard,Accessories,3,1200,Ahmedabad
109923,15-05-2026,Laptop,Electronics,10,65000,Hyderabad
109924,29-06-2026,SSD,Storage,9,6000,Mumbai
109925,11-06-2026,Laptop,Electronics,7,65000,Kolkata
109926,28-04-2026,Router,Networking,7,4500,Hyderabad
109927,19-05-2026,Mouse,Accessories,7,700,Chennai
109928,20-05-2026,USB Drive,Accessories,8,800,Kolkata
109929,07-03-2026,Printer,Electronics,5,9000,Pune
109930,21-01-2026,Laptop,Electronics,2,65000,Ahmedabad
109931,14-02-2026,Headphones,Accessories,6,2500,Mumbai
109932,10-05-2026,Laptop,Electronics,9,65000,Chennai
109933,14-02-2026,Monitor,Electronics,1,15000,Ahmedabad
109934,16-02-2026,Webcam,Electronics,6,3200,Bengaluru
109935,05-05-2026,Keyboard,Accessories,4,1200,Chennai
109936,26-02-2026,Printer,Electronics,2,9000,Hyderabad
109937,19-05-2026,Keyboard,Accessories,7,1200,Ahmedabad
109938,03-02-2026,Webcam,Electronics,8,3200,Chennai
109939,15-04-2026,Laptop,Electronics,6,65000,Kolkata
109940,26-03-2026,Webcam,Electronics,5,3200,Kolkata
109941,18-05-2026,Monitor,Electronics,5,15000,Kolkata
109942,10-06-2026,SSD,Storage,9,6000,Chennai
109943,13-04-2026,Keyboard,Accessories,10,1200,Ahmedabad
109944,03-05-2026,Monitor,Electronics,7,15000,Delhi
109945,20-05-2026,Mouse,Accessories,2,700,Ahmedabad
109946,29-06-2026,Webcam,Electronics,9,3200,Bengaluru
109947,15-04-2026,Monitor,Electronics,8,15000,Ahmedabad
109948,23-06-2026,Laptop,Electronics,4,65000,Delhi
109949,12-05-2026,Mouse,Accessories,10,700,Bengaluru
109950,11-02-2026,Webcam,Electronics,5,3200,Chennai
109951,18-06-2026,Headphones,Accessories,5,2500,Bengaluru
109952,24-04-2026,Router,Networking,8,4500,Chennai
109953,14-03-2026,Webcam,Electronics,8,3200,Chennai
109954,07-01-2026,USB Drive,Accessories,7,800,Chennai
109955,02-02-2026,Laptop,Electronics,7,65000,Bengaluru
109956,18-02-2026,Webcam,Electronics,7,3200,Pune
109957,04-06-2026,Monitor,Electronics,1,15000,Ahmedabad
109958,25-05-2026,Laptop,Electronics,10,65000,Mumbai
109959,15-02-2026,Mouse,Accessories,3,700,Mumbai
109960,04-04-2026,USB Drive,Accessories,8,800,Kolkata
109961,13-02-2026,Keyboard,Accessories,6,1200,Hyderabad
109962,19-02-2026,Headphones,Accessories,7,2500,Chennai
109963,16-03-2026,Monitor,Electronics,8,15000,Bengaluru
109964,09-05-2026,Printer,Electronics,1,9000,Bengaluru
109965,01-04-2026,Keyboard,Accessories,1,1200,Delhi
109966,25-05-2026,Mouse,Accessories,9,700,Mumbai
109967,09-02-2026,Printer,Electronics,8,9000,Kolkata
109968,21-04-2026,Webcam,Electronics,9,3200,Mumbai
109969,06-05-2026,Keyboard,Accessories,10,1200,Hyderabad
109970,02-05-2026,Headphones,Accessories,2,2500,Chennai
109971,16-05-2026,Mouse,Accessories,5,700,Kolkata
109972,07-05-2026,SSD,Storage,10,6000,Chennai
109973,25-03-2026,Mouse,Accessories,10,700,Chennai
109974,09-06-2026,USB Drive,Accessories,6,800,Mumbai
109975,26-05-2026,Printer,Electronics,1,9000,Chennai
109976,24-06-2026,Headphones,Accessories,10,2500,Delhi
109977,26-01-2026,Laptop,Electronics,8,65000,Ahmedabad
109978,05-06-2026,SSD,Storage,8,6000,Pune
109979,01-05-2026,Headphones,Accessories,1,2500,Hyderabad
109980,31-01-2026,Keyboard,Accessories,3,1200,Chennai
109981,15-03-2026,SSD,Storage,6,6000,Hyderabad
109982,24-06-2026,Laptop,Electronics,8,65000,Pune
109983,06-03-2026,USB Drive,Accessories,8,800,Kolkata
109984,24-04-2026,Webcam,Electronics,9,3200,Ahmedabad
109985,23-03-2026,Mouse,Accessories,7,,Kolkata
109986,16-02-2026,USB Drive,Accessories,8,800,Delhi
109987,28-04-2026,Monitor,Electronics,8,15000,Mumbai
109988,08-05-2026,USB Drive,Accessories,5,800,Mumbai
109989,15-03-2026,Headphones,Accessories,5,2500,Bengaluru
109990,02-06-2026,Mouse,Accessories,10,700,Pune
109991,14-05-2026,Printer,Electronics,9,9000,Chennai
109992,27-05-2026,Keyboard,Accessories,3,1200,Kolkata
109993,09-01-2026,Keyboard,Accessories,3,1200,Pune
109994,17-01-2026,Mouse,Accessories,8,700,Kolkata
109995,18-02-2026,USB Drive,Accessories,10,800,Delhi
109996,31-03-2026,Router,Networking,5,4500,Delhi
109997,19-06-2026,Printer,Electronics,4,9000,Ahmedabad
109998,06-04-2026,SSD,Storage,4,6000,Mumbai
109999,09-01-2026,Router,Networking,5,4500,Mumbai
110000,06-03-2026,Webcam,Electronics,10,3200,Bengaluru
